tx_hash,event_key,api_size,onchain_gross_token_amount,onchain_collateral_amount,api_price,fee_module_taker_fill_amount,fee_module_taker_receive_amount,fee_module_taker_fee_amount,fee_module_net_receive_amount,receive_minus_gross,api_minus_net_receive,gross_minus_api_minus_fee,receive_matches_gross,api_matches_net_receive,gross_minus_api_matches_fee,collateral_matches_gross_x_price,fee_rate_bps,order_side,token_id,order_maker,outer_selector
0x72d68764742ea2c0099d482a7f3751864f91f53cf6072b52ec37cbcae62512ee,USB|2026-04-16,1.067747,1.075267,0.999998,0.9299997117,0.999998,1.075267,0.00376,1.071507,0.000000,-0.003760,0.003760,True,False,False,True,1000,0,48283436993234636712142601196095725965113442264570373624679704027094637883427,0x4445df6f7da130f282b085e8587ca91bc66c2c5d,0x2287e350
0x6ad9002961633f6cc0f13447d20742812f2cff1e002dee0c7b5bfad699ebae61,USB|2026-04-16,5.338723,5.376343,4.999998,0.9299998159,4.999998,5.376343,0.01881,5.357533,0.000000,-0.018810,0.018810,True,False,False,True,1000,0,48283436993234636712142601196095725965113442264570373624679704027094637883427,0x437151d83c2557bc5938352a477df327e913eea4,0x2287e350
0x3efc7a991b90b0e418030c4508287b49e364b53823f2ad27956b7d26457847e9,USB|2026-04-16,143.237,157.75,12.62,0.08,12.62,157.75,7.2565,150.4935,0.00,-7.2565,7.2565,True,False,False,True,1000,0,5767057446160956570805099157692458391003701531186360607212479406209995398491,0x3b7926debab8f64d4f95b34c01bbfdb5fe2c6f9d,0x2287e350
0x12565a59c6f5451f3b4f55dfb5b2b6cd3270a77b45573da52c9f0158f182c64d,USB|2026-04-16,10.677427,10.752687,9.999998,0.9299999154,9.999998,10.752687,0.03763,10.715057,0.000000,-0.037630,0.037630,True,False,False,True,1000,0,48283436993234636712142601196095725965113442264570373624679704027094637883427,0xadbd2531e77888fd9ea34cc5d3f2217e063276f6,0x2287e350
0x417a65b264fc71aebe071a3b4ff601bb1bcc451ffff429037787a58cfaa7e2a3,USB|2026-04-16,5.125169,5.161289,4.799998,0.9299998508,4.799998,5.161289,0.01806,5.143229,0.000000,-0.018060,0.018060,True,False,False,True,1000,0,48283436993234636712142601196095725965113442264570373624679704027094637883427,0x5f9a4713e4fe0d44350e8411ce4d55f42dc617ed,0x2287e350
0xb7e611dc028becec15ee0b8d81aa33911d86ef26744d9093d4c5ebf5b96afa1f,USB|2026-04-16,2.135496,2.150536,1.999998,0.9299997768,1.999998,2.150536,0.00752,2.143016,0.000000,-0.007520,0.007520,True,False,False,True,1000,0,48283436993234636712142601196095725965113442264570373624679704027094637883427,0xb74177f065571fd0283c900f82e4bff81cc09066,0x2287e350
0x47004d9863793de58cec533895373631e3f3ba32aac33d42462cc72db57bb178,USB|2026-04-16,468.4011,516.44,36.0508,0.0698063667,36.0508,516.44,24.01945,492.42055,0.00,-24.01945,24.01945,True,False,False,True,1000,0,5767057446160956570805099157692458391003701531186360607212479406209995398491,0xf9f207b77137caa79c6c4516abdef3133db45cba,0x2287e350
0x77378e40088e122c3084a5b15dab93a7a60018c9042fab083782677665d0f402,USB|2026-04-16,73.13306,80.81,4.0405,0.05,4.0405,80.81,3.83847,76.97153,0.00,-3.83847,3.83847,True,False,False,True,1000,0,5767057446160956570805099157692458391003701531186360607212479406209995398491,0xf9f207b77137caa79c6c4516abdef3133db45cba,0x2287e350
0x136283d190b813fda462c1482892730e25df0eededabdea1c14e0506b00d7e94,USB|2026-04-16,2.075005,2.083325,1.999992,0.96,1.999992,2.083325,0.00416,2.079165,0.000000,-0.004160,0.004160,True,False,False,True,1000,0,48283436993234636712142601196095725965113442264570373624679704027094637883427,0x8611ab6f2741585bb35ae9323c967aef9eb42c36,0x2287e350
0x5626a1a3ea013de2ae6a2f3c8a613a2be64fd22f850c061976a274552ffd3f75,USB|2026-04-16,26.55999,26.66665,25.599984,0.96,25.599984,26.66665,0.05333,26.61332,0.00000,-0.05333,0.05333,True,False,False,True,1000,0,48283436993234636712142601196095725965113442264570373624679704027094637883427,0xf1be5e75e056ff7a5bca88668980c9f594f6fa77,0x2287e350
0xb66229dd9ccb7786e4bf54b50cf73f0dc87439168bde28ce557417b6242b25cd,USB|2026-04-16,38.56389,38.71875,37.17,0.96,37.17,38.71875,0.07743,38.64132,0.00000,-0.07743,0.07743,True,False,False,True,1000,0,48283436993234636712142601196095725965113442264570373624679704027094637883427,0xadfd69fcb4e677600a258f8cdd3f680a70697b25,0x2287e350
0x66ac1aa9f09e71d0a592e36897a1625cdfaee2744135e8cc2260167ff8304c1a,USB|2026-04-16,18.1,20,1,0.05,1,20,0.95,19.05,0,-0.95,0.95,True,False,False,True,1000,0,5767057446160956570805099157692458391003701531186360607212479406209995398491,0x215a50717f307faf856a8ad6e617448bc5d7e220,0x2287e350
0x0534c1416f39773c5d083baba5b3e4380ac5b9ae5d6e8c170701e29fe547e22f,USB|2026-04-16,1.03749,1.04165,0.999984,0.96,0.999984,1.04165,0.00208,1.03957,0.00000,-0.00208,0.00208,True,False,False,True,1000,0,48283436993234636712142601196095725965113442264570373624679704027094637883427,0x22ffe3a346a89c4f435e22f9459f7d9500b4e2ed,0x2287e350
0x5854e1c9aa3b25d4ffb2c45e56f46007b6b1665e3776dc95e5211f0dc73b7f1e,USB|2026-04-16,1177.85964,1182.59,1135.2864,0.96,1135.2864,1182.59,2.36518,1180.22482,0.00,-2.36518,2.36518,True,False,False,True,1000,0,48283436993234636712142601196095725965113442264570373624679704027094637883427,0xa42c0ef5317a2bbda08d4364344a08d28173f985,0x2287e350
0x58ef70dc1de8bd7d287ff7a6ef56e7472b8ce9a9e86bae313ebc659191e675fb,USB|2026-04-16,99.5,100,95,0.95,95,100,0.25,99.75,0,-0.25,0.25,True,False,False,True,1000,0,48283436993234636712142601196095725965113442264570373624679704027094637883427,0xa42c0ef5317a2bbda08d4364344a08d28173f985,0x2287e350
0x27b7921df25eaced59ebb75c6f87b0ff93c957cfe02fce4a1d30ac446d3996f7,USB|2026-04-16,365.6429,367.85,345.779,0.94,345.779,367.85,1.10355,366.74645,0.00,-1.10355,1.10355,True,False,False,True,1000,0,48283436993234636712142601196095725965113442264570373624679704027094637883427,0xa42c0ef5317a2bbda08d4364344a08d28173f985,0x2287e350
0x0014e5128de2f8ce947d2193dc562393407e775d4dd5f81e1816d0d66abcf217,USB|2026-04-16,105.744686,106.382966,99.999988,0.9399999996,99.999988,106.382966,0.31914,106.063826,0.000000,-0.319140,0.319140,True,False,False,True,1000,0,48283436993234636712142601196095725965113442264570373624679704027094637883427,0x06e77ff1d32d870fe3122d57a3625c9ddb2087c2,0x2287e350
0x01ed28d544f625383253ee8bf03c1b18797891ef0b6388fdd723cd9125bd84bc,USB|2026-04-16,4.97,5,4.7,0.94,4.7,5,0.015,4.985,0,-0.015,0.015,True,False,False,True,1000,0,48283436993234636712142601196095725965113442264570373624679704027094637883427,0xba659c7ca5d9d841d17c851210841ea69605a964,0x2287e350
0x6e1581fbcfbba76e17cfdd383f09dfdb9acc5f9f28f66e9da8bab530c2463d1e,USB|2026-04-16,198.8,200,188,0.94,188,200,0.6,199.4,0,-0.6,0.6,True,False,False,True,1000,0,48283436993234636712142601196095725965113442264570373624679704027094637883427,0x4be5bfbdc705157e075d21ea1926594a03aac1b3,0x2287e350
0x2f1534a7365d6d8f2b089b6eb9d4d39ed8661703f2e92f1130a0ac5d46e2d2d5,USB|2026-04-16,9.94,10,9.4,0.94,9.4,10,0.03,9.97,0,-0.03,0.03,True,False,False,True,1000,0,48283436993234636712142601196095725965113442264570373624679704027094637883427,0x5c7bd15c159659f5d39ad30d089f7f6d0dc5d463,0x2287e350
0xc966f94ae49852cdf8cfcd2f48d8fcd1a73f6366c2a1f108d526877d763da70e,USB|2026-04-16,3.01372,3.0319,2.849986,0.94,2.849986,3.0319,0.00909,3.02281,0.0000,-0.00909,0.00909,True,False,False,True,1000,0,48283436993234636712142601196095725965113442264570373624679704027094637883427,0xdea2d3a7de2a5c51d299b3900c7a26516474c75b,0x2287e350
0xa8c513477bd8303a096325c4429290f2c98c1e873f017c03535f0e63ff8ab40b,USB|2026-04-16,7.67368,7.72,7.2568,0.94,7.2568,7.72,0.02316,7.69684,0.00,-0.02316,0.02316,True,False,False,True,1000,0,48283436993234636712142601196095725965113442264570373624679704027094637883427,0xb3771c5215db7fc9166a92dddc732d01d9fd2cc0,0x2287e350
0xeac6fbd8cc9385dd749ef400a14aaf58cefc70b734c54a54ca0edc5edaed60d7,USB|2026-04-16,2924.385,2945,2738.85,0.93,2738.85,2945,10.3075,2934.6925,0,-10.3075,10.3075,True,False,False,True,1000,0,48283436993234636712142601196095725965113442264570373624679704027094637883427,0xa42c0ef5317a2bbda08d4364344a08d28173f985,0x2287e350
0x91edc0e884c5d9a7ed7f87d0f7a0f1a937ad7eca2ef56ab2185fa4bfac354984,USB|2026-04-16,5.958,6,5.58,0.93,5.58,6,0.021,5.979,0,-0.021,0.021,True,False,False,True,1000,0,48283436993234636712142601196095725965113442264570373624679704027094637883427,0x86bf6944173c4d99ae777a8a9bfec2c8f844a68c,0x2287e350
0x9a486f83cbcc3e4cbea7d60761287a734a41efad0cf11178a12cb75e78219186,USB|2026-04-16,28.375,31.25,2.5,0.08,2.5,31.25,1.4375,29.8125,0.00,-1.4375,1.4375,True,False,False,True,1000,0,5767057446160956570805099157692458391003701531186360607212479406209995398491,0xbee7cc708b9df1f0f9807160c60a5d811bf2dc3a,0x2287e350
0xa88a26e39226ddf73cf8a5282228ed9de698bf7ebeee9239f088fbf46c5a1106,USB|2026-04-16,250.91124,252.68,234.9924,0.93,234.9924,252.68,0.88438,251.79562,0.00,-0.88438,0.88438,True,False,False,True,1000,0,48283436993234636712142601196095725965113442264570373624679704027094637883427,0xa42c0ef5317a2bbda08d4364344a08d28173f985,0x2287e350
0xe27892c85ff8d197e60db54945d8ce18c5f770424bb0fbda6858d5390a047d1d,USB|2026-04-16,99.2,100,92,0.92,92,100,0.4,99.6,0,-0.4,0.4,True,False,False,True,1000,0,48283436993234636712142601196095725965113442264570373624679704027094637883427,0xa42c0ef5317a2bbda08d4364344a08d28173f985,0x2287e350
0x18b7730b1777b7d5fa2ed2694043ae0252dbf47d995c63883f1d5c1ac79e82fd,USB|2026-04-16,19.82,20,18.2,0.91,18.2,20,0.09,19.91,0,-0.09,0.09,True,False,False,True,1000,0,48283436993234636712142601196095725965113442264570373624679704027094637883427,0xa42c0ef5317a2bbda08d4364344a08d28173f985,0x2287e350
0xdd70bdfb0a74daf885b24eb7e1ec93f2d468122d40c2e7c4c9d21f8548f8a0b6,USB|2026-04-16,93.19364,94.04,85.5764,0.91,85.5764,94.04,0.42318,93.61682,0.00,-0.42318,0.42318,True,False,False,True,1000,0,48283436993234636712142601196095725965113442264570373624679704027094637883427,0xa42c0ef5317a2bbda08d4364344a08d28173f985,0x2287e350
0x1be1e1e3625a8f235d8357804067082823b9d3b3c19689ebd87ebaccb9c8334a,USB|2026-04-16,5.423282,5.472522,4.979995,0.9099999963,4.979995,5.472522,0.02462,5.447902,0.000000,-0.024620,0.024620,True,False,False,True,1000,0,48283436993234636712142601196095725965113442264570373624679704027094637883427,0xe1579ef9b7cbd070fbe693aa3af442a4bcb60a3a,0x2287e350
0xece5223995b34a846b00fbdc15a560e9cc09fa999ed29ae1877a3dd1d2350e35,USB|2026-04-16,5.423282,5.472522,4.979995,0.9099999963,4.979995,5.472522,0.02462,5.447902,0.000000,-0.024620,0.024620,True,False,False,True,1000,0,48283436993234636712142601196095725965113442264570373624679704027094637883427,0xe1579ef9b7cbd070fbe693aa3af442a4bcb60a3a,0x2287e350
0x7b741eaa26b040bfc64a5e6928fa9c821cc68b43de4468b953bb30c4cb5e33c3,USB|2026-04-16,1108.812425,1120.902685,999.999997,0.8921381047,999.999997,1120.902685,6.04513,1114.857555,0.000000,-6.045130,6.045130,True,False,False,True,1000,0,48283436993234636712142601196095725965113442264570373624679704027094637883427,0xe617861a96631d7cefdb1ad43e95c33b5946f251,0x2287e350
0x1c910b0e9731950263705b7b5679278431efd3d8cf8b46dd89d2dbe9090498c3,USB|2026-04-16,8.290369,8.433729,6.999995,0.8299999917,6.999995,8.433729,0.07168,8.362049,0.000000,-0.071680,0.071680,True,False,False,True,1000,0,48283436993234636712142601196095725965113442264570373624679704027094637883427,0xa891129ff382d0c35d63d6e1d693dfcf3215933a,0x2287e350
0xe0c4359439c2fcb16bfca9636a26204869ac161e61f132d289782fd9634e6939,USB|2026-04-16,59.216878,60.240958,49.999995,0.8299999977,49.999995,60.240958,0.51204,59.728918,0.000000,-0.512040,0.512040,True,False,False,True,1000,0,48283436993234636712142601196095725965113442264570373624679704027094637883427,0xd63a431f40001ba5df31ef53ea1685185b8d90a6,0x2287e350
0x65c265732207ee332ef5dfe8770cabda6acb224ddaded539fb405a581e76cbfb,USB|2026-04-16,4.737356,4.819276,3.999999,0.8299999834,3.999999,4.819276,0.04096,4.778316,0.000000,-0.040960,0.040960,True,False,False,True,1000,0,48283436993234636712142601196095725965113442264570373624679704027094637883427,0x9c49f60ab20d7904754b8053f224b43659721d27,0x2287e350
0xb5c410e954a72cc94e545271327aa95a8628eddf29b8d8f0c73cf1f0bac43def,USB|2026-04-16,1.184337,1.204817,0.999998,0.8299999087,0.999998,1.204817,0.01024,1.194577,0.000000,-0.010240,0.010240,True,False,False,True,1000,0,48283436993234636712142601196095725965113442264570373624679704027094637883427,0x1a89f712eb5561336367c909fab0699f19158295,0x2287e350
0x7aa0a2821f8d23829c4aee6b24d9dbcecbac0fd2afa622355ba61ba1ce4fa831,USB|2026-04-16,23.509098,23.915658,19.849996,0.8299999941,19.849996,23.915658,0.20328,23.712378,0.000000,-0.203280,0.203280,True,False,False,True,1000,0,48283436993234636712142601196095725965113442264570373624679704027094637883427,0x4aab29aa7863332101d450a41756d999d5ae38cc,0x2287e350
0xb0bc4e0b87445241addaddaf94560172185c7c3b0f67136884d8e473d5ddeea7,USB|2026-04-16,1.184337,1.204817,0.999998,0.8299999087,0.999998,1.204817,0.01024,1.194577,0.000000,-0.010240,0.010240,True,False,False,True,1000,0,48283436993234636712142601196095725965113442264570373624679704027094637883427,0x5c7e3095dee7c4b558a05bb79b41ba1068bd5705,0x2287e350
0x637cf4737e8cc042db4bd76e703b2a99424b4498a80c64d72025240b5dd98b2e,USB|2026-04-16,1197.065964,1218.962164,999.999996,0.8203700045,999.999996,1218.962164,10.9481,1208.014064,0.000000,-10.948100,10.948100,True,False,False,True,1000,0,48283436993234636712142601196095725965113442264570373624679704027094637883427,0xe617861a96631d7cefdb1ad43e95c33b5946f251,0x2287e350
0x82e74a35aa3e88ec19ce89d364f081909ef4778df4fd40b0cdcf7554ced2ee8a,USB|2026-04-16,17.963417,18.292677,14.999995,0.8199999923,14.999995,18.292677,0.16463,18.128047,0.000000,-0.164630,0.164630,True,False,False,True,1000,0,48283436993234636712142601196095725965113442264570373624679704027094637883427,0xf5910bacb8d40ab460e33f04267e6d154e81b8c7,0x2287e350
0x430224f562cc7cc1a072f26abbb3a766adbf6b55aab8c8b2abf832099be993ff,USB|2026-04-16,11.915744,12.134144,9.949998,0.8199999934,9.949998,12.134144,0.1092,12.024944,0.000000,-0.109200,0.109200,True,False,False,True,1000,0,48283436993234636712142601196095725965113442264570373624679704027094637883427,0x4a243868735ec871c42c14af426c5bea4ed13f19,0x2287e350
0x6e7e618aa81786d0edebc95bf9515c1308892eda4069d1fcf854cf9c283bd5d7,USB|2026-04-16,1.197571,1.219511,0.999999,0.8199999836,0.999999,1.219511,0.01097,1.208541,0.000000,-0.010970,0.010970,True,False,False,True,1000,0,48283436993234636712142601196095725965113442264570373624679704027094637883427,0x48e6c5133c5241194c172132fd4b2dd78f73920d,0x2287e350
0x20728f51c618326089caba640c6ad1be46d935b3fbb00dc7f639fe6216392f72,USB|2026-04-16,1.197571,1.219511,0.999999,0.8199999836,0.999999,1.219511,0.01097,1.208541,0.000000,-0.010970,0.010970,True,False,False,True,1000,0,48283436993234636712142601196095725965113442264570373624679704027094637883427,0x4a8bde0a24ee86b93abeccaa1e0a72e9d08987e9,0x2287e350
0x47ad17033da68fdd6fdd3f6471c68a293f74f25ca4f3f0a9d1d20b31636d7e58,USB|2026-04-16,1.197571,1.219511,0.999999,0.8199999836,0.999999,1.219511,0.01097,1.208541,0.000000,-0.010970,0.010970,True,False,False,True,1000,0,48283436993234636712142601196095725965113442264570373624679704027094637883427,0xdad27ec98d7b33eef359d95bd8492f012e10c6ff,0x2287e350
0x97b942123305ded6b0c5012b1d10848572735ecb9c7f59c142cb160e9c534a4e,USB|2026-04-16,18.874841,19.235361,15.629996,0.812565774,15.629996,19.235361,0.18026,19.055101,0.000000,-0.180260,0.180260,True,False,False,True,1000,0,48283436993234636712142601196095725965113442264570373624679704027094637883427,0x9635c8eb6ddc88cf3afb3d0136d700882c8a6863,0x2287e350
0xac614c0adaad77e16be6f65a4de75d9d547ef82609b2e42f5ffabe66d2493e98,USB|2026-04-16,48.554616,49.505116,39.999995,0.8079971977,39.999995,49.505116,0.47525,49.029866,0.000000,-0.475250,0.475250,True,False,False,True,1000,0,48283436993234636712142601196095725965113442264570373624679704027094637883427,0x26c98286dbcda2af02a7f6df1ea35907ed3260c5,0x2287e350
0x813359d5214ac8ef931d3250d7b42bda73049e34fe77dfbd3927b19d584ffb07,USB|2026-04-16,68.75976,74.1775,20,0.2696235381,20,74.1775,2.70887,71.46863,0.0000,-2.70887,2.70887,True,False,False,True,1000,0,5767057446160956570805099157692458391003701531186360607212479406209995398491,0xfd3dc3545b86d3bab04ab129226ac018b8f7684d,0x2287e350
0x51d7c7d9ddfe4608c6a70f25026212641523edc63ba946f943b04e1ccc496dd8,USB|2026-04-16,13.734,14,11.34,0.81,11.34,14,0.133,13.867,0,-0.133,0.133,True,False,False,True,1000,0,48283436993234636712142601196095725965113442264570373624679704027094637883427,0x9eae9dc70a6eb5c831a0ac96931c8488431598a5,0x2287e350
0xf107a2c466992bc5168513adc3e66390ea4c439e5b36dd519578e37cd9b79041,USB|2026-04-16,1.211123,1.234563,0.999996,0.8099999757,0.999996,1.234563,0.01172,1.222843,0.000000,-0.011720,0.011720,True,False,False,True,1000,0,48283436993234636712142601196095725965113442264570373624679704027094637883427,0xa80fda40fd17867a7acd19d348a0b3a9d20846a3,0x2287e350
0x842b8d79e36e356cfb331e59a767b0054d303d56faa26e1c22fa56dcbafc465c,USB|2026-04-16,1.211123,1.234563,0.999996,0.8099999757,0.999996,1.234563,0.01172,1.222843,0.000000,-0.011720,0.011720,True,False,False,True,1000,0,48283436993234636712142601196095725965113442264570373624679704027094637883427,0x41024ea9af7fbf1f0f5fac787b77f4c60a2a3e95,0x2287e350
0x2952cb24b07be107657d135d83451689125098c70c96992dafc1dcb9753c7d96,USB|2026-04-16,6.055556,6.172836,4.999997,0.8099999741,4.999997,6.172836,0.05864,6.114196,0.000000,-0.058640,0.058640,True,False,False,True,1000,0,48283436993234636712142601196095725965113442264570373624679704027094637883427,0x62c74bf3c167db1d1e217ba5bf58c2a8ede96377,0x2287e350
0x557bf1de0961e5725aadfb617b635078afb8ebec34e6be711099db1c7b19501a,USB|2026-04-16,24.229004,24.698884,19.999996,0.8097530237,19.999996,24.698884,0.23494,24.463944,0.000000,-0.234940,0.234940,True,False,False,True,1000,0,48283436993234636712142601196095725965113442264570373624679704027094637883427,0xb31e767b6b6374885a2af40d428e71236705d4b3,0x2287e350
0xd01d41944183edbd4c3ec4ebc11a8a2c159f0316cdef60ebc50d133d5fa58d1a,USB|2026-04-16,1.225,1.25,1,0.8,1,1.25,0.0125,1.2375,0.00,-0.0125,0.0125,True,False,False,True,1000,0,48283436993234636712142601196095725965113442264570373624679704027094637883427,0x5172b0275190d8d3f86edfb2a4f79d3158b4380c,0x2287e350
0x500dd3a17a5c9bf8551f9071796297e82a002d5b3d5499872140345417318227,USB|2026-04-16,3.0625,3.125,2.5,0.8,2.5,3.125,0.03125,3.09375,0.000,-0.03125,0.03125,True,False,False,True,1000,0,48283436993234636712142601196095725965113442264570373624679704027094637883427,0xf43c625cce480f606fd2bbae2a600405067fbd92,0x2287e350
0xe676ee086b6f4348a870240546df9289eb1163589fbd5c906cb6a9b3211114c5,USB|2026-04-16,1.225,1.25,1,0.8,1,1.25,0.0125,1.2375,0.00,-0.0125,0.0125,True,False,False,True,1000,0,48283436993234636712142601196095725965113442264570373624679704027094637883427,0x3d354b130a135a93cc5c8b57afcb6e34682bfe4f,0x2287e350
0x35c2188c9b1853fdd2be672ec588ea220e59c3d27f31de612e7497972d618294,USB|2026-04-16,1.225,1.25,1,0.8,1,1.25,0.0125,1.2375,0.00,-0.0125,0.0125,True,False,False,True,1000,0,48283436993234636712142601196095725965113442264570373624679704027094637883427,0xe0926fd65e3d44edd2c209d52150e65929b36853,0x2287e350
0xcf2f786ca94dbabc033b620a403440c705b41220e9f67e59268a65f4bf733e98,USB|2026-04-16,11.54116,12.45,3.3615,0.27,3.3615,12.45,0.45442,11.99558,0.00,-0.45442,0.45442,True,False,False,True,1000,0,5767057446160956570805099157692458391003701531186360607212479406209995398491,0x5dc2ae7a9502a298fb059df0135906ffecca4837,0x2287e350
0xcb118a3f834fc1935e0c8225f88914f65756b106594ceeef809065e03a5f6ca3,USB|2026-04-16,1.225,1.25,1,0.8,1,1.25,0.0125,1.2375,0.00,-0.0125,0.0125,True,False,False,True,1000,0,48283436993234636712142601196095725965113442264570373624679704027094637883427,0x1678cc98fdec60df9a6229809f87d1930ae94c44,0x2287e350
0xa6289981f6f3bb7a9fe1f6e5436dfa6082c527a2ecc626d7478dcd7037452e91,USB|2026-04-16,1.8375,1.875,1.5,0.8,1.5,1.875,0.01875,1.85625,0.000,-0.01875,0.01875,True,False,False,True,1000,0,48283436993234636712142601196095725965113442264570373624679704027094637883427,0x9850fcf3916a8d04933cf63659cbeee57d1d8e93,0x2287e350
0x0eb0aa0c6214b3a1d27dedaf3258146e8a98e8968a26308c3a2c437cc5aadc95,USB|2026-04-16,4.635,5,1.35,0.27,1.35,5,0.1825,4.8175,0,-0.1825,0.1825,True,False,False,True,1000,0,5767057446160956570805099157692458391003701531186360607212479406209995398491,0xdf242e5bded8fe15a98ffd60ec4b8747368575a8,0x2287e350
0xd518bf94461f2fdd879b293089e1d0bf01fe7bc3436c20cc9e00da3e21f436df,USB|2026-04-16,8.220349,8.870369,2.369999,0.2671815569,2.369999,8.870369,0.32501,8.545359,0.000000,-0.325010,0.325010,True,False,False,True,1000,0,5767057446160956570805099157692458391003701531186360607212479406209995398491,0x0c05460340e5f264d9471adafd1aef9f1cfc8cc1,0x2287e350
0x52b54047f8195ffab21cadd9882df54ce90e29fce0582346ca4d14cbfac8d9b6,USB|2026-04-16,4.63,5,1.3,0.26,1.3,5,0.185,4.815,0,-0.185,0.185,True,False,False,True,1000,0,5767057446160956570805099157692458391003701531186360607212479406209995398491,0x4ed2d4b8f351b407f5bff55a99d7caaa062ce138,0x2287e350
0xb272ff49758937327e4e18fbebf461d4b7b4dc22785798da35cbdad358b945d2,USB|2026-04-16,1.8375,1.875,1.5,0.8,1.5,1.875,0.01875,1.85625,0.000,-0.01875,0.01875,True,False,False,True,1000,0,48283436993234636712142601196095725965113442264570373624679704027094637883427,0xb45815512954e57ea524f0f343f5475dd6bd30cd,0x2287e350
0xe535918669455cdc95e1f29ddc869b087d69f7cc5a78d9db485be8195fe160b3,USB|2026-04-16,6.125,6.25,5,0.8,5,6.25,0.0625,6.1875,0.00,-0.0625,0.0625,True,False,False,True,1000,0,48283436993234636712142601196095725965113442264570373624679704027094637883427,0xad7e575d87d1227374b15a62040282eef5db0677,0x2287e350
0x87247f28235a7a2434ef7b07b12d9981315da4f8a465ec51416a1a2f7a4443e4,USB|2026-04-16,1.225,1.25,1,0.8,1,1.25,0.0125,1.2375,0.00,-0.0125,0.0125,True,False,False,True,1000,0,48283436993234636712142601196095725965113442264570373624679704027094637883427,0x443ea09974a9c3c9bf700422d1080792ac0672bb,0x2287e350
0x03d3e9cf9e179fd9798f2437b39c5ecb0bfdcaeb4bcbc35e625790c09e156b53,USB|2026-04-16,4.99018,5.43,1.0317,0.19,1.0317,5.43,0.21991,5.21009,0.00,-0.21991,0.21991,True,False,False,True,1000,0,5767057446160956570805099157692458391003701531186360607212479406209995398491,0xb9183a69d22c45e55e6c3aa56adc8b5bf2ec0158,0x2287e350
0x1465434ebfd8da154998c82d08973ac36dc3a3acac0c03de71b38042e9fb8d12,USB|2026-04-16,1.197571,1.219511,0.999999,0.8199999836,0.999999,1.219511,0.01097,1.208541,0.000000,-0.010970,0.010970,True,False,False,True,1000,0,48283436993234636712142601196095725965113442264570373624679704027094637883427,0x536d4bc9d916e2e4ae228de122c53dd1840e07fd,0x2287e350
0xe80704c3232a4c10fdab597d17c31bc767629ed4ff1449ec903b6c0fa8527103,USB|2026-04-16,5.987815,6.097555,4.999995,0.8199999836,4.999995,6.097555,0.05487,6.042685,0.000000,-0.054870,0.054870,True,False,False,True,1000,0,48283436993234636712142601196095725965113442264570373624679704027094637883427,0x05c611fd744bf70187565444f63c5dc02342d823,0x2287e350
0x94805f342ab980ccadea4594e8ccf855e0abed46f20c03a9f7cdcde40c56029c,USB|2026-04-16,18.36,20,3.6,0.18,3.6,20,0.82,19.18,0,-0.82,0.82,True,False,False,True,1000,0,5767057446160956570805099157692458391003701531186360607212479406209995398491,0xc1cf7d0ccb729703a5f4d97ed1045a42dbd99656,0x2287e350
0x8e18665da5ec86536ec686e01f1b1514403d52fa16b5b11b7e789a65ce1d9db6,USB|2026-04-16,1.63901,1.65555,1.489995,0.9,1.489995,1.65555,0.00827,1.64728,0.00000,-0.00827,0.00827,True,False,False,True,1000,0,48283436993234636712142601196095725965113442264570373624679704027094637883427,0x2f42d37523fb1e496840184178f857d462dd4fc5,0x2287e350
0x7268b59ae9280905cba10f5e342b28099c2eb670fbee284d46aaf4805402e8c2,USB|2026-04-16,11.56831,11.74255,9.999995,0.851603357,9.999995,11.74255,0.08712,11.65543,0.00000,-0.08712,0.08712,True,False,False,True,1000,0,48283436993234636712142601196095725965113442264570373624679704027094637883427,0x5780ba160eae1ec8d2f7b50aff46966fd53add00,0x2287e350
0x68bb808aa685be0f69f87e7e5160764739ae6d00333510e4befeedda79c456e5,USB|2026-04-16,1.184337,1.204817,0.999998,0.8299999087,0.999998,1.204817,0.01024,1.194577,0.000000,-0.010240,0.010240,True,False,False,True,1000,0,48283436993234636712142601196095725965113442264570373624679704027094637883427,0x4a8bde0a24ee86b93abeccaa1e0a72e9d08987e9,0x2287e350
0xed5f876e70b1360c2a09d7a6733663a2390f2b829538a7347d8bce2ff88b04bb,USB|2026-04-16,1.171435,1.190475,0.999999,0.84,0.999999,1.190475,0.00952,1.180955,0.000000,-0.009520,0.009520,True,False,False,True,1000,0,48283436993234636712142601196095725965113442264570373624679704027094637883427,0x41024ea9af7fbf1f0f5fac787b77f4c60a2a3e95,0x2287e350
0x7bf9ba5c9fd0f70841e6f6655a6fc8b0ac7bfa656c630b8986a4994f1af55191,AXP|2026-04-23,11.00001,11.11111,9.999999,0.9,9.999999,11.11111,0.05555,11.05556,0.00000,-0.05555,0.05555,True,False,False,True,1000,0,31696350477853814213783090021395532660590009452067784693417106113888470237535,0xfff14760a8ffa9cc9023fa9a2384e1b33b187c50,0x2287e350
0xf4f8dd0f0100968a985a58db00de0910fa3f23ac124ff7a14c660f2511c1cea9,AXP|2026-04-23,21.1107,21.33188,19.119992,0.8963106862,19.119992,21.33188,0.11059,21.22129,0.00000,-0.11059,0.11059,True,False,False,True,1000,0,31696350477853814213783090021395532660590009452067784693417106113888470237535,0xf05df7e23b4a9c07f4d6194f91da9d678984e42b,0x2287e350
0x3783059ecb39a93f170118abbee9670106bf6c2b208045aba59ab1fb0c046ba6,AXP|2026-04-23,1.11125,1.12359,0.999995,0.889999911,0.999995,1.12359,0.00617,1.11742,0.00000,-0.00617,0.00617,True,False,False,True,1000,0,31696350477853814213783090021395532660590009452067784693417106113888470237535,0xcd73aef1698f803530c0640a013c7c1b58685d2a,0x2287e350
0xf79a6d3c5aa132e8a90b54628a9e18e11e1c689e48c553771d2c55b8f9e6dc9f,AXP|2026-04-23,140.77276,153.85,23.0775,0.15,23.0775,153.85,6.53862,147.31138,0.00,-6.53862,6.53862,True,False,False,True,1000,0,4903415337154128576730715319402526544372118770371409184146964038189493592446,0x8118e46373e02c69b95f81f240c059c829c19850,0x2287e350
0x88a087823cd1c00410db1cb7595ebcb81ab4ae7ee3280687d8fca543e9a629da,AXP|2026-04-23,10.879,11,9.79,0.89,9.79,11,0.0605,10.9395,0,-0.0605,0.0605,True,False,False,True,1000,0,31696350477853814213783090021395532660590009452067784693417106113888470237535,0x86bf6944173c4d99ae777a8a9bfec2c8f844a68c,0x2287e350
0x89765c96212d5109be55c7c216be44afbf3a13bbe31b8444f36974cdef534a32,AXP|2026-04-23,2.967,3,2.67,0.89,2.67,3,0.0165,2.9835,0,-0.0165,0.0165,True,False,False,True,1000,0,31696350477853814213783090021395532660590009452067784693417106113888470237535,0xba659c7ca5d9d841d17c851210841ea69605a964,0x2287e350
0x7e90a2a627d3f2939bf62f3033781bbdddacb6236c2e80b29efccd723c05b42d,AXP|2026-04-23,6.100005,6.666665,0.999999,0.1499998875,0.999999,6.666665,0.28333,6.383335,0.000000,-0.283330,0.283330,True,False,False,True,1000,0,4903415337154128576730715319402526544372118770371409184146964038189493592446,0x4388640a35b4ecebc33f8c73b58a2b988c615050,0x2287e350
0xf58c235bdab8bb0ba2610f852e1ef7b583b6b1c7b0363eada899911394603545,AXP|2026-04-23,187.209,204.6,30.69,0.15,30.69,204.6,8.6955,195.9045,0.0,-8.6955,8.6955,True,False,False,True,1000,0,4903415337154128576730715319402526544372118770371409184146964038189493592446,0x3b7926debab8f64d4f95b34c01bbfdb5fe2c6f9d,0x2287e350
0x37a0e0b2bc0fa3c88b1877fe654e300ed86c9a28fc369f242124b4d986cba6e8,AXP|2026-04-23,4.57,5,0.7,0.14,0.7,5,0.215,4.785,0,-0.215,0.215,True,False,False,True,1000,0,4903415337154128576730715319402526544372118770371409184146964038189493592446,0x3b7926debab8f64d4f95b34c01bbfdb5fe2c6f9d,0x2287e350
0x5c61890c1503a0482c76bf1ef4f90668a4a43e759c2442a71136d6242d2c5f90,AXP|2026-04-23,4.7528,5.2,0.728,0.14,0.728,5.2,0.2236,4.9764,0.0,-0.2236,0.2236,True,False,False,True,1000,0,4903415337154128576730715319402526544372118770371409184146964038189493592446,0x8118e46373e02c69b95f81f240c059c829c19850,0x2287e350
0x68271a5232237c0c1d6331c8c41ff5fb7f0d8deb5012fffbfb3f6b46a61c858c,AXP|2026-04-23,5.44506,5.4945,4.999995,0.91,4.999995,5.4945,0.02472,5.46978,0.0000,-0.02472,0.02472,True,False,False,True,1000,0,31696350477853814213783090021395532660590009452067784693417106113888470237535,0xef8d87e87337687657d440d80fd5c1eadd13b74d,0x2287e350
0x2bff9fbe87330f4ef744bbca17696c0b8bef928595ebcdec432093d518e60542,AXP|2026-04-23,840.65,850,756.5,0.89,756.5,850,4.675,845.325,0,-4.675,4.675,True,False,False,True,1000,0,31696350477853814213783090021395532660590009452067784693417106113888470237535,0xe11ab7e675ffc7136bb065ac13d0d9ba2247c40b,0x2287e350
0x7b97f4290f7ccb25f40edbd60462722b75e443b6ce34a399843d44d98119d471,AXP|2026-04-23,132.56984,134.18,118.0784,0.88,118.0784,134.18,0.80508,133.37492,0.00,-0.80508,0.80508,True,False,False,True,1000,0,31696350477853814213783090021395532660590009452067784693417106113888470237535,0xe11ab7e675ffc7136bb065ac13d0d9ba2247c40b,0x2287e350
0xcb1b7a9e07206895445242dde30154a5be0f9fe3b1e31262b32f5616d72dae08,AXP|2026-04-23,9.88,10,8.8,0.88,8.8,10,0.06,9.94,0,-0.06,0.06,True,False,False,True,1000,0,31696350477853814213783090021395532660590009452067784693417106113888470237535,0xe11ab7e675ffc7136bb065ac13d0d9ba2247c40b,0x2287e350
0xf9539487e944ac3818fdafe8966efb314c37d960730df3a6fd889a91753d9323,AXP|2026-04-23,9.884,10.76,2,0.1858736059,2,10.76,0.438,10.322,0.00,-0.438,0.438,True,False,False,True,1000,0,4903415337154128576730715319402526544372118770371409184146964038189493592446,0xd63a431f40001ba5df31ef53ea1685185b8d90a6,0x2287e350
0x4d213cd848ed4e5fb1a571e2c3e9c3e7901a8bbaf7ed9c3ff17c677d3ab0bf5b,AXP|2026-04-23,11.227275,11.363635,9.999998,0.8799999296,9.999998,11.363635,0.06818,11.295455,0.000000,-0.068180,0.068180,True,False,False,True,1000,0,31696350477853814213783090021395532660590009452067784693417106113888470237535,0x9bed760216c0e1b3877d0eca61cf7fd3e6217313,0x2287e350
0x463433e0360a265545c2a317e728d41b28ba5054173ab34889afb94330dfe124,AXP|2026-04-23,51.000014,55.555554,9.999999,0.179999987,9.999999,55.555554,2.27777,53.277784,0.000000,-2.277770,2.277770,True,False,False,True,1000,0,4903415337154128576730715319402526544372118770371409184146964038189493592446,0x083197351bb80395b8ac325fda45eab0bf466994,0x2287e350
0xc806a91b62165e19857163753d26247959d290f3aa17b87e885710260e2096c4,AXP|2026-04-23,254.18634,258.38,216.4434,0.837694094,216.4434,258.38,2.09683,256.28317,0.00,-2.09683,2.09683,True,False,False,True,1000,0,31696350477853814213783090021395532660590009452067784693417106113888470237535,0xb1a1985278c50a25758e2e25a217d084706add34,0x2287e350
0x028b90a5d9a78a6e24f3a4d16a7049ed3bf8f36e133f7944051f294e820376ac,AXP|2026-04-23,23.141964,23.542164,19.539996,0.8299999949,19.539996,23.542164,0.2001,23.342064,0.000000,-0.200100,0.200100,True,False,False,True,1000,0,31696350477853814213783090021395532660590009452067784693417106113888470237535,0x4aab29aa7863332101d450a41756d999d5ae38cc,0x2287e350
0xbd1ee3f09c190f22e4e33eb279f4008c8d9f6637f5d966b0a8c33d2e8b8c825a,AXP|2026-04-23,59.692896,60.769876,49.999997,0.8227760248,49.999997,60.769876,0.53849,60.231386,0.000000,-0.538490,0.538490,True,False,False,True,1000,0,31696350477853814213783090021395532660590009452067784693417106113888470237535,0xdabac94a081884e161b400252d9b43f1062823f5,0x2287e350
0x6fdc3165593481ef4bd6fca5a673ee56b2497aa44b06f0678cb3554243a8159e,AXP|2026-04-23,1.197571,1.219511,0.999999,0.8199999836,0.999999,1.219511,0.01097,1.208541,0.000000,-0.010970,0.010970,True,False,False,True,1000,0,31696350477853814213783090021395532660590009452067784693417106113888470237535,0x48e6c5133c5241194c172132fd4b2dd78f73920d,0x2287e350
0x231d3eff5064f971b61cbac3a4878185992b700553e6b78b079f8117b83c1b8c,AXP|2026-04-23,4.790244,4.878044,3.999996,0.8199999836,3.999996,4.878044,0.0439,4.834144,0.000000,-0.043900,0.043900,True,False,False,True,1000,0,31696350477853814213783090021395532660590009452067784693417106113888470237535,0x9c49f60ab20d7904754b8053f224b43659721d27,0x2287e350
0xa619fae07b67206cfeaf0ab05ead1b07de5629c963d4f11e8f1d96c175405b1a,AXP|2026-04-23,529.16002,540,431.6,0.7992592593,431.6,540,5.41999,534.58001,0,-5.41999,5.41999,True,False,False,True,1000,0,31696350477853814213783090021395532660590009452067784693417106113888470237535,0x1dc6b96ceadba97b27d75a72472503e719acfb06,0x2287e350
0x4fc3ed55ca8899e8459973a0e961334a32c35fac6a1843c8dd9c8eb490441ffa,AXP|2026-04-23,9.21,10,2.1,0.21,2.1,10,0.395,9.605,0,-0.395,0.395,True,False,False,True,1000,0,4903415337154128576730715319402526544372118770371409184146964038189493592446,0xb9183a69d22c45e55e6c3aa56adc8b5bf2ec0158,0x2287e350
0x9f927e90a44c784fa2a24eaa666bb29b36193b43e11bd806fe1f5574670ce68b,AXP|2026-04-23,1.171435,1.190475,0.999999,0.84,0.999999,1.190475,0.00952,1.180955,0.000000,-0.009520,0.009520,True,False,False,True,1000,0,31696350477853814213783090021395532660590009452067784693417106113888470237535,0x974d501c5e9ff1bca2229b55a90cce5ab88ce057,0x2287e350
0x8fa6bea65eeccc9b391c635c8ffb204a5d314584b89967ccdb7526008cd6b32d,AXP|2026-04-23,7.106031,7.228911,5.999996,0.829999982,5.999996,7.228911,0.06144,7.167471,0.000000,-0.061440,0.061440,True,False,False,True,1000,0,31696350477853814213783090021395532660590009452067784693417106113888470237535,0x7c47d1464f9183208fc3bde3f29c024694a88d7a,0x2287e350
0x6b4cd7e6a2a5ef618b0d7714eeb6981852cc1e8117e929f80adfbd18a96d286a,AXP|2026-04-23,1.184337,1.204817,0.999998,0.8299999087,0.999998,1.204817,0.01024,1.194577,0.000000,-0.010240,0.010240,True,False,False,True,1000,0,31696350477853814213783090021395532660590009452067784693417106113888470237535,0x6abd7255dadd0a8c46faa1403182e884493663e9,0x2287e350
0x072b10977626e1671450b758164a7d31f0a731c75d09e082455cc7a2c9f7dc1d,AXP|2026-04-23,2.984541,3.036141,2.519997,0.8299999901,2.519997,3.036141,0.0258,3.010341,0.000000,-0.025800,0.025800,True,False,False,True,1000,0,31696350477853814213783090021395532660590009452067784693417106113888470237535,0xad128860261aa3b09e29aed57b23d58c04e8b115,0x2287e350
0x4b495166c0d527e625bdab9300fd7eb921a1016eb331f53a378eb7321aab59df,AXP|2026-04-23,8.307,9,2.07,0.23,2.07,9,0.3465,8.6535,0,-0.3465,0.3465,True,False,False,True,1000,0,4903415337154128576730715319402526544372118770371409184146964038189493592446,0xe73ef39f6d146644405df6a8bbc7c66b0df32bb9,0x2287e350
0x76efebf2de3a5a46c3217d20b592dd706db96199e6e9e8bacb6ba0ba7e166349,AXP|2026-04-23,2.960847,3.012047,2.499999,0.8299999967,2.499999,3.012047,0.0256,2.986447,0.000000,-0.025600,0.025600,True,False,False,True,1000,0,31696350477853814213783090021395532660590009452067784693417106113888470237535,0xf43c625cce480f606fd2bbae2a600405067fbd92,0x2287e350
0x0e5a5a236e7187c2b9755d937ec4a52ba330e5642b2d95c5df6b06eb7496e922,AXP|2026-04-23,29.691337,30.204817,25.069998,0.8299999964,25.069998,30.204817,0.25674,29.948077,0.000000,-0.256740,0.256740,True,False,False,True,1000,0,31696350477853814213783090021395532660590009452067784693417106113888470237535,0x9635c8eb6ddc88cf3afb3d0136d700882c8a6863,0x2287e350
0x6014cd09dd1c86464d26b8286a4d1f860e4923e550acbc7b0a7aed7832e70d63,AXP|2026-04-23,121.440788,131.600868,29.999999,0.2279620147,29.999999,131.600868,5.08004,126.520828,0.000000,-5.080040,5.080040,True,False,False,True,1000,0,4903415337154128576730715319402526544372118770371409184146964038189493592446,0xfd3dc3545b86d3bab04ab129226ac018b8f7684d,0x2287e350
0x43aa1686dcfe0298a7d0c671b392c583d08bab887f5379b63c8efbbeaa855846,AXP|2026-04-23,9.824,10,8.24,0.824,8.24,10,0.088,9.912,0,-0.088,0.088,True,False,False,True,1000,0,31696350477853814213783090021395532660590009452067784693417106113888470237535,0xfa686b1486c0622c54164d86b1d6f784d0bbba5d,0x2287e350
0x168c441181198c6f8f94efa2e46518034b5c2583d493f13de72dee2b66d9a534,AXP|2026-04-23,1.184337,1.204817,0.999998,0.8299999087,0.999998,1.204817,0.01024,1.194577,0.000000,-0.010240,0.010240,True,False,False,True,1000,0,31696350477853814213783090021395532660590009452067784693417106113888470237535,0x173a5434bc998428adef30d86b11049b8173d2d1,0x2287e350
0x6b6d40f029f52e604f71edf3615d5ed2c1c88c0c2da3849cfc44615f4a5c5d93,AXP|2026-04-23,5.857155,5.952375,4.999995,0.84,4.999995,5.952375,0.04761,5.904765,0.000000,-0.047610,0.047610,True,False,False,True,1000,0,31696350477853814213783090021395532660590009452067784693417106113888470237535,0x05c611fd744bf70187565444f63c5dc02342d823,0x2287e350
0xca2822862079a7d4597aaa637aa306f2cb714a99bf13cd9947588eba53e3594f,AXP|2026-04-23,1.171435,1.190475,0.999999,0.84,0.999999,1.190475,0.00952,1.180955,0.000000,-0.009520,0.009520,True,False,False,True,1000,0,31696350477853814213783090021395532660590009452067784693417106113888470237535,0x58d0323d6e294b60b3b5125a36216a4bf4f6b7e1,0x2287e350
0x4baf933222c557a136c8533690febde20b0ea847b1bebc74e4cb5e385a3507f0,AXP|2026-04-23,8.026091,8.695651,1.999999,0.229999916,1.999999,8.695651,0.33478,8.360871,0.000000,-0.334780,0.334780,True,False,False,True,1000,0,4903415337154128576730715319402526544372118770371409184146964038189493592446,0xe4cc8d632a4942b6a8e6ff3a3b0d31aeed23c448,0x2287e350
0x1cb1c4c6e120ade63ba8b7bf12b12a583a49f49cb81f696344c7df2e16ff5787,AXP|2026-04-23,1.184337,1.204817,0.999998,0.8299999087,0.999998,1.204817,0.01024,1.194577,0.000000,-0.010240,0.010240,True,False,False,True,1000,0,31696350477853814213783090021395532660590009452067784693417106113888470237535,0xb90246da751357e41ed7974b6e741e794bcdec4f,0x2287e350
0x36fab80c199b94c8f0cd96611990bb421912fa095cd8d24d703e581e6362f809,AXP|2026-04-23,80.26088,86.95652,19.999999,0.2299999931,19.999999,86.95652,3.34782,83.60870,0.00000,-3.34782,3.34782,True,False,False,True,1000,0,4903415337154128576730715319402526544372118770371409184146964038189493592446,0x8fdccd4ebc2be61691231e98a26f0d2c41e35d91,0x2287e350
0x2cb56a8ec1e8efb0cf0e06f00bd8558b72de76dc913b1c6fa7a107f056d7612f,AXP|2026-04-23,1.225,1.25,1,0.8,1,1.25,0.0125,1.2375,0.00,-0.0125,0.0125,True,False,False,True,1000,0,31696350477853814213783090021395532660590009452067784693417106113888470237535,0x8b9eafa288e5a9775aea527260ac3af1fcae3d07,0x2287e350
0xea66c260c68682d14af9c81416bb768b05129c6f9c7660ab79b8757a9d7c9729,AXP|2026-04-23,1.225,1.25,1,0.8,1,1.25,0.0125,1.2375,0.00,-0.0125,0.0125,True,False,False,True,1000,0,31696350477853814213783090021395532660590009452067784693417106113888470237535,0x5172b0275190d8d3f86edfb2a4f79d3158b4380c,0x2287e350
0x95d82edd158ef10fd389ee207305662524daf43acdc0b36f52db4360907b374d,AXP|2026-04-23,1.225,1.25,1,0.8,1,1.25,0.0125,1.2375,0.00,-0.0125,0.0125,True,False,False,True,1000,0,31696350477853814213783090021395532660590009452067784693417106113888470237535,0xa1f327672d7dbfee33b46fcae0af643f01ddc455,0x2287e350
0xd4f20848f52401056cbd7b0d5465ba9709baf6bb4af3dd65bb5b47c23da73748,AXP|2026-04-23,1.225,1.25,1,0.8,1,1.25,0.0125,1.2375,0.00,-0.0125,0.0125,True,False,False,True,1000,0,31696350477853814213783090021395532660590009452067784693417106113888470237535,0xa0e637c264a5b57ef6f86bf04086483404ee892f,0x2287e350
0xce16d46a9da6daf3179072e72e2e2334e235b87c66e08420b4d2b11cb18efc03,AXP|2026-04-23,1.225,1.25,1,0.8,1,1.25,0.0125,1.2375,0.00,-0.0125,0.0125,True,False,False,True,1000,0,31696350477853814213783090021395532660590009452067784693417106113888470237535,0x6ffa127b787608bd707a784108156191255281cf,0x2287e350
0xd77df5e1e3240b6953e1d4d9f5a649f028513e5cfb7fff3729432e93db7e43c4,AXP|2026-04-23,1.225,1.25,1,0.8,1,1.25,0.0125,1.2375,0.00,-0.0125,0.0125,True,False,False,True,1000,0,31696350477853814213783090021395532660590009452067784693417106113888470237535,0xdad27ec98d7b33eef359d95bd8492f012e10c6ff,0x2287e350
0xdb130ac0a59b573b17611ba8e3049eee39aa4a04781f1e5cc096d308094303e8,AXP|2026-04-23,1.211123,1.234563,0.999996,0.8099999757,0.999996,1.234563,0.01172,1.222843,0.000000,-0.011720,0.011720,True,False,False,True,1000,0,31696350477853814213783090021395532660590009452067784693417106113888470237535,0x4586b069431fdda84bf2f313da5bde72d7f93a05,0x2287e350
0x95a20b330331bb45ed02cbacc078e4910ee5bfb6c288705345869861c1e2d887,AXP|2026-04-23,10.791,11,8.91,0.81,8.91,11,0.1045,10.8955,0,-0.1045,0.1045,True,False,False,True,1000,0,31696350477853814213783090021395532660590009452067784693417106113888470237535,0xb147438fec723456602851e0a3b9a09f52933786,0x2287e350
0x30018128d1a1ce301e8bfb46f814400d6fd0b27f7875e558988a269f1687cd9e,AXP|2026-04-23,1.211123,1.234563,0.999996,0.8099999757,0.999996,1.234563,0.01172,1.222843,0.000000,-0.011720,0.011720,True,False,False,True,1000,0,31696350477853814213783090021395532660590009452067784693417106113888470237535,0x6abd7255dadd0a8c46faa1403182e884493663e9,0x2287e350
0xde6cd0a66e83b5a51659fda0c1aca91bbe67b1729aa11e2363b237c5630a1c89,AXP|2026-04-23,1.211123,1.234563,0.999996,0.8099999757,0.999996,1.234563,0.01172,1.222843,0.000000,-0.011720,0.011720,True,False,False,True,1000,0,31696350477853814213783090021395532660590009452067784693417106113888470237535,0x12fd9244bbcf9b9fc14be5cd6e708749c6cec776,0x2287e350
0xc7eae91dc1114317e06314931390e6bade58ce4e9e824fd6dfa73e3a5363adf6,AXP|2026-04-23,1.211123,1.234563,0.999996,0.8099999757,0.999996,1.234563,0.01172,1.222843,0.000000,-0.011720,0.011720,True,False,False,True,1000,0,31696350477853814213783090021395532660590009452067784693417106113888470237535,0x688ed95b59e778eadb109bdd7fcd182efe23f36d,0x2287e350
0x8a333a96d1e68feecca28346211bd87023dc01f51dcc3ea33c472f722ee98ff2,AXP|2026-04-23,10.88638,11.81818,2.499999,0.2115384095,2.499999,11.81818,0.4659,11.35228,0.00000,-0.46590,0.46590,True,False,False,True,1000,0,4903415337154128576730715319402526544372118770371409184146964038189493592446,0x4de02e9d4a9534ec2ddf5a2b1531c19e5010869f,0x2287e350
0xc53307d7615f94763fb121ab7c03c56f7bd3aa3c57822df93d08525a90d2978c,AXP|2026-04-23,1.197571,1.219511,0.999999,0.8199999836,0.999999,1.219511,0.01097,1.208541,0.000000,-0.010970,0.010970,True,False,False,True,1000,0,31696350477853814213783090021395532660590009452067784693417106113888470237535,0x508adb53500417edf6487066f5fd6c866902cac7,0x2287e350
0x2ae6c48920a165da12ca2d7d3c047d1a0b62cc76bccde4ec0d18dca4bfebd164,AXP|2026-04-23,23,25,5,0.2,5,25,1,24,0,-1,1,True,False,False,True,1000,0,4903415337154128576730715319402526544372118770371409184146964038189493592446,0xd5555147366b7e5bfcea444f4a06a745c18be28a,0x2287e350
0xcf62c1829531b57aef0efd96d6f830159a5a090fadb1a8c50993ee29ed840ae7,AXP|2026-04-23,1.04736,1.05262,0.999989,0.95,0.999989,1.05262,0.00263,1.04999,0.00000,-0.00263,0.00263,True,False,False,True,1000,0,31696350477853814213783090021395532660590009452067784693417106113888470237535,0x404c167461ec46e2e81b646b628d9ce7feb435c2,0x2287e350
0xc8073755ddca7f75d3078b3cd62a498ed4a41852757dde6c992dfa7a112b1877,CBRE|2026-04-23,2.156532,2.173912,1.999999,0.9199999816,1.999999,2.173912,0.00869,2.165222,0.000000,-0.008690,0.008690,True,False,False,True,1000,0,85387314011271868621520053897203355123167072894114370261277204847495755847019,0x2cd0eb5036961e266563ba6c4a216354b7affb3d,0x2287e350
0x8c76961b5b10e925fe50f0458997d1ac9b3cce7b078182df9ff1465e939d8f3c,CBRE|2026-04-23,91.1,100,11,0.11,11,100,4.45,95.55,0,-4.45,4.45,True,False,False,True,1000,0,3304642769480150076644247515461349243156146087647502388963925443167633793224,0x7fe7b495d6a447b3d21de6c64db7d2ba0ee5dbd6,0x2287e350
0x9c4668d6a2720a3b8e46c52e0dadc39fb334da74a00c6e435e4f33c1f0998e28,CBRE|2026-04-23,1.07827,1.08695,0.999994,0.92,0.999994,1.08695,0.00434,1.08261,0.00000,-0.00434,0.00434,True,False,False,True,1000,0,85387314011271868621520053897203355123167072894114370261277204847495755847019,0xcd73aef1698f803530c0640a013c7c1b58685d2a,0x2287e350
0x5b0de3f0687235feeecf09b3ff48eb2112a752f06bbf425e80f82fb5af8b4932,CBRE|2026-04-23,16.563637,18.181817,1.999999,0.1099999521,1.999999,18.181817,0.80909,17.372727,0.000000,-0.809090,0.809090,True,False,False,True,1000,0,3304642769480150076644247515461349243156146087647502388963925443167633793224,0x4388640a35b4ecebc33f8c73b58a2b988c615050,0x2287e350
0x8b7bcd84e55aed06528408b71e37d352fd80905a60fa66de4804ce65893222d9,CBRE|2026-04-23,188.48,190,174.8,0.92,174.8,190,0.76,189.24,0,-0.76,0.76,True,False,False,True,1000,0,85387314011271868621520053897203355123167072894114370261277204847495755847019,0xecd77ba3c37b048d4bd0581ea609cd3485d3c7e1,0x2287e350
0x030a93ace70ffebffd6e56c6bf72854c54305608fa24d39c43603e3530a022fd,CBRE|2026-04-23,1.07827,1.08695,0.999994,0.92,0.999994,1.08695,0.00434,1.08261,0.00000,-0.00434,0.00434,True,False,False,True,1000,0,85387314011271868621520053897203355123167072894114370261277204847495755847019,0x48e6c5133c5241194c172132fd4b2dd78f73920d,0x2287e350
0xe53c4baeed7288d628eda0889598af48e306713ce48c1c8b416b76b152e8c635,CBRE|2026-04-23,4.313045,4.347825,3.999999,0.92,3.999999,4.347825,0.01739,4.330435,0.000000,-0.017390,0.017390,True,False,False,True,1000,0,85387314011271868621520053897203355123167072894114370261277204847495755847019,0x9c49f60ab20d7904754b8053f224b43659721d27,0x2287e350
0x1003816b3cefe15627b61d861cda3b240300e738390032df0d1fe1d9164ef8a7,CBRE|2026-04-23,16.563637,18.181817,1.999999,0.1099999521,1.999999,18.181817,0.80909,17.372727,0.000000,-0.809090,0.809090,True,False,False,True,1000,0,3304642769480150076644247515461349243156146087647502388963925443167633793224,0xd63a431f40001ba5df31ef53ea1685185b8d90a6,0x2287e350
0xb0ef8ec4bb394711a4ca1b70863ed018fd2a49dae830e3fc2a15cc15fee08bd1,CBRE|2026-04-23,5.391315,5.434775,4.999993,0.92,4.999993,5.434775,0.02173,5.413045,0.000000,-0.021730,0.021730,True,False,False,True,1000,0,85387314011271868621520053897203355123167072894114370261277204847495755847019,0x980541b8c636d98d1f2d1b21d983e6ca7f32e23a,0x2287e350
0xefd3c40c84abfd276532adc1eadcaca2876a82b9f7fb185fb15b88a136410ed1,CBRE|2026-04-23,19.82,20,18.2,0.91,18.2,20,0.09,19.91,0,-0.09,0.09,True,False,False,True,1000,0,85387314011271868621520053897203355123167072894114370261277204847495755847019,0xf960da7859718a81a8a239054330d90a7d1eba50,0x2287e350
0xa22c0a6e1e27486175defa91bb050da5837d45a24eaa17bb0a89a518e68c3bd8,CBRE|2026-04-23,91.1,100,11,0.11,11,100,4.45,95.55,0,-4.45,4.45,True,False,False,True,1000,0,3304642769480150076644247515461349243156146087647502388963925443167633793224,0xb9183a69d22c45e55e6c3aa56adc8b5bf2ec0158,0x2287e350
0x4dcff2d52e1a7d148a13b784a194066b34c61c251c65c06c2e18a83c6932d874,CBRE|2026-04-23,93.6495,94.5,85.995,0.91,85.995,94.5,0.42525,94.07475,0.0,-0.42525,0.42525,True,False,False,True,1000,0,85387314011271868621520053897203355123167072894114370261277204847495755847019,0xfa686b1486c0622c54164d86b1d6f784d0bbba5d,0x2287e350
0x58d515a78961050c8d9f3d582dec9a993e5fe01b3b125b63bf9e456b48f3bd1c,CBRE|2026-04-23,712.74398,720,647.4397,0.8992218056,647.4397,720,3.62801,716.37199,0,-3.62801,3.62801,True,False,False,True,1000,0,85387314011271868621520053897203355123167072894114370261277204847495755847019,0x9e88f359b9803e41420fbb13385c5ae1765c301c,0x2287e350
0x5aad18020baa8afaa897e0dc094de5a79278ef3065ab722687f8a7532f28f988,CBRE|2026-04-23,5.44506,5.4945,4.999995,0.91,4.999995,5.4945,0.02472,5.46978,0.0000,-0.02472,0.02472,True,False,False,True,1000,0,85387314011271868621520053897203355123167072894114370261277204847495755847019,0x7c47d1464f9183208fc3bde3f29c024694a88d7a,0x2287e350
0x39226311638d35fa1ee6f8417d40c3fe666e37ec2a236604741505f2ccd09953,CBRE|2026-04-23,32.642864,35.714284,4.999999,0.1399999787,4.999999,35.714284,1.53571,34.178574,0.000000,-1.535710,1.535710,True,False,False,True,1000,0,3304642769480150076644247515461349243156146087647502388963925443167633793224,0xcfa574c19789ec92cf9736aff3298b98d050662c,0x2287e350
0x814b6a807987dc7f3ff082a27ab7806bb8c8c71d35d3c7a9de85cccfe3610585,CBRE|2026-04-23,5.50001,5.55555,4.999995,0.9,4.999995,5.55555,0.02777,5.52778,0.00000,-0.02777,0.02777,True,False,False,True,1000,0,85387314011271868621520053897203355123167072894114370261277204847495755847019,0x921dc34a9d77c9c0b45b7ed3459d7e08d86bf171,0x2287e350
0xf8f1efcb289395380835748f4637eebbb945bbe3dc1863c9b3aaf3c27b67c190,CBRE|2026-04-23,5.500014,5.555554,4.999998,0.899999892,4.999998,5.555554,0.02777,5.527784,0.000000,-0.027770,0.027770,True,False,False,True,1000,0,85387314011271868621520053897203355123167072894114370261277204847495755847019,0x05c611fd744bf70187565444f63c5dc02342d823,0x2287e350
0x05acfb0886cef51e780d5bb1db63e1a2d15e8a44205113b1b39e561302db62fe,CBRE|2026-04-23,6.528576,7.142856,0.999999,0.1399998824,0.999999,7.142856,0.30714,6.835716,0.000000,-0.307140,0.307140,True,False,False,True,1000,0,3304642769480150076644247515461349243156146087647502388963925443167633793224,0xb347edbfaf87915fe94ead21e992701ed561a2c7,0x2287e350
0xdec5aa2355ae925c1cae0568773520b93b0b704ff944e391d341dcaeb8a97871,CBRE|2026-04-23,3.3906,3.434,3,0.8736167734,3,3.434,0.0217,3.4123,0.000,-0.0217,0.0217,True,False,False,True,1000,0,85387314011271868621520053897203355123167072894114370261277204847495755847019,0x714e3553573f64b00160e2f39164e687e2e068a0,0x2287e350
0xe6c4771e760078f581f6ef7f310f09a24b9d9856d88457e20b0079bfec1bd4d9,CBRE|2026-04-23,11.344826,11.494246,9.999994,0.8699999983,9.999994,11.494246,0.07471,11.419536,0.000000,-0.074710,0.074710,True,False,False,True,1000,0,85387314011271868621520053897203355123167072894114370261277204847495755847019,0xa891129ff382d0c35d63d6e1d693dfcf3215933a,0x2287e350
0x2b670754f38c75a313dedc293cb3425cb100d743eeff793d8a3fc278a0dd638b,CBRE|2026-04-23,55.835171,56.483511,49.999995,0.8852140052,49.999995,56.483511,0.32417,56.159341,0.000000,-0.324170,0.324170,True,False,False,True,1000,0,85387314011271868621520053897203355123167072894114370261277204847495755847019,0x2b962386961de2ccd75c2ffdec2e2eabbb3c7f2d,0x2287e350
0xf89b0f77c27633af489f3f382867ba49283426d0c40d3c9b71e0ae7a3565dbbc,CBRE|2026-04-23,5.794126,5.882346,4.999994,0.849999983,4.999994,5.882346,0.04411,5.838236,0.000000,-0.044110,0.044110,True,False,False,True,1000,0,85387314011271868621520053897203355123167072894114370261277204847495755847019,0xad7e575d87d1227374b15a62040282eef5db0677,0x2287e350
0x4853e0affb19ca535bd130b8bdb11ea304efe8bb36d40288d9be3787a19fc890,CBRE|2026-04-23,10.7724,11.76,1.8839,0.1601955782,1.8839,11.76,0.4938,11.2662,0.00,-0.4938,0.4938,True,False,False,True,1000,0,3304642769480150076644247515461349243156146087647502388963925443167633793224,0x57f58473f8b0c0ea6f025cae8c31bea5e78cc1c9,0x2287e350
0x88c66a631ec9ad2f87bb873b915c1fbeed2b1b7bfb3d04d6f0f578f9986d22c3,CBRE|2026-04-23,60.28788,61.53,49.1087,0.7981261173,49.1087,61.53,0.62106,60.90894,0.00,-0.62106,0.62106,True,False,False,True,1000,0,85387314011271868621520053897203355123167072894114370261277204847495755847019,0x0d590832c8cd9ba61490d0a04af43cca0707f7e5,0x2287e350
0xbe12828c641dd646943e5d09a63cd4301159af75af815f157787bc5328859646,CBRE|2026-04-23,531.01526,550,360.1525,0.6548227273,360.1525,550,9.49237,540.50763,0,-9.49237,9.49237,True,False,False,True,1000,0,85387314011271868621520053897203355123167072894114370261277204847495755847019,0x9e88f359b9803e41420fbb13385c5ae1765c301c,0x2287e350
0xb74fcf66b931516344bc345eede8af0799779c7df9f948fa94878d1f7e3e0414,CBRE|2026-04-23,6.992551,7.246151,4.709998,0.6499999793,4.709998,7.246151,0.1268,7.119351,0.000000,-0.126800,0.126800,True,False,False,True,1000,0,85387314011271868621520053897203355123167072894114370261277204847495755847019,0x5780ba160eae1ec8d2f7b50aff46966fd53add00,0x2287e350
0x4018adc91a389e96e3f14c5c93d91dc47ca23061fcf2b8d38dc73baf3df14f09,CBRE|2026-04-23,76.72624,79.84,48.7024,0.61,48.7024,79.84,1.55688,78.28312,0.00,-1.55688,1.55688,True,False,False,True,1000,0,85387314011271868621520053897203355123167072894114370261277204847495755847019,0x698a23f095843499f2401fc1c1c99a67361e3bed,0x2287e350
0x5f3a59c31f2e88c36c8759bc23b0125655b51db19bbee70bb3f326136b9033dc,CBRE|2026-04-23,76.72624,79.84,48.7024,0.61,48.7024,79.84,1.55688,78.28312,0.00,-1.55688,1.55688,True,False,False,True,1000,0,85387314011271868621520053897203355123167072894114370261277204847495755847019,0x3b7926debab8f64d4f95b34c01bbfdb5fe2c6f9d,0x2287e350
0xb5b74733a242b0b77b4b2a56da3cfb7af3522b2438adc30c22104c7fa966fb85,CBRE|2026-04-23,1.31623,1.35135,0.999999,0.74,0.999999,1.35135,0.01756,1.33379,0.00000,-0.01756,0.01756,True,False,False,True,1000,0,3304642769480150076644247515461349243156146087647502388963925443167633793224,0xeb1132b0e8b5bc5354ca097c5c435347d6e37848,0x2287e350
0x5f0bf6b00e1dcfe2d149d33299f1a24de4e3aba65c31e44e614488e4896914a9,DPZ|2026-04-27,39.84,41.5,24.9,0.6,24.9,41.5,0.83,40.67,0.0,-0.83,0.83,True,False,False,True,1000,0,8886619936563613781264177232329708446516670064635318714217969590627088431622,0x6f82c0b9691ffe99f6f6f06640a4b1b390e8334f,0x2287e350
0x0e608f68d2de28013af1c8ddea3b24d2e7027c90412ee87d24044740e3d8ddc8,DPZ|2026-04-27,19.367362,20.408162,9.999999,0.4899999814,9.999999,20.408162,0.5204,19.887762,0.000000,-0.520400,0.520400,True,False,False,True,1000,0,70094032667039523531255943453128468529291694756752210430499287798251976792041,0x06e77ff1d32d870fe3122d57a3625c9ddb2087c2,0x2287e350
0x9c91f012bd896cf59b20d503f73834a17912784e03003f10b42db18b8a28dba7,DPZ|2026-04-27,5.480969,5.775509,2.829999,0.489999929,2.829999,5.775509,0.14727,5.628239,0.000000,-0.147270,0.147270,True,False,False,True,1000,0,70094032667039523531255943453128468529291694756752210430499287798251976792041,0xe73ef39f6d146644405df6a8bbc7c66b0df32bb9,0x2287e350
0x9291c842621e0c50312941d3cb48c0b1df430869a9b961b06ef5f4e1167635f5,DPZ|2026-04-27,1.936735,2.040815,0.999999,0.4899998285,0.999999,2.040815,0.05204,1.988775,0.000000,-0.052040,0.052040,True,False,False,True,1000,0,70094032667039523531255943453128468529291694756752210430499287798251976792041,0x93b818e2115d676171e934df670bf9673751a68a,0x2287e350
0x243a2b6953ef5eada5b25af63d83e02522271b7e25d65f7c539c2880261904de,DPZ|2026-04-27,9.6893,10.21,5.0029,0.49,5.0029,10.21,0.26035,9.94965,0.00,-0.26035,0.26035,True,False,False,True,1000,0,70094032667039523531255943453128468529291694756752210430499287798251976792041,0xe49555b766971dc8a6c057073cef0c5b43074a5b,0x2287e350
0xf11d7736a5d6ab9fb0b734e629dce1f9e94c95405a2b4aebddd4ead3bb6330b6,DPZ|2026-04-27,4.745,5,2.45,0.49,2.45,5,0.1275,4.8725,0,-0.1275,0.1275,True,False,False,True,1000,0,70094032667039523531255943453128468529291694756752210430499287798251976792041,0x49ea7b801ace576069d27da51e58df4d6fcc4bc4,0x2287e350
0xcff2b42d682ed8a27fbc5d4f0c36f9857e9db2d6258f315b1bd53dbcf502b3df,DPZ|2026-04-27,4.745,5,2.45,0.49,2.45,5,0.1275,4.8725,0,-0.1275,0.1275,True,False,False,True,1000,0,70094032667039523531255943453128468529291694756752210430499287798251976792041,0x1c7d7dcf45d82050adb2ea79a8063538f41f1d42,0x2287e350
0xb171c0293e54d18b7a214747ef06ec6c8de96f62963d61eaf78b569c4cbd997f,DPZ|2026-04-27,95.5,100,55,0.55,55,100,2.25,97.75,0,-2.25,2.25,True,False,False,True,1000,0,8886619936563613781264177232329708446516670064635318714217969590627088431622,0x0d590832c8cd9ba61490d0a04af43cca0707f7e5,0x2287e350
0xe3687c95eb1d7137a9aaec7a7e3c481168072de666d95f09a2ed7603832483dd,DPZ|2026-04-27,6.78776,7.13,3.7076,0.52,3.7076,7.13,0.17112,6.95888,0.00,-0.17112,0.17112,True,False,False,True,1000,0,8886619936563613781264177232329708446516670064635318714217969590627088431622,0x0d590832c8cd9ba61490d0a04af43cca0707f7e5,0x2287e350
0xe243092b5636eeb118835c81dd2ecb43a1f716cf0b62f949b285b3f8a2b384f8,DPZ|2026-04-27,5.7,6,3,0.5,3,6,0.15,5.85,0,-0.15,0.15,True,False,False,True,1000,0,70094032667039523531255943453128468529291694756752210430499287798251976792041,0xdd2a1b20eec39166570bb2c4851418b29b4e2d3e,0x2287e350
0x5d636b06d988b61b571b7d3c2ae7644abfe8f905a4c62530be508c4dff22e7eb,DPZ|2026-04-27,4.745,5,2.45,0.49,2.45,5,0.1275,4.8725,0,-0.1275,0.1275,True,False,False,True,1000,0,70094032667039523531255943453128468529291694756752210430499287798251976792041,0xeb747705bbd51b84a7f9018f69e0be82ec872f5a,0x2287e350
0x120fded1b91c1ba142e5333fe3e0c3a9f34cbb099c733b0e7d07d2a61720400a,DPZ|2026-04-27,9.48,10,4.8,0.48,4.8,10,0.26,9.74,0,-0.26,0.26,True,False,False,True,1000,0,70094032667039523531255943453128468529291694756752210430499287798251976792041,0xb9183a69d22c45e55e6c3aa56adc8b5bf2ec0158,0x2287e350
0xc3af13e601a0d4cf053f358d8511e5bddc97233c0e8d41a2217afac5c5622822,DPZ|2026-04-27,0.1807,0.19,0.0969,0.51,0.0969,0.19,0.00465,0.18535,0.00,-0.00465,0.00465,True,False,False,True,1000,0,8886619936563613781264177232329708446516670064635318714217969590627088431622,0xeb747705bbd51b84a7f9018f69e0be82ec872f5a,0x2287e350
0x33172dfe7ed1d69bd47e6abbf9935ef4624ced377da351d1cae8cc7e17eed2b7,DPZ|2026-04-27,9.49,10,4.9,0.49,4.9,10,0.255,9.745,0,-0.255,0.255,True,False,False,True,1000,0,70094032667039523531255943453128468529291694756752210430499287798251976792041,0x5cda4858d757692e779ca271b83bd548d85a08db,0x2287e350
0x3d6640a62abbf2f5e5befea2950619ee1d945b0efb646f1d8a4d7bce910c256f,DPZ|2026-04-27,36.369004,37.416664,26.939998,0.7199999979,26.939998,37.416664,0.52383,36.892834,0.000000,-0.523830,0.523830,True,False,False,True,1000,0,8886619936563613781264177232329708446516670064635318714217969590627088431622,0x9a9b7c69090f29f94c72e371006ade21c954eb61,0x2287e350
0xf07cd10470560a5d8eb954ae8a9a32b873616657c4674569d142d3b12e11ad4a,DPZ|2026-04-27,19.36,20,13.6,0.68,13.6,20,0.32,19.68,0,-0.32,0.32,True,False,False,True,1000,0,8886619936563613781264177232329708446516670064635318714217969590627088431622,0x51f28ce013c317c1ce3de78aaa6107ed962538ef,0x2287e350
0x6b4c49441aa888ac906308b3ed3defe5eb2a73dc3cdd95450c92c522b605a186,DPZ|2026-04-27,4.865,5,3.65,0.73,3.65,5,0.0675,4.9325,0,-0.0675,0.0675,True,False,False,True,1000,0,8886619936563613781264177232329708446516670064635318714217969590627088431622,0xeb747705bbd51b84a7f9018f69e0be82ec872f5a,0x2287e350
0xd8a0e14fca1283297f58e4b88c3593b0d4dab7e1bde881fa6068dc284d6dff6a,DPZ|2026-04-27,4.635,5,1.35,0.27,1.35,5,0.1825,4.8175,0,-0.1825,0.1825,True,False,False,True,1000,0,70094032667039523531255943453128468529291694756752210430499287798251976792041,0x3b7926debab8f64d4f95b34c01bbfdb5fe2c6f9d,0x2287e350
0x38c623d57a1287fdaa771daff674dac4093790d8ec8665d666ec8cd0b46128f8,DPZ|2026-04-27,4.87,5,3.7,0.74,3.7,5,0.065,4.935,0,-0.065,0.065,True,False,False,True,1000,0,8886619936563613781264177232329708446516670064635318714217969590627088431622,0x9e88f359b9803e41420fbb13385c5ae1765c301c,0x2287e350
0xa52183ade85c22975cd116540104f5c2c720f5238e550cc6dcb7f974c3b88855,DPZ|2026-04-27,19.02,20,10.2,0.51,10.2,20,0.49,19.51,0,-0.49,0.49,True,False,False,True,1000,0,8886619936563613781264177232329708446516670064635318714217969590627088431622,0xe000e1dd06d3d17dc943dc9215a2e166efd5cbb1,0x2287e350
0xa583fa0074a82b6a0a4fd214a7a21f4890a43162a005340e6363624527bdcb43,DPZ|2026-04-27,38.589,40.62,20.31,0.5,20.31,40.62,1.0155,39.6045,0.00,-1.0155,1.0155,True,False,False,True,1000,0,8886619936563613781264177232329708446516670064635318714217969590627088431622,0xe000e1dd06d3d17dc943dc9215a2e166efd5cbb1,0x2287e350
0x6851b0eacac4909d41ce7eda06cdbef410a65d4e297325f497c86ed40813bd77,DPZ|2026-04-27,8.258628,8.620688,4.999999,0.5799999954,4.999999,8.620688,0.18103,8.439658,0.000000,-0.181030,0.181030,True,False,False,True,1000,0,70094032667039523531255943453128468529291694756752210430499287798251976792041,0x2ad0d578a31fe466b067417d888f5dc6af9489d2,0x2287e350
0xd5ae6112c8ebee661b5409d1c8ec884ec8894e0cdd2bcacf9e69287167496208,DPZ|2026-04-27,92.74,100,27.4,0.274,27.4,100,3.63,96.37,0,-3.63,3.63,True,False,False,True,1000,0,70094032667039523531255943453128468529291694756752210430499287798251976792041,0xcfce2a14ab7a79a76ce11ce035e8b0c8804280c7,0x2287e350
0x4694dbd4c55df0e500115439e05fd8a011e28615ef45f0f7fd61fbe074d157ba,DPZ|2026-04-27,4.875,5,3.75,0.75,3.75,5,0.0625,4.9375,0,-0.0625,0.0625,True,False,False,True,1000,0,8886619936563613781264177232329708446516670064635318714217969590627088431622,0x9e88f359b9803e41420fbb13385c5ae1765c301c,0x2287e350
0x19567c92e17da6091d56f51add741e580de4ec6eebc2f0774a284ab71a9a3493,DPZ|2026-04-27,4.65,5,1.5,0.3,1.5,5,0.175,4.825,0,-0.175,0.175,True,False,False,True,1000,0,70094032667039523531255943453128468529291694756752210430499287798251976792041,0xe000e1dd06d3d17dc943dc9215a2e166efd5cbb1,0x2287e350
0xbba0c8f436ff324fa29ace5813d4e40bb1cd02c545a474ff4e75b8d07c1f7db2,DPZ|2026-04-27,4.865,5,3.65,0.73,3.65,5,0.0675,4.9325,0,-0.0675,0.0675,True,False,False,True,1000,0,8886619936563613781264177232329708446516670064635318714217969590627088431622,0x9e88f359b9803e41420fbb13385c5ae1765c301c,0x2287e350
0x5020e4927d45bfa8359c402bbcd24186d274322cc58ba391e9fd3dbd90a67b70,DPZ|2026-04-27,4.86,5,3.6,0.72,3.6,5,0.07,4.93,0,-0.07,0.07,True,False,False,True,1000,0,8886619936563613781264177232329708446516670064635318714217969590627088431622,0x9e88f359b9803e41420fbb13385c5ae1765c301c,0x2287e350
0xac1f6cc5e2ee84fc3595e231fbf0005069093064afd5e75aa34e239a5b112b0c,DPZ|2026-04-27,5.826,6,4.26,0.71,4.26,6,0.087,5.913,0,-0.087,0.087,True,False,False,True,1000,0,8886619936563613781264177232329708446516670064635318714217969590627088431622,0x9e88f359b9803e41420fbb13385c5ae1765c301c,0x2287e350
0x75e78a4c1a25fabcb68797662f9cbe702efda378b5c35cba7ce95a3096fc7732,DPZ|2026-04-27,28.85096,31.27,7.0794,0.2263959066,7.0794,31.27,1.20952,30.06048,0.00,-1.20952,1.20952,True,False,False,True,1000,0,8886619936563613781264177232329708446516670064635318714217969590627088431622,0xe38144dd45632a9f59fe210038f8c0e99de13ba9,0x2287e350
0x5994e59e03fc7f03367f9fc4f9ca791a5589bab3a8102f282ecc872111c1a339,DPZ|2026-04-27,9.22,10,2.2,0.22,2.2,10,0.39,9.61,0,-0.39,0.39,True,False,False,True,1000,0,8886619936563613781264177232329708446516670064635318714217969590627088431622,0xad128860261aa3b09e29aed57b23d58c04e8b115,0x2287e350
0x60a7afc8062b4a59c3b19aeb8e5d160b3f07c7969e0631d4ba4053e28b560287,DPZ|2026-04-27,221.02002,240,50.2,0.2091666667,50.2,240,9.48999,230.51001,0,-9.48999,9.48999,True,False,False,True,1000,0,8886619936563613781264177232329708446516670064635318714217969590627088431622,0xf9f207b77137caa79c6c4516abdef3133db45cba,0x2287e350
0xc7ae1b4cad7f37234f98b8ede3d6b51bdaa80da3a73a3c5dc451ce55963fb67b,DPZ|2026-04-27,4.905,5,4.05,0.81,4.05,5,0.0475,4.9525,0,-0.0475,0.0475,True,False,False,True,1000,0,70094032667039523531255943453128468529291694756752210430499287798251976792041,0xeb747705bbd51b84a7f9018f69e0be82ec872f5a,0x2287e350
0x447d8c840b7f756f53c66205120180c8053e750b6c997aaf4fd12b4def167191,DPZ|2026-04-27,4.91,5,4.1,0.82,4.1,5,0.045,4.955,0,-0.045,0.045,True,False,False,True,1000,0,70094032667039523531255943453128468529291694756752210430499287798251976792041,0x9e88f359b9803e41420fbb13385c5ae1765c301c,0x2287e350
0xccfc7631c2c71ca46bdd5216fcdbf223e84ad488b5fa84680a8c5d6db0bed9a2,DPZ|2026-04-27,8.53573,8.92857,4.999999,0.5599999776,4.999999,8.92857,0.19642,8.73215,0.00000,-0.19642,0.19642,True,False,False,True,1000,0,70094032667039523531255943453128468529291694756752210430499287798251976792041,0x2ad0d578a31fe466b067417d888f5dc6af9489d2,0x2287e350
0x9ca085127b2dc92d009fdc2d6889405560695ed06bb5d38afbb70ac0717e755f,DPZ|2026-04-27,6.15,6.25,5.25,0.84,5.25,6.25,0.05,6.20,0.00,-0.05,0.05,True,False,False,True,1000,0,8886619936563613781264177232329708446516670064635318714217969590627088431622,0x3f012ea17dfce8727d89f9a73a4eb70d0f712284,0x2287e350
0x9024b6d2561e195d595deb024f9d51e479e56f5696116039976ee41242e7b943,DPZ|2026-04-27,18.6,20,6,0.3,6,20,0.7,19.3,0,-0.7,0.7,True,False,False,True,1000,0,70094032667039523531255943453128468529291694756752210430499287798251976792041,0x3b7926debab8f64d4f95b34c01bbfdb5fe2c6f9d,0x2287e350
0x7d49baf031c29beab4f02aea75c7a631521ccb08ffca53d6ce1f04bfc859756f,IVZ|2026-04-28,2.145466,2.272726,0.999999,0.4399998064,0.999999,2.272726,0.06363,2.209096,0.000000,-0.063630,0.063630,True,False,False,True,1000,0,15374541098370918138855960499076763141285524881943512674956290171888938625520,0x189d720e59b482a95f6c1cb49982049c035c51d3,0x2287e350
0x13efb847763e8c086bd0cc382ea502cf33ba6bd38c4d7c98b00e43064280669c,IVZ|2026-04-28,9.785,10,7.85,0.785,7.85,10,0.1075,9.8925,0,-0.1075,0.1075,True,False,False,True,1000,0,62009445229364343791485315022015239551317248030149842486426557133186633790693,0x7a0d95dc20319c4157259cc790c25ea14497a7a5,0x2287e350
0xe4ac2550a64cdb8c391d693a8a7268616751bcf45ed004aaf8a806038f0caf84,IVZ|2026-04-28,6.995123,7.439023,2.999999,0.4032786295,2.999999,7.439023,0.22195,7.217073,0.000000,-0.221950,0.221950,True,False,False,True,1000,0,15374541098370918138855960499076763141285524881943512674956290171888938625520,0x9c49f60ab20d7904754b8053f224b43659721d27,0x2287e350
0x5ea88627abc50cb0c173b6919599544281e1d38bec52e5046142dcb4427f3c91,IVZ|2026-04-28,64.26,70,12.6,0.18,12.6,70,2.87,67.13,0,-2.87,2.87,True,False,False,True,1000,0,15374541098370918138855960499076763141285524881943512674956290171888938625520,0x7fe7b495d6a447b3d21de6c64db7d2ba0ee5dbd6,0x2287e350
0x7355373275c05bb063de583dca56c5a0daf88662e6cbbfc84537a7a456bfabc7,IVZ|2026-04-28,2.31766,2.35294,1.999999,0.85,1.999999,2.35294,0.01764,2.33530,0.00000,-0.01764,0.01764,True,False,False,True,1000,0,62009445229364343791485315022015239551317248030149842486426557133186633790693,0xb90246da751357e41ed7974b6e741e794bcdec4f,0x2287e350
0x36a7045add62d363f83f4f0d6165701efb24903e6adfc26932c9c3b4e62737ba,IVZ|2026-04-28,34.764713,35.294113,29.999996,0.8499999986,29.999996,35.294113,0.2647,35.029413,0.000000,-0.264700,0.264700,True,False,False,True,1000,0,62009445229364343791485315022015239551317248030149842486426557133186633790693,0x8b7bd56d750de30b6450a5913a364a5cd33a9ab9,0x2287e350
0xb0e2d67e60c160308cf4ade75f41d7bf5af1fa87538c0ceea367aae3266e332a,IVZ|2026-04-28,11.58824,11.7647,9.999995,0.85,9.999995,11.7647,0.08823,11.67647,0.0000,-0.08823,0.08823,True,False,False,True,1000,0,62009445229364343791485315022015239551317248030149842486426557133186633790693,0xad7e575d87d1227374b15a62040282eef5db0677,0x2287e350
0xde3fcc6ef53c895648f5b68b5268b45b56ab20de5475dd8884d227d8fca1b5b4,IVZ|2026-04-28,10.20366,10.36294,8.769999,0.8462848381,8.769999,10.36294,0.07964,10.28330,0.00000,-0.07964,0.07964,True,False,False,True,1000,0,62009445229364343791485315022015239551317248030149842486426557133186633790693,0x43a2797b216ae9fb0e0425e20f67e34dacfecba6,0x2287e350
0x8f9efb6c0e6ebbaad77f9b2748afb9bf63c6d83bcf31a9722b6d9ad7558cfee2,IVZ|2026-04-28,55.08,60,10.8,0.18,10.8,60,2.46,57.54,0,-2.46,2.46,True,False,False,True,1000,0,15374541098370918138855960499076763141285524881943512674956290171888938625520,0xb9183a69d22c45e55e6c3aa56adc8b5bf2ec0158,0x2287e350
0x1af0c7f929812abfd899a21ac21190b936fda906564ba799899b73a24ad9cf8a,IVZ|2026-04-28,102.00001,111.11111,19.999999,0.1799999928,19.999999,111.11111,4.55555,106.55556,0.00000,-4.55555,4.55555,True,False,False,True,1000,0,15374541098370918138855960499076763141285524881943512674956290171888938625520,0x8fdccd4ebc2be61691231e98a26f0d2c41e35d91,0x2287e350
0xb450c2b72bd6adb28dd32d39924886cfd395b076611ca27578836525dceaaaeb,IVZ|2026-04-28,5.100014,5.555554,0.999999,0.1799998704,0.999999,5.555554,0.22777,5.327784,0.000000,-0.227770,0.227770,True,False,False,True,1000,0,15374541098370918138855960499076763141285524881943512674956290171888938625520,0x37cd361c784cfbfdbe1c92f4a14e0de6c8731c11,0x2287e350
0x8b1c8099440756edb74c2840fd4fdbe928bfd9e3ca1ba3c38620405cd18b6ea7,IVZ|2026-04-28,1.171435,1.190475,0.999999,0.84,0.999999,1.190475,0.00952,1.180955,0.000000,-0.009520,0.009520,True,False,False,True,1000,0,62009445229364343791485315022015239551317248030149842486426557133186633790693,0xf4f09795269288594febe9aec59ae604b09471a6,0x2287e350
0xf506a7baa1ee10b2b890973629d651f5890f3331858d630482740a943f3e27f4,IVZ|2026-04-28,1.171435,1.190475,0.999999,0.84,0.999999,1.190475,0.00952,1.180955,0.000000,-0.009520,0.009520,True,False,False,True,1000,0,62009445229364343791485315022015239551317248030149842486426557133186633790693,0x58d0323d6e294b60b3b5125a36216a4bf4f6b7e1,0x2287e350
0x8a56f37c8740c6367ecb3c12077dce6303f6fcfd4574e516ca28ded6f0e2a83b,KO|2026-04-28,1.078275,1.086955,0.999998,0.919999448,0.999998,1.086955,0.00434,1.082615,0.000000,-0.004340,0.004340,True,False,False,True,1000,0,23475915407405061034873069009880399404925964576893476550572745059928882327123,0x099924324995df72df44996ab68a1abc08c878ad,0x2287e350
0x55dc0fd54d352c3e5b54cfc0898c0814ed6248e36c30328e87154aaea8c558e8,KO|2026-04-28,4.345393,4.380433,4.029998,0.9199999178,4.029998,4.380433,0.01752,4.362913,0.000000,-0.017520,0.017520,True,False,False,True,1000,0,23475915407405061034873069009880399404925964576893476550572745059928882327123,0x6a4b4589feb02b6044a8402c3af0536963f08e59,0x2287e350
0xa9ca856897dc48286cdbcf29fb7981c559048e451c33d9ec560f17e89ad52e0b,KO|2026-04-28,2.544696,2.565216,2.359998,0.9199997193,2.359998,2.565216,0.01026,2.554956,0.000000,-0.010260,0.010260,True,False,False,True,1000,0,23475915407405061034873069009880399404925964576893476550572745059928882327123,0x536c228c970d74dd8c833a9805bb14983bea9c64,0x2287e350
0x7bb38eb9791cc57b91f06f4f33a6d6448f0df0c34281715f641f1cb4c0f53313,KO|2026-04-28,101.00001,111.11111,9.999999,0.0899999919,9.999999,111.11111,5.05555,106.05556,0.00000,-5.05555,5.05555,True,False,False,True,1000,0,45595968095851127541016992842743308808051772688847106640625498488410177004577,0x06e77ff1d32d870fe3122d57a3625c9ddb2087c2,0x2287e350
0xfc84e6fd777c3935d7bda5b6d4a6fb45b6addf3f7e23fc03df2ae6282fa3504c,KO|2026-04-28,2.156532,2.173912,1.999999,0.9199999816,1.999999,2.173912,0.00869,2.165222,0.000000,-0.008690,0.008690,True,False,False,True,1000,0,23475915407405061034873069009880399404925964576893476550572745059928882327123,0x2cd0eb5036961e266563ba6c4a216354b7affb3d,0x2287e350
0xc312f470e883f5bb6714ce1cddfb2dd8744f358062de103a9ce0f4d301b2b313,KO|2026-04-28,10.10001,11.11111,0.999999,0.089999919,0.999999,11.11111,0.50555,10.60556,0.00000,-0.50555,0.50555,True,False,False,True,1000,0,45595968095851127541016992842743308808051772688847106640625498488410177004577,0x715b251bf9b73d6db6d08bcf20c35c3a48c2122e,0x2287e350
0x7894a2c19f486a5f329a408fd7baa64538c91409648fe9e3898773f800b38a83,KO|2026-04-28,3.234788,3.260868,2.999998,0.9199998283,2.999998,3.260868,0.01304,3.247828,0.000000,-0.013040,0.013040,True,False,False,True,1000,0,23475915407405061034873069009880399404925964576893476550572745059928882327123,0xd021c942e84a69686222e64725c08b1b985a12cf,0x2287e350
0x8c409be0232b4a5bb3c8ebf6a7b12d5a209d6e3f8b0407f442567a896561ea0b,KO|2026-04-28,2.156532,2.173912,1.999999,0.9199999816,1.999999,2.173912,0.00869,2.165222,0.000000,-0.008690,0.008690,True,False,False,True,1000,0,23475915407405061034873069009880399404925964576893476550572745059928882327123,0xcc36ae6f009adab867d813af54b5a73686d153c3,0x2287e350
0x7091c787ac7d986df1da1270a8680cac63490f932efaab9df1756e82f53fa1ee,KO|2026-04-28,3.234788,3.260868,2.999998,0.9199998283,2.999998,3.260868,0.01304,3.247828,0.000000,-0.013040,0.013040,True,False,False,True,1000,0,23475915407405061034873069009880399404925964576893476550572745059928882327123,0x23e0136e8ca8140af12fdcd085a9ccf8fba4a1c8,0x2287e350
0x1c338c51d58e024206fea27200184e6d5c0bfff32ff93bce0b23e99d671b7e97,KO|2026-04-28,10.782624,10.869564,9.999998,0.919999919,9.999998,10.869564,0.04347,10.826094,0.000000,-0.043470,0.043470,True,False,False,True,1000,0,23475915407405061034873069009880399404925964576893476550572745059928882327123,0x921dc34a9d77c9c0b45b7ed3459d7e08d86bf171,0x2287e350
0xa3242e7f70ca5da2fc5bbb6995a504e66b9fd070adcfe915d61fd8ea2df4fa8f,KO|2026-04-28,21.9011,22.1,20.111,0.91,20.111,22.1,0.09945,22.00055,0.0,-0.09945,0.09945,True,False,False,True,1000,0,23475915407405061034873069009880399404925964576893476550572745059928882327123,0xe11ab7e675ffc7136bb065ac13d0d9ba2247c40b,0x2287e350
0x7496530664adf5a897d1f21b6da120333f6fd3682308626a18f88ff5ad25639e,KO|2026-04-28,1.08902,1.0989,0.999999,0.91,0.999999,1.0989,0.00494,1.09396,0.0000,-0.00494,0.00494,True,False,False,True,1000,0,23475915407405061034873069009880399404925964576893476550572745059928882327123,0x0206383419d6d0b5b53bdb61a7626fb9ee60283b,0x2287e350
0x4ef776669436679f3a3b319b280dbfb4f46bbfaaf840cd51f634509907ee5f92,KO|2026-04-28,8.901,9,8.01,0.89,8.01,9,0.0495,8.9505,0,-0.0495,0.0495,True,False,False,True,1000,0,23475915407405061034873069009880399404925964576893476550572745059928882327123,0xe11ab7e675ffc7136bb065ac13d0d9ba2247c40b,0x2287e350
0x47af37ae98c92417aca75a1be47579e70650da00de6c2e11992f1964168d4420,KO|2026-04-28,6.6,6.66666,5.999994,0.9,5.999994,6.66666,0.03333,6.63333,0.00000,-0.03333,0.03333,True,False,False,True,1000,0,23475915407405061034873069009880399404925964576893476550572745059928882327123,0x7c47d1464f9183208fc3bde3f29c024694a88d7a,0x2287e350
0x75c1877665eb3fa33cca5a7a99e258830a350647bee42ebc8098bdb440df08e2,KO|2026-04-28,46.271585,50.086205,11.939999,0.2383889736,11.939999,50.086205,1.90731,48.178895,0.000000,-1.907310,1.907310,True,False,False,True,1000,0,45595968095851127541016992842743308808051772688847106640625498488410177004577,0x8a811b290187f1e0cc45c842546a093ef121ed2d,0x2287e350
0x08d33b78ec74aeeb222138c9ce5ce04d4791368127ed12d109fb69c4944497c3,KO|2026-04-28,1.250782,1.260862,1.159993,0.9199999683,1.159993,1.260862,0.00504,1.255822,0.000000,-0.005040,0.005040,True,False,False,True,1000,0,23475915407405061034873069009880399404925964576893476550572745059928882327123,0x7bb0bfb54f2910f7bab3f80df39a073a66f98a46,0x2287e350
0xd9631c931aa91a8dfc09c003aabddbd4d5c798aa373f90a5b1bf59faa7dca54a,KO|2026-04-28,5.391315,5.434775,4.999993,0.92,4.999993,5.434775,0.02173,5.413045,0.000000,-0.021730,0.021730,True,False,False,True,1000,0,23475915407405061034873069009880399404925964576893476550572745059928882327123,0x7bb0bfb54f2910f7bab3f80df39a073a66f98a46,0x2287e350
0x641632cf7e7b055f0387b1d997cee5a42fadf07423497b2ff342293798db75d4,KO|2026-04-28,160.550113,176.177893,19.899999,0.1129540072,19.899999,176.177893,7.81389,168.364003,0.000000,-7.813890,7.813890,True,False,False,True,1000,0,45595968095851127541016992842743308808051772688847106640625498488410177004577,0x8a811b290187f1e0cc45c842546a093ef121ed2d,0x2287e350
0xb22e01352fa54065354a87dac6385ba98b39d357e73c67d49b8846918c3379cf,KO|2026-04-28,27.3,30,3,0.1,3,30,1.35,28.65,0,-1.35,1.35,True,False,False,True,1000,0,45595968095851127541016992842743308808051772688847106640625498488410177004577,0x2c9f3ebc2de24a1d96e83fbb6af2f77aa0ee082b,0x2287e350
0x75dec373b205e7e53facf37da98ce418b1bf55a5dde574d10a81585ba99bec25,KO|2026-04-28,65.968,66.5,61.18,0.92,61.18,66.5,0.266,66.234,0.0,-0.266,0.266,True,False,False,True,1000,0,23475915407405061034873069009880399404925964576893476550572745059928882327123,0xf5910bacb8d40ab460e33f04267e6d154e81b8c7,0x2287e350
0x91c32599c48d195be7e3653ebd89809a0236f5dc22987b94129379122fd4545e,KO|2026-04-28,10.8901,10.989,9.99999,0.91,9.99999,10.989,0.04945,10.93955,0.000,-0.04945,0.04945,True,False,False,True,1000,0,23475915407405061034873069009880399404925964576893476550572745059928882327123,0x5780ba160eae1ec8d2f7b50aff46966fd53add00,0x2287e350
0x8988b4a28bc9264c91db3155fb250a3a50949b032461aec146f8447743bd994b,KO|2026-04-28,4.35604,4.3956,3.999996,0.91,3.999996,4.3956,0.01978,4.37582,0.0000,-0.01978,0.01978,True,False,False,True,1000,0,23475915407405061034873069009880399404925964576893476550572745059928882327123,0x9c49f60ab20d7904754b8053f224b43659721d27,0x2287e350
0x125f42678393c6daab3c388641b4350167793c3ea965d49e4413395c368bc28d,KO|2026-04-28,10.8901,10.989,9.99999,0.91,9.99999,10.989,0.04945,10.93955,0.000,-0.04945,0.04945,True,False,False,True,1000,0,23475915407405061034873069009880399404925964576893476550572745059928882327123,0x2b962386961de2ccd75c2ffdec2e2eabbb3c7f2d,0x2287e350
0x70e6a35e198666e41aa55c899be12f469cdf32c477804afd1ec8067ed7dc2387,KO|2026-04-28,250.221,274.69,30,0.1092140231,30,274.69,12.2345,262.4555,0.00,-12.2345,12.2345,True,False,False,True,1000,0,45595968095851127541016992842743308808051772688847106640625498488410177004577,0xe6900bbf5eaed829a1f7963e7e2dab82ba89f448,0x2287e350
0x21d1c3649a20b5ed9f5a16ebd2dbcc563ad34292a68e738de5b3f5bf46bdfdd1,KO|2026-04-28,3.234788,3.260868,2.999998,0.9199998283,2.999998,3.260868,0.01304,3.247828,0.000000,-0.013040,0.013040,True,False,False,True,1000,0,23475915407405061034873069009880399404925964576893476550572745059928882327123,0x0fe50ebcaeb2a5bdbe6a2d65290b4e6fa16891aa,0x2287e350
0x6c1e55cad49996dc9ae2250bd91f113a6668af37459d4eb09806232329b682d0,KO|2026-04-28,32.417969,32.686629,29.999998,0.9178064217,29.999998,32.686629,0.13433,32.552299,0.000000,-0.134330,0.134330,True,False,False,True,1000,0,23475915407405061034873069009880399404925964576893476550572745059928882327123,0xf1be5e75e056ff7a5bca88668980c9f594f6fa77,0x2287e350
0x825ba7501e922eaac6336a4e138c8001380db8e28d512490086c775b49f4cdbb,KO|2026-04-28,1.176131,1.186811,1.079998,0.9099999916,1.079998,1.186811,0.00534,1.181471,0.000000,-0.005340,0.005340,True,False,False,True,1000,0,23475915407405061034873069009880399404925964576893476550572745059928882327123,0x444003f6e8b58d3c79b0d28060a0a28f1e52a2cc,0x2287e350
0x36987e83c84949615da2b59f27dad6281f85cfdd6f4094d1d5461c5e16736946,KO|2026-04-28,3.26704,3.2967,2.999997,0.91,2.999997,3.2967,0.01483,3.28187,0.0000,-0.01483,0.01483,True,False,False,True,1000,0,23475915407405061034873069009880399404925964576893476550572745059928882327123,0xaff9effcbebb93f065f8df88e6072e8345e98e3c,0x2287e350
0x2696c02539a2b30f2c71169fe4ccea144f85b3cb85153c0c2ae4271841053df5,KO|2026-04-28,1.08902,1.0989,0.999999,0.91,0.999999,1.0989,0.00494,1.09396,0.0000,-0.00494,0.00494,True,False,False,True,1000,0,23475915407405061034873069009880399404925964576893476550572745059928882327123,0xd0f1e926de642c0027498cb2b93e77207db29e40,0x2287e350
0x6eba0dc0528347a551406268b7867b273f9700aec8ed11fc9de175ebec607496,KO|2026-04-28,11.184151,11.285711,10.269997,0.9099999991,10.269997,11.285711,0.05078,11.234931,0.000000,-0.050780,0.050780,True,False,False,True,1000,0,23475915407405061034873069009880399404925964576893476550572745059928882327123,0xb4df8d0d5f02a45f260f0caed316dde0935ace24,0x2287e350
0x00d20e610ced42a223d020608fbeafd216cee5a8fcf98b8ad7fdd00f4a7f9ce0,KO|2026-04-28,13.068131,13.186811,11.999998,0.9099999992,11.999998,13.186811,0.05934,13.127471,0.000000,-0.059340,0.059340,True,False,False,True,1000,0,23475915407405061034873069009880399404925964576893476550572745059928882327123,0x5c67ca3650463cbb70fcc1ff918ae12edfdd0cac,0x2287e350
0xe32bd98bde77ea38e5b322cba65da01bcad92ebf21bf8c770e691316642fa00d,KO|2026-04-28,110.654413,111.659333,101.609993,0.9099999997,101.609993,111.659333,0.50246,111.156873,0.000000,-0.502460,0.502460,True,False,False,True,1000,0,23475915407405061034873069009880399404925964576893476550572745059928882327123,0x1246ee83cfa00ea0f4ea3eb154d55830a1199fbd,0x2287e350
0x7d133c9547bdf2c1a3dcc2eadae4ed218954d5d3a621acaeafe56718b2dd2080,KO|2026-04-28,1.08902,1.0989,0.999999,0.91,0.999999,1.0989,0.00494,1.09396,0.0000,-0.00494,0.00494,True,False,False,True,1000,0,23475915407405061034873069009880399404925964576893476550572745059928882327123,0x6ac3b86759333b7a623b3f17c334a0cc40391347,0x2287e350
0x80ef16e3a55bb1edd0f4e1addf7902f85646730adc2b88a6ec098923f4fd9fb9,KO|2026-04-28,5.44506,5.4945,4.999995,0.91,4.999995,5.4945,0.02472,5.46978,0.0000,-0.02472,0.02472,True,False,False,True,1000,0,23475915407405061034873069009880399404925964576893476550572745059928882327123,0xa3517116c1118b1e99e2d5d04a360012e159a859,0x2287e350
0x94885617f810dacb60a73e7c114803f5a435c7e329747db085814ef15b84abf3,KO|2026-04-28,9.1,10,1,0.1,1,10,0.45,9.55,0,-0.45,0.45,True,False,False,True,1000,0,45595968095851127541016992842743308808051772688847106640625498488410177004577,0x535dec635dc93af0023f3f9a0d9994ecf5c6f65d,0x2287e350
0x24a0b6dd34beb4bd8069b4689485b092a2b56bddf9ba559874faa9fef7f1878a,KO|2026-04-28,19.84,20,18.4,0.92,18.4,20,0.08,19.92,0,-0.08,0.08,True,False,False,True,1000,0,23475915407405061034873069009880399404925964576893476550572745059928882327123,0xf960da7859718a81a8a239054330d90a7d1eba50,0x2287e350
0x09a3f2e943959778d77ad61fe877bd7b842e2e1ae48b7ae983c1c87cd4e640a0,KO|2026-04-28,10.78304,10.87,10.0004,0.92,10.0004,10.87,0.04348,10.82652,0.00,-0.04348,0.04348,True,False,False,True,1000,0,23475915407405061034873069009880399404925964576893476550572745059928882327123,0x78f82195cd36b28044123b29bc0b8a0f51a3d385,0x2287e350
0x80e03b44fbe20d0674632313f0f53f694f22aa14ec95157722b1ab848ce5ee6f,KO|2026-04-28,5.338723,5.376343,4.999998,0.9299998159,4.999998,5.376343,0.01881,5.357533,0.000000,-0.018810,0.018810,True,False,False,True,1000,0,23475915407405061034873069009880399404925964576893476550572745059928882327123,0x7bb0bfb54f2910f7bab3f80df39a073a66f98a46,0x2287e350
0xa21d29c574e27d12f2f07742f356164ea22328fcb25a6358fd3d462ee9526f8f,KO|2026-04-28,319.91322,351.728,33.58,0.0954715007,33.58,351.728,15.90739,335.82061,0.000,-15.90739,15.90739,True,False,False,True,1000,0,45595968095851127541016992842743308808051772688847106640625498488410177004577,0x8a811b290187f1e0cc45c842546a093ef121ed2d,0x2287e350
0x49424ff48b29dd62eaa54d4dd330c3f2393ac68e749003c2247c3b9a60336ac6,KO|2026-04-28,6.406451,6.451611,5.999998,0.9299999643,5.999998,6.451611,0.02258,6.429031,0.000000,-0.022580,0.022580,True,False,False,True,1000,0,23475915407405061034873069009880399404925964576893476550572745059928882327123,0x9bed760216c0e1b3877d0eca61cf7fd3e6217313,0x2287e350
0x6fb31d890753ba019bba5e7c5e3ab641a968f7125fc955f1866f6325455303da,KO|2026-04-28,11.916,12,11.16,0.93,11.16,12,0.042,11.958,0,-0.042,0.042,True,False,False,True,1000,0,23475915407405061034873069009880399404925964576893476550572745059928882327123,0x6c28889eb7e4a4b62e01c41c75fdc7caf7691041,0x2287e350
0x581a2a007d72c39ac47ed4a52ef3b6033c5dcd22b896f90dbee4822cc38bde90,KO|2026-04-28,6.192918,6.236558,5.799998,0.9299998493,5.799998,6.236558,0.02182,6.214738,0.000000,-0.021820,0.021820,True,False,False,True,1000,0,23475915407405061034873069009880399404925964576893476550572745059928882327123,0x8e6ca9420c86d7d9760afbbf0362c29b13e56ed0,0x2287e350
0x8ad57b661f3d377f450d38ed79cdb829dd30fabf80a5db38d85f754586e1e2d2,KO|2026-04-28,2.11489,2.12765,1.999991,0.94,1.999991,2.12765,0.00638,2.12127,0.00000,-0.00638,0.00638,True,False,False,True,1000,0,23475915407405061034873069009880399404925964576893476550572745059928882327123,0xb90246da751357e41ed7974b6e741e794bcdec4f,0x2287e350
0xf2ecc9a1039c623fc31f79708bdbdfe0217404ff87e7acea404f178145de178f,KO|2026-04-28,55.510001,61.122221,4.999999,0.0818032938,4.999999,61.122221,2.80611,58.316111,0.000000,-2.806110,2.806110,True,False,False,True,1000,0,45595968095851127541016992842743308808051772688847106640625498488410177004577,0xd55fb0839d3ffe59bb040d2b645d5256aea20f76,0x2287e350
0x7a2690c82c8b402357551af94403dc0654c61a225bd69ff14f4ab834df0e70cb,KO|2026-04-28,56.75,62.5,5,0.08,5,62.5,2.875,59.625,0.0,-2.875,2.875,True,False,False,True,1000,0,45595968095851127541016992842743308808051772688847106640625498488410177004577,0xd55fb0839d3ffe59bb040d2b645d5256aea20f76,0x2287e350
0xf0fb3a2896cf2676fb9fa236a2c3902ce975f3fe0ff5e786bba5e14eb538233d,KO|2026-04-28,1.057436,1.063816,0.999987,0.9399999624,0.999987,1.063816,0.00319,1.060626,0.000000,-0.003190,0.003190,True,False,False,True,1000,0,23475915407405061034873069009880399404925964576893476550572745059928882327123,0x714e3553573f64b00160e2f39164e687e2e068a0,0x2287e350
0x017c9caf3962cc5e05f0e02222562fee9302ad75bae156010f494ca7a1c38194,KO|2026-04-28,36.65483,36.90425,34.409995,0.932412798,34.409995,36.90425,0.12471,36.77954,0.00000,-0.12471,0.12471,True,False,False,True,1000,0,23475915407405061034873069009880399404925964576893476550572745059928882327123,0xb4df8d0d5f02a45f260f0caed316dde0935ace24,0x2287e350
0xf515682ed7e4a5136a1c48179bac6f114e4e9554844a3b969f11c00abd78cc2a,KO|2026-04-28,1.067737,1.075257,0.999989,0.9299999907,0.999989,1.075257,0.00376,1.071497,0.000000,-0.003760,0.003760,True,False,False,True,1000,0,23475915407405061034873069009880399404925964576893476550572745059928882327123,0x4a8bde0a24ee86b93abeccaa1e0a72e9d08987e9,0x2287e350
0xc0fd353cee8f53534cbea0cbb5d07f1ce69be20d462759e82f02ad4a30cace5f,KO|2026-04-28,53.410007,58.788887,4.999999,0.0850500708,4.999999,58.788887,2.68944,56.099447,0.000000,-2.689440,2.689440,True,False,False,True,1000,0,45595968095851127541016992842743308808051772688847106640625498488410177004577,0x6f82c0b9691ffe99f6f6f06640a4b1b390e8334f,0x2287e350
0x584d9a98dc3fa46f618d12fcfc9470cc04dd9e4b5cc8353308fac203aebd1bfd,KO|2026-04-28,5.287233,5.319133,4.999985,0.9399999962,4.999985,5.319133,0.01595,5.303183,0.000000,-0.015950,0.015950,True,False,False,True,1000,0,23475915407405061034873069009880399404925964576893476550572745059928882327123,0xf49a211ca949a97a304d6e869f56aff05a7f0c60,0x2287e350
0x4e4e865409e1d28180fa5bcaa0a3634869fb236104264708d7640b3a5c7931d9,KO|2026-04-28,6.958,7,6.58,0.94,6.58,7,0.021,6.979,0,-0.021,0.021,True,False,False,True,1000,0,23475915407405061034873069009880399404925964576893476550572745059928882327123,0x3733ead6488f194c83f1d93e6057244f22aef5c2,0x2287e350
0xced50e8d98680969ca47cd8a392863495cb4944c2671634a681db90cecaf372d,KO|2026-04-28,13.662206,13.744666,12.919986,0.9399999971,12.919986,13.744666,0.04123,13.703436,0.000000,-0.041230,0.041230,True,False,False,True,1000,0,23475915407405061034873069009880399404925964576893476550572745059928882327123,0x52298a82542cc62469a75921b52146a96dcb7114,0x2287e350
0x590772389fe620dc4059abc44ff2bc2a0a2f2d0fbac8bc4cbb47db44cf0c6b3b,KO|2026-04-28,136.2,150,12,0.08,12,150,6.9,143.1,0,-6.9,6.9,True,False,False,True,1000,0,45595968095851127541016992842743308808051772688847106640625498488410177004577,0x6b2b10ec646ac1f074f94b9d41e095b20ed5d9c7,0x2287e350
0x83547aa22a392ed64f646f89cec972f38383c84513d68c8db4808571446a8244,KO|2026-04-28,15.03402,15.14,14.0802,0.93,14.0802,15.14,0.05299,15.08701,0.00,-0.05299,0.05299,True,False,False,True,1000,0,23475915407405061034873069009880399404925964576893476550572745059928882327123,0x47f356e6c235aca603f36d206634118346dde50a,0x2287e350
0x744c540bd50671cb111e782ad87fb787007971f14d4abade2c5ebc100a57ce55,KO|2026-04-28,11.35,12.5,1,0.08,1,12.5,0.575,11.925,0.0,-0.575,0.575,True,False,False,True,1000,0,45595968095851127541016992842743308808051772688847106640625498488410177004577,0x385505bbf1c0f52dede1cfda08d5d9ee6524e863,0x2287e350
0x9a3814ddcd7ee41d42cb80686b044f4c88726224cbe40a96ee6b7844246e621a,KO|2026-04-28,321.85802,354.86,24.8402,0.07,24.8402,354.86,16.50099,338.35901,0.00,-16.50099,16.50099,True,False,False,True,1000,0,45595968095851127541016992842743308808051772688847106640625498488410177004577,0xc442d950bc7060c2aa018009bba10a53bc868d9c,0x2287e350
0x4665f5ffc85f56e4083ad8b4d888bcbad408dd8fa8c5e95ad1cf6ba9b19eda6c,KO|2026-04-28,136.05,150,10.5,0.07,10.5,150,6.975,143.025,0,-6.975,6.975,True,False,False,True,1000,0,45595968095851127541016992842743308808051772688847106640625498488410177004577,0xb9183a69d22c45e55e6c3aa56adc8b5bf2ec0158,0x2287e350
0x9d6d5dd7f6cdc4885dc75cb673f2d1cb2d782b97a3901fd9c03e5e1ebc08c08b,KO|2026-04-28,40.1358,44.3,2.658,0.06,2.658,44.3,2.0821,42.2179,0.0,-2.0821,2.0821,True,False,False,True,1000,0,45595968095851127541016992842743308808051772688847106640625498488410177004577,0x7fe7b495d6a447b3d21de6c64db7d2ba0ee5dbd6,0x2287e350
0x2561dbeba8a82d3224cdf9108b97187268127400d1695e66b40d1bb918ac67cc,KO|2026-04-28,30.19698,33.33,1.9998,0.06,1.9998,33.33,1.56651,31.76349,0.00,-1.56651,1.56651,True,False,False,True,1000,0,45595968095851127541016992842743308808051772688847106640625498488410177004577,0x57f58473f8b0c0ea6f025cae8c31bea5e78cc1c9,0x2287e350
0x9a6db7a3c4eb6565f86f03a3b7075c6fb0b2437a7e5a5209c88d1517c1517892,KO|2026-04-28,52.36842,52.63156,49.999982,0.95,49.999982,52.63156,0.13157,52.49999,0.00000,-0.13157,0.13157,True,False,False,True,1000,0,23475915407405061034873069009880399404925964576893476550572745059928882327123,0x93ca716a179dd0367fe067a3541f270db43e4472,0x2287e350
0x1d07af1ade756646b8d909c908964c2c0dd7e9f951cd684353ae062516756150,KO|2026-04-28,1.04736,1.05262,0.999989,0.95,0.999989,1.05262,0.00263,1.04999,0.00000,-0.00263,0.00263,True,False,False,True,1000,0,23475915407405061034873069009880399404925964576893476550572745059928882327123,0xfdac4e1b03e583c343f634ca0c213619e3587f75,0x2287e350
0x4ab1536c954119f2f07578b183b37e894085ed6bd2d76e0fbdf379758993d450,KO|2026-04-28,1.04736,1.05262,0.999989,0.95,0.999989,1.05262,0.00263,1.04999,0.00000,-0.00263,0.00263,True,False,False,True,1000,0,23475915407405061034873069009880399404925964576893476550572745059928882327123,0x4a8bde0a24ee86b93abeccaa1e0a72e9d08987e9,0x2287e350
0xf2d9cd480f03cea7e71cfd3f72883121091718b758f2e5245d0ad3d396cc4f6e,KO|2026-04-28,3.1421,3.15788,2.999986,0.95,2.999986,3.15788,0.00789,3.14999,0.00000,-0.00789,0.00789,True,False,False,True,1000,0,23475915407405061034873069009880399404925964576893476550572745059928882327123,0xe9f3c738fd6e52db58567335f926f80e527fc28d,0x2287e350
0x6e35fc623f9f796f198b6dc5f9131b35c277e5d2411eabdfaad59362e92cfca9,KO|2026-04-28,24.79722,27.37,1.6422,0.06,1.6422,27.37,1.28639,26.08361,0.00,-1.28639,1.28639,True,False,False,True,1000,0,45595968095851127541016992842743308808051772688847106640625498488410177004577,0x3b7926debab8f64d4f95b34c01bbfdb5fe2c6f9d,0x2287e350
0x1b3a8da168c620f91e430ce28ea30a914760243120d25b56f69cd4d099810c55,KO|2026-04-28,2.09474,2.10526,1.999997,0.95,1.999997,2.10526,0.00526,2.10000,0.00000,-0.00526,0.00526,True,False,False,True,1000,0,23475915407405061034873069009880399404925964576893476550572745059928882327123,0x671c2d0029debdc96aa14c39e752d09f7425bc35,0x2287e350
0x0130e83fccd2a13f949970f80ba09c8c8d77d20fe0b8d7bb9dd50be2bd8bbbb4,KO|2026-04-28,75.198,83,4.98,0.06,4.98,83,3.901,79.099,0,-3.901,3.901,True,False,False,True,1000,0,45595968095851127541016992842743308808051772688847106640625498488410177004577,0x965cc0b43f340ba4578d1b1f9ee67e6a5c4b5604,0x2287e350
0x4646e3349c2071eabf661707f5a920a780d5bb700ed0a7279704b729aff606ec,KO|2026-04-28,1.04736,1.05262,0.999989,0.95,0.999989,1.05262,0.00263,1.04999,0.00000,-0.00263,0.00263,True,False,False,True,1000,0,23475915407405061034873069009880399404925964576893476550572745059928882327123,0x37cd361c784cfbfdbe1c92f4a14e0de6c8731c11,0x2287e350
0x909c0519dd24603a803d022b741d8dd266c65b0b48dc91ed9c617815e5a33410,KO|2026-04-28,26.5005,29.25,1.755,0.06,1.755,29.25,1.37475,27.87525,0.00,-1.37475,1.37475,True,False,False,True,1000,0,45595968095851127541016992842743308808051772688847106640625498488410177004577,0x3b7926debab8f64d4f95b34c01bbfdb5fe2c6f9d,0x2287e350
0x1b17e30391839be6cf9cc365bfa94afa934f5a63baa62c2c5c248395f1b92a29,KO|2026-04-28,151.1697,166.67,11.6669,0.07,11.6669,166.67,7.75015,158.91985,0.00,-7.75015,7.75015,True,False,False,True,1000,0,45595968095851127541016992842743308808051772688847106640625498488410177004577,0x8118e46373e02c69b95f81f240c059c829c19850,0x2287e350
0x6b16ab0772f840d4d18d026d95f74e981d7607c8cc5db7d1a048d2c35818f736,KO|2026-04-28,12.957153,14.285713,0.999999,0.0699999363,0.999999,14.285713,0.66428,13.621433,0.000000,-0.664280,0.664280,True,False,False,True,1000,0,45595968095851127541016992842743308808051772688847106640625498488410177004577,0x215a50717f307faf856a8ad6e617448bc5d7e220,0x2287e350
0x1f2754c308a5d57758cd665f77f18f289b56f042ed1903d7aaa8ad1fcda4c21d,KO|2026-04-28,112.63126,124.18,8.6926,0.07,8.6926,124.18,5.77437,118.40563,0.00,-5.77437,5.77437,True,False,False,True,1000,0,45595968095851127541016992842743308808051772688847106640625498488410177004577,0x3b7926debab8f64d4f95b34c01bbfdb5fe2c6f9d,0x2287e350
0x9797d640376cd2c2be05f18078939799f91c24f2ca0a6d037ab5bc8fc79dd685,KO|2026-04-28,71.653,79,5.53,0.07,5.53,79,3.6735,75.3265,0,-3.6735,3.6735,True,False,False,True,1000,0,45595968095851127541016992842743308808051772688847106640625498488410177004577,0x3b7926debab8f64d4f95b34c01bbfdb5fe2c6f9d,0x2287e350
0x3423b309c53ad29fec08017751ad77e25c3c692a3954ed1025ab69f9cc336588,KO|2026-04-28,1.04736,1.05262,0.999989,0.95,0.999989,1.05262,0.00263,1.04999,0.00000,-0.00263,0.00263,True,False,False,True,1000,0,23475915407405061034873069009880399404925964576893476550572745059928882327123,0xe9f3c738fd6e52db58567335f926f80e527fc28d,0x2287e350
0xed43c6d8e46b89614835f9a42f96cc13090a446233bd8e3d6686d5f482e31cac,KO|2026-04-28,38.052,42,2.52,0.06,2.52,42,1.974,40.026,0,-1.974,1.974,True,False,False,True,1000,0,45595968095851127541016992842743308808051772688847106640625498488410177004577,0xad128860261aa3b09e29aed57b23d58c04e8b115,0x2287e350
0xce8c817d766fd1a0d2799551ecb1a94885977b93fa39fff926b294acc7a0af26,KO|2026-04-28,1.04736,1.05262,0.999989,0.95,0.999989,1.05262,0.00263,1.04999,0.00000,-0.00263,0.00263,True,False,False,True,1000,0,23475915407405061034873069009880399404925964576893476550572745059928882327123,0x5c7e3095dee7c4b558a05bb79b41ba1068bd5705,0x2287e350
0xc77d988072952e7a3acd11c8e4e42996fd065817bccb3d2e5a8dc5800ca281f1,KO|2026-04-28,2094.73684,2105.26314,1999.999983,0.95,1999.999983,2105.26314,5.26315,2099.99999,0.00000,-5.26315,5.26315,True,False,False,True,1000,0,23475915407405061034873069009880399404925964576893476550572745059928882327123,0xe617861a96631d7cefdb1ad43e95c33b5946f251,0x2287e350
0x0d9846d5f90c33a6c4fcf5c9a1821350a9fe6f6f2cf50409d4311b07d320672f,KO|2026-04-28,181.6,200,16,0.08,16,200,9.2,190.8,0,-9.2,9.2,True,False,False,True,1000,0,45595968095851127541016992842743308808051772688847106640625498488410177004577,0x9eae9dc70a6eb5c831a0ac96931c8488431598a5,0x2287e350
0x5316071872e899d0045b5fb86ec9eeea236d4f8332b6ac7f37053d545ab376a3,KO|2026-04-28,79.52,80,75.2,0.94,75.2,80,0.24,79.76,0,-0.24,0.24,True,False,False,True,1000,0,23475915407405061034873069009880399404925964576893476550572745059928882327123,0x1dc6b96ceadba97b27d75a72472503e719acfb06,0x2287e350
0x7d04f88be21b41b698d417b39376adce10e95562dbd3383f08f522613f0065d6,KO|2026-04-28,26.20864,26.42,24.3064,0.92,24.3064,26.42,0.10568,26.31432,0.00,-0.10568,0.10568,True,False,False,True,1000,0,23475915407405061034873069009880399404925964576893476550572745059928882327123,0x0d590832c8cd9ba61490d0a04af43cca0707f7e5,0x2287e350
0xe28103f51578da05b5034066e3a4131c35ce734ea66f93f3c6d4f7db51ba2c42,KO|2026-04-28,1.07827,1.08695,0.999994,0.92,0.999994,1.08695,0.00434,1.08261,0.00000,-0.00434,0.00434,True,False,False,True,1000,0,23475915407405061034873069009880399404925964576893476550572745059928882327123,0x58d0323d6e294b60b3b5125a36216a4bf4f6b7e1,0x2287e350
0xd66ff570309897006df6c37e5d24f8fa61bed234cd5a05e865460528b48df4d8,KO|2026-04-28,5.201152,5.285712,4.439998,0.8399999849,4.439998,5.285712,0.04228,5.243432,0.000000,-0.042280,0.042280,True,False,False,True,1000,0,23475915407405061034873069009880399404925964576893476550572745059928882327123,0x8fdccd4ebc2be61691231e98a26f0d2c41e35d91,0x2287e350
0x1ee9b75303dc88bae49c33aed472c043552aab212efc116378b4fe93ed7edb8a,KO|2026-04-28,5.857155,5.952375,4.999995,0.84,4.999995,5.952375,0.04761,5.904765,0.000000,-0.047610,0.047610,True,False,False,True,1000,0,23475915407405061034873069009880399404925964576893476550572745059928882327123,0xab1927815b04cffbdb448f16daee2e410fca8f62,0x2287e350
0x780bde811806257b9589dea78c99ec7e9a9816109fd9921c9ab610af579e9e5f,AMZN|2026-04-29,1.04736,1.05262,0.999989,0.95,0.999989,1.05262,0.00263,1.04999,0.00000,-0.00263,0.00263,True,False,False,True,1000,0,54338344555925965428218648464876157611160577999253552608862942394053899037262,0xeb6be6ff9c4ecb373ae0e091eb2769db57336266,0x2287e350
0xf6086eee6bd7d636594d8a7668700e04fd40583edb486f776dcfed87d89ed88b,AMZN|2026-04-29,1.04736,1.05262,0.999989,0.95,0.999989,1.05262,0.00263,1.04999,0.00000,-0.00263,0.00263,True,False,False,True,1000,0,54338344555925965428218648464876157611160577999253552608862942394053899037262,0xbc0abfe12a43b31adb9d8fdc9bbef932392661cc,0x2287e350
0xa6a6dc6a566d5de1d701b0438c4315ba8b2f81329da8b9a726f030134cefb056,AMZN|2026-04-29,1602.66062,1611,1527.606,0.9482346369,1527.606,1611,4.16969,1606.83031,0,-4.16969,4.16969,True,False,False,True,1000,0,54338344555925965428218648464876157611160577999253552608862942394053899037262,0x5b9115312cb4fc2b2b57c65045e611092f222709,0x2287e350
0xe243a5760af3cdf0ec038fdf72cf02bf700cbdcc709af736d74f91d5ddcb5036,AMZN|2026-04-29,237.66558,262.29508,15.999999,0.0609999966,15.999999,262.29508,12.31475,249.98033,0.00000,-12.31475,12.31475,True,False,False,True,1000,0,61650571969350012059143035007682085336370797177472124377730331395136649702198,0x3ab5ad27c676c4be1218397912eab5396e6de56f,0x2287e350
0xe37da63df2460bf09ef37a89caa8d2b5b2d46fcf1667c38e922a04fbb41747e7,AMZN|2026-04-29,1506.537567,1662.819507,99.999999,0.0601388176,99.999999,1662.819507,78.14097,1584.678537,0.000000,-78.140970,78.140970,True,False,False,True,1000,0,61650571969350012059143035007682085336370797177472124377730331395136649702198,0x3ab5ad27c676c4be1218397912eab5396e6de56f,0x2287e350
0x89de2bac49180b8e488824d3b00659b2224db5eb2a3d8969b17cd264ae9eb3a2,AMZN|2026-04-29,1.068323,1.073683,1.019998,0.9499992083,1.019998,1.073683,0.00268,1.071003,0.000000,-0.002680,0.002680,True,False,False,True,1000,0,54338344555925965428218648464876157611160577999253552608862942394053899037262,0x1f38dae51e5832d83dbd52ebef10663efd91108f,0x2287e350
0xcc31f1cc9fca029d017cb027f56c601c0c79ae4b99614aa8f7db725d6ace15d0,AMZN|2026-04-29,1.04737,1.05263,0.999998,0.949999525,0.999998,1.05263,0.00263,1.05000,0.00000,-0.00263,0.00263,True,False,False,True,1000,0,54338344555925965428218648464876157611160577999253552608862942394053899037262,0xbc0abfe12a43b31adb9d8fdc9bbef932392661cc,0x2287e350
0xd0b24f36a2be02860f4e7113874b2706ebdfaccd1417affb8c67d6cc0f9732af,AMZN|2026-04-29,760.08472,838.983,50,0.0595959632,50,838.983,39.44914,799.53386,0.000,-39.44914,39.44914,True,False,False,True,1000,0,61650571969350012059143035007682085336370797177472124377730331395136649702198,0x3ab5ad27c676c4be1218397912eab5396e6de56f,0x2287e350
0xd5ca3baa1ccffd9aa9797a0aa4e78e62d95a3bfe443bd938d7966c9236e78e58,AMZN|2026-04-29,5.226883,5.252083,4.999983,0.951999997,4.999983,5.252083,0.0126,5.239483,0.000000,-0.012600,0.012600,True,False,False,True,1000,0,54338344555925965428218648464876157611160577999253552608862942394053899037262,0x9c49f60ab20d7904754b8053f224b43659721d27,0x2287e350
0x9b8083547e2f300e360d696e167fe715e1c81e54dff2b32534b1e1ed4f957d6e,AMZN|2026-04-29,1.045376,1.050416,0.999996,0.9519999695,0.999996,1.050416,0.00252,1.047896,0.000000,-0.002520,0.002520,True,False,False,True,1000,0,54338344555925965428218648464876157611160577999253552608862942394053899037262,0x3f9201c030abceb9349f39979058b266f32ccfb9,0x2287e350
0x08036600aaf957e1991c43d255bde30b05621d6ada303d8cc479d1aa942e5c41,AMZN|2026-04-29,7.317657,7.352937,6.999996,0.9519999967,6.999996,7.352937,0.01764,7.335297,0.000000,-0.017640,0.017640,True,False,False,True,1000,0,54338344555925965428218648464876157611160577999253552608862942394053899037262,0x17cda51ff42a94eb0a795e9eb14fde697ab5d91d,0x2287e350
0x9363a6a67b9d802e15d2c13da3a76ef33dcf07cedbba6c9be6584df278065442,AMZN|2026-04-29,31.361344,31.512604,29.999999,0.9519999997,29.999999,31.512604,0.07563,31.436974,0.000000,-0.075630,0.075630,True,False,False,True,1000,0,54338344555925965428218648464876157611160577999253552608862942394053899037262,0xf1be5e75e056ff7a5bca88668980c9f594f6fa77,0x2287e350
0x12dd7dd6771fe64ab5fa5fc7df5f2b76d3c1570e98de0e74944775012aa3d796,AMZN|2026-04-29,9.97192,10.02,9.53904,0.952,9.53904,10.02,0.02404,9.99596,0.00,-0.02404,0.02404,True,False,False,True,1000,0,54338344555925965428218648464876157611160577999253552608862942394053899037262,0x55423f133d0e3968438652baad5c48fa4e9e01ce,0x2287e350
0x2b827a0d25e830eb21ab071c26a2caf319106673e24b346f26cbbae41e81116e,AMZN|2026-04-29,15.9232,16,15.232,0.952,15.232,16,0.0384,15.9616,0,-0.0384,0.0384,True,False,False,True,1000,0,54338344555925965428218648464876157611160577999253552608862942394053899037262,0x47b2cedc635e4a1c3ee56f07fa57becb427bed13,0x2287e350
0x9a745bba90f61da499ec596c1ec71c19c435f82735102f48088cb1b7801652a4,AMZN|2026-04-29,90.5,100,5,0.05,5,100,4.75,95.25,0,-4.75,4.75,True,False,False,True,1000,0,61650571969350012059143035007682085336370797177472124377730331395136649702198,0x68b39a0f9170520c005884741ed19999d5d7781e,0x2287e350
0xe913ab69a25237dc531d6e406315fd57ca5afa296616c940143cbd2c8fdfc100,AMZN|2026-04-29,10.45378,10.5042,9.999998,0.9519999619,9.999998,10.5042,0.02521,10.47899,0.0000,-0.02521,0.02521,True,False,False,True,1000,0,54338344555925965428218648464876157611160577999253552608862942394053899037262,0x88dba15c08b5fb5f7cb3e6ab38d55e7ecdd79a53,0x2287e350
0xedd3278e9b35eac14f6c0f5d8693b652b08644c096aae846065383907e42d57b,AMZN|2026-04-29,5.23684,5.26314,4.999983,0.95,4.999983,5.26314,0.01315,5.24999,0.00000,-0.01315,0.01315,True,False,False,True,1000,0,54338344555925965428218648464876157611160577999253552608862942394053899037262,0x0901481a0c276d07042b345ee1584592973e38a7,0x2287e350
0x480460af1815a72ab7b94beac3381c3dc9839d393f31b43d6cfff3e3eb8c7140,AMZN|2026-04-29,10.934082,10.997862,10.359986,0.9419999996,10.359986,10.997862,0.03189,10.965972,0.000000,-0.031890,0.031890,True,False,False,True,1000,0,54338344555925965428218648464876157611160577999253552608862942394053899037262,0x6c1cda5055bd5e6d6268eef3b223e86f57da5650,0x2287e350
0x1a09cbbba128fb0ccbe211d9482a3df2aa892a1db8a888d341cae6669126f62b,AMZN|2026-04-29,85.1452,94,5.452,0.058,5.452,94,4.4274,89.5726,0,-4.4274,4.4274,True,False,False,True,1000,0,61650571969350012059143035007682085336370797177472124377730331395136649702198,0xb9183a69d22c45e55e6c3aa56adc8b5bf2ec0158,0x2287e350
0x55a0d5304d4fc78e5de119e82603d8af2cdc42f07f1e92d9444bfdb62a42713a,AMZN|2026-04-29,156.213265,156.903625,150,0.9560008572,150,156.903625,0.34518,156.558445,0.000000,-0.345180,0.345180,True,False,False,True,1000,0,54338344555925965428218648464876157611160577999253552608862942394053899037262,0x252697f1af62f2f1ccd30da17a388063fe8e9f68,0x2287e350
0x7aabf9382a3fb6602403566ed02d86592f2f72dff5dca7653c670d185e2a3f21,AMZN|2026-04-29,1.055428,1.061568,0.999997,0.9419999472,0.999997,1.061568,0.00307,1.058498,0.000000,-0.003070,0.003070,True,False,False,True,1000,0,54338344555925965428218648464876157611160577999253552608862942394053899037262,0xbc0abfe12a43b31adb9d8fdc9bbef932392661cc,0x2287e350
0x8995f49233399586c6a3dda9a27aa81a2c0af23e476d71eb915c34f7e4b1ef30,AMZN|2026-04-29,76.771201,84.745761,4.999999,0.0589999894,4.999999,84.745761,3.98728,80.758481,0.000000,-3.987280,3.987280,True,False,False,True,1000,0,61650571969350012059143035007682085336370797177472124377730331395136649702198,0x3eb12ce5c3620d5fc33fec3c6a405f909d471f71,0x2287e350
0xd22652896cda2a812492d3c39117adda05a9f9584fa012d8d1ab997b5a84965c,AMZN|2026-04-29,1.055428,1.061568,0.999997,0.9419999472,0.999997,1.061568,0.00307,1.058498,0.000000,-0.003070,0.003070,True,False,False,True,1000,0,54338344555925965428218648464876157611160577999253552608862942394053899037262,0xbc0abfe12a43b31adb9d8fdc9bbef932392661cc,0x2287e350
0x57666d75fb9036d7f7c9ebb51c9725033d7f7f01e46a6406c7b7798c6a28c827,AMZN|2026-04-29,79.7104,88,5.104,0.058,5.104,88,4.1448,83.8552,0,-4.1448,4.1448,True,False,False,True,1000,0,61650571969350012059143035007682085336370797177472124377730331395136649702198,0x90c86fded1c46738f0d9571c9c645e0bfe470fcb,0x2287e350
0xbf2e0313d700c1300f81407de325be4b8fa83b6cb22fcc639937d3e1dbafba3c,AMZN|2026-04-29,1.041424,1.046024,0.999998,0.9559990975,0.999998,1.046024,0.0023,1.043724,0.000000,-0.002300,0.002300,True,False,False,True,1000,0,54338344555925965428218648464876157611160577999253552608862942394053899037262,0xbc0abfe12a43b31adb9d8fdc9bbef932392661cc,0x2287e350
0x651fec56a8b36e89010bd5ec41bbfd9cb61d18ae875bb9cc42ac27537e8f2da9,AMZN|2026-04-29,1.041424,1.046024,0.999998,0.9559990975,0.999998,1.046024,0.0023,1.043724,0.000000,-0.002300,0.002300,True,False,False,True,1000,0,54338344555925965428218648464876157611160577999253552608862942394053899037262,0xbc0abfe12a43b31adb9d8fdc9bbef932392661cc,0x2287e350
0xa1b21d74e4445db447a5e6e436be94aa2c60a378a086bf33df93202d22baa832,AMZN|2026-04-29,470.145766,519.050846,29.999999,0.0577978039,29.999999,519.050846,24.45254,494.598306,0.000000,-24.452540,24.452540,True,False,False,True,1000,0,61650571969350012059143035007682085336370797177472124377730331395136649702198,0xfd3dc3545b86d3bab04ab129226ac018b8f7684d,0x2287e350
0xaef65683104da7e2ef6d38fecf12d21f02e15dabfc3066d2f50eeba9585b34a4,AMZN|2026-04-29,27.97996,30.9,1.6995,0.055,1.6995,30.9,1.46002,29.43998,0.0,-1.46002,1.46002,True,False,False,True,1000,0,61650571969350012059143035007682085336370797177472124377730331395136649702198,0x37a2c4190e91d269b2ac2e26f49a0b59a268775d,0x2287e350
0xbbb82d51a8da88e8766849911a57e4d501b1d973ca814e3e79ee75e93596ef9c,AMZN|2026-04-29,5.23684,5.26314,4.999983,0.95,4.999983,5.26314,0.01315,5.24999,0.00000,-0.01315,0.01315,True,False,False,True,1000,0,54338344555925965428218648464876157611160577999253552608862942394053899037262,0x1519dbae0fe1ed1429e9c1ec36653952c748da5e,0x2287e350
0x6fedb888c383857ef324564c90336bb7c2f5e3c92d5d67a750399a3e318934c3,AMZN|2026-04-29,1.04736,1.05262,0.999989,0.95,0.999989,1.05262,0.00263,1.04999,0.00000,-0.00263,0.00263,True,False,False,True,1000,0,54338344555925965428218648464876157611160577999253552608862942394053899037262,0x5f79fa012ec4cee03f3a8d34bc11d1b284bd118a,0x2287e350
0xbfd881a79d307e368fe630b96b45c7c968fa3e59991fe08d613d4f9b7ff5cd0c,AMZN|2026-04-29,47.9862,53,2.862,0.054,2.862,53,2.5069,50.4931,0,-2.5069,2.5069,True,False,False,True,1000,0,61650571969350012059143035007682085336370797177472124377730331395136649702198,0x71374678922092f23b6c97ce5f1078133f578ddc,0x2287e350
0x1dcfc886e2a901c8f872128a44b4ef7e8b42108c5413c04cac45703d9f16d960,AMZN|2026-04-29,2.084802,2.094222,1.999982,0.9549999952,1.999982,2.094222,0.00471,2.089512,0.000000,-0.004710,0.004710,True,False,False,True,1000,0,54338344555925965428218648464876157611160577999253552608862942394053899037262,0x536d4bc9d916e2e4ae228de122c53dd1840e07fd,0x2287e350
0x4761b8cde34b878b8dd2382e715e312cf524f72a623d04b40dc262a0f0800455,AMZN|2026-04-29,2.084802,2.094222,1.999982,0.9549999952,1.999982,2.094222,0.00471,2.089512,0.000000,-0.004710,0.004710,True,False,False,True,1000,0,54338344555925965428218648464876157611160577999253552608862942394053899037262,0x23e0136e8ca8140af12fdcd085a9ccf8fba4a1c8,0x2287e350
0x841f7d68f159d7b3ed05a9948b826f0b85af1a300d68c441cb3202434e28025b,AMZN|2026-04-29,3.599901,3.615441,3.459977,0.9569999898,3.459977,3.615441,0.00777,3.607671,0.000000,-0.007770,0.007770,True,False,False,True,1000,0,54338344555925965428218648464876157611160577999253552608862942394053899037262,0x2f42d37523fb1e496840184178f857d462dd4fc5,0x2287e350
0xdcc8a95b53b9aae0678410e549b0d34e9909b5e6e6fb67071bb0c1b2b27f1747,AMZN|2026-04-29,724,800,40,0.05,40,800,38,762,0,-38,38,True,False,False,True,1000,0,61650571969350012059143035007682085336370797177472124377730331395136649702198,0x3ab5ad27c676c4be1218397912eab5396e6de56f,0x2287e350
0x4969f95e6a4d4e1f38d045e32f49dd4a07e82a1392ab7a7922df81eaeaf23374,AMZN|2026-04-29,181,200,10,0.05,10,200,9.5,190.5,0,-9.5,9.5,True,False,False,True,1000,0,61650571969350012059143035007682085336370797177472124377730331395136649702198,0x3ab5ad27c676c4be1218397912eab5396e6de56f,0x2287e350
0xa8ea4519b1960d4a152da716b610f74d50d9b7105470965dbe0dd9ae0a430622,AMZN|2026-04-29,52.43968,57.97,2.66662,0.046,2.66662,57.97,2.76516,55.20484,0.00,-2.76516,2.76516,True,False,False,True,1000,0,61650571969350012059143035007682085336370797177472124377730331395136649702198,0x6bd3c4f65548c12a6941d146774f92fec18b7656,0x2287e350
0xacb347ac2b15a555e2c3370762049b9f0cd2ed5e35ea30e42feab19909f2c7a9,AMZN|2026-04-29,100.59152,111.2,5.1152,0.046,5.1152,111.2,5.30424,105.89576,0.0,-5.30424,5.30424,True,False,False,True,1000,0,61650571969350012059143035007682085336370797177472124377730331395136649702198,0x61d0cfae8628b345690c8326525a5c63328787b8,0x2287e350
0xd7d9d4383901ef6263bb1842a2bd5e8ff42d0721342fca17e554e7918abbbf68,AMZN|2026-04-29,73.81536,81.6,3.7536,0.046,3.7536,81.6,3.89232,77.70768,0.0,-3.89232,3.89232,True,False,False,True,1000,0,61650571969350012059143035007682085336370797177472124377730331395136649702198,0xd00896b895996a184190acb60ecbcc13fe1afa05,0x2287e350
0xa76450b22bd404e53c80360372e038d2ac7aa9ca729a27c4bb68c0950431c603,AMZN|2026-04-29,52.07113,52.30125,49.999995,0.956,49.999995,52.30125,0.11506,52.18619,0.00000,-0.11506,0.11506,True,False,False,True,1000,0,54338344555925965428218648464876157611160577999253552608862942394053899037262,0x8b7bd56d750de30b6450a5913a364a5cd33a9ab9,0x2287e350
0x56ef8608935613956e58305b56aa16fb177219c393a47efedff3327ca23dd306,AMZN|2026-04-29,5.19727,5.21919,4.999984,0.9579999962,4.999984,5.21919,0.01096,5.20823,0.00000,-0.01096,0.01096,True,False,False,True,1000,0,54338344555925965428218648464876157611160577999253552608862942394053899037262,0x539e6bfb479ffc5f495802be7fc37564e977ee47,0x2287e350
0x925a758cb73a4a59f3f8d6cf6bc1c62a46d75300148de276b2cc819e8b56557d,AMZN|2026-04-29,58.99567,65.21739,2.999999,0.0459999856,2.999999,65.21739,3.11086,62.10653,0.00000,-3.11086,3.11086,True,False,False,True,1000,0,61650571969350012059143035007682085336370797177472124377730331395136649702198,0x9f9a5fe3cc21b0d21d86c6de0e339fdd6b8d2381,0x2287e350
0x6ee78a6e04151169010422060ff09c34d1ae0760e7f9120bb555a64d5f4fe9bc,AMZN|2026-04-29,81.40202,90,4.02,0.0446666667,4.02,90,4.29899,85.70101,0,-4.29899,4.29899,True,False,False,True,1000,0,61650571969350012059143035007682085336370797177472124377730331395136649702198,0x05ced2f2cad9d48e74ef62480ad42c5a714fcfa6,0x2287e350
0xde1be018104aa23ab135181af606ef50ac7895f39b65bb8d5dc7151cbef90c03,AMZN|2026-04-29,22.615,25,1.15,0.046,1.15,25,1.1925,23.8075,0,-1.1925,1.1925,True,False,False,True,1000,0,61650571969350012059143035007682085336370797177472124377730331395136649702198,0x8c65191e411feec6c73aefbd74a55d246099dcf7,0x2287e350
0xa5bc69fceaf2b9c72d8485e6042ab02fa8e86a83f0352035d2b57a8e4069037e,AMZN|2026-04-29,1.039453,1.043833,0.999992,0.9579999866,0.999992,1.043833,0.00219,1.041643,0.000000,-0.002190,0.002190,True,False,False,True,1000,0,54338344555925965428218648464876157611160577999253552608862942394053899037262,0x16cba8b66a43896c2b125bbd6f9fd91e7196b4ba,0x2287e350
0x9df33fbdf2df711c675591f727096456ebc73fe2570c086244a6a7af9452e914,AMZN|2026-04-29,10.37499,10.41665,9.999984,0.96,9.999984,10.41665,0.02083,10.39582,0.00000,-0.02083,0.02083,True,False,False,True,1000,0,54338344555925965428218648464876157611160577999253552608862942394053899037262,0xc1cfb9b5f51185645bec12bf01c36a27c3e9b224,0x2287e350
0x2971afdffc7637d9dc91376ee19328552abc32fbe76b5d60b9f68603bd9ca71c,AMZN|2026-04-29,20.789129,20.876809,19.999983,0.9579999989,19.999983,20.876809,0.04384,20.832969,0.000000,-0.043840,0.043840,True,False,False,True,1000,0,54338344555925965428218648464876157611160577999253552608862942394053899037262,0x5c67ca3650463cbb70fcc1ff918ae12edfdd0cac,0x2287e350
0x15685f331937b26d6c8b31451a6710f05571cb09bcae6632d2fbb61add744492,AMZN|2026-04-29,2131.3284,2139.9,2054.184,0.9599439226,2054.184,2139.9,4.2858,2135.6142,0.0,-4.2858,4.2858,True,False,False,True,1000,0,54338344555925965428218648464876157611160577999253552608862942394053899037262,0x5b9115312cb4fc2b2b57c65045e611092f222709,0x2287e350
0xe7a6deb8934e9b36a610109bd4424dff4f38edd15607846a5979507adab2da44,AMZN|2026-04-29,140.058545,154.842825,7,0.0452071318,7,154.842826,7.39214,147.450686,0.000001,-7.392141,7.392140,True,False,False,True,1000,0,61650571969350012059143035007682085336370797177472124377730331395136649702198,0x75eea8b76eff7693a6be8b8e64b336d201e954b4,0x2287e350
0x7a080c169153a147bc83e715e0e3a339cc2b79049cdbda0830853a638dd0ab3c,AMZN|2026-04-29,20.100001,22.222221,0.999999,0.0449999575,0.999999,22.222221,1.06111,21.161111,0.000000,-1.061110,1.061110,True,False,False,True,1000,0,61650571969350012059143035007682085336370797177472124377730331395136649702198,0x6fbdbb31809cfebb83b69d4fa017deb994ff7d4a,0x2287e350
0x95d38005d1bc94a411bd10f1856c7aa868a3e1eec88ef719e333b9cbbd4cd723,AMZN|2026-04-29,10.375005,10.416665,9.999998,0.9599999616,9.999998,10.416665,0.02083,10.395835,0.000000,-0.020830,0.020830,True,False,False,True,1000,0,54338344555925965428218648464876157611160577999253552608862942394053899037262,0xfac290df1d02920049082e34d211135d9eeff35f,0x2287e350
0x7de8b15cc73f0070844d0ba9876e87029f60b0be793116e82eef275cf543c903,AMZN|2026-04-29,24.661375,24.760415,23.769998,0.9599999838,23.769998,24.760415,0.04952,24.710895,0.000000,-0.049520,0.049520,True,False,False,True,1000,0,54338344555925965428218648464876157611160577999253552608862942394053899037262,0xac7d21488f05057ef0ab33ba3743ea251a99fd07,0x2287e350
0x63b0b2a02354f1405090d36d2605888a4057c9e82af1b6e5452ea701645a2fb3,AMZN|2026-04-29,497.9605,500,479.60491,0.95920982,479.60491,500,1.01975,498.98025,0,-1.01975,1.01975,True,False,False,True,1000,0,54338344555925965428218648464876157611160577999253552608862942394053899037262,0x9163b65317deaab8b3b681c5a7a5c261d99b82ae,0x2287e350
0x24aa5a216c0d1c7a12fd65bf965692f2d29c2dd680deac792814254db78b0799,AMZN|2026-04-29,100.4217,111,5.217,0.047,5.217,111,5.28915,105.71085,0,-5.28915,5.28915,True,False,False,True,1000,0,61650571969350012059143035007682085336370797177472124377730331395136649702198,0x7fe7b495d6a447b3d21de6c64db7d2ba0ee5dbd6,0x2287e350
0xf75bfdf6b99f5b85c59923f2f840345d39d12e38ad0bfe1d76ce81227f2f9b27,AMZN|2026-04-29,88.1043,97.4,4.443,0.0456160164,4.443,97.4,4.64785,92.75215,0.0,-4.64785,4.64785,True,False,False,True,1000,0,61650571969350012059143035007682085336370797177472124377730331395136649702198,0x7fe7b495d6a447b3d21de6c64db7d2ba0ee5dbd6,0x2287e350
0x58267fd23bed2b7dd8a4b1d90b3eb69255d70b87c486fb2ce5e808db765299e9,AMZN|2026-04-29,10.37499,10.41665,9.999984,0.96,9.999984,10.41665,0.02083,10.39582,0.00000,-0.02083,0.02083,True,False,False,True,1000,0,54338344555925965428218648464876157611160577999253552608862942394053899037262,0xdf1c68680a8eadd0a7344c647130a2e2eb9e60b8,0x2287e350
0x96c42351fb81389d6910df72a6596576c220612a502aa3ce622741dc1ae38245,AMZN|2026-04-29,1.92976,1.9375,1.86,0.96,1.86,1.9375,0.00387,1.93363,0.0000,-0.00387,0.00387,True,False,False,True,1000,0,54338344555925965428218648464876157611160577999253552608862942394053899037262,0x5997d80d27e2e8d75cda1a6852fa09c3e4d1ac12,0x2287e350
0xf3954beeaf1889ae0136eb1c71565602528a6b9b4637adcdfeaaa4541c42c6ef,AMZN|2026-04-29,4.02549,4.04165,3.879984,0.96,3.879984,4.04165,0.00808,4.03357,0.00000,-0.00808,0.00808,True,False,False,True,1000,0,54338344555925965428218648464876157611160577999253552608862942394053899037262,0x6a1e1c55000e1871af846da6d3c60b084b584468,0x2287e350
0xdf2d42439327d13c89a1f3b006a009b5df3e8fc4f82159f8e7d9f45df0515f4c,AMZN|2026-04-29,20.621011,22.801111,1,0.043857512,1,22.801111,1.09005,21.711061,0.000000,-1.090050,1.090050,True,False,False,True,1000,0,61650571969350012059143035007682085336370797177472124377730331395136649702198,0xbdb68e672c3da3f3fdf460d3e16ca28491d02146,0x2287e350
0x329afbcfc96b3a58bc3b6b1b450c4c0188f504e36a519fb84af835c290b47730,AMZN|2026-04-29,51.826235,52.029135,49.999998,0.9609999859,49.999998,52.029135,0.10145,51.927685,0.000000,-0.101450,0.101450,True,False,False,True,1000,0,54338344555925965428218648464876157611160577999253552608862942394053899037262,0xba91d88bc8d80a5529e4d160a95779379d66e999,0x2287e350
0xb46210c2a416da9a427eb77925b6854321ce30822f5c521255cf4a7d89a78950,AMZN|2026-04-29,22.6,25,1,0.04,1,25,1.2,23.8,0,-1.2,1.2,True,False,False,True,1000,0,61650571969350012059143035007682085336370797177472124377730331395136649702198,0x48e0afffa401081a6070713a26c77eb620572e93,0x2287e350
0x410494e09bf3237974dbdb53f81db44537484ae47b8c1a9aaf23615ec77f2b29,AMZN|2026-04-29,502.4874,504.54,484.01386,0.9593171205,484.01386,504.54,1.0263,503.5137,0.00,-1.0263,1.0263,True,False,False,True,1000,0,54338344555925965428218648464876157611160577999253552608862942394053899037262,0x5b9115312cb4fc2b2b57c65045e611092f222709,0x2287e350
0x06fa8937f6f942dd8f219563db47a4c7dd3faa79f3bdf857580608486c26ff3d,AMZN|2026-04-29,7.26249,7.29165,6.999984,0.96,6.999984,7.29165,0.01458,7.27707,0.00000,-0.01458,0.01458,True,False,False,True,1000,0,54338344555925965428218648464876157611160577999253552608862942394053899037262,0xc21e6042c6ed7b8e45db17d9438ea10474e394b2,0x2287e350
0xdc56c612239796fd026d4d9d00b6bafef0938f43eecaa1893ac644f957e81a1c,AMZN|2026-04-29,101.145603,111.828443,4.999999,0.0447113352,4.999999,111.828443,5.34142,106.487023,0.000000,-5.341420,5.341420,True,False,False,True,1000,0,61650571969350012059143035007682085336370797177472124377730331395136649702198,0xf574300fad6b55f1496cbf006852c68662dac88d,0x2287e350
0x8c2761c743785cd2f5df6d8ebad715bc31306d564fb683fca3a3cd40e20f7023,AMZN|2026-04-29,7.255676,7.284076,6.999997,0.9609999951,6.999997,7.284076,0.0142,7.269876,0.000000,-0.014200,0.014200,True,False,False,True,1000,0,54338344555925965428218648464876157611160577999253552608862942394053899037262,0x8e6ca9420c86d7d9760afbbf0362c29b13e56ed0,0x2287e350
0x3b793dfaf1546164fafe54bc5550d552b9c2120aa5879f3e02ef4ab68395063d,AMZN|2026-04-29,698.08032,701.28,669.28312,0.9543736026,669.28312,701.28,1.59984,699.68016,0.00,-1.59984,1.59984,True,False,False,True,1000,0,54338344555925965428218648464876157611160577999253552608862942394053899037262,0x5b9115312cb4fc2b2b57c65045e611092f222709,0x2287e350
0x2faa55f182c0c7546b2b5e0d2d19d03843ec7fb13506d0b7b516fb8f05404c5c,AMZN|2026-04-29,32.045005,35.416665,1.699999,0.047999974,1.699999,35.416665,1.68583,33.730835,0.000000,-1.685830,1.685830,True,False,False,True,1000,0,61650571969350012059143035007682085336370797177472124377730331395136649702198,0x583a0f1673d9012c5be2c9ff827151d917196925,0x2287e350
0xefff12f36a74d3f7ff9061a0b9bf2628cfb012908f78a40a67831b670dd2fe4f,AMZN|2026-04-29,15.6477,15.72,14.99688,0.954,14.99688,15.72,0.03615,15.68385,0.00,-0.03615,0.03615,True,False,False,True,1000,0,54338344555925965428218648464876157611160577999253552608862942394053899037262,0x7958bb6f3627f21906c6769f2d602e43dbe4dc8b,0x2287e350
0x9817a878f9dd74e34b25dac76892353d5ac6b264e9eb4a22d65ed01a300a56e8,AMZN|2026-04-29,31.661,35,1.61,0.046,1.61,35,1.6695,33.3305,0,-1.6695,1.6695,True,False,False,True,1000,0,61650571969350012059143035007682085336370797177472124377730331395136649702198,0xc6b23acb8e54339cd4d0e18dfda4d61211c63caa,0x2287e350
0xa3fa56b9f933a148d918e28beef581f151d3bdb9aba64db12e4b8098614f8c5c,AMZN|2026-04-29,9.961,10,9.61,0.961,9.61,10,0.0195,9.9805,0,-0.0195,0.0195,True,False,False,True,1000,0,54338344555925965428218648464876157611160577999253552608862942394053899037262,0xa6d6dba1930dda212ea7369d2871d6e13cd8ae88,0x2287e350
0xadae8ccbf09a53a6f148abde6b43445a924f473610195d4a8f0c589f5b982f29,AMZN|2026-04-29,188.147839,207.942039,9.999999,0.0480903191,9.999999,207.942039,9.8971,198.044939,0.000000,-9.897100,9.897100,True,False,False,True,1000,0,61650571969350012059143035007682085336370797177472124377730331395136649702198,0xd55fb0839d3ffe59bb040d2b645d5256aea20f76,0x2287e350
0x21f709a0040ebfa11b5c6cca7d7edd243cc5d61efb172f27e2e5f86e87413fb0,AMZN|2026-04-29,18.850012,20.833332,0.999999,0.0479999551,0.999999,20.833332,0.99166,19.841672,0.000000,-0.991660,0.991660,True,False,False,True,1000,0,61650571969350012059143035007682085336370797177472124377730331395136649702198,0x0dfa973912c7b78eaeb9256f6ecff34e73f16bbd,0x2287e350
0x42722833528a0e9e99dd05a5d0594950480e46c36ea258d71012f6a9f4ed6847,AMZN|2026-04-29,18.850012,20.833332,0.999999,0.0479999551,0.999999,20.833332,0.99166,19.841672,0.000000,-0.991660,0.991660,True,False,False,True,1000,0,61650571969350012059143035007682085336370797177472124377730331395136649702198,0xc537863942ed3d22c7ba59b01ec9fbd0e2db74a9,0x2287e350
0x8e322aa3ebde8d27329b776c8ee44684761c8003178cf5410889b9f4513628a9,AMZN|2026-04-29,18.850012,20.833332,0.999999,0.0479999551,0.999999,20.833332,0.99166,19.841672,0.000000,-0.991660,0.991660,True,False,False,True,1000,0,61650571969350012059143035007682085336370797177472124377730331395136649702198,0xc537863942ed3d22c7ba59b01ec9fbd0e2db74a9,0x2287e350
0x6eb4aee57ad9f57dcdd650a4e876022ee9de6795501142b0084bc88acb7a0fb4,AMZN|2026-04-29,99.995591,110.550651,5,0.0452281371,5,110.550652,5.27753,105.273122,0.000001,-5.277531,5.277530,True,False,False,True,1000,0,61650571969350012059143035007682085336370797177472124377730331395136649702198,0xd55fb0839d3ffe59bb040d2b645d5256aea20f76,0x2287e350
0xa0921f039e2cc3b0ac7bb27477b9a22538274f14473e79f5a50628b2396dc884,AMZN|2026-04-29,203.054696,224.505216,9.999999,0.0445423905,9.999999,224.505216,10.72526,213.779956,0.000000,-10.725260,10.725260,True,False,False,True,1000,0,61650571969350012059143035007682085336370797177472124377730331395136649702198,0x2bdf95fe68625938224a2172fe8b6c218538eaf9,0x2287e350
0xc44bd7d8ef738e63c1c35ba24c2a3f0bc6e14fbca29c70d01fd6d894d6fba532,AMZN|2026-04-29,1.358005,1.362225,1.319996,0.9689999816,1.319996,1.362225,0.00211,1.360115,0.000000,-0.002110,0.002110,True,False,False,True,1000,0,54338344555925965428218648464876157611160577999253552608862942394053899037262,0xc80e99172ca43d5a8df10f1748623500b2e4e130,0x2287e350
0x27fdc291367ceede223f25f55aa2b136e3d57df19449a2fc192c4114ada90481,AMZN|2026-04-29,930.77854,1028.6428,50,0.0486077383,50,1028.6428,48.93213,979.71067,0.0000,-48.93213,48.93213,True,False,False,True,1000,0,61650571969350012059143035007682085336370797177472124377730331395136649702198,0xfd3dc3545b86d3bab04ab129226ac018b8f7684d,0x2287e350
0x3ea14599da14a95942e3280e9169cc92599c9e8d1e340b5f2e591a2f2088efdd,AMZN|2026-04-29,149.55,150,145.5,0.97,145.5,150,0.225,149.775,0,-0.225,0.225,True,False,False,True,1000,0,54338344555925965428218648464876157611160577999253552608862942394053899037262,0x41b0fe0ea8a2fc8a4840f110c25798f375d026a7,0x2287e350
0xa12bff932e4e50987c820cbe662beb7e7650629ee6d2dea4e30479224a6811b4,AMZN|2026-04-29,90.5,100,5,0.05,5,100,4.75,95.25,0,-4.75,4.75,True,False,False,True,1000,0,61650571969350012059143035007682085336370797177472124377730331395136649702198,0x9011efcc6365bd604cdcb80373a93e5a53308707,0x2287e350
0x2057adea92bb8492d9a3b385e8963d45fde75eda875f89781c38fc63c8e62a80,AMZN|2026-04-29,1.1306,1.134,1.09998,0.97,1.09998,1.134,0.0017,1.1323,0.000,-0.0017,0.0017,True,False,False,True,1000,0,54338344555925965428218648464876157611160577999253552608862942394053899037262,0x5361ce1b6f8cf05bd1d141d3eb84c4c7cc99ccad,0x2287e350
0x1d5d80638e7ddd444d72ca8a4842779f5c79d11fff5d3c267c1c971b25b02bd5,AMZN|2026-04-29,90.5,100,5,0.05,5,100,4.75,95.25,0,-4.75,4.75,True,False,False,True,1000,0,61650571969350012059143035007682085336370797177472124377730331395136649702198,0x9011efcc6365bd604cdcb80373a93e5a53308707,0x2287e350
0x99609dab754049e52614d32d28aa0902784b579daaf3feb50763052f978efa5c,AMZN|2026-04-29,4827.93072,4847.32,4653.4272,0.96,4653.4272,4847.32,9.69464,4837.62536,0.00,-9.69464,9.69464,True,False,False,True,1000,0,54338344555925965428218648464876157611160577999253552608862942394053899037262,0x5b9115312cb4fc2b2b57c65045e611092f222709,0x2287e350
0xea69c5744e98669a98aecac834926a5b4f2cda434ece0fb3446aa62748027535,AMZN|2026-04-29,40.544,44.8,2.24,0.05,2.24,44.8,2.128,42.672,0.0,-2.128,2.128,True,False,False,True,1000,0,61650571969350012059143035007682085336370797177472124377730331395136649702198,0x00c01320acb5cb9afe74d2e76899993dbeb6e711,0x2287e350
0x89c279c1d79222c8247de345db751a3c97e06238470b755910dc77bc9e7a23ca,AMZN|2026-04-29,5.187505,5.208325,4.999992,0.96,4.999992,5.208325,0.01041,5.197915,0.000000,-0.010410,0.010410,True,False,False,True,1000,0,54338344555925965428218648464876157611160577999253552608862942394053899037262,0x9011efcc6365bd604cdcb80373a93e5a53308707,0x2287e350
0x7d0974bd48ec5e8c734b34b745fa6114d364045615329602c392c66d4a69ad04,AMZN|2026-04-29,18.1,20,1,0.05,1,20,0.95,19.05,0,-0.95,0.95,True,False,False,True,1000,0,61650571969350012059143035007682085336370797177472124377730331395136649702198,0xe4aa1aa88f28ea2e0600e0bc67b34413013b3e34,0x2287e350
0x14e8cc6db998aca3d4c681f17cf3b724681ee7dddc60a8da63a762572d59fa79,AMZN|2026-04-29,90.5,100,5,0.05,5,100,4.75,95.25,0,-4.75,4.75,True,False,False,True,1000,0,61650571969350012059143035007682085336370797177472124377730331395136649702198,0x7fe7b495d6a447b3d21de6c64db7d2ba0ee5dbd6,0x2287e350
0x24a26c76bfcdbd29c35225a303817fb4fe344cc2c7b4bd1d502a825fb61f9773,AMZN|2026-04-29,73.305,81,4.05,0.05,4.05,81,3.8475,77.1525,0,-3.8475,3.8475,True,False,False,True,1000,0,61650571969350012059143035007682085336370797177472124377730331395136649702198,0x7fe7b495d6a447b3d21de6c64db7d2ba0ee5dbd6,0x2287e350
0x50ddfb0b428abf041716b161dff0e2a3f5ed04043c5ecc7dc2b3950bd15b7371,AMZN|2026-04-29,45.25,50,2.5,0.05,2.5,50,2.375,47.625,0,-2.375,2.375,True,False,False,True,1000,0,61650571969350012059143035007682085336370797177472124377730331395136649702198,0x7fe7b495d6a447b3d21de6c64db7d2ba0ee5dbd6,0x2287e350
0x9c8649dd70a75ddd2199abb0400cf7d51e009b3731bdc7a82f785fadf55b15bd,AMZN|2026-04-29,2.95689,2.96875,2.85,0.96,2.85,2.96875,0.00593,2.96282,0.00000,-0.00593,0.00593,True,False,False,True,1000,0,54338344555925965428218648464876157611160577999253552608862942394053899037262,0x5361ce1b6f8cf05bd1d141d3eb84c4c7cc99ccad,0x2287e350
0x4ff04fc93c106772cc872495d95210e4f8f3a8f29f38c49dfdb97d902db340f1,AMZN|2026-04-29,90.5,100,5,0.05,5,100,4.75,95.25,0,-4.75,4.75,True,False,False,True,1000,0,61650571969350012059143035007682085336370797177472124377730331395136649702198,0x7fe7b495d6a447b3d21de6c64db7d2ba0ee5dbd6,0x2287e350
0xfc4ac8b02198b188d42d88552aadac113537da361920f468cc5ee8fc90f143d8,AMZN|2026-04-29,2.075005,2.083325,1.999992,0.96,1.999992,2.083325,0.00416,2.079165,0.000000,-0.004160,0.004160,True,False,False,True,1000,0,54338344555925965428218648464876157611160577999253552608862942394053899037262,0x2cd0eb5036961e266563ba6c4a216354b7affb3d,0x2287e350
0x3760f9e55ca4f654dbe4c93e679934af64eaf3932e8e69d2853df5e096074b73,AMZN|2026-04-29,1.09975,1.10415,1.059984,0.96,1.059984,1.10415,0.0022,1.10195,0.00000,-0.00220,0.00220,True,False,False,True,1000,0,54338344555925965428218648464876157611160577999253552608862942394053899037262,0xeed2a6d28b25ce1fdb289720fcd480ab805e18f3,0x2287e350
0xb256d4220a041b113b21433ab7ecae307db9abecafe7b04e123d877ce68df8b8,AMZN|2026-04-29,90.5,100,5,0.05,5,100,4.75,95.25,0,-4.75,4.75,True,False,False,True,1000,0,61650571969350012059143035007682085336370797177472124377730331395136649702198,0xeaa68b060c1cf0630aa43748beb4cf6a01700a65,0x2287e350
0xf394858290503cdb0355ad214bd7dbcf6546791beb389c4ad2ee4743e0849b6c,AMZN|2026-04-29,1.047875,1.052075,1.009992,0.96,1.009992,1.052075,0.0021,1.049975,0.000000,-0.002100,0.002100,True,False,False,True,1000,0,54338344555925965428218648464876157611160577999253552608862942394053899037262,0x84239ee721754641d1527b057af3e702a5db1289,0x2287e350
0xbba23f8700b24637b271e7cf26a4659662d1de91457a2b79cc37d2d133744633,AMZN|2026-04-29,362,400,20,0.05,20,400,19,381,0,-19,19,True,False,False,True,1000,0,61650571969350012059143035007682085336370797177472124377730331395136649702198,0x8a11af395c640eb3ef44fd9b2afdd8d5da0152bb,0x2287e350
0xc84c56440e231a7056bbfb45bafcd60d83c79a6bfd40ba42a685164f17d5af56,AMZN|2026-04-29,181,200,10,0.05,10,200,9.5,190.5,0,-9.5,9.5,True,False,False,True,1000,0,61650571969350012059143035007682085336370797177472124377730331395136649702198,0xb977cb2e8bd9959a867c19df26c195e1de153158,0x2287e350
0x205a72c80a3ae40f8a2f3e54d1ecf044a3d52c50aba51fe85f17722d2335c886,AMZN|2026-04-29,10.72144,11.86,0.4744,0.04,0.4744,11.86,0.56928,11.29072,0.00,-0.56928,0.56928,True,False,False,True,1000,0,61650571969350012059143035007682085336370797177472124377730331395136649702198,0xd00896b895996a184190acb60ecbcc13fe1afa05,0x2287e350
0x15b7aa451419da048b8dc576da3c30b3a5d26a7b36075bd376ab7bc5deb7c110,AMZN|2026-04-29,211.78576,212.85,202.2075,0.95,202.2075,212.85,0.53212,212.31788,0.00,-0.53212,0.53212,True,False,False,True,1000,0,54338344555925965428218648464876157611160577999253552608862942394053899037262,0xe05655e23c0be00824c119ff0bdb69b5d7ac8120,0x2287e350
0x09f86de55bb4dd9b29344ce521e45821192f5b422b1003a192a5c7d0da9e16be,AMZN|2026-04-29,5.03486,5.05,4.8985,0.97,4.8985,5.05,0.00757,5.04243,0.00,-0.00757,0.00757,True,False,False,True,1000,0,54338344555925965428218648464876157611160577999253552608862942394053899037262,0x8fd0a2983725ac4bac0b5c3f0f0288d7c674a3e3,0x2287e350
0x5863279e5d00910ee9813184103f12da676e34bcbcb00693d647129c3795e267,AMZN|2026-04-29,8385.07704,8426.21,8014.8802,0.9511844827,8014.8802,8426.21,20.56648,8405.64352,0.00,-20.56648,20.56648,True,False,False,True,1000,0,54338344555925965428218648464876157611160577999253552608862942394053899037262,0xe05655e23c0be00824c119ff0bdb69b5d7ac8120,0x2287e350
0xc10486b7bb708fa595619322dc1e92f1b8aef43d81c1959c8de584552fdf8247,AMZN|2026-04-29,466.33266,469.62,436.7466,0.93,436.7466,469.62,1.64367,467.97633,0.00,-1.64367,1.64367,True,False,False,True,1000,0,54338344555925965428218648464876157611160577999253552608862942394053899037262,0x5b9115312cb4fc2b2b57c65045e611092f222709,0x2287e350
0xe9f549fbc5cb85cbc1851a62213b6eee06c6e9902ea0259ef9a899c70868565d,AMZN|2026-04-29,5.338722,5.376342,4.999998,0.9299999888,4.999998,5.376342,0.01881,5.357532,0.000000,-0.018810,0.018810,True,False,False,True,1000,0,54338344555925965428218648464876157611160577999253552608862942394053899037262,0xe9f3c738fd6e52db58567335f926f80e527fc28d,0x2287e350
0x4d27bbb825008efa1932a9ce442c87f38455848f86c7b845c0f82273bf423ffc,AMZN|2026-04-29,27.21,30,2.1,0.07,2.1,30,1.395,28.605,0,-1.395,1.395,True,False,False,True,1000,0,61650571969350012059143035007682085336370797177472124377730331395136649702198,0xa58d4f278d7953cd38eeb929f7e242bfc7c0b9b8,0x2287e350
0x16912fbd26dd47a9afce842bd88ba5760dff11a5b23ca89b298780b168eaa86b,AMZN|2026-04-29,256.6773,283.04,19.4128,0.0685867722,19.4128,283.04,13.18135,269.85865,0.00,-13.18135,13.18135,True,False,False,True,1000,0,61650571969350012059143035007682085336370797177472124377730331395136649702198,0xa58d4f278d7953cd38eeb929f7e242bfc7c0b9b8,0x2287e350
0x1c092a4a622c79c1b6afd7d1cbfc055acb3ead7f76c95767a7729f5334af546b,AMZN|2026-04-29,409.70098,451.71,31.6197,0.07,31.6197,451.71,21.00451,430.70549,0.00,-21.00451,21.00451,True,False,False,True,1000,0,61650571969350012059143035007682085336370797177472124377730331395136649702198,0x701e37585fff132e27a5a51c6e778c5c62219013,0x2287e350
0x05c84229366291a41fad3887f3b7697160f61e12e77feacbc486981a728e2d16,AMZN|2026-04-29,1.04736,1.05262,0.999989,0.95,0.999989,1.05262,0.00263,1.04999,0.00000,-0.00263,0.00263,True,False,False,True,1000,0,54338344555925965428218648464876157611160577999253552608862942394053899037262,0x002003acebe6c1a551c1cb715030b021898d9fa0,0x2287e350
0xa34bba10e25ae6db441d48dc5b83fd74759d339efcea1a7a7850e232126499da,AMZN|2026-04-29,48.33404,53.29,3.7303,0.07,3.7303,53.29,2.47798,50.81202,0.00,-2.47798,2.47798,True,False,False,True,1000,0,61650571969350012059143035007682085336370797177472124377730331395136649702198,0xd00896b895996a184190acb60ecbcc13fe1afa05,0x2287e350
0x34c405eac3c98b7e3e2f26dda3733357510e761a27d5d60a110e34641e4c87aa,AMZN|2026-04-29,5.23684,5.26314,4.999983,0.95,4.999983,5.26314,0.01315,5.24999,0.00000,-0.01315,0.01315,True,False,False,True,1000,0,54338344555925965428218648464876157611160577999253552608862942394053899037262,0x45d9598ad87c3acd52cef0aef233c5d1818d539e,0x2287e350
0xc4faaaf35dcd86207a27b3ce79df35fba1efe1ff40650cb00afb83af7576d45d,AMZN|2026-04-29,1.04736,1.05262,0.999989,0.95,0.999989,1.05262,0.00263,1.04999,0.00000,-0.00263,0.00263,True,False,False,True,1000,0,54338344555925965428218648464876157611160577999253552608862942394053899037262,0x5c7e3095dee7c4b558a05bb79b41ba1068bd5705,0x2287e350
0x59d0769ec9e3fa49254c67a26c78ba82d98a4f968f02be986ed0590ea586cc42,AMZN|2026-04-29,2096.74526,2107.49472,1999.999984,0.9489940663,1999.999984,2107.49472,5.37473,2102.11999,0.00000,-5.37473,5.37473,True,False,False,True,1000,0,54338344555925965428218648464876157611160577999253552608862942394053899037262,0xe617861a96631d7cefdb1ad43e95c33b5946f251,0x2287e350
0xa9c5b0df4be025fcfcdc83775f9885be0841b6210d476613bb4820c8efedc6f7,AMZN|2026-04-29,24.2795,26.755,2,0.0747523827,2,26.755,1.23775,25.51725,0.000,-1.23775,1.23775,True,False,False,True,1000,0,61650571969350012059143035007682085336370797177472124377730331395136649702198,0xe3e11e81d87ff51613a1d5e2953faa62e6861563,0x2287e350
0xa5b0829c51755ec25c258eab22e0718ea54c0ad40800841cbffa71088cfab6bc,AMZN|2026-04-29,110.334,111,104.34,0.94,104.34,111,0.333,110.667,0,-0.333,0.333,True,False,False,True,1000,0,54338344555925965428218648464876157611160577999253552608862942394053899037262,0xe3fca04b0cdb7ba99d596c30b5735fc80b84e300,0x2287e350
0xabc0ff3ad910581f6d8ae4bd361d399fd322275da1f05afc5fd8961c92f86a14,AMZN|2026-04-29,12.957153,14.285713,0.999999,0.0699999363,0.999999,14.285713,0.66428,13.621433,0.000000,-0.664280,0.664280,True,False,False,True,1000,0,61650571969350012059143035007682085336370797177472124377730331395136649702198,0x053f319e8f0d67f3eb461727f7461f2cb8601c5c,0x2287e350
0xebcb466d3e9ae8b7470d1c36b1cff12b856d52448d2bfbc7709feab0e09da1d1,AMZN|2026-04-29,151.1697,166.67,11.6669,0.07,11.6669,166.67,7.75015,158.91985,0.00,-7.75015,7.75015,True,False,False,True,1000,0,61650571969350012059143035007682085336370797177472124377730331395136649702198,0x8118e46373e02c69b95f81f240c059c829c19850,0x2287e350
0x0d82974ae588f6a2fc225cb0a5f7890bb0c525079884b2c150be0fbff73b2a64,AMZN|2026-04-29,149.495,165,9.95,0.0603030303,9.95,165,7.7525,157.2475,0,-7.7525,7.7525,True,False,False,True,1000,0,61650571969350012059143035007682085336370797177472124377730331395136649702198,0x31d8b1ac4b672492f3be4b5c21931fc6416bb8c2,0x2287e350
0xf7fcb33f665ca6fc11aeb1a2a91302e19aedb32133a916c0ae8c4402596e8a69,AMZN|2026-04-29,1.04737,1.05263,0.999998,0.949999525,0.999998,1.05263,0.00263,1.05000,0.00000,-0.00263,0.00263,True,False,False,True,1000,0,54338344555925965428218648464876157611160577999253552608862942394053899037262,0x296a592b99b6b49d1f9c6bdb9eeed40974c0d5a0,0x2287e350
0xc41a42ba7ff7d2ee77584074cfed3956106871fbdb55de94a6ea33f3e7f98e38,AMZN|2026-04-29,19.026,21,1.26,0.06,1.26,21,0.987,20.013,0,-0.987,0.987,True,False,False,True,1000,0,61650571969350012059143035007682085336370797177472124377730331395136649702198,0xad128860261aa3b09e29aed57b23d58c04e8b115,0x2287e350
0x86983aad9e84c2a89063b6036c19aac0c61d6520e23a17d04c80b1a8263a817b,AMZN|2026-04-29,965.47836,970.33,921.8135,0.95,921.8135,970.33,2.42582,967.90418,0.00,-2.42582,2.42582,True,False,False,True,1000,0,54338344555925965428218648464876157611160577999253552608862942394053899037262,0x5b9115312cb4fc2b2b57c65045e611092f222709,0x2287e350
0x4b9dd4f18e5561eddbd328d9ca29a1ff77b52e665860b5492c73c2500487147b,AMZN|2026-04-29,16.62532,18.33,1.2831,0.07,1.2831,18.33,0.85234,17.47766,0.00,-0.85234,0.85234,True,False,False,True,1000,0,61650571969350012059143035007682085336370797177472124377730331395136649702198,0x67e6dc204dc01833aa811d5bf581d091a0f12210,0x2287e350
0xe783bb02d2570196cc7613795b8c1c7442ca8ab18edc4a9d35acbc2f152cd19e,AMZN|2026-04-29,1.04736,1.05262,0.999989,0.95,0.999989,1.05262,0.00263,1.04999,0.00000,-0.00263,0.00263,True,False,False,True,1000,0,54338344555925965428218648464876157611160577999253552608862942394053899037262,0xb1451f25449f3e8b36673eade665eb0bff09352e,0x2287e350
0x311affa2e3ca9caf09f7ed5a585f7dffa2bcaf0c06297775c4c225a4e9b9b6d5,AMZN|2026-04-29,13.605,15,1.05,0.07,1.05,15,0.6975,14.3025,0,-0.6975,0.6975,True,False,False,True,1000,0,61650571969350012059143035007682085336370797177472124377730331395136649702198,0x9d699c315b662a161e763a3c4c954408a048ab3a,0x2287e350
0x9c6b45ee3a12f89415c57a74309768f8ba39512ed50105bbe73bb460dae1965b,AMZN|2026-04-29,1.057436,1.063816,0.999987,0.9399999624,0.999987,1.063816,0.00319,1.060626,0.000000,-0.003190,0.003190,True,False,False,True,1000,0,54338344555925965428218648464876157611160577999253552608862942394053899037262,0xa0e637c264a5b57ef6f86bf04086483404ee892f,0x2287e350
0x8f883c26878c55af3728db52d72cf3c3b0b913755d20ee32d1cf6b7caff139ea,AMZN|2026-04-29,11.35,12.5,1,0.08,1,12.5,0.575,11.925,0.0,-0.575,0.575,True,False,False,True,1000,0,61650571969350012059143035007682085336370797177472124377730331395136649702198,0x2eb57fc3410fb3b1e9550877d6979554b8605d2e,0x2287e350
0xa3b4fffd8a55d88aca494cd77af5753681fd7554f4b38af38d46fb84ebf7b40c,AMZN|2026-04-29,2.669371,2.688171,2.499999,0.9299999888,2.499999,2.688171,0.0094,2.678771,0.000000,-0.009400,0.009400,True,False,False,True,1000,0,54338344555925965428218648464876157611160577999253552608862942394053899037262,0xa2a04df908bae93c1480d9edbde153a4fe1f27a9,0x2287e350
0x8a61ed881c757a4e9b6efff22272808c7395b7733f639e37037d5f15acdd68cf,AMZN|2026-04-29,22.30048,24.56,1.9648,0.08,1.9648,24.56,1.12976,23.43024,0.00,-1.12976,1.12976,True,False,False,True,1000,0,61650571969350012059143035007682085336370797177472124377730331395136649702198,0x3b7926debab8f64d4f95b34c01bbfdb5fe2c6f9d,0x2287e350
0xb8e9000403423690c48244c10ebcea09ca9cc619baf36a2c3661fc89f41dfba8,AMZN|2026-04-29,80.79384,88.98,7.1184,0.08,7.1184,88.98,4.09308,84.88692,0.00,-4.09308,4.09308,True,False,False,True,1000,0,61650571969350012059143035007682085336370797177472124377730331395136649702198,0x3b7926debab8f64d4f95b34c01bbfdb5fe2c6f9d,0x2287e350
0xa62605dfea6b16dfc419caddce0d186bfd974a1073fab8781f8085f95335638a,AMZN|2026-04-29,4.270971,4.301071,3.999996,0.929999993,3.999996,4.301071,0.01505,4.286021,0.000000,-0.015050,0.015050,True,False,False,True,1000,0,54338344555925965428218648464876157611160577999253552608862942394053899037262,0x1e1d8abc80da6932af585d517fc10445c6ee1c4b,0x2287e350
0x5c885d965cd93e1e23edba92ea5644cf033678d0783f437fe045a15e8758cd26,AMZN|2026-04-29,94.328,104,7.28,0.07,7.28,104,4.836,99.164,0,-4.836,4.836,True,False,False,True,1000,0,61650571969350012059143035007682085336370797177472124377730331395136649702198,0x3b7926debab8f64d4f95b34c01bbfdb5fe2c6f9d,0x2287e350
0x32cb048f98d7764d8b488e60387065e878be2c8d4396c7c6df7b8d01fffb10f6,AMZN|2026-04-29,12.957153,14.285713,0.999999,0.0699999363,0.999999,14.285713,0.66428,13.621433,0.000000,-0.664280,0.664280,True,False,False,True,1000,0,61650571969350012059143035007682085336370797177472124377730331395136649702198,0xafa6897c15d7b70a1388c46da774e8f97ef8b5bf,0x2287e350
0xb11fddd7c9196ac33f08ed3cb9d3e76f107cffb5d245705341a2e88010bf315d,AMZN|2026-04-29,12.957153,14.285713,0.999999,0.0699999363,0.999999,14.285713,0.66428,13.621433,0.000000,-0.664280,0.664280,True,False,False,True,1000,0,61650571969350012059143035007682085336370797177472124377730331395136649702198,0x9bdb7a8c9f30d9a69d883ebe94e01d0ac7c43cf1,0x2287e350
0x1f71f59034e9febfb71479fc61c3824949f85846d8ca217395557170bbde79ce,AMZN|2026-04-29,25.13684,25.26314,23.999983,0.95,23.999983,25.26314,0.06315,25.19999,0.00000,-0.06315,0.06315,True,False,False,True,1000,0,54338344555925965428218648464876157611160577999253552608862942394053899037262,0x1e1d8abc80da6932af585d517fc10445c6ee1c4b,0x2287e350
0xc5e9fa63e7cd44a5db4bf53a318986cef9b9411b7008a13fbe925f5f57523709,AMZN|2026-04-29,72.56,80,5.6,0.07,5.6,80,3.72,76.28,0,-3.72,3.72,True,False,False,True,1000,0,61650571969350012059143035007682085336370797177472124377730331395136649702198,0x7fe7b495d6a447b3d21de6c64db7d2ba0ee5dbd6,0x2287e350
0xa0dfb59a49fdbfe2a6ce27fffb1287ed2718b095fe90bc7d0daec3ffb331e979,AMZN|2026-04-29,1.1521,1.15788,1.099986,0.95,1.099986,1.15788,0.00289,1.15499,0.00000,-0.00289,0.00289,True,False,False,True,1000,0,54338344555925965428218648464876157611160577999253552608862942394053899037262,0x5361ce1b6f8cf05bd1d141d3eb84c4c7cc99ccad,0x2287e350
0xa7c2a317a79b9017dd6f1b8fe836dd1129cd260f9280e48bc3a5cba7ca915512,AMZN|2026-04-29,12.957153,14.285713,0.999999,0.0699999363,0.999999,14.285713,0.66428,13.621433,0.000000,-0.664280,0.664280,True,False,False,True,1000,0,61650571969350012059143035007682085336370797177472124377730331395136649702198,0x64a6a12d73add8f8b8e70bd473d25e0548ccd078,0x2287e350
0xe31ce973ba9ab92fbf3ae77824156c0e58dc3ca3d5ed2ca27e8fc1683fbb8407,AMZN|2026-04-29,45.78782,46.062,43.32,0.9404715384,43.32,46.062,0.13709,45.92491,0.000,-0.13709,0.13709,True,False,False,True,1000,0,54338344555925965428218648464876157611160577999253552608862942394053899037262,0xc6807acabc0e2cab19d54b2c3a623c0f453db81c,0x2287e350
0x8b9423005178a79a431f99b73cae33083637183cb1782c3d7adccdb17e3db84f,AMZN|2026-04-29,7.94562,8.77,0.5262,0.06,0.5262,8.77,0.41219,8.35781,0.00,-0.41219,0.41219,True,False,False,True,1000,0,61650571969350012059143035007682085336370797177472124377730331395136649702198,0x3b7926debab8f64d4f95b34c01bbfdb5fe2c6f9d,0x2287e350
0x7ec5d80557d9273ced4dcfecae0d43ec17c8ca168952886b24ded98f7323e37f,AMZN|2026-04-29,8.37894,8.42104,7.999988,0.95,7.999988,8.42104,0.02105,8.39999,0.00000,-0.02105,0.02105,True,False,False,True,1000,0,54338344555925965428218648464876157611160577999253552608862942394053899037262,0xef8d87e87337687657d440d80fd5c1eadd13b74d,0x2287e350
0x8873c71671913252fb32a2d3a3e821d8cc8de3a723982d6e88b994b001d0cc72,AMZN|2026-04-29,1187.6603,1197.4,1100.0028,0.9186594288,1100.0028,1197.4,4.86985,1192.53015,0.0,-4.86985,4.86985,True,False,False,True,1000,0,54338344555925965428218648464876157611160577999253552608862942394053899037262,0x5b9115312cb4fc2b2b57c65045e611092f222709,0x2287e350
0x13a414ab532762c8bfaae64cd3974ea3cfb54fe1208a0ea1ab48ad03565ef672,AMZN|2026-04-29,18.24,20,2.4,0.12,2.4,20,0.88,19.12,0,-0.88,0.88,True,False,False,True,1000,0,61650571969350012059143035007682085336370797177472124377730331395136649702198,0xc6d76fd31b710883900a14c75eab96515dfb4399,0x2287e350
0x5ed97bf7ef70d86a1de6ffce20c34eaa8c6f668bcccefb0cb9c63294df9fc22c,AMZN|2026-04-29,15.19392,16.66,1.9992,0.12,1.9992,16.66,0.73304,15.92696,0.00,-0.73304,0.73304,True,False,False,True,1000,0,61650571969350012059143035007682085336370797177472124377730331395136649702198,0x57f58473f8b0c0ea6f025cae8c31bea5e78cc1c9,0x2287e350
0xe4baa58780c519f7d33f512ca23444e5c52bb16d1a4e50c3fa068543cbb1a5c1,AMZN|2026-04-29,6.528576,7.142856,0.999999,0.1399998824,0.999999,7.142856,0.30714,6.835716,0.000000,-0.307140,0.307140,True,False,False,True,1000,0,61650571969350012059143035007682085336370797177472124377730331395136649702198,0xf3b073a6f13ca6fd435fe0a4976428a615169ee6,0x2287e350
0x15e9e1ef0dfecf1a25fd8f552cf5772467c93cf3730432e21f0fbbafa3c65d2e,AMZN|2026-04-29,18.3,20,3,0.15,3,20,0.85,19.15,0,-0.85,0.85,True,False,False,True,1000,0,61650571969350012059143035007682085336370797177472124377730331395136649702198,0x7e80049eb08ac45b6ddadd8d069db6fd94ba631b,0x2287e350
0xb4b947bb49748108ef468042036a2f4057e1bfc9cc68b396dce4f1df324f58b2,AMZN|2026-04-29,570.31,579,492.1,0.8499136442,492.1,579,4.345,574.655,0,-4.345,4.345,True,False,False,True,1000,0,54338344555925965428218648464876157611160577999253552608862942394053899037262,0x5b9115312cb4fc2b2b57c65045e611092f222709,0x2287e350
0x8292923d68f353e5f4c64991148fb28eeaf2dc560b962560842b60fe35a39212,AMZN|2026-04-29,238.68,260,46.8,0.18,46.8,260,10.66,249.34,0,-10.66,10.66,True,False,False,True,1000,0,61650571969350012059143035007682085336370797177472124377730331395136649702198,0xa58d4f278d7953cd38eeb929f7e242bfc7c0b9b8,0x2287e350
0x4270a3b3e51426db960fc8b1e7090622746160674a790c5b94953f134b81842b,AMZN|2026-04-29,46.68448,50.91,8.6547,0.17,8.6547,50.91,2.11276,48.79724,0.00,-2.11276,2.11276,True,False,False,True,1000,0,61650571969350012059143035007682085336370797177472124377730331395136649702198,0x3b7926debab8f64d4f95b34c01bbfdb5fe2c6f9d,0x2287e350
0x8f09fd6c36c44253f07759712483acdfbb94b35605c4fe4314329d44df9e94a6,AMZN|2026-04-29,4.58,5,0.8,0.16,0.8,5,0.21,4.79,0,-0.21,0.21,True,False,False,True,1000,0,61650571969350012059143035007682085336370797177472124377730331395136649702198,0x3b7926debab8f64d4f95b34c01bbfdb5fe2c6f9d,0x2287e350
0x3c107f606b297e3fe413b230bc914df46a2ef7d5aa10f9e41b65394912b142be,AMZN|2026-04-29,46.74736,51.09,7.6635,0.15,7.6635,51.09,2.17132,48.91868,0.00,-2.17132,2.17132,True,False,False,True,1000,0,61650571969350012059143035007682085336370797177472124377730331395136649702198,0xa58d4f278d7953cd38eeb929f7e242bfc7c0b9b8,0x2287e350
0x2e62164355208a83c2f869bd4a3bb131a5a07212bb51d98856117b9988a02966,AMZN|2026-04-29,5.0918,5.102,4.99996,0.98,4.99996,5.102,0.0051,5.0969,0.000,-0.0051,0.0051,True,False,False,True,1000,0,54338344555925965428218648464876157611160577999253552608862942394053899037262,0xab1927815b04cffbdb448f16daee2e410fca8f62,0x2287e350
0xbd3ae82bda2e981fe2780168695945b0b0129e7422ffc01f4b7c919129baa5b6,EBAY|2026-04-29,5.494463,5.549383,4.999994,0.900999985,4.999994,5.549383,0.02746,5.521923,0.000000,-0.027460,0.027460,True,False,False,True,1000,0,11387261748248345087349134344607273226685082566285970991636273305397470757786,0x9c49f60ab20d7904754b8053f224b43659721d27,0x2287e350
0x11a8e199e7c14d33a6ad87de870ea9f9bf48ee31a706965798ba45a1cd1733aa,EBAY|2026-04-29,6.66048,7.32,0.72468,0.099,0.72468,7.32,0.32976,6.99024,0.00,-0.32976,0.32976,True,False,False,True,1000,0,94911102464648194825051297525935689715740655255109633977221584551850126533984,0xb9183a69d22c45e55e6c3aa56adc8b5bf2ec0158,0x2287e350
0x71facede078aedbe4db9c9c6a3e3f0630acca92046f0cfe85563b205dda77ae7,EBAY|2026-04-29,16.466744,16.629704,14.999993,0.9019999995,14.999993,16.629704,0.08148,16.548224,0.000000,-0.081480,0.081480,True,False,False,True,1000,0,11387261748248345087349134344607273226685082566285970991636273305397470757786,0x6c1cda5055bd5e6d6268eef3b223e86f57da5650,0x2287e350
0x507d6d6ae849a464ce7edbc1b279dd708215e9257aac1129466cb6209d08b00c,EBAY|2026-04-29,54.889147,55.432367,49.999995,0.9019999994,49.999995,55.432367,0.27161,55.160757,0.000000,-0.271610,0.271610,True,False,False,True,1000,0,11387261748248345087349134344607273226685082566285970991636273305397470757786,0x06e77ff1d32d870fe3122d57a3625c9ddb2087c2,0x2287e350
0x4158110a257d8f89c17cfb3ff4382137252366ada4ba641e476993cb3509a69a,EBAY|2026-04-29,2.195565,2.217285,1.999991,0.9019999684,1.999991,2.217285,0.01086,2.206425,0.000000,-0.010860,0.010860,True,False,False,True,1000,0,11387261748248345087349134344607273226685082566285970991636273305397470757786,0x536d4bc9d916e2e4ae228de122c53dd1840e07fd,0x2287e350
0x5764bfcb7ea543eed9506a30f6a8205d0ebc53c8f61742b48b8377a561865f6c,EBAY|2026-04-29,6.45612,6.52,5.88104,0.902,5.88104,6.52,0.03194,6.48806,0.00,-0.03194,0.03194,True,False,False,True,1000,0,11387261748248345087349134344607273226685082566285970991636273305397470757786,0x1dc6994c7432b389ee6cdef09474ec77f2fc6d94,0x2287e350
0xe187e2342322f140320ba711c25c3f9f206b855a706b320bb7aee2c3394d3834,EBAY|2026-04-29,10.612158,10.680158,9.999988,0.9363146126,9.999988,10.680158,0.034,10.646158,0.000000,-0.034000,0.034000,True,False,False,True,1000,0,11387261748248345087349134344607273226685082566285970991636273305397470757786,0x5c67ca3650463cbb70fcc1ff918ae12edfdd0cac,0x2287e350
0xe46c299fa499ff87697e078b4fa23eb4fbc27c50b26216fdd0a5a52ad30cdede,EBAY|2026-04-29,12.15868,13.37,1.25678,0.094,1.25678,13.37,0.60566,12.76434,0.00,-0.60566,0.60566,True,False,False,True,1000,0,94911102464648194825051297525935689715740655255109633977221584551850126533984,0x57f58473f8b0c0ea6f025cae8c31bea5e78cc1c9,0x2287e350
0xa97d9ea0be5e8d1979880dcc70946de2a3a7c680086a84065f5b98073375ee3a,EBAY|2026-04-29,27.96678,28.14,26.40772,0.9384406539,26.40772,28.14,0.08661,28.05339,0.00,-0.08661,0.08661,True,False,False,True,1000,0,11387261748248345087349134344607273226685082566285970991636273305397470757786,0x0d590832c8cd9ba61490d0a04af43cca0707f7e5,0x2287e350
0x5856f21c80d33c59418a34dd28005d1ecbcaf9df0ba368df169e90afc44a5109,EBAY|2026-04-29,1.227917,1.236557,1.149998,0.9299999919,1.149998,1.236557,0.00432,1.232237,0.000000,-0.004320,0.004320,True,False,False,True,1000,0,11387261748248345087349134344607273226685082566285970991636273305397470757786,0x5780ba160eae1ec8d2f7b50aff46966fd53add00,0x2287e350
0xe23c9700ac343717dbf2adfebd924f93472cc50e085b5c07fee7a6935da55226,EBAY|2026-04-29,2.12513,2.13903,1.999993,0.9349999766,1.999993,2.13903,0.00695,2.13208,0.00000,-0.00695,0.00695,True,False,False,True,1000,0,11387261748248345087349134344607273226685082566285970991636273305397470757786,0x2cd0eb5036961e266563ba6c4a216354b7affb3d,0x2287e350
0xd5c0e6f53ad1ab5006f99767abfd9bc78b03f76535cadd6d770b16f5c6972ec9,EBAY|2026-04-29,5.796212,6.329112,0.999999,0.15799989,0.999999,6.329112,0.26645,6.062662,0.000000,-0.266450,0.266450,True,False,False,True,1000,0,94911102464648194825051297525935689715740655255109633977221584551850126533984,0x64a6a12d73add8f8b8e70bd473d25e0548ccd078,0x2287e350
0x176e3baf1a7d53634ecace3b92fce3fb6c4ba439e2c6475da62de2210b3874fc,EBAY|2026-04-29,5.13153,5.15057,4.959998,0.9629998233,4.959998,5.15057,0.00952,5.14105,0.00000,-0.00952,0.00952,True,False,False,True,1000,0,11387261748248345087349134344607273226685082566285970991636273305397470757786,0x239dd679644aaec01fa9330d8f2391c3f153f8a5,0x2287e350
0xce8e708c0a2b0d08bb2343c92db7274f5cf9e826eff85c9bc4d36ff770a5a396,EBAY|2026-04-29,5.302325,5.780345,0.999999,0.1729998815,0.999999,5.780345,0.23901,5.541335,0.000000,-0.239010,0.239010,True,False,False,True,1000,0,94911102464648194825051297525935689715740655255109633977221584551850126533984,0x37cd361c784cfbfdbe1c92f4a14e0de6c8731c11,0x2287e350
0x9be6da141ca76eb74f955dd65e639af563e672d6f06663937792fc6267a0bdf8,EBAY|2026-04-29,17.57182,19.44,0.75816,0.039,0.75816,19.44,0.93409,18.50591,0.00,-0.93409,0.93409,True,False,False,True,1000,0,94911102464648194825051297525935689715740655255109633977221584551850126533984,0xdf974b8db371482e34ff44b0fbfce11a0abf4653,0x2287e350
0xdc476cbaba7ee78613fe37301909bd70182e21ae41953d2a65809dee3f61fd6d,EBAY|2026-04-29,1221.785,1240,1057.85,0.8531048387,1057.85,1240,9.1075,1230.8925,0,-9.1075,9.1075,True,False,False,True,1000,0,11387261748248345087349134344607273226685082566285970991636273305397470757786,0x9e88f359b9803e41420fbb13385c5ae1765c301c,0x2287e350
0x2abd07e06b5c01a457327006dee367ec8e130bb8e94f515e2300567f83d86673,EBAY|2026-04-29,0.0492,0.05,0.042,0.84,0.042,0.05,0.0004,0.0496,0.00,-0.0004,0.0004,True,False,False,True,1000,0,11387261748248345087349134344607273226685082566285970991636273305397470757786,0x3b7926debab8f64d4f95b34c01bbfdb5fe2c6f9d,0x2287e350
0x006642a6acaa35579f5f285fa591a31ddad742c426a8957a0e4ed0f3decdcaa4,EBAY|2026-04-29,4.92,5,4.2,0.84,4.2,5,0.04,4.96,0,-0.04,0.04,True,False,False,True,1000,0,11387261748248345087349134344607273226685082566285970991636273305397470757786,0x9eae9dc70a6eb5c831a0ac96931c8488431598a5,0x2287e350
0x3366f2177b236536869d5099d79aafa677c001db74c6cf8ffa38b7ac7b53dc97,EBAY|2026-04-29,26.487,27,21.87,0.81,21.87,27,0.2565,26.7435,0,-0.2565,0.2565,True,False,False,True,1000,0,11387261748248345087349134344607273226685082566285970991636273305397470757786,0x9eae9dc70a6eb5c831a0ac96931c8488431598a5,0x2287e350
0x2930e267b9c993d4bb33a16c1f122dba2caef405c06ebf0ca87968a81b51de2f,EBAY|2026-04-29,10.613428,11.523808,2.419999,0.209999941,2.419999,11.523808,0.45519,11.068618,0.000000,-0.455190,0.455190,True,False,False,True,1000,0,94911102464648194825051297525935689715740655255109633977221584551850126533984,0xad128860261aa3b09e29aed57b23d58c04e8b115,0x2287e350
0x3b664c42dfa533dcf5b3471ad35cbcbce30e5d06beedb16a55e8c9ef007d980a,EBAY|2026-04-29,49.05,50,40.5,0.81,40.5,50,0.475,49.525,0,-0.475,0.475,True,False,False,True,1000,0,11387261748248345087349134344607273226685082566285970991636273305397470757786,0x9eae9dc70a6eb5c831a0ac96931c8488431598a5,0x2287e350
0x1b35b6fa42816117ced605d8c0e94363e11593198eee2bed901bb373b50ad495,EBAY|2026-04-29,25.788,28,5.88,0.21,5.88,28,1.106,26.894,0,-1.106,1.106,True,False,False,True,1000,0,94911102464648194825051297525935689715740655255109633977221584551850126533984,0xe000e1dd06d3d17dc943dc9215a2e166efd5cbb1,0x2287e350
0x42c5bef63c3f85c4fed34c75cba3714c6550f3e6407a7c4cd86fe35b10758f99,EBAY|2026-04-29,279.43598,285.43,225.4897,0.79,225.4897,285.43,2.99701,282.43299,0.00,-2.99701,2.99701,True,False,False,True,1000,0,11387261748248345087349134344607273226685082566285970991636273305397470757786,0xcfce2a14ab7a79a76ce11ce035e8b0c8804280c7,0x2287e350
0x24d6deabc83641a0817d55dccd634c7f9156588735fd3b8920c9df3e2b943b51,EBAY|2026-04-29,61.962038,63.291138,49.999999,0.7899999997,49.999999,63.291138,0.66455,62.626588,0.000000,-0.664550,0.664550,True,False,False,True,1000,0,11387261748248345087349134344607273226685082566285970991636273305397470757786,0x10330c06bf3f20ea8d36e9ab8870ddb4d17b49d4,0x2287e350
0xa3533a4ba51a510062b27b25e3962fd08c67a094e1b4a1528e820143009cdf0a,EBAY|2026-04-29,1.239239,1.265819,0.999997,0.7899999921,0.999997,1.265819,0.01329,1.252529,0.000000,-0.013290,0.013290,True,False,False,True,1000,0,11387261748248345087349134344607273226685082566285970991636273305397470757786,0x5172b0275190d8d3f86edfb2a4f79d3158b4380c,0x2287e350
0x57ccee5860076dfc626536050dde1ebc48161e324359400785833fdccace3f3f,EBAY|2026-04-29,4.62,5,1.2,0.24,1.2,5,0.19,4.81,0,-0.19,0.19,True,False,False,True,1000,0,94911102464648194825051297525935689715740655255109633977221584551850126533984,0x9e88f359b9803e41420fbb13385c5ae1765c301c,0x2287e350
0xf9087518974baa01b517df2a6606db43aa6095dbcc19fb44ea2b9d103183270b,EBAY|2026-04-29,1.171435,1.190475,0.999999,0.84,0.999999,1.190475,0.00952,1.180955,0.000000,-0.009520,0.009520,True,False,False,True,1000,0,11387261748248345087349134344607273226685082566285970991636273305397470757786,0x974d501c5e9ff1bca2229b55a90cce5ab88ce057,0x2287e350
0xb5ce55b2838275e7678a2e0819072990a2afc65a0b0d72d6e7e0efc10e6d2542,HUM|2026-04-29,4.790244,4.878044,3.999996,0.8199999836,3.999996,4.878044,0.0439,4.834144,0.000000,-0.043900,0.043900,True,False,False,True,1000,0,91323435091555496842921687259702343947803098116550355192860238167481360093800,0x9c49f60ab20d7904754b8053f224b43659721d27,0x2287e350
0x60235664dbfea5ebf365e2b1f81b2478a97b7a6d64ff199d810e8a0d272fa574,HUM|2026-04-29,4.91,5,4.1,0.82,4.1,5,0.045,4.955,0,-0.045,0.045,True,False,False,True,1000,0,91323435091555496842921687259702343947803098116550355192860238167481360093800,0xea6744bdc15471189b99ada59f791a80d72f554b,0x2287e350
0x139344a245784d76194a6d1ac46d7b73fd50ff77c994f18857dc886ee35655e2,HUM|2026-04-29,9.82,10,8.2,0.82,8.2,10,0.09,9.91,0,-0.09,0.09,True,False,False,True,1000,0,91323435091555496842921687259702343947803098116550355192860238167481360093800,0x91a8b0e671159c90f945c5e25e26179ac512be3b,0x2287e350
0x64f021222a469ff3158d51b0f07179609e0be9dc706aad1ce135772ca5545e49,HUM|2026-04-29,18.3634,18.7,15.334,0.82,15.334,18.7,0.1683,18.5317,0.0,-0.1683,0.1683,True,False,False,True,1000,0,91323435091555496842921687259702343947803098116550355192860238167481360093800,0x3b7926debab8f64d4f95b34c01bbfdb5fe2c6f9d,0x2287e350
0x7688aaa0a1269a6d11ebddec1ce5f56f17849c61a156c95be3be5e081f6da83a,HUM|2026-04-29,9.8,10,8,0.8,8,10,0.1,9.9,0,-0.1,0.1,True,False,False,True,1000,0,91323435091555496842921687259702343947803098116550355192860238167481360093800,0x3b7926debab8f64d4f95b34c01bbfdb5fe2c6f9d,0x2287e350
0x983511fa7eb7995adbd6be90c11a1dca680fa30def8998b2b426876e237da63a,HUM|2026-04-29,0.6846,0.7,0.546,0.78,0.546,0.7,0.0077,0.6923,0.0,-0.0077,0.0077,True,False,False,True,1000,0,91323435091555496842921687259702343947803098116550355192860238167481360093800,0x3b7926debab8f64d4f95b34c01bbfdb5fe2c6f9d,0x2287e350
0xb002427f5349ca3fb72571cd556182a742aa0f6b175bb41b2737ec6da26caf23,HUM|2026-04-29,12.18588,12.46,9.7188,0.78,9.7188,12.46,0.13706,12.32294,0.00,-0.13706,0.13706,True,False,False,True,1000,0,91323435091555496842921687259702343947803098116550355192860238167481360093800,0x049ca21b38abbf8ea5c17f95ac9bdf7127b8a244,0x2287e350
0xd01b5b6bbb1a566113e6899af59643b0a0bb00db42a88dc0e36e2f354cf4d3ae,HUM|2026-04-29,12.18588,12.46,9.7188,0.78,9.7188,12.46,0.13706,12.32294,0.00,-0.13706,0.13706,True,False,False,True,1000,0,91323435091555496842921687259702343947803098116550355192860238167481360093800,0x049ca21b38abbf8ea5c17f95ac9bdf7127b8a244,0x2287e350
0x19f6d6e2938e45033f557fa145943179cbf075a262558de3926788fb353da6e5,HUM|2026-04-29,4.88,5,3.8,0.76,3.8,5,0.06,4.94,0,-0.06,0.06,True,False,False,True,1000,0,91323435091555496842921687259702343947803098116550355192860238167481360093800,0x12b20c267ade52dbdda9dce0684ffaec7d93a11d,0x2287e350
0x80e5fb74e9da7c241f2aaf82e67c67717de790b2b9ea14ce12d9c7f1b4c4b35d,HUM|2026-04-29,131.097369,134.552629,99.999998,0.7432035981,99.999998,134.552629,1.72763,132.824999,0.000000,-1.727630,1.727630,True,False,False,True,1000,0,91323435091555496842921687259702343947803098116550355192860238167481360093800,0x2b962386961de2ccd75c2ffdec2e2eabbb3c7f2d,0x2287e350
0x7dc71ff2c69003b2a5aafd5c5c21bc5c8d1b7ec96edeef14f696f2b7fa30cadc,HUM|2026-04-29,3.852646,3.947366,2.999998,0.7599999595,2.999998,3.947366,0.04736,3.900006,0.000000,-0.047360,0.047360,True,False,False,True,1000,0,91323435091555496842921687259702343947803098116550355192860238167481360093800,0x23e0136e8ca8140af12fdcd085a9ccf8fba4a1c8,0x2287e350
0xcb5ea371bcd48dfd4077829503d0faaedff13ba455edf8935cba96738e117f3f,HUM|2026-04-29,6.269234,6.410254,4.999998,0.7799999813,4.999998,6.410254,0.07051,6.339744,0.000000,-0.070510,0.070510,True,False,False,True,1000,0,91323435091555496842921687259702343947803098116550355192860238167481360093800,0x38364d907b3aff78958ee0e081e44deeedb6b2ec,0x2287e350
0x9bb6845e4b0e386582d61bd503d6b9a19cd90d4aadf5ceb9edf068a7f03c5e4a,HUM|2026-04-29,78.46924,84.74,22.0324,0.26,22.0324,84.74,3.13538,81.60462,0.00,-3.13538,3.13538,True,False,False,True,1000,0,27401827336945603508998238326551719552012088458349319131923823699257817340647,0x3f48117184db84f7eebb0ac37e730651dfc0e69b,0x2287e350
0x78286355cdb8d81eb80adc76ebe1ffb8798246730908fca86726dab4a700e641,HUM|2026-04-29,6.269234,6.410254,4.999998,0.7799999813,4.999998,6.410254,0.07051,6.339744,0.000000,-0.070510,0.070510,True,False,False,True,1000,0,91323435091555496842921687259702343947803098116550355192860238167481360093800,0x1fcc97d92bccec98ab57be7f286c94425d77701b,0x2287e350
0xbb50d965bcd01acd2b2f7458adc7da4ca5eab4d5fe9bc496a756f8bdfef113bb,HUM|2026-04-29,60.184619,61.538459,47.999998,0.7799999997,47.999998,61.538459,0.67692,60.861539,0.000000,-0.676920,0.676920,True,False,False,True,1000,0,91323435091555496842921687259702343947803098116550355192860238167481360093800,0x8fdccd4ebc2be61691231e98a26f0d2c41e35d91,0x2287e350
0xa731ca2ebe3ea824dc03c98e177b60ccfd04aa1a1b2c70948d99ebaf6204fbb1,HUM|2026-04-29,46.05,50,10.5,0.21,10.5,50,1.975,48.025,0,-1.975,1.975,True,False,False,True,1000,0,27401827336945603508998238326551719552012088458349319131923823699257817340647,0x6b2b10ec646ac1f074f94b9d41e095b20ed5d9c7,0x2287e350
0x74ac4f5cae88f21099f70f4baa4d4f722dca731e7a982c5be7eee71cf50bd514,HUM|2026-04-29,142.55208,144.87,121.6908,0.84,121.6908,144.87,1.15896,143.71104,0.00,-1.15896,1.15896,True,False,False,True,1000,0,91323435091555496842921687259702343947803098116550355192860238167481360093800,0xfa686b1486c0622c54164d86b1d6f784d0bbba5d,0x2287e350
0x091277aac0a93d243a9995330e6aef9f4f06d88e50e79587ee7a9f3114eaa0c2,HUM|2026-04-29,46.46016,47.36,38.3616,0.81,38.3616,47.36,0.44992,46.91008,0.00,-0.44992,0.44992,True,False,False,True,1000,0,91323435091555496842921687259702343947803098116550355192860238167481360093800,0xfa686b1486c0622c54164d86b1d6f784d0bbba5d,0x2287e350
0xd709322caa8aa0b66a896c328446ba23409ad64379e4e64541c929d3832a66b1,HUM|2026-04-29,312.64892,319.44,251.5292,0.7874067117,251.5292,319.44,3.39554,316.04446,0.00,-3.39554,3.39554,True,False,False,True,1000,0,91323435091555496842921687259702343947803098116550355192860238167481360093800,0x0d590832c8cd9ba61490d0a04af43cca0707f7e5,0x2287e350
0x6fd5b106ae40b883d16f710fe34218e95c8218882450793419168a3131675887,HUM|2026-04-29,72.62618,78.43,20.3918,0.26,20.3918,78.43,2.90191,75.52809,0.00,-2.90191,2.90191,True,False,False,True,1000,0,27401827336945603508998238326551719552012088458349319131923823699257817340647,0x8118e46373e02c69b95f81f240c059c829c19850,0x2287e350
0x185581b8e73996b396da2ce800e7912aeff4f0641f99444eb787f888eabf8664,HUM|2026-04-29,13.52326,13.87,10.4025,0.75,10.4025,13.87,0.17337,13.69663,0.00,-0.17337,0.17337,True,False,False,True,1000,0,91323435091555496842921687259702343947803098116550355192860238167481360093800,0x3b7926debab8f64d4f95b34c01bbfdb5fe2c6f9d,0x2287e350
0x65a163795c7461a58a35474b497fbae2e55c53227b6e1e76a971dc12064eff07,HUM|2026-04-29,5.0135,5.42,1.355,0.25,1.355,5.42,0.20325,5.21675,0.00,-0.20325,0.20325,True,False,False,True,1000,0,27401827336945603508998238326551719552012088458349319131923823699257817340647,0xb9183a69d22c45e55e6c3aa56adc8b5bf2ec0158,0x2287e350
0x9d074ac3d7446f1a33bed6aca29cefaeb92f0ec7e0bf21c9f8f18ea311c4cb88,HUM|2026-04-29,1.239241,1.265821,0.999998,0.7899995339,0.999998,1.265821,0.01329,1.252531,0.000000,-0.013290,0.013290,True,False,False,True,1000,0,91323435091555496842921687259702343947803098116550355192860238167481360093800,0x193cf0f409e1e742a9ba27740340337b0cdacef6,0x2287e350
0xfdc66ab8c6b087fc18e3487ed3d1f11648e57c40552860f647a4a8fcb1912b99,HUM|2026-04-29,12.392406,12.658226,9.999998,0.7899999573,9.999998,12.658226,0.13291,12.525316,0.000000,-0.132910,0.132910,True,False,False,True,1000,0,91323435091555496842921687259702343947803098116550355192860238167481360093800,0x5780ba160eae1ec8d2f7b50aff46966fd53add00,0x2287e350
0x4036491d8294c99854c5927bbbfac08dce6c017b60a14602051be6480158e7f0,HUM|2026-04-29,18.52,20,5.2,0.26,5.2,20,0.74,19.26,0,-0.74,0.74,True,False,False,True,1000,0,27401827336945603508998238326551719552012088458349319131923823699257817340647,0x51f28ce013c317c1ce3de78aaa6107ed962538ef,0x2287e350
0xc168bde34d6a255eff9492ee69d1d675145054766f0a7fbb843a3629d211ea26,HUM|2026-04-29,1.239241,1.265821,0.999998,0.7899995339,0.999998,1.265821,0.01329,1.252531,0.000000,-0.013290,0.013290,True,False,False,True,1000,0,91323435091555496842921687259702343947803098116550355192860238167481360093800,0xa1f327672d7dbfee33b46fcae0af643f01ddc455,0x2287e350
0x724b0ca314e4cf4cbf9cc145125d1e9520fec6b0de66e72adfd34acbfbd55351,HUM|2026-04-29,58.36798,59.62,47.0998,0.79,47.0998,59.62,0.62601,58.99399,0.00,-0.62601,0.62601,True,False,False,True,1000,0,91323435091555496842921687259702343947803098116550355192860238167481360093800,0x3b7926debab8f64d4f95b34c01bbfdb5fe2c6f9d,0x2287e350
0x7f58c9459e932924c3db8c4e9547c626467f71a5481c2e44c6c5bd0ae69eb259,HUM|2026-04-29,70.488,72,56.88,0.79,56.88,72,0.756,71.244,0,-0.756,0.756,True,False,False,True,1000,0,91323435091555496842921687259702343947803098116550355192860238167481360093800,0x0382bc497ed2cc7fb4b8db1468d7f69a0a48c110,0x2287e350
0xbb6ef2885a74b27e3fdff742bb14e5562aa4885a88e6af418708e14dc5030463,HUM|2026-04-29,4.32378,4.59,1.9278,0.42,1.9278,4.59,0.13311,4.45689,0.00,-0.13311,0.13311,True,False,False,True,1000,0,27401827336945603508998238326551719552012088458349319131923823699257817340647,0x61d0cfae8628b345690c8326525a5c63328787b8,0x2287e350
0x658db118dcd7cf4b66eba753cb39da29ba897e571ea992d7bf303d5342e22766,HUM|2026-04-29,364.29178,381.57,208.7878,0.547180858,208.7878,381.57,8.63911,372.93089,0.00,-8.63911,8.63911,True,False,False,True,1000,0,91323435091555496842921687259702343947803098116550355192860238167481360093800,0x9e88f359b9803e41420fbb13385c5ae1765c301c,0x2287e350
0x51d30e08ebdf03f2ef566363fbde6ff645b7e5a77377bde75edb371245285355,HUM|2026-04-29,52.588668,55.129628,29.719999,0.5390930445,29.719999,55.129628,1.27048,53.859148,0.000000,-1.270480,1.270480,True,False,False,True,1000,0,91323435091555496842921687259702343947803098116550355192860238167481360093800,0x46e5656166fc600a3e723ee624d27265d933f545,0x2287e350
0xeaee820832e584497e14c4ff7bc1f0a14f12acf0d879e9f4c2a7d682f5a6ed5f,HUM|2026-04-29,49.784,52,29.84,0.5738461538,29.84,52,1.108,50.892,0,-1.108,1.108,True,False,False,True,1000,0,91323435091555496842921687259702343947803098116550355192860238167481360093800,0x0d590832c8cd9ba61490d0a04af43cca0707f7e5,0x2287e350
0x6b8b7e1edfd56d53bb816a38b57586e79523bf7a5d50731c34c7a9e9a06466f5,HUM|2026-04-29,170.191329,177.990349,99.999998,0.5618282034,99.999998,177.990349,3.89951,174.090839,0.000000,-3.899510,3.899510,True,False,False,True,1000,0,91323435091555496842921687259702343947803098116550355192860238167481360093800,0x8fdccd4ebc2be61691231e98a26f0d2c41e35d91,0x2287e350
0xac54cb40ec3dbcefc9256d8c184c6150184daffbf39a4454413299bad1b5ed9a,HUM|2026-04-29,7.742005,8.166665,3.919999,0.4799999755,3.919999,8.166665,0.21233,7.954335,0.000000,-0.212330,0.212330,True,False,False,True,1000,0,27401827336945603508998238326551719552012088458349319131923823699257817340647,0xad128860261aa3b09e29aed57b23d58c04e8b115,0x2287e350
0x5fc9941bc812d420ff25ae8f1c2aaaa5082cca6fa800a4621c92fbbe70b732b2,HUM|2026-04-29,571.94,600,319.4,0.5323333333,319.4,600,14.03,585.97,0,-14.03,14.03,True,False,False,True,1000,0,91323435091555496842921687259702343947803098116550355192860238167481360093800,0x9e88f359b9803e41420fbb13385c5ae1765c301c,0x2287e350
0x6f1754692e006dbbdbd40b25fabe4c3515aa1fdf4332b4fcf670c440d3928232,HUM|2026-04-29,19.04,20,10.4,0.52,10.4,20,0.48,19.52,0,-0.48,0.48,True,False,False,True,1000,0,91323435091555496842921687259702343947803098116550355192860238167481360093800,0xe38144dd45632a9f59fe210038f8c0e99de13ba9,0x2287e350
0x131404f0421fe0d3e9946b30bf9623c47bd4c6df411a44b60f149158882523b6,HUM|2026-04-29,1.171435,1.190475,0.999999,0.84,0.999999,1.190475,0.00952,1.180955,0.000000,-0.009520,0.009520,True,False,False,True,1000,0,91323435091555496842921687259702343947803098116550355192860238167481360093800,0x6abd7255dadd0a8c46faa1403182e884493663e9,0x2287e350
0x2f3ec240f3b61a26b3f7facb2df05ba8204c26c5e084d76acecdc61d170f2d47,VIRT|2026-04-29,4.18948,4.21052,3.999994,0.95,3.999994,4.21052,0.01052,4.20000,0.00000,-0.01052,0.01052,True,False,False,True,1000,0,41964451992457518668397004917512018814122455543327712808395276226468675081178,0x9c49f60ab20d7904754b8053f224b43659721d27,0x2287e350
0x7be018657dfb5e2d5bb41f5bb2261a80ffcfc4a28121807ac7e57e52d7a7dd47,VIRT|2026-04-29,28.04074,28.21,26.5174,0.94,26.5174,28.21,0.08463,28.12537,0.00,-0.08463,0.08463,True,False,False,True,1000,0,41964451992457518668397004917512018814122455543327712808395276226468675081178,0x0d590832c8cd9ba61490d0a04af43cca0707f7e5,0x2287e350
0x4b25baee193efba869af5f5239c62bdaa92f3fa01a1cf25bb0d8f999561c336d,VIRT|2026-04-29,2.114898,2.127658,1.999998,0.9399997556,1.999998,2.127658,0.00638,2.121278,0.000000,-0.006380,0.006380,True,False,False,True,1000,0,41964451992457518668397004917512018814122455543327712808395276226468675081178,0x536d4bc9d916e2e4ae228de122c53dd1840e07fd,0x2287e350
0x76f04b41f96e5e807661a6f27386fd259d7f21d71b349c914ac1abddefb56371,VIRT|2026-04-29,52.872348,53.191488,49.999998,0.9399999865,49.999998,53.191488,0.15957,53.031918,0.000000,-0.159570,0.159570,True,False,False,True,1000,0,41964451992457518668397004917512018814122455543327712808395276226468675081178,0x8b7bd56d750de30b6450a5913a364a5cd33a9ab9,0x2287e350
0x1e0512c4e7ef889c121a107c7b7a8f5339c2638d0b683eaa32dc14dd741fc26b,VIRT|2026-04-29,5.23684,5.26314,4.999983,0.95,4.999983,5.26314,0.01315,5.24999,0.00000,-0.01315,0.01315,True,False,False,True,1000,0,41964451992457518668397004917512018814122455543327712808395276226468675081178,0x7bb0bfb54f2910f7bab3f80df39a073a66f98a46,0x2287e350
0xeed3a6d574f0d41fa631ad45a8cc9a27578d4d49c13105042f517af34ece3269,VIRT|2026-04-29,45.35,50,3.5,0.07,3.5,50,2.325,47.675,0,-2.325,2.325,True,False,False,True,1000,0,28587273228649702463020618449701379327466840297895883376785823555047528877679,0x7fe7b495d6a447b3d21de6c64db7d2ba0ee5dbd6,0x2287e350
0x6b66178c4f781e448f2f817e8caf01f06a90cb99a1535743d8aa5ff6d766e1f9,VIRT|2026-04-29,166.01544,183.24,10.9944,0.06,10.9944,183.24,8.61228,174.62772,0.00,-8.61228,8.61228,True,False,False,True,1000,0,28587273228649702463020618449701379327466840297895883376785823555047528877679,0x7fe7b495d6a447b3d21de6c64db7d2ba0ee5dbd6,0x2287e350
0xc581579c4661acd3c9bcb309d6f65a42df077cc53d66a00e866e58a105ddd9ab,VIRT|2026-04-29,5.678532,5.709472,5.399998,0.9457963889,5.399998,5.709472,0.01547,5.694002,0.000000,-0.015470,0.015470,True,False,False,True,1000,0,41964451992457518668397004917512018814122455543327712808395276226468675081178,0x8e6ca9420c86d7d9760afbbf0362c29b13e56ed0,0x2287e350
0x0929c8b092061cad2393b750ece00ad277927b7cfd884e6bc17fdc14326a110c,VIRT|2026-04-29,129.571441,142.857141,9.999999,0.0699999939,9.999999,142.857141,6.64285,136.214291,0.000000,-6.642850,6.642850,True,False,False,True,1000,0,28587273228649702463020618449701379327466840297895883376785823555047528877679,0xd55fb0839d3ffe59bb040d2b645d5256aea20f76,0x2287e350
0x71b68389b7341e518d788b7a6962641525b0d29bab74503da786121380aeaa28,VIRT|2026-04-29,12.957153,14.285713,0.999999,0.0699999363,0.999999,14.285713,0.66428,13.621433,0.000000,-0.664280,0.664280,True,False,False,True,1000,0,28587273228649702463020618449701379327466840297895883376785823555047528877679,0x385505bbf1c0f52dede1cfda08d5d9ee6524e863,0x2287e350
0xa900186b826deeb370dc2d8bc6f40698b02306ede35f9b55bda39a062ba91f9b,VIRT|2026-04-29,59.58,60,55.8,0.93,55.8,60,0.21,59.79,0,-0.21,0.21,True,False,False,True,1000,0,41964451992457518668397004917512018814122455543327712808395276226468675081178,0xe11ab7e675ffc7136bb065ac13d0d9ba2247c40b,0x2287e350
0x889a50bd20f16f7822cef7991338ee96525ff780103b1f7105da04569c896019,VIRT|2026-04-29,82.47102,83.22,75.7302,0.91,75.7302,83.22,0.37449,82.84551,0.00,-0.37449,0.37449,True,False,False,True,1000,0,41964451992457518668397004917512018814122455543327712808395276226468675081178,0xe11ab7e675ffc7136bb065ac13d0d9ba2247c40b,0x2287e350
0xc020a021f00422f6240de415ff6440ef43babcd6b978de334d1a61dc69a27e85,VIRT|2026-04-29,33.43302,36.78,3.3102,0.09,3.3102,36.78,1.67349,35.10651,0.00,-1.67349,1.67349,True,False,False,True,1000,0,28587273228649702463020618449701379327466840297895883376785823555047528877679,0xb9183a69d22c45e55e6c3aa56adc8b5bf2ec0158,0x2287e350
0x813cccab917d1f19a618aac71fee25e916a2865de618780321be3fd8042ac4ad,VIRT|2026-04-29,18.18,20,1.8,0.09,1.8,20,0.91,19.09,0,-0.91,0.91,True,False,False,True,1000,0,28587273228649702463020618449701379327466840297895883376785823555047528877679,0x51f28ce013c317c1ce3de78aaa6107ed962538ef,0x2287e350
0xc997e833a0b784f3b8bab51fa9a419684de272b85af4fa972772ee3b80a901cf,VIRT|2026-04-29,8.145,9,0.45,0.05,0.45,9,0.4275,8.5725,0,-0.4275,0.4275,True,False,False,True,1000,0,28587273228649702463020618449701379327466840297895883376785823555047528877679,0x3b7926debab8f64d4f95b34c01bbfdb5fe2c6f9d,0x2287e350
0x0e2aa736566760c4b45b63db5faabe16ea77bd1ca1839d1b0f1bdf8bfc96ea57,VIRT|2026-04-29,20.19798,22.22,1.9998,0.09,1.9998,22.22,1.01101,21.20899,0.00,-1.01101,1.01101,True,False,False,True,1000,0,28587273228649702463020618449701379327466840297895883376785823555047528877679,0x57f58473f8b0c0ea6f025cae8c31bea5e78cc1c9,0x2287e350
0x4f6f24dee180cdd5d34d6e6383a7fe6d3a88b2825822498f3f6333cc2d160baf,VIRT|2026-04-29,717.43002,722.5,671.8,0.9298269896,671.8,722.5,2.53499,719.96501,0.0,-2.53499,2.53499,True,False,False,True,1000,0,41964451992457518668397004917512018814122455543327712808395276226468675081178,0x1dc6b96ceadba97b27d75a72472503e719acfb06,0x2287e350
0xcee2ba2950b775524e5a361cca755605baecac0c84dffd78741abf93011193ce,VIRT|2026-04-29,10.10001,11.11111,0.999999,0.089999919,0.999999,11.11111,0.50555,10.60556,0.00000,-0.50555,0.50555,True,False,False,True,1000,0,28587273228649702463020618449701379327466840297895883376785823555047528877679,0x37cd361c784cfbfdbe1c92f4a14e0de6c8731c11,0x2287e350
0xb4879b13c0500681b5091e12f57df1a0797450e3c0d452caad0766a93ec88bff,VIRT|2026-04-29,49.55,50,45.5,0.91,45.5,50,0.225,49.775,0,-0.225,0.225,True,False,False,True,1000,0,41964451992457518668397004917512018814122455543327712808395276226468675081178,0xfa686b1486c0622c54164d86b1d6f784d0bbba5d,0x2287e350
0x32cf18792ce5db103f3814862eb7661d9f2a94a9ee9df7fb653ec65f7ec2b62e,VIRT|2026-04-29,20.79,21,18.9,0.9,18.9,21,0.105,20.895,0,-0.105,0.105,True,False,False,True,1000,0,41964451992457518668397004917512018814122455543327712808395276226468675081178,0xfa686b1486c0622c54164d86b1d6f784d0bbba5d,0x2287e350
0xb57302f4cf55bfa0fdcfce5f558ade5af4b97ed014422a1a7c6cb216ec59ae5e,VIRT|2026-04-29,50.064,55,5.64,0.1025454545,5.64,55,2.468,52.532,0,-2.468,2.468,True,False,False,True,1000,0,28587273228649702463020618449701379327466840297895883376785823555047528877679,0x9e88f359b9803e41420fbb13385c5ae1765c301c,0x2287e350
0xf61805cac4027e5114ed407244b126666b9e71e54571ab2c02b24063b1719730,VIRT|2026-04-29,19.79,20,17.9,0.895,17.9,20,0.105,19.895,0,-0.105,0.105,True,False,False,True,1000,0,41964451992457518668397004917512018814122455543327712808395276226468675081178,0xfa686b1486c0622c54164d86b1d6f784d0bbba5d,0x2287e350
0xe26061e93045181ebd447c5e61d9c5f5548ca2dedcf935a6ad0ac5c42f459511,VIRT|2026-04-29,24.6492,25.05,21.042,0.84,21.042,25.05,0.2004,24.8496,0.00,-0.2004,0.2004,True,False,False,True,1000,0,41964451992457518668397004917512018814122455543327712808395276226468675081178,0x0d590832c8cd9ba61490d0a04af43cca0707f7e5,0x2287e350
0x37bd6adf4ca985e35eb100a3bccae7378edf930b57f31521ccc25230acfbe4cd,VIRT|2026-04-29,1.171435,1.190475,0.999999,0.84,0.999999,1.190475,0.00952,1.180955,0.000000,-0.009520,0.009520,True,False,False,True,1000,0,41964451992457518668397004917512018814122455543327712808395276226468675081178,0x173a5434bc998428adef30d86b11049b8173d2d1,0x2287e350
0x1dc1d34cc600c3c9c194252c7ffe1f851cb6e52669a7fa5ccaa3535e92431546,H|2026-04-30,7.283592,7.537312,4.999999,0.6633663301,4.999999,7.537312,0.12686,7.410452,0.000000,-0.126860,0.126860,True,False,False,True,1000,0,48521820430544481690034436341436265393511268145916093750422523330328334350484,0x47847f0eaaceef14834ef9166b8898b005196f6a,0x2287e350
0x6b3bc7160d25742cbd19a05f6821eaacc371a69d5e7ed29c8c8df6b02f2245a7,H|2026-04-30,27.144,29,10.44,0.36,10.44,29,0.928,28.072,0,-0.928,0.928,True,False,False,True,1000,0,82369506093963091769710504817976136785540692641805902885141323639376322384281,0xb9183a69d22c45e55e6c3aa56adc8b5bf2ec0158,0x2287e350
0xb3c367e4381253ff1c4226345f00e190615b35d2ce677db0f46558bf4dc569ad,H|2026-04-30,27.65297,29.61441,9.999999,0.3376734164,9.999999,29.61441,0.98072,28.63369,0.00000,-0.98072,0.98072,True,False,False,True,1000,0,82369506093963091769710504817976136785540692641805902885141323639376322384281,0x06e77ff1d32d870fe3122d57a3625c9ddb2087c2,0x2287e350
0xae56d78224f18a559307cf8cf78a45d0ec61803f2e8aaff16b4ba99fe3b3653e,H|2026-04-30,2.86844,2.95714,2.069998,0.7,2.069998,2.95714,0.04435,2.91279,0.00000,-0.04435,0.04435,True,False,False,True,1000,0,48521820430544481690034436341436265393511268145916093750422523330328334350484,0x5780ba160eae1ec8d2f7b50aff46966fd53add00,0x2287e350
0x0c8a60a0cd56436f661a752f0070fd7319defaadc595c43fb9077f95a62a716f,H|2026-04-30,4.167441,4.457141,1.559999,0.3499999215,1.559999,4.457141,0.14485,4.312291,0.000000,-0.144850,0.144850,True,False,False,True,1000,0,82369506093963091769710504817976136785540692641805902885141323639376322384281,0xad128860261aa3b09e29aed57b23d58c04e8b115,0x2287e350
0xd13253872a65732285777ae64cbff4983851d11281c06a5afcac1990eedb2296,H|2026-04-30,138.63573,142.92857,99.999999,0.6996501749,99.999999,142.92857,2.14642,140.78215,0.00000,-2.14642,2.14642,True,False,False,True,1000,0,48521820430544481690034436341436265393511268145916093750422523330328334350484,0x2b962386961de2ccd75c2ffdec2e2eabbb3c7f2d,0x2287e350
0x58a178c3c581eeea66958ba1aabab8f0e8409afe7c3c206eb90e215d022d3b36,H|2026-04-30,2.747075,2.941175,0.999999,0.33999983,0.999999,2.941175,0.09705,2.844125,0.000000,-0.097050,0.097050,True,False,False,True,1000,0,82369506093963091769710504817976136785540692641805902885141323639376322384281,0x3cce43966b8fb51d9af5016e80d7dc374417a405,0x2287e350
0x0d935b6c9b19fbc6420f91357445adfa2fec16197ca3d5578ac3cfb54fc2da5e,H|2026-04-30,1.300012,1.333332,0.999999,0.75,0.999999,1.333332,0.01666,1.316672,0.000000,-0.016660,0.016660,True,False,False,True,1000,0,48521820430544481690034436341436265393511268145916093750422523330328334350484,0x8b9eafa288e5a9775aea527260ac3af1fcae3d07,0x2287e350
0xe1ec5d157b80188881bc27986e438783649a4ca7f0bda501f4ac0bb2a6cf1b9e,H|2026-04-30,9.74026,9.99,7.4925,0.75,7.4925,9.99,0.12487,9.86513,0.00,-0.12487,0.12487,True,False,False,True,1000,0,48521820430544481690034436341436265393511268145916093750422523330328334350484,0xeb747705bbd51b84a7f9018f69e0be82ec872f5a,0x2287e350
0xb7a1e109051e04e9ab653fded5ec934ee0f9ebd1dcb68bf55f9ba4be352773b1,H|2026-04-30,2.9125,3.125,1,0.32,1,3.125,0.10625,3.01875,0.000,-0.10625,0.10625,True,False,False,True,1000,0,82369506093963091769710504817976136785540692641805902885141323639376322384281,0x189d720e59b482a95f6c1cb49982049c035c51d3,0x2287e350
0x7b5f9bc254824e9c94cbc2af0dc9897e78405f8e91766702675d34c7e1d73a1d,H|2026-04-30,14.06008,14.48,10.2808,0.71,10.2808,14.48,0.20996,14.27004,0.00,-0.20996,0.20996,True,False,False,True,1000,0,48521820430544481690034436341436265393511268145916093750422523330328334350484,0xbf629033d02a606a8eb7266cad55f39b20cefcee,0x2287e350
0xb59ace548d39d044e2d008e129850a69004dba1b6be49dfdddc7516d91b6fe4b,H|2026-04-30,19.42,20,14.2,0.71,14.2,20,0.29,19.71,0,-0.29,0.29,True,False,False,True,1000,0,48521820430544481690034436341436265393511268145916093750422523330328334350484,0xbf629033d02a606a8eb7266cad55f39b20cefcee,0x2287e350
0x5e2b26873b502b57dab8ca7565e6b897d68bf80c932d2c86954efd8369748aa2,H|2026-04-30,22.59376,23.4375,15,0.64,15,23.4375,0.42187,23.01563,0.0000,-0.42187,0.42187,True,False,False,True,1000,0,48521820430544481690034436341436265393511268145916093750422523330328334350484,0xbf629033d02a606a8eb7266cad55f39b20cefcee,0x2287e350
0xf7ca1684296035af7fdd0b0b1e11bfda9a25c94a14cef3765ec9274148c2fec0,H|2026-04-30,30.40626,31.5625,20,0.6336633663,20,31.5625,0.57812,30.98438,0.0000,-0.57812,0.57812,True,False,False,True,1000,0,48521820430544481690034436341436265393511268145916093750422523330328334350484,0xbf629033d02a606a8eb7266cad55f39b20cefcee,0x2287e350
0x8a3f708ff8493b38bafa885736ab2ace9023a2da2f7073bdfc46d576e31cd3f6,H|2026-04-30,28.89,30,18.9,0.63,18.9,30,0.555,29.445,0,-0.555,0.555,True,False,False,True,1000,0,48521820430544481690034436341436265393511268145916093750422523330328334350484,0x6b2b10ec646ac1f074f94b9d41e095b20ed5d9c7,0x2287e350
0x0ad7a313960c41b6d7ee32d1e7d56c450ddbda8bed943674e02eec0eefd9d57c,H|2026-04-30,28.33453,29.26057,19.999999,0.6835136499,19.999999,29.26057,0.46302,28.79755,0.00000,-0.46302,0.46302,True,False,False,True,1000,0,48521820430544481690034436341436265393511268145916093750422523330328334350484,0x6b2b10ec646ac1f074f94b9d41e095b20ed5d9c7,0x2287e350
0xb1e5d07a6567ee46be7985433ccae4d55140ea9917317bc1331a9856bc4df255,H|2026-04-30,1.882825,1.953125,1.25,0.64,1.25,1.953125,0.03515,1.917975,0.000000,-0.035150,0.035150,True,False,False,True,1000,0,48521820430544481690034436341436265393511268145916093750422523330328334350484,0xfe0e8609806dead758dec0fcb5f7c468e6e91d8b,0x2287e350
0x20963dc5d8b8ca5250aa77c36309b7b0ab648b7e9bd24de25885795facdeb0cf,H|2026-04-30,40.51342,42.07,26.5041,0.63,26.5041,42.07,0.77829,41.29171,0.00,-0.77829,0.77829,True,False,False,True,1000,0,48521820430544481690034436341436265393511268145916093750422523330328334350484,0x3b7926debab8f64d4f95b34c01bbfdb5fe2c6f9d,0x2287e350
0x5d11baf0ae58de4855eeaa6f759a26bad025aa0978a0ad8fc8ace990977c2ded,H|2026-04-30,1.894,2,0.94,0.47,0.94,2,0.053,1.947,0,-0.053,0.053,True,False,False,True,1000,0,48521820430544481690034436341436265393511268145916093750422523330328334350484,0x703c9b35d96f135b6efa0faf33801f90a38d3827,0x2287e350
0xb3f3a04bedfdd5e84013dc7964132584b3a2483e4684d8e113de8866303a58fb,H|2026-04-30,18.938,20,9.38,0.469,9.38,20,0.531,19.469,0,-0.531,0.531,True,False,False,True,1000,0,48521820430544481690034436341436265393511268145916093750422523330328334350484,0x703c9b35d96f135b6efa0faf33801f90a38d3827,0x2287e350
0xa2353b61b4808addb71bd009e9d383639ec5ae22a0de23a5bb5a45f1ca29b473,H|2026-04-30,21.758,23,10.58,0.46,10.58,23,0.621,22.379,0,-0.621,0.621,True,False,False,True,1000,0,48521820430544481690034436341436265393511268145916093750422523330328334350484,0x703c9b35d96f135b6efa0faf33801f90a38d3827,0x2287e350
0x997bb1096c7105dbf301b0ee0889b1f65fabd146ba735ca498b0854897d65885,H|2026-04-30,4.79,5,2.9,0.58,2.9,5,0.105,4.895,0,-0.105,0.105,True,False,False,True,1000,0,82369506093963091769710504817976136785540692641805902885141323639376322384281,0x9e88f359b9803e41420fbb13385c5ae1765c301c,0x2287e350
0x601a0c6c23a341437ae7e18e89ffe657a7995d50af7c048377dc055e6fc67a9a,H|2026-04-30,18.64116,19.54,10.5516,0.54,10.5516,19.54,0.44942,19.09058,0.00,-0.44942,0.44942,True,False,False,True,1000,0,48521820430544481690034436341436265393511268145916093750422523330328334350484,0x9eae9dc70a6eb5c831a0ac96931c8488431598a5,0x2287e350
0x8f60b7e844b1b149331d5ee1cf504faa1448f4e9a7637bc5f97b7733be4d9e11,H|2026-04-30,26.348,28,11.48,0.41,11.48,28,0.826,27.174,0,-0.826,0.826,True,False,False,True,1000,0,48521820430544481690034436341436265393511268145916093750422523330328334350484,0xe000e1dd06d3d17dc943dc9215a2e166efd5cbb1,0x2287e350
0xf9ca4aa4f8a322206906d076682a1bbaec7694309102d5ac07e6fa782abec38b,H|2026-04-30,18.8,20,8,0.4,8,20,0.6,19.4,0,-0.6,0.6,True,False,False,True,1000,0,48521820430544481690034436341436265393511268145916093750422523330328334350484,0xe000e1dd06d3d17dc943dc9215a2e166efd5cbb1,0x2287e350
0x03f8c536fae0faf0710c1fa5a4f14fe817e7fb160fbfe48ef60ace2cdf2be758,H|2026-04-30,60.58,65,20.8,0.32,20.8,65,2.21,62.79,0,-2.21,2.21,True,False,False,True,1000,0,48521820430544481690034436341436265393511268145916093750422523330328334350484,0xe000e1dd06d3d17dc943dc9215a2e166efd5cbb1,0x2287e350
0x60b668af8469611403d6a1a642bdd0aa8e35c4d12011a60b2190a93317d46f54,H|2026-04-30,4.85,5,3.5,0.7,3.5,5,0.075,4.925,0,-0.075,0.075,True,False,False,True,1000,0,82369506093963091769710504817976136785540692641805902885141323639376322384281,0x9e88f359b9803e41420fbb13385c5ae1765c301c,0x2287e350
0x80cfff40b4225411511c451a8c9e3ef0f4a217225d5149637671d0cc7d487215,H|2026-04-30,4.85,5,3.5,0.7,3.5,5,0.075,4.925,0,-0.075,0.075,True,False,False,True,1000,0,82369506093963091769710504817976136785540692641805902885141323639376322384281,0x9e88f359b9803e41420fbb13385c5ae1765c301c,0x2287e350
0x492b45b2da7c3adae9b28d5795d9ce45daa2661674611de6307a779b3b38e56d,H|2026-04-30,355.46002,380,134.6,0.3542105263,134.6,380,12.26999,367.73001,0,-12.26999,12.26999,True,False,False,True,1000,0,82369506093963091769710504817976136785540692641805902885141323639376322384281,0xf9f207b77137caa79c6c4516abdef3133db45cba,0x2287e350
0x1b67d00dc33ddae3ead8de97adc3b3eb8fd35418eb0f9aa9af3b86c780fbbbb1,H|2026-04-30,1.171435,1.190475,0.999999,0.84,0.999999,1.190475,0.00952,1.180955,0.000000,-0.009520,0.009520,True,False,False,True,1000,0,48521820430544481690034436341436265393511268145916093750422523330328334350484,0x12fd9244bbcf9b9fc14be5cd6e708749c6cec776,0x2287e350
0x174d8236fef5be1936a04e2c10e2ffb0603ef193df604c306c281c9b381d03e6,H|2026-04-30,1.171435,1.190475,0.999999,0.84,0.999999,1.190475,0.00952,1.180955,0.000000,-0.009520,0.009520,True,False,False,True,1000,0,48521820430544481690034436341436265393511268145916093750422523330328334350484,0x6abd7255dadd0a8c46faa1403182e884493663e9,0x2287e350
0x45c62588770e48fb990b8fd8891f12b9347c59d8da6084ec78102612c67b77bd,H|2026-04-30,1.171435,1.190475,0.999999,0.84,0.999999,1.190475,0.00952,1.180955,0.000000,-0.009520,0.009520,True,False,False,True,1000,0,48521820430544481690034436341436265393511268145916093750422523330328334350484,0xbb42d04558c1d616fed44f87b2ec45e3ad201ca0,0x2287e350
0x6d7a55be2046c3d27929553cb8e5be5330561df970a5eb0feedd2d41cf80bbf0,GRAB|2026-05-04,1.03749,1.04165,0.999984,0.96,0.999984,1.04165,0.00208,1.03957,0.00000,-0.00208,0.00208,True,False,False,True,1000,0,14119168945048349564078476229244687235724816888660672680065994012113607295285,0x58d0323d6e294b60b3b5125a36216a4bf4f6b7e1,0x2287e350
0x5e3eff4d0ee76202ae1b1cd3c8c088a345e404c4f9f6cae21623335932128515,GRAB|2026-05-04,8.000012,8.333332,4.999999,0.599999976,4.999999,8.333332,0.16666,8.166672,0.000000,-0.166660,0.166660,True,False,False,True,1000,0,50542880302518803423650444962698965668751235680632374940276757024671676614864,0x2ad0d578a31fe466b067417d888f5dc6af9489d2,0x2287e350
0x55c730f6602491ace3d7909b3e3e034b60a733a57e72b518630c90a23cd2fae5,HESM|2026-05-04,8.000012,8.333332,4.999999,0.599999976,4.999999,8.333332,0.16666,8.166672,0.000000,-0.166660,0.166660,True,False,False,True,1000,0,14548121828147688637268514329148946196138880977310428453313507869267769519757,0x2ad0d578a31fe466b067417d888f5dc6af9489d2,0x2287e350
0x0b2eb61e6bafa803f45de3cc14f013a8452cae2e191a1194ec702102522b312d,EA|2026-05-05,4.775,5,2.75,0.55,2.75,5,0.1125,4.8875,0,-0.1125,0.1125,True,False,False,True,1000,0,75950985676217288761113214086122302758780857221528439117069535410024188906774,0x2d1eeb1c3e188728d343635065bb9eeee9588213,0x2287e350
0xc1e6bca424e206da0f08a01dd908a860addf2ec4f0ae4d5b9c13bb727c7a7dc8,EA|2026-05-05,1.300012,1.333332,0.999999,0.75,0.999999,1.333332,0.01666,1.316672,0.000000,-0.016660,0.016660,True,False,False,True,1000,0,75950985676217288761113214086122302758780857221528439117069535410024188906774,0xf4f09795269288594febe9aec59ae604b09471a6,0x2287e350
0x5e7178e4c970021773d0f2391746a46cb02e668381bfe24b81b487917d6415b4,UBER|2026-05-06,6.15,6.25,5.25,0.84,5.25,6.25,0.05,6.20,0.00,-0.05,0.05,True,False,False,True,1000,0,69159601559809080191852788735175298055388478433258814576093354322706040135578,0xbf629033d02a606a8eb7266cad55f39b20cefcee,0x2287e350
0x7a178e90a571e1c6a4fd20c461c55b38275bfd358848bfc6bf4f93f362d3585c,UBER|2026-05-06,8.1884,8.33,6.9139,0.83,6.9139,8.33,0.0708,8.2592,0.00,-0.0708,0.0708,True,False,False,True,1000,0,69159601559809080191852788735175298055388478433258814576093354322706040135578,0xbf629033d02a606a8eb7266cad55f39b20cefcee,0x2287e350
0xed0ff3fe1c2916121ae04c136d7ae56932927a3173bb178245a516b3e5de6c8a,UBER|2026-05-06,7.666692,8.333332,4.999999,0.599999976,4.999999,8.333332,0.16666,8.166672,0.000000,-0.499980,0.499980,True,False,False,True,1000,0,75249850027421342302756997592903139457608860033973773539789748538873092975552,0x2ad0d578a31fe466b067417d888f5dc6af9489d2,0x2287e350
0x13d52571bb958ccf6f1a5b1d6d3fbf32e5ffb96ed649582cbf5e156764c03925,DKNG|2026-05-07,95,100,50,0.5,50,100,2.5,97.5,0,-2.5,2.5,True,False,False,True,1000,0,22752944995091873036578192594190122010917156885126112460407163987365316303536,0x74e1dda2454e1b1409752e4ea9b9ca44af1d314c,0x2287e350
0xd16ebfbde13b55f4cb5edc4df5e56743dbf2c9588ac2a5a571988cdd7d3b4540,DKNG|2026-05-07,9.15626,10,1.5625,0.15625,1.5625,10,0.42187,9.57813,0,-0.42187,0.42187,True,False,False,True,1000,0,22752944995091873036578192594190122010917156885126112460407163987365316303536,0xeb747705bbd51b84a7f9018f69e0be82ec872f5a,0x2287e350
0x67d5407dd3c2e73792c0a44eebfbd3e693af6ea8087446587430abeb3066fbd9,DKNG|2026-05-07,6.15,6.25,5.25,0.84,5.25,6.25,0.05,6.20,0.00,-0.05,0.05,True,False,False,True,1000,0,78240992585631584474682626807812917477959073846750608831046774656781128223711,0xbf629033d02a606a8eb7266cad55f39b20cefcee,0x2287e350
0x4de2676b791a00691ef21911d30098d59eb528f19fbe2161730bad4578dbbeaa,WRBY|2026-05-07,9.68,10.2,5,0.4901960784,5,10.2,0.26,9.94,0.0,-0.26,0.26,True,False,False,True,1000,0,107440000235130200172364240988713238166351016284772254424783772125767188028998,0x84ed62887d92d641128e74808241336b7e64d19f,0x2287e350
0x788ce2f596aa71787128f8b5905993ddacd6fb5c755d8d7b972d221d8ce1355a,WRBY|2026-05-07,9.68,10,6.8,0.68,6.8,10,0.16,9.84,0,-0.16,0.16,True,False,False,True,1000,0,95173017399385121870955474908481320417035510786108571655289501978842482298356,0x0d590832c8cd9ba61490d0a04af43cca0707f7e5,0x2287e350
