path,bytes,sha256,market_id,event_key,token_label,token_id,chunk_index,start_ts,end_ts,request_url
raw/2866430_no_000.json,186770,dfb791c7a7750fa0586debd8978fcfc044a96946ccac8172962c96ae4dcdf6fa,2866430,AAL|2026-07-23,no,31220240587972735965078168419829955478398845862708974095059998061287291694614,0,1783690241,1784122241,https://clob.polymarket.com/prices-history?market=31220240587972735965078168419829955478398845862708974095059998061287291694614&startTs=1783690241&endTs=1784122241&fidelity=1
raw/2866430_no_001.json,191224,a256769347808f2b66f44770ef883c663b67077174ed265017a291428abc63d9,2866430,AAL|2026-07-23,no,31220240587972735965078168419829955478398845862708974095059998061287291694614,1,1784122241,1784554241,https://clob.polymarket.com/prices-history?market=31220240587972735965078168419829955478398845862708974095059998061287291694614&startTs=1784122241&endTs=1784554241&fidelity=1
raw/2866430_no_002.json,85200,8694df0ec86b0dacfcb9712fbfcdcf7d4b6027318a0ea964d428fd4f0469dcbf,2866430,AAL|2026-07-23,no,31220240587972735965078168419829955478398845862708974095059998061287291694614,2,1784554241,1784750400,https://clob.polymarket.com/prices-history?market=31220240587972735965078168419829955478398845862708974095059998061287291694614&startTs=1784554241&endTs=1784750400&fidelity=1
raw/2866430_yes_000.json,186770,f4a098753f46c09e26f22b3db9512ced38baf2699eaa16490534da43802ff28c,2866430,AAL|2026-07-23,yes,14429799910913779275558326100499524449261424595508502920222137786541582336650,0,1783690241,1784122241,https://clob.polymarket.com/prices-history?market=14429799910913779275558326100499524449261424595508502920222137786541582336650&startTs=1783690241&endTs=1784122241&fidelity=1
raw/2866430_yes_001.json,191222,d1d30ffc7d177b53fb0c82a8c02b132c46f175045e6fdb57825a42035bea45c0,2866430,AAL|2026-07-23,yes,14429799910913779275558326100499524449261424595508502920222137786541582336650,1,1784122241,1784554241,https://clob.polymarket.com/prices-history?market=14429799910913779275558326100499524449261424595508502920222137786541582336650&startTs=1784122241&endTs=1784554241&fidelity=1
raw/2866430_yes_002.json,85201,3f9f250600535e8555d86016f0ff26ba8fe0ee42826cf098e3896467ebdb0b57,2866430,AAL|2026-07-23,yes,14429799910913779275558326100499524449261424595508502920222137786541582336650,2,1784554241,1784750400,https://clob.polymarket.com/prices-history?market=14429799910913779275558326100499524449261424595508502920222137786541582336650&startTs=1784554241&endTs=1784750400&fidelity=1
raw/675008_no_000.json,189794,20ce9714a3cb589883beaba885e75554b5ffe440ca4293793ad064354c20aed8,675008,ACM|2025-11-18,no,4661208899923233639694883609628498285157072633859243796745641896917015160765,0,1762802042,1763234042,https://clob.polymarket.com/prices-history?market=4661208899923233639694883609628498285157072633859243796745641896917015160765&startTs=1762802042&endTs=1763234042&fidelity=1
raw/675008_no_001.json,78799,b3a2ebfb654e5cb17347dd4e9e3762dee6947f33e8be789144a9a9739b3ac3c6,675008,ACM|2025-11-18,no,4661208899923233639694883609628498285157072633859243796745641896917015160765,1,1763234042,1763413200,https://clob.polymarket.com/prices-history?market=4661208899923233639694883609628498285157072633859243796745641896917015160765&startTs=1763234042&endTs=1763413200&fidelity=1
raw/675008_yes_000.json,189794,941bae46dd8f83ead2f189f35e29c6723fa605f8e12e01d0a4bc4b3fbcd71f57,675008,ACM|2025-11-18,yes,52324227131601851967051390212855362408152965365660453531390009843361257885212,0,1762802042,1763234042,https://clob.polymarket.com/prices-history?market=52324227131601851967051390212855362408152965365660453531390009843361257885212&startTs=1762802042&endTs=1763234042&fidelity=1
raw/675008_yes_001.json,78799,47b5d2524cd0d700e041caafb07097db8f11f0f7e101dc4f7ac14878f55b1a8b,675008,ACM|2025-11-18,yes,52324227131601851967051390212855362408152965365660453531390009843361257885212,1,1763234042,1763413200,https://clob.polymarket.com/prices-history?market=52324227131601851967051390212855362408152965365660453531390009843361257885212&startTs=1763234042&endTs=1763413200&fidelity=1
raw/2129328_no_000.json,190051,e4d8be187325c8b3766194b79e2d53e798d14670672ec0f95d5afd9e46accae8,2129328,AMAT|2026-05-14,no,114537192994532136164049145212369588191354868543384724647028437988369698576341,0,1777906081,1778338081,https://clob.polymarket.com/prices-history?market=114537192994532136164049145212369588191354868543384724647028437988369698576341&startTs=1777906081&endTs=1778338081&fidelity=1
raw/2129328_no_001.json,167171,c86e799284a363346e49ce1a50086879ff00a573ff715ce57579a626efaef912,2129328,AMAT|2026-05-14,no,114537192994532136164049145212369588191354868543384724647028437988369698576341,1,1778338081,1778702400,https://clob.polymarket.com/prices-history?market=114537192994532136164049145212369588191354868543384724647028437988369698576341&startTs=1778338081&endTs=1778702400&fidelity=1
raw/2129328_yes_000.json,190049,40859245ed5411ba6d14952fe8d121c99b7215aa20201b977ea87b90283ef4cb,2129328,AMAT|2026-05-14,yes,65693161094637795380681585861398190150674616823140886995164839307012934781480,0,1777906081,1778338081,https://clob.polymarket.com/prices-history?market=65693161094637795380681585861398190150674616823140886995164839307012934781480&startTs=1777906081&endTs=1778338081&fidelity=1
raw/2129328_yes_001.json,167186,8bf24cff1701237a3236ee9145999a7b2feccf51d2ca6a3092839918c85d30ac,2129328,AMAT|2026-05-14,yes,65693161094637795380681585861398190150674616823140886995164839307012934781480,1,1778338081,1778702400,https://clob.polymarket.com/prices-history?market=65693161094637795380681585861398190150674616823140886995164839307012934781480&startTs=1778338081&endTs=1778702400&fidelity=1
raw/657445_no_000.json,155936,fd930ab454a4640414e6469bc65cee3639bf7d5560642cf9f41b9d6a3ff84496,657445,AMD|2025-11-04,no,28964213100432433409778344318748705197316091237499891917226758827097525194612,0,1761857658,1762203600,https://clob.polymarket.com/prices-history?market=28964213100432433409778344318748705197316091237499891917226758827097525194612&startTs=1761857658&endTs=1762203600&fidelity=1
raw/657445_yes_000.json,155937,44948d82e23bfdc7e26a780a9d0f41b85f53c380973e196be475024a0d5fe897,657445,AMD|2025-11-04,yes,104924915364061782307058520356837993937160185725077572951377151813187328065795,0,1761857658,1762203600,https://clob.polymarket.com/prices-history?market=104924915364061782307058520356837993937160185725077572951377151813187328065795&startTs=1761857658&endTs=1762203600&fidelity=1
raw/2044093_no_000.json,189879,2b58c93a09f7b46ca8e7e0bc62eebb71f78ab368f5a562b0e46407ab41eb10ad,2044093,AMZN|2026-04-29,no,61650571969350012059143035007682085336370797177472124377730331395136649702198,0,1776781672,1777213672,https://clob.polymarket.com/prices-history?market=61650571969350012059143035007682085336370797177472124377730331395136649702198&startTs=1776781672&endTs=1777213672&fidelity=1
raw/2044093_no_001.json,88147,575dfb5b119b54c21bc4dc55e6bd37d70b58116ac61f3066dc6a8248d12a74fe,2044093,AMZN|2026-04-29,no,61650571969350012059143035007682085336370797177472124377730331395136649702198,1,1777213672,1777406400,https://clob.polymarket.com/prices-history?market=61650571969350012059143035007682085336370797177472124377730331395136649702198&startTs=1777213672&endTs=1777406400&fidelity=1
raw/2044093_yes_000.json,189878,01ddd829685ac156c3159297a79f56a566a331cd7bf4d34d882e6756a967601c,2044093,AMZN|2026-04-29,yes,54338344555925965428218648464876157611160577999253552608862942394053899037262,0,1776781672,1777213672,https://clob.polymarket.com/prices-history?market=54338344555925965428218648464876157611160577999253552608862942394053899037262&startTs=1776781672&endTs=1777213672&fidelity=1
raw/2044093_yes_001.json,88150,415316e05ec085841d91082ad053039de846c8f161051859b10b1f68964c000a,2044093,AMZN|2026-04-29,yes,54338344555925965428218648464876157611160577999253552608862942394053899037262,1,1777213672,1777406400,https://clob.polymarket.com/prices-history?market=54338344555925965428218648464876157611160577999253552608862942394053899037262&startTs=1777213672&endTs=1777406400&fidelity=1
raw/1403526_no_000.json,185958,c0e7a9876b6e8ce666887fcd58f11ff7f9b1d9918c03d2e26c884a93c5ee2fcb,1403526,ANF|2026-03-04,no,111240292706183248562572813386860889952609490699390177482405486189068368713726,0,1771614090,1772046090,https://clob.polymarket.com/prices-history?market=111240292706183248562572813386860889952609490699390177482405486189068368713726&startTs=1771614090&endTs=1772046090&fidelity=1
raw/1403526_no_001.json,189726,7ac82b715f52a65af461c3116626b19f07d547e239c117b5000e7406e0c1ecc1,1403526,ANF|2026-03-04,no,111240292706183248562572813386860889952609490699390177482405486189068368713726,1,1772046090,1772478090,https://clob.polymarket.com/prices-history?market=111240292706183248562572813386860889952609490699390177482405486189068368713726&startTs=1772046090&endTs=1772478090&fidelity=1
raw/1403526_no_002.json,41237,4f1870af631508f6b2ac99a1f73a2d5b9fe84de9603ae695b8422a4813d388de,1403526,ANF|2026-03-04,no,111240292706183248562572813386860889952609490699390177482405486189068368713726,2,1772478090,1772571600,https://clob.polymarket.com/prices-history?market=111240292706183248562572813386860889952609490699390177482405486189068368713726&startTs=1772478090&endTs=1772571600&fidelity=1
raw/1403526_yes_000.json,185961,2ccc2b5793d5ca39870d9f15416bae0414cfd2adbe2c912b51d09e845d24d0a3,1403526,ANF|2026-03-04,yes,109343996176069492713642533808736439402386112393447094171685478588860862073124,0,1771614090,1772046090,https://clob.polymarket.com/prices-history?market=109343996176069492713642533808736439402386112393447094171685478588860862073124&startTs=1771614090&endTs=1772046090&fidelity=1
raw/1403526_yes_001.json,189725,4dfb004445ef852be852a4e1a2a90cbec4341d169ef77d29febe9800bddbc868,1403526,ANF|2026-03-04,yes,109343996176069492713642533808736439402386112393447094171685478588860862073124,1,1772046090,1772478090,https://clob.polymarket.com/prices-history?market=109343996176069492713642533808736439402386112393447094171685478588860862073124&startTs=1772046090&endTs=1772478090&fidelity=1
raw/1403526_yes_002.json,41210,bdc1a6c34718832667d0c2521cf17340b0bc9dc0e8659c830d4f30427adfb4ed,1403526,ANF|2026-03-04,yes,109343996176069492713642533808736439402386112393447094171685478588860862073124,2,1772478090,1772571600,https://clob.polymarket.com/prices-history?market=109343996176069492713642533808736439402386112393447094171685478588860862073124&startTs=1772478090&endTs=1772571600&fidelity=1
raw/619984_no_000.json,186697,b217bfd1a70b38d65a04e595e6b097d9b4642cb712f18e7d288c7dd9d7bb39f7,619984,APLD|2025-10-09,no,28855119539963429850492298511382171846875325887712027364600407642226277725336,0,1759524737,1759953600,https://clob.polymarket.com/prices-history?market=28855119539963429850492298511382171846875325887712027364600407642226277725336&startTs=1759524737&endTs=1759953600&fidelity=1
raw/619984_yes_000.json,186697,928f4a2945b58644cc791be946c3d71e7711a15709249264748ec840e5754424,619984,APLD|2025-10-09,yes,112554553237492010389712832862437088485795745543136466480942257799712028422732,0,1759524737,1759953600,https://clob.polymarket.com/prices-history?market=112554553237492010389712832862437088485795745543136466480942257799712028422732&startTs=1759524737&endTs=1759953600&fidelity=1
raw/1494785_no_000.json,188855,699b7022e420b684d363bde0ccfb25d9fa565634a6083bfa161ebf06a9e1961f,1494785,ASO|2026-03-17,no,48696191475235623429575490676196006398930693953013914821588134758147689120955,0,1772569878,1773001878,https://clob.polymarket.com/prices-history?market=48696191475235623429575490676196006398930693953013914821588134758147689120955&startTs=1772569878&endTs=1773001878&fidelity=1
raw/1494785_no_001.json,196879,79d99dbe7e429bfacb279f30d1a40753ccdbd8108ce5f14f4654f6a66f30217a,1494785,ASO|2026-03-17,no,48696191475235623429575490676196006398930693953013914821588134758147689120955,1,1773001878,1773433878,https://clob.polymarket.com/prices-history?market=48696191475235623429575490676196006398930693953013914821588134758147689120955&startTs=1773001878&endTs=1773433878&fidelity=1
raw/1494785_no_002.json,117635,9499041a155495317ba55bda56fbaace98d7d079abc9ff0bac72e0e49ce9b5cc,1494785,ASO|2026-03-17,no,48696191475235623429575490676196006398930693953013914821588134758147689120955,2,1773433878,1773691200,https://clob.polymarket.com/prices-history?market=48696191475235623429575490676196006398930693953013914821588134758147689120955&startTs=1773433878&endTs=1773691200&fidelity=1
raw/1494785_yes_000.json,188857,ae08221c2354d76a946ff09db5280c6d1d2ed0f1795656e212814180eeca8981,1494785,ASO|2026-03-17,yes,17909271779340770258453835780818299140259739093040844466574645320126555042651,0,1772569878,1773001878,https://clob.polymarket.com/prices-history?market=17909271779340770258453835780818299140259739093040844466574645320126555042651&startTs=1772569878&endTs=1773001878&fidelity=1
raw/1494785_yes_001.json,196879,6a18f370a1b6c9da960027faef84186402964897989da118e8753022f0a31cc6,1494785,ASO|2026-03-17,yes,17909271779340770258453835780818299140259739093040844466574645320126555042651,1,1773001878,1773433878,https://clob.polymarket.com/prices-history?market=17909271779340770258453835780818299140259739093040844466574645320126555042651&startTs=1773001878&endTs=1773433878&fidelity=1
raw/1494785_yes_002.json,117633,2edc3884612525e76f594c63f4f1405264fc1c084d7882ea41720339e413412b,1494785,ASO|2026-03-17,yes,17909271779340770258453835780818299140259739093040844466574645320126555042651,2,1773433878,1773691200,https://clob.polymarket.com/prices-history?market=17909271779340770258453835780818299140259739093040844466574645320126555042651&startTs=1773433878&endTs=1773691200&fidelity=1
raw/549606_no_000.json,35636,d9eafa4a3d3be12c342764e2c5e5cb2469b688594e30ab061890c5f4a5765ae1,549606,AVGO|2025-06-05,no,112752769356302515946683319389849930733858256104729063655552512731309901237386,0,1748982859,1749067200,https://clob.polymarket.com/prices-history?market=112752769356302515946683319389849930733858256104729063655552512731309901237386&startTs=1748982859&endTs=1749067200&fidelity=1
raw/549606_yes_000.json,35636,89532581f50718aa89108f9e26779efcb5303cc92d9d65c81a99e19b84c9022d,549606,AVGO|2025-06-05,yes,84886573341175623685628120099839739650936705130532091968343465331021017857431,0,1748982859,1749067200,https://clob.polymarket.com/prices-history?market=84886573341175623685628120099839739650936705130532091968343465331021017857431&startTs=1748982859&endTs=1749067200&fidelity=1
raw/627451_no_000.json,187910,40740f37afb72a5519c2200307df641c0fc291d76f12aeeee1c8658bf27ae344,627451,AXP|2025-10-17,no,48637519119500382216362967146677532052647502126232953510336086514142565157575,0,1759934740,1760366740,https://clob.polymarket.com/prices-history?market=48637519119500382216362967146677532052647502126232953510336086514142565157575&startTs=1759934740&endTs=1760366740&fidelity=1
raw/627451_no_001.json,123484,f21ab893d21ea498e95e0f3dd75d95093eb1d460f16d6bc0a6e424f530af8968,627451,AXP|2025-10-17,no,48637519119500382216362967146677532052647502126232953510336086514142565157575,1,1760366740,1760644800,https://clob.polymarket.com/prices-history?market=48637519119500382216362967146677532052647502126232953510336086514142565157575&startTs=1760366740&endTs=1760644800&fidelity=1
raw/627451_yes_000.json,187909,ac003c1b34ada8c27315f9bac4503a2ef1460401c402f6037126679c88e01a3c,627451,AXP|2025-10-17,yes,68423193747771748632243602858250996130915752965090783266405358056563157845337,0,1759934740,1760366740,https://clob.polymarket.com/prices-history?market=68423193747771748632243602858250996130915752965090783266405358056563157845337&startTs=1759934740&endTs=1760366740&fidelity=1
raw/627451_yes_001.json,123485,36122c300209f98bc2f87679c1697295604713ddd19f7cfcef195731d57e0051,627451,AXP|2025-10-17,yes,68423193747771748632243602858250996130915752965090783266405358056563157845337,1,1760366740,1760644800,https://clob.polymarket.com/prices-history?market=68423193747771748632243602858250996130915752965090783266405358056563157845337&startTs=1760366740&endTs=1760644800&fidelity=1
raw/1937066_no_000.json,185089,3bcf62c06ab368663feef29ec24a2b302dbb42716e69db3392716f6323f72ad8,1937066,AXP|2026-04-23,no,4903415337154128576730715319402526544372118770371409184146964038189493592446,0,1775851571,1776283571,https://clob.polymarket.com/prices-history?market=4903415337154128576730715319402526544372118770371409184146964038189493592446&startTs=1775851571&endTs=1776283571&fidelity=1
raw/1937066_no_001.json,185065,a170215d7dfe104939792127651fd2fec0cbe053973cce49e5acdc6fc971bc1e,1937066,AXP|2026-04-23,no,4903415337154128576730715319402526544372118770371409184146964038189493592446,1,1776283571,1776715571,https://clob.polymarket.com/prices-history?market=4903415337154128576730715319402526544372118770371409184146964038189493592446&startTs=1776283571&endTs=1776715571&fidelity=1
raw/1937066_no_002.json,74058,b3a6778765e40bc669db328a7b76e76f6b3a9539f91f9d1f7e1b784102566488,1937066,AXP|2026-04-23,no,4903415337154128576730715319402526544372118770371409184146964038189493592446,2,1776715571,1776888000,https://clob.polymarket.com/prices-history?market=4903415337154128576730715319402526544372118770371409184146964038189493592446&startTs=1776715571&endTs=1776888000&fidelity=1
raw/1937066_yes_000.json,185087,c2877f56271d13b60c9fa33c594d9964463fc26df5807ddd5c0a501a66a95191,1937066,AXP|2026-04-23,yes,31696350477853814213783090021395532660590009452067784693417106113888470237535,0,1775851571,1776283571,https://clob.polymarket.com/prices-history?market=31696350477853814213783090021395532660590009452067784693417106113888470237535&startTs=1775851571&endTs=1776283571&fidelity=1
raw/1937066_yes_001.json,185065,81cb1b6fe96f85461f8510cc76de60ab3a5bdbb49ea249963bfd20711f55b9fe,1937066,AXP|2026-04-23,yes,31696350477853814213783090021395532660590009452067784693417106113888470237535,1,1776283571,1776715571,https://clob.polymarket.com/prices-history?market=31696350477853814213783090021395532660590009452067784693417106113888470237535&startTs=1776283571&endTs=1776715571&fidelity=1
raw/1937066_yes_002.json,74057,3af3d080e204f1a707a5fe85b5c6e80539ec0f3f6360f7a9f75b72c3bf4b2c2d,1937066,AXP|2026-04-23,yes,31696350477853814213783090021395532660590009452067784693417106113888470237535,2,1776715571,1776888000,https://clob.polymarket.com/prices-history?market=31696350477853814213783090021395532660590009452067784693417106113888470237535&startTs=1776715571&endTs=1776888000&fidelity=1
raw/2745655_no_000.json,188217,03c25b3a6458fd9c4838fdc3012e5890509f17fa237ca63c796f5e3d3e98dd17,2745655,BAC|2026-07-14,no,17209644773313879179244696942095535804107710547275997424732055997424144060257,0,1782866701,1783298701,https://clob.polymarket.com/prices-history?market=17209644773313879179244696942095535804107710547275997424732055997424144060257&startTs=1782866701&endTs=1783298701&fidelity=1
raw/2745655_no_001.json,188946,970bd6981524ac227ae101207a0b308a519807a33a3c1c5d9f384510d7d702e2,2745655,BAC|2026-07-14,no,17209644773313879179244696942095535804107710547275997424732055997424144060257,1,1783298701,1783730701,https://clob.polymarket.com/prices-history?market=17209644773313879179244696942095535804107710547275997424732055997424144060257&startTs=1783298701&endTs=1783730701&fidelity=1
raw/2745655_no_002.json,107235,16940ccf6640ea66be6a74ae36134b9694ba8184b7765262009e767d9399ac99,2745655,BAC|2026-07-14,no,17209644773313879179244696942095535804107710547275997424732055997424144060257,2,1783730701,1783972800,https://clob.polymarket.com/prices-history?market=17209644773313879179244696942095535804107710547275997424732055997424144060257&startTs=1783730701&endTs=1783972800&fidelity=1
raw/2745655_yes_000.json,188215,4da9c64b96ac2ace2b3750003eaf7a701ed6daaea3ca296efc1eb972ef258508,2745655,BAC|2026-07-14,yes,61073765282120675756131603797195389797893093107837239514093757365127689402259,0,1782866701,1783298701,https://clob.polymarket.com/prices-history?market=61073765282120675756131603797195389797893093107837239514093757365127689402259&startTs=1782866701&endTs=1783298701&fidelity=1
raw/2745655_yes_001.json,188946,7e7c818eb9ae4c912e128e75f5069c3d0e7507a9abe6d4a107633b15de3533b8,2745655,BAC|2026-07-14,yes,61073765282120675756131603797195389797893093107837239514093757365127689402259,1,1783298701,1783730701,https://clob.polymarket.com/prices-history?market=61073765282120675756131603797195389797893093107837239514093757365127689402259&startTs=1783298701&endTs=1783730701&fidelity=1
raw/2745655_yes_002.json,107235,0eb11f5762fa900a5948ad677b2a7dd267cecd4cbbf4ac83887ea660d209432a,2745655,BAC|2026-07-14,yes,61073765282120675756131603797195389797893093107837239514093757365127689402259,2,1783730701,1783972800,https://clob.polymarket.com/prices-history?market=61073765282120675756131603797195389797893093107837239514093757365127689402259&startTs=1783730701&endTs=1783972800&fidelity=1
raw/647505_no_000.json,188181,b35c9c141b3687b4df56920eb65f332685a496435bad7e475ddf89e9e249d125,647505,BA|2025-10-29,no,40288756139350982506846753241501078002747127085925112539767236406228926221842,0,1761252332,1761681600,https://clob.polymarket.com/prices-history?market=40288756139350982506846753241501078002747127085925112539767236406228926221842&startTs=1761252332&endTs=1761681600&fidelity=1
raw/647505_yes_000.json,188180,204f2d94f12014a4171c6b9bab439802d2d56c31aa02a4a66aaf22b64f750d59,647505,BA|2025-10-29,yes,47329751011335295935722288490545932928316899283050808979765379361585202416956,0,1761252332,1761681600,https://clob.polymarket.com/prices-history?market=47329751011335295935722288490545932928316899283050808979765379361585202416956&startTs=1761252332&endTs=1761681600&fidelity=1
raw/675540_no_000.json,186596,8d1702bbef6c988b2eec663c831c5300f7052473b9315649d1529a94d65fa6c6,675540,BBWI|2025-11-20,no,94087020514012086220100497190422085962135896723983873904178876162809990609845,0,1762816604,1763248604,https://clob.polymarket.com/prices-history?market=94087020514012086220100497190422085962135896723983873904178876162809990609845&startTs=1762816604&endTs=1763248604&fidelity=1
raw/675540_no_001.json,149862,f2ae8f9282afa240da810bec92b6441f4f8fab5ee179f8ee5ef3fe47855c41b4,675540,BBWI|2025-11-20,no,94087020514012086220100497190422085962135896723983873904178876162809990609845,1,1763248604,1763586000,https://clob.polymarket.com/prices-history?market=94087020514012086220100497190422085962135896723983873904178876162809990609845&startTs=1763248604&endTs=1763586000&fidelity=1
raw/675540_yes_000.json,186596,605dc41bb05339ebb3fa8cc80f8f0b0fcd5ecc511360eafe6aaf808ee7b48af5,675540,BBWI|2025-11-20,yes,109394427114462139409179374838376747293163308357304852094725444304375479463669,0,1762816604,1763248604,https://clob.polymarket.com/prices-history?market=109394427114462139409179374838376747293163308357304852094725444304375479463669&startTs=1762816604&endTs=1763248604&fidelity=1
raw/675540_yes_001.json,149862,262a8ad020a536e905eec11ad6e74e1b1e2a936aad09732778295899a5393919,675540,BBWI|2025-11-20,yes,109394427114462139409179374838376747293163308357304852094725444304375479463669,1,1763248604,1763586000,https://clob.polymarket.com/prices-history?market=109394427114462139409179374838376747293163308357304852094725444304375479463669&startTs=1763248604&endTs=1763586000&fidelity=1
raw/619556_no_000.json,189198,45432d45129af4aff089df38aad9d4981a1b298954206c3c8170df656fad0f7d,619556,BLK|2025-10-14,no,107000542866011393322603444685580995333183935316727170198410292926787101182683,0,1759524058,1759956058,https://clob.polymarket.com/prices-history?market=107000542866011393322603444685580995333183935316727170198410292926787101182683&startTs=1759524058&endTs=1759956058&fidelity=1
raw/619556_no_001.json,190361,07732a0a41b7b33be4be8ba6fa2e22f28473e0aa160a28783dbacc247be59df5,619556,BLK|2025-10-14,no,107000542866011393322603444685580995333183935316727170198410292926787101182683,1,1759956058,1760385600,https://clob.polymarket.com/prices-history?market=107000542866011393322603444685580995333183935316727170198410292926787101182683&startTs=1759956058&endTs=1760385600&fidelity=1
raw/619556_yes_000.json,189198,d1bef4b19f2ad248bb4a32eb338c73603fd678ace282a340970582e2bbe212a7,619556,BLK|2025-10-14,yes,105818134816492989857859675397661515589486426075774379468585464225118011364502,0,1759524058,1759956058,https://clob.polymarket.com/prices-history?market=105818134816492989857859675397661515589486426075774379468585464225118011364502&startTs=1759524058&endTs=1759956058&fidelity=1
raw/619556_yes_001.json,190361,78ec276ba8224d0232edcf85ae7eaef3d3a4c7c63813d26b43b889a1a79c2932,619556,BLK|2025-10-14,yes,105818134816492989857859675397661515589486426075774379468585464225118011364502,1,1759956058,1760385600,https://clob.polymarket.com/prices-history?market=105818134816492989857859675397661515589486426075774379468585464225118011364502&startTs=1759956058&endTs=1760385600&fidelity=1
raw/599915_no_000.json,23372,bb5a2c56b93ffa75aed7e66769365e0f4ecdb52d3b0fe26525905ea9e967ed33,599915,BLSH|2025-09-17,no,60203237745945405858344548477412078564883573113184567269480043730388381369290,0,1757995845,1758052800,https://clob.polymarket.com/prices-history?market=60203237745945405858344548477412078564883573113184567269480043730388381369290&startTs=1757995845&endTs=1758052800&fidelity=1
raw/599915_yes_000.json,23372,91c736e211cdc1d14257e8373222ef832b9a3dcf7813a164ebd5a7ec4ab470ab,599915,BLSH|2025-09-17,yes,84168101423063717584312131882025997653331315733971766618452205834197949074445,0,1757995845,1758052800,https://clob.polymarket.com/prices-history?market=84168101423063717584312131882025997653331315733971766618452205834197949074445&startTs=1757995845&endTs=1758052800&fidelity=1
raw/1399742_no_000.json,186600,ece27c847d259d746e051e016203e9669610ee64f3adbab90259cf59b437fc22,1399742,BOX|2026-03-03,no,92543955982544515259245875557363706756162194172302760493552957036599669408736,0,1771539645,1771971645,https://clob.polymarket.com/prices-history?market=92543955982544515259245875557363706756162194172302760493552957036599669408736&startTs=1771539645&endTs=1771971645&fidelity=1
raw/1399742_no_001.json,189658,73d5b5741027390e2a5baaf2da5d6b21491be413ee1f07508d6ab388c32e5e45,1399742,BOX|2026-03-03,no,92543955982544515259245875557363706756162194172302760493552957036599669408736,1,1771971645,1772403645,https://clob.polymarket.com/prices-history?market=92543955982544515259245875557363706756162194172302760493552957036599669408736&startTs=1771971645&endTs=1772403645&fidelity=1
raw/1399742_no_002.json,35989,5b37463f7ae07d1cfabdb867d09a2329aae036f7610804ac7a0d80765d2a619b,1399742,BOX|2026-03-03,no,92543955982544515259245875557363706756162194172302760493552957036599669408736,2,1772403645,1772485200,https://clob.polymarket.com/prices-history?market=92543955982544515259245875557363706756162194172302760493552957036599669408736&startTs=1772403645&endTs=1772485200&fidelity=1
raw/1399742_yes_000.json,186599,9923542bc675842732d2aa5cf32ad167bda6159ea74aa6fbb1be9939ed319145,1399742,BOX|2026-03-03,yes,36259257426040797078457967821397259894611531051657935049973218740213413876039,0,1771539645,1771971645,https://clob.polymarket.com/prices-history?market=36259257426040797078457967821397259894611531051657935049973218740213413876039&startTs=1771539645&endTs=1771971645&fidelity=1
raw/1399742_yes_001.json,189658,5244aea3fe10736b545df63ff703a29a00b667c80adb3f6df8ff7016913d1d99,1399742,BOX|2026-03-03,yes,36259257426040797078457967821397259894611531051657935049973218740213413876039,1,1771971645,1772403645,https://clob.polymarket.com/prices-history?market=36259257426040797078457967821397259894611531051657935049973218740213413876039&startTs=1771971645&endTs=1772403645&fidelity=1
raw/1399742_yes_002.json,35989,67a1980202f50bdf57e9ea8e768b2d7600bfef7f426914d2a69b260963add100,1399742,BOX|2026-03-03,yes,36259257426040797078457967821397259894611531051657935049973218740213413876039,2,1772403645,1772485200,https://clob.polymarket.com/prices-history?market=36259257426040797078457967821397259894611531051657935049973218740213413876039&startTs=1772403645&endTs=1772485200&fidelity=1
raw/647852_no_000.json,184418,36f3a4fc95f0417fe96fb7e1bebff4224201bc1c2e0804cc3e6e2e9acf21a060,647852,BUD|2025-10-30,no,108349445506405567793351132141906858569424948280201597021215379972392766527444,0,1761306756,1761738756,https://clob.polymarket.com/prices-history?market=108349445506405567793351132141906858569424948280201597021215379972392766527444&startTs=1761306756&endTs=1761738756&fidelity=1
raw/647852_no_001.json,10975,baea730f3e1e25c6f00f6fe2e936de2616313e5249779ae36ea417ad97f4f20f,647852,BUD|2025-10-30,no,108349445506405567793351132141906858569424948280201597021215379972392766527444,1,1761738756,1761768000,https://clob.polymarket.com/prices-history?market=108349445506405567793351132141906858569424948280201597021215379972392766527444&startTs=1761738756&endTs=1761768000&fidelity=1
raw/647852_yes_000.json,184418,8761d68dd63d16ebc720200a65e34d884a715e9496b1a889ea6bb4a6c25fad2e,647852,BUD|2025-10-30,yes,113575107417493833473937870246720331331917847529709763283642785131794204615730,0,1761306756,1761738756,https://clob.polymarket.com/prices-history?market=113575107417493833473937870246720331331917847529709763283642785131794204615730&startTs=1761306756&endTs=1761738756&fidelity=1
raw/647852_yes_001.json,10975,d216260432636e6c619c6261e74d057f169e54bed9fd13dd9a758ad50aa593b0,647852,BUD|2025-10-30,yes,113575107417493833473937870246720331331917847529709763283642785131794204615730,1,1761738756,1761768000,https://clob.polymarket.com/prices-history?market=113575107417493833473937870246720331331917847529709763283642785131794204615730&startTs=1761738756&endTs=1761768000&fidelity=1
raw/701955_no_000.json,190442,65f61f8e5dbfa570c25f46ec77e90cc069910fec7629f2f9c45e3a6b77bf4618,701955,CASY|2025-12-09,no,49737112076629901654207780946871467736085847802333106216006087225221314906458,0,1764023394,1764455394,https://clob.polymarket.com/prices-history?market=49737112076629901654207780946871467736085847802333106216006087225221314906458&startTs=1764023394&endTs=1764455394&fidelity=1
raw/701955_no_001.json,190873,721f26597cbb9f31f91d41faf2e71bb4308e5304177f0597b5678a9bf7fb9b37,701955,CASY|2025-12-09,no,49737112076629901654207780946871467736085847802333106216006087225221314906458,1,1764455394,1764887394,https://clob.polymarket.com/prices-history?market=49737112076629901654207780946871467736085847802333106216006087225221314906458&startTs=1764455394&endTs=1764887394&fidelity=1
raw/701955_no_002.json,150509,1c076ea195e4e7423dcae519aa5b3793cf708cf21f629903ae02d257694274bf,701955,CASY|2025-12-09,no,49737112076629901654207780946871467736085847802333106216006087225221314906458,2,1764887394,1765227600,https://clob.polymarket.com/prices-history?market=49737112076629901654207780946871467736085847802333106216006087225221314906458&startTs=1764887394&endTs=1765227600&fidelity=1
raw/701955_yes_000.json,190442,4cc573d3e81a7206c5a61fb4640b4014e62a7f21fdc694d14cbdd3253bc88897,701955,CASY|2025-12-09,yes,13698626683054112030368460254408434324707680604956356885298767706127561194501,0,1764023394,1764455394,https://clob.polymarket.com/prices-history?market=13698626683054112030368460254408434324707680604956356885298767706127561194501&startTs=1764023394&endTs=1764455394&fidelity=1
raw/701955_yes_001.json,190873,fd4bfbc9695a5415ba3575e4299cf407bd6b3eb185403946f5ec6ea89f2904f4,701955,CASY|2025-12-09,yes,13698626683054112030368460254408434324707680604956356885298767706127561194501,1,1764455394,1764887394,https://clob.polymarket.com/prices-history?market=13698626683054112030368460254408434324707680604956356885298767706127561194501&startTs=1764455394&endTs=1764887394&fidelity=1
raw/701955_yes_002.json,150509,93fbc5389098e409fceb044895fbff1ceb70db6860b8de9833bb1dba15720225,701955,CASY|2025-12-09,yes,13698626683054112030368460254408434324707680604956356885298767706127561194501,2,1764887394,1765227600,https://clob.polymarket.com/prices-history?market=13698626683054112030368460254408434324707680604956356885298767706127561194501&startTs=1764887394&endTs=1765227600&fidelity=1
raw/1421510_no_000.json,189099,f9da3b01970ec560a9d4b6244fc11f3d423c1d3e5f4eda6906e1ed820fc62889,1421510,CASY|2026-03-09,no,14884823814190391541189144518511879773381217425919865857589365245739646303663,0,1771881031,1772313031,https://clob.polymarket.com/prices-history?market=14884823814190391541189144518511879773381217425919865857589365245739646303663&startTs=1771881031&endTs=1772313031&fidelity=1
raw/1421510_no_001.json,193341,2c3cb1b5296dd0e27e685affdb2bbf1666e6e3da339dd18bef59b7273d1b29ad,1421510,CASY|2026-03-09,no,14884823814190391541189144518511879773381217425919865857589365245739646303663,1,1772313031,1772745031,https://clob.polymarket.com/prices-history?market=14884823814190391541189144518511879773381217425919865857589365245739646303663&startTs=1772313031&endTs=1772745031&fidelity=1
raw/1421510_no_002.json,37664,f42e5e972728e7aea5d651aafc9254c06e6eab615c89eeed4d0490110052a4a7,1421510,CASY|2026-03-09,no,14884823814190391541189144518511879773381217425919865857589365245739646303663,2,1772745031,1772830800,https://clob.polymarket.com/prices-history?market=14884823814190391541189144518511879773381217425919865857589365245739646303663&startTs=1772745031&endTs=1772830800&fidelity=1
raw/1421510_yes_000.json,189099,f15f0e92ea7a945d73036ce28a314340aff2b3c5565fd7a99ffdaa1ac6f0872a,1421510,CASY|2026-03-09,yes,39152581967389807802071911075843491396834801993584296508515595626119818128041,0,1771881031,1772313031,https://clob.polymarket.com/prices-history?market=39152581967389807802071911075843491396834801993584296508515595626119818128041&startTs=1771881031&endTs=1772313031&fidelity=1
raw/1421510_yes_001.json,193341,e9083db117acb053146dbf480e9c8d0569f905d58abcec91533b067937aaa244,1421510,CASY|2026-03-09,yes,39152581967389807802071911075843491396834801993584296508515595626119818128041,1,1772313031,1772745031,https://clob.polymarket.com/prices-history?market=39152581967389807802071911075843491396834801993584296508515595626119818128041&startTs=1772313031&endTs=1772745031&fidelity=1
raw/1421510_yes_002.json,37664,e17d448558ae1369a7356d9b07d5e4a433f2bc04fea573b775aa61b0053043ae,1421510,CASY|2026-03-09,yes,39152581967389807802071911075843491396834801993584296508515595626119818128041,2,1772745031,1772830800,https://clob.polymarket.com/prices-history?market=39152581967389807802071911075843491396834801993584296508515595626119818128041&startTs=1772745031&endTs=1772830800&fidelity=1
raw/1937070_no_000.json,185415,ad389053709814d1388d0010c2639dddc09f76f41665977719977b8fdb139d5f,1937070,CBRE|2026-04-23,no,3304642769480150076644247515461349243156146087647502388963925443167633793224,0,1775851833,1776283833,https://clob.polymarket.com/prices-history?market=3304642769480150076644247515461349243156146087647502388963925443167633793224&startTs=1775851833&endTs=1776283833&fidelity=1
raw/1937070_no_001.json,187080,00cd6fe3806e047d78559ae9e40495fd510377b5dfec0617f93bf0e6b96b0c44,1937070,CBRE|2026-04-23,no,3304642769480150076644247515461349243156146087647502388963925443167633793224,1,1776283833,1776715833,https://clob.polymarket.com/prices-history?market=3304642769480150076644247515461349243156146087647502388963925443167633793224&startTs=1776283833&endTs=1776715833&fidelity=1
raw/1937070_no_002.json,75916,2e945c127b8b5cbda19625ea97fea98e499d3288ba49cc467631ff00e64b2b36,1937070,CBRE|2026-04-23,no,3304642769480150076644247515461349243156146087647502388963925443167633793224,2,1776715833,1776888000,https://clob.polymarket.com/prices-history?market=3304642769480150076644247515461349243156146087647502388963925443167633793224&startTs=1776715833&endTs=1776888000&fidelity=1
raw/1937070_yes_000.json,185421,8d4ee3c274d52d821b3142ab884e4572e0869b3214112e9c93e4d0328718173f,1937070,CBRE|2026-04-23,yes,85387314011271868621520053897203355123167072894114370261277204847495755847019,0,1775851833,1776283833,https://clob.polymarket.com/prices-history?market=85387314011271868621520053897203355123167072894114370261277204847495755847019&startTs=1775851833&endTs=1776283833&fidelity=1
raw/1937070_yes_001.json,187076,860861005f2f67dbb58c19b812c47dadc9cee993e9b340123fce4908826c4706,1937070,CBRE|2026-04-23,yes,85387314011271868621520053897203355123167072894114370261277204847495755847019,1,1776283833,1776715833,https://clob.polymarket.com/prices-history?market=85387314011271868621520053897203355123167072894114370261277204847495755847019&startTs=1776283833&endTs=1776715833&fidelity=1
raw/1937070_yes_002.json,75915,8e7f0d6cb46979aade8e709bba67f5fd3d8b683dba7be41ebf79042d9c3defc6,1937070,CBRE|2026-04-23,yes,85387314011271868621520053897203355123167072894114370261277204847495755847019,2,1776715833,1776888000,https://clob.polymarket.com/prices-history?market=85387314011271868621520053897203355123167072894114370261277204847495755847019&startTs=1776715833&endTs=1776888000&fidelity=1
raw/627454_no_000.json,185120,08e5d63a33316e17a068d5f97989804c349f0c7cd780f10009b995465f9c76e3,627454,CB|2025-10-21,no,76312131397442450220668428880172757568008104234354825139402845781568410552408,0,1759935600,1760367600,https://clob.polymarket.com/prices-history?market=76312131397442450220668428880172757568008104234354825139402845781568410552408&startTs=1759935600&endTs=1760367600&fidelity=1
raw/627454_no_001.json,192633,93f95c151da274460bbdde6c4cafa8fe42215593968c0064f525ace2300581f6,627454,CB|2025-10-21,no,76312131397442450220668428880172757568008104234354825139402845781568410552408,1,1760367600,1760799600,https://clob.polymarket.com/prices-history?market=76312131397442450220668428880172757568008104234354825139402845781568410552408&startTs=1760367600&endTs=1760799600&fidelity=1
raw/627454_no_002.json,85495,0c334f40d7c7c2ccb5b49316bddb7e05b2711285f4c9441786c0566967db38ac,627454,CB|2025-10-21,no,76312131397442450220668428880172757568008104234354825139402845781568410552408,2,1760799600,1760990400,https://clob.polymarket.com/prices-history?market=76312131397442450220668428880172757568008104234354825139402845781568410552408&startTs=1760799600&endTs=1760990400&fidelity=1
raw/627454_yes_000.json,185120,80cbaa4b8c1fb41476cdd20e8a06a9c0c081a33f4c156a9b768baf1f18aa8823,627454,CB|2025-10-21,yes,15682006973809542047308703678356751542265344889895048219736652469284483901689,0,1759935600,1760367600,https://clob.polymarket.com/prices-history?market=15682006973809542047308703678356751542265344889895048219736652469284483901689&startTs=1759935600&endTs=1760367600&fidelity=1
raw/627454_yes_001.json,192633,942fa29a0e876e5fe55792164d7451e90f6f6b0fe3c37935e6b0eab5ff96af81,627454,CB|2025-10-21,yes,15682006973809542047308703678356751542265344889895048219736652469284483901689,1,1760367600,1760799600,https://clob.polymarket.com/prices-history?market=15682006973809542047308703678356751542265344889895048219736652469284483901689&startTs=1760367600&endTs=1760799600&fidelity=1
raw/627454_yes_002.json,85495,342266e6f3be459f59be7ad5aad3808ebb9ab2f6a3c94411ea1a0c04fdadd511,627454,CB|2025-10-21,yes,15682006973809542047308703678356751542265344889895048219736652469284483901689,2,1760799600,1760990400,https://clob.polymarket.com/prices-history?market=15682006973809542047308703678356751542265344889895048219736652469284483901689&startTs=1760799600&endTs=1760990400&fidelity=1
raw/1321400_no_000.json,155188,dddf4691b09564289982febb8da4cfb5c2b1aa345217b37bc94fd246d8b66b5d,1321400,CHGG|2026-02-09,no,16350399573170258672784280354277379756654902694762902305472982848567411546103,0,1770057074,1770411600,https://clob.polymarket.com/prices-history?market=16350399573170258672784280354277379756654902694762902305472982848567411546103&startTs=1770057074&endTs=1770411600&fidelity=1
raw/1321400_yes_000.json,155188,1970c957f108b0dacae84c344845d44bea2958ec9c8335cbe2519f89b12ce983,1321400,CHGG|2026-02-09,yes,440390036107032855099463044756061522942208217397127160027417672687667756907,0,1770057074,1770411600,https://clob.polymarket.com/prices-history?market=440390036107032855099463044756061522942208217397127160027417672687667756907&startTs=1770057074&endTs=1770411600&fidelity=1
raw/2387806_no_000.json,186984,05925094a61db88f89a3619f70059e2b374dcbe5aff17e5f61451e0594088d27,2387806,CHWY|2026-06-10,no,16575160301142301280692266854169733405891408141766461639956456537966988801465,0,1780493385,1780925385,https://clob.polymarket.com/prices-history?market=16575160301142301280692266854169733405891408141766461639956456537966988801465&startTs=1780493385&endTs=1780925385&fidelity=1
raw/2387806_no_001.json,48486,93f19cf9e8be8342d0db90a6253bac46d0fbc64282e78b72406a45ca1aa3cd58,2387806,CHWY|2026-06-10,no,16575160301142301280692266854169733405891408141766461639956456537966988801465,1,1780925385,1781035200,https://clob.polymarket.com/prices-history?market=16575160301142301280692266854169733405891408141766461639956456537966988801465&startTs=1780925385&endTs=1781035200&fidelity=1
raw/2387806_yes_000.json,186987,a38f51d049b3c0e5dbecb606be89a3a050f5e985b2363cff72240d4f6f6fb374,2387806,CHWY|2026-06-10,yes,28651903213066760393216426692848530074346826094934739016627628601265936711024,0,1780493385,1780925385,https://clob.polymarket.com/prices-history?market=28651903213066760393216426692848530074346826094934739016627628601265936711024&startTs=1780493385&endTs=1780925385&fidelity=1
raw/2387806_yes_001.json,48486,5f83fa771725800ef903d15376c9bc12213ff9af8e5c0c61a42d2bcc913c8512,2387806,CHWY|2026-06-10,yes,28651903213066760393216426692848530074346826094934739016627628601265936711024,1,1780925385,1781035200,https://clob.polymarket.com/prices-history?market=28651903213066760393216426692848530074346826094934739016627628601265936711024&startTs=1780925385&endTs=1781035200&fidelity=1
raw/648376_no_000.json,182426,837caa6e2e2a8e175801b7ddba718994986c3961da9186dd6555881cbef554e2,648376,CL|2025-10-31,no,65506423920943841943750514312731464271918171871488434078954359543796196573384,0,1761323478,1761755478,https://clob.polymarket.com/prices-history?market=65506423920943841943750514312731464271918171871488434078954359543796196573384&startTs=1761323478&endTs=1761755478&fidelity=1
raw/648376_no_001.json,43651,bbd5c0848ae4878e36ace66ab5d99288c7619085932ec79545f89969c4203ea6,648376,CL|2025-10-31,no,65506423920943841943750514312731464271918171871488434078954359543796196573384,1,1761755478,1761854400,https://clob.polymarket.com/prices-history?market=65506423920943841943750514312731464271918171871488434078954359543796196573384&startTs=1761755478&endTs=1761854400&fidelity=1
raw/648376_yes_000.json,182426,48aa54b126f13b96500a34783ef8fca8b88865604e23fc3089f53b4b9f2d914c,648376,CL|2025-10-31,yes,2439184327512284445461419265027827178156062575669756705909068378657320311241,0,1761323478,1761755478,https://clob.polymarket.com/prices-history?market=2439184327512284445461419265027827178156062575669756705909068378657320311241&startTs=1761323478&endTs=1761755478&fidelity=1
raw/648376_yes_001.json,43651,1e8884150b524082edf3d8bec8fe89cee8050c6bdf1340bb8c8982e41ba56a31,648376,CL|2025-10-31,yes,2439184327512284445461419265027827178156062575669756705909068378657320311241,1,1761755478,1761854400,https://clob.polymarket.com/prices-history?market=2439184327512284445461419265027827178156062575669756705909068378657320311241&startTs=1761755478&endTs=1761854400&fidelity=1
raw/1230454_no_000.json,189879,928c958154698d3c14c9098bb2124e221289cfc6805d43674b5e354804bf7c5c,1230454,CMG|2026-02-03,no,5829347946459078869484576694700395224539837037452688653806069117494504636483,0,1768939711,1769371711,https://clob.polymarket.com/prices-history?market=5829347946459078869484576694700395224539837037452688653806069117494504636483&startTs=1768939711&endTs=1769371711&fidelity=1
raw/1230454_no_001.json,191088,084af8e8c5c1bd5bb0c12c5391e72dab0062ae5b6981bd0ca84388e13702fcb3,1230454,CMG|2026-02-03,no,5829347946459078869484576694700395224539837037452688653806069117494504636483,1,1769371711,1769803711,https://clob.polymarket.com/prices-history?market=5829347946459078869484576694700395224539837037452688653806069117494504636483&startTs=1769371711&endTs=1769803711&fidelity=1
raw/1230454_no_002.json,115899,016b5d7c19baf118215eeff85b7307005a06a80d0477703bef20af73c7a83ad2,1230454,CMG|2026-02-03,no,5829347946459078869484576694700395224539837037452688653806069117494504636483,2,1769803711,1770066000,https://clob.polymarket.com/prices-history?market=5829347946459078869484576694700395224539837037452688653806069117494504636483&startTs=1769803711&endTs=1770066000&fidelity=1
raw/1230454_yes_000.json,189879,a40a92a05741a93b8f889bbd06d4a90b8262c72467f377143108e960f6386506,1230454,CMG|2026-02-03,yes,114998709916619094391929998433987044016961351442809471990601062396171492599078,0,1768939711,1769371711,https://clob.polymarket.com/prices-history?market=114998709916619094391929998433987044016961351442809471990601062396171492599078&startTs=1768939711&endTs=1769371711&fidelity=1
raw/1230454_yes_001.json,191088,359cae81543891c35cc711b4439a45dbafe8b8877227e872e51b088efdf6b093,1230454,CMG|2026-02-03,yes,114998709916619094391929998433987044016961351442809471990601062396171492599078,1,1769371711,1769803711,https://clob.polymarket.com/prices-history?market=114998709916619094391929998433987044016961351442809471990601062396171492599078&startTs=1769371711&endTs=1769803711&fidelity=1
raw/1230454_yes_002.json,115899,ac50651ed1dcea5d6aab7d2a4b4bfa6fdae1e652f828c2404db6a2e1db1e40d4,1230454,CMG|2026-02-03,yes,114998709916619094391929998433987044016961351442809471990601062396171492599078,2,1769803711,1770066000,https://clob.polymarket.com/prices-history?market=114998709916619094391929998433987044016961351442809471990601062396171492599078&startTs=1769803711&endTs=1770066000&fidelity=1
raw/1403853_no_000.json,186035,c2f6ce7f192370a2c709b471cc008db97edee40d42534b02e2dbccf5baf5e578,1403853,COST|2026-03-05,no,89999427214787737190463004925331766687725886705132019646016139416845879172367,0,1771624400,1772056400,https://clob.polymarket.com/prices-history?market=89999427214787737190463004925331766687725886705132019646016139416845879172367&startTs=1771624400&endTs=1772056400&fidelity=1
raw/1403853_no_001.json,190545,a95ae5719ab4f92ab5be7497b5a437581e290b62abae77d92197b6ab43576e3f,1403853,COST|2026-03-05,no,89999427214787737190463004925331766687725886705132019646016139416845879172367,1,1772056400,1772488400,https://clob.polymarket.com/prices-history?market=89999427214787737190463004925331766687725886705132019646016139416845879172367&startTs=1772056400&endTs=1772488400&fidelity=1
raw/1403853_no_002.json,73767,106946945054e233dbe3143b36e899626cacd781c1c0effa410bcdec96a74895,1403853,COST|2026-03-05,no,89999427214787737190463004925331766687725886705132019646016139416845879172367,2,1772488400,1772658000,https://clob.polymarket.com/prices-history?market=89999427214787737190463004925331766687725886705132019646016139416845879172367&startTs=1772488400&endTs=1772658000&fidelity=1
raw/1403853_yes_000.json,186035,42a7b1ab1a1822aebc3ee4fec6942c05ba6a1bc7a21e5d3cf349e6d2c3934e62,1403853,COST|2026-03-05,yes,33741711422086362494085472195864752713490503357678001281594708578925615071563,0,1771624400,1772056400,https://clob.polymarket.com/prices-history?market=33741711422086362494085472195864752713490503357678001281594708578925615071563&startTs=1771624400&endTs=1772056400&fidelity=1
raw/1403853_yes_001.json,190545,a21a2716dbe13cc6c920a2be62add384812a453224c2718eb80e2090838a997e,1403853,COST|2026-03-05,yes,33741711422086362494085472195864752713490503357678001281594708578925615071563,1,1772056400,1772488400,https://clob.polymarket.com/prices-history?market=33741711422086362494085472195864752713490503357678001281594708578925615071563&startTs=1772056400&endTs=1772488400&fidelity=1
raw/1403853_yes_002.json,73767,9350d30a958c8d6cd6f668f176ec41bff142ccf009d522881107a3066460a709,1403853,COST|2026-03-05,yes,33741711422086362494085472195864752713490503357678001281594708578925615071563,2,1772488400,1772658000,https://clob.polymarket.com/prices-history?market=33741711422086362494085472195864752713490503357678001281594708578925615071563&startTs=1772488400&endTs=1772658000&fidelity=1
raw/637869_no_000.json,189281,33ce60a0d4383adb751c228aa08f47f5bb52c17f28d53cec8ab414fc8ad13d3e,637869,COUR|2025-10-23,no,57871045156873474733427214491167602494784530210281492017475693155367774477126,0,1760650267,1761082267,https://clob.polymarket.com/prices-history?market=57871045156873474733427214491167602494784530210281492017475693155367774477126&startTs=1760650267&endTs=1761082267&fidelity=1
raw/637869_no_001.json,35968,af20add9513d93997e6d27daa3a0f38b563fdf95f0ccac6b6cc120f7efcc5411,637869,COUR|2025-10-23,no,57871045156873474733427214491167602494784530210281492017475693155367774477126,1,1761082267,1761163200,https://clob.polymarket.com/prices-history?market=57871045156873474733427214491167602494784530210281492017475693155367774477126&startTs=1761082267&endTs=1761163200&fidelity=1
raw/637869_yes_000.json,189283,705405b3fa211364b53f242cb1c53b144f545c9017bbc302f898334cbc0fcb3a,637869,COUR|2025-10-23,yes,36738440831482532074925499073092128287083095066843373365723561723832150028490,0,1760650267,1761082267,https://clob.polymarket.com/prices-history?market=36738440831482532074925499073092128287083095066843373365723561723832150028490&startTs=1760650267&endTs=1761082267&fidelity=1
raw/637869_yes_001.json,35968,a4d3f4aa2d6354dc74c767d74518ac7f80335f3a708d12fc373a25325f8c66dc,637869,COUR|2025-10-23,yes,36738440831482532074925499073092128287083095066843373365723561723832150028490,1,1761082267,1761163200,https://clob.polymarket.com/prices-history?market=36738440831482532074925499073092128287083095066843373365723561723832150028490&startTs=1761082267&endTs=1761163200&fidelity=1
raw/668460_no_000.json,189621,d43453c5baa876e8b895e526d4daf5bd0b99110630945a5e26980dcf0b8f8c51,668460,CRCL|2025-11-12,no,51768460349214063401600831082697085785345634860255640035043860977034606811681,0,1762462331,1762894331,https://clob.polymarket.com/prices-history?market=51768460349214063401600831082697085785345634860255640035043860977034606811681&startTs=1762462331&endTs=1762894331&fidelity=1
raw/668460_no_001.json,216,75ad5a1d8ec436db0fc17fe4ae8ec446651d89d5f7498fbe90d1b8ab59f6867d,668460,CRCL|2025-11-12,no,51768460349214063401600831082697085785345634860255640035043860977034606811681,1,1762894331,1762894800,https://clob.polymarket.com/prices-history?market=51768460349214063401600831082697085785345634860255640035043860977034606811681&startTs=1762894331&endTs=1762894800&fidelity=1
raw/668460_yes_000.json,189650,1788d55929fbef6bad66d0c100fff5ccabe032b81ad43ad85353ccead9711839,668460,CRCL|2025-11-12,yes,109056363571687373983948033529752179637533606904237177041136311248344656089863,0,1762462331,1762894331,https://clob.polymarket.com/prices-history?market=109056363571687373983948033529752179637533606904237177041136311248344656089863&startTs=1762462331&endTs=1762894331&fidelity=1
raw/668460_yes_001.json,189,7100ab5f081e3afb5780fbb886478bc27b253172d0959bdae2f3979c31eff1ee,668460,CRCL|2025-11-12,yes,109056363571687373983948033529752179637533606904237177041136311248344656089863,1,1762894331,1762894800,https://clob.polymarket.com/prices-history?market=109056363571687373983948033529752179637533606904237177041136311248344656089863&startTs=1762894331&endTs=1762894800&fidelity=1
raw/2110078_no_000.json,188560,97f3c48961a017876bd7c5f71e65532c994b95437f47805ce918f61b0adee675,2110078,CRCL|2026-05-11,no,9524085053035923006369501419495078173118270368277391328990642551723846436093,0,1777490607,1777922607,https://clob.polymarket.com/prices-history?market=9524085053035923006369501419495078173118270368277391328990642551723846436093&startTs=1777490607&endTs=1777922607&fidelity=1
raw/2110078_no_001.json,154525,3a7e2afc4888b3d3659a6f3ac44708cd63a9bda97af77f00d3ced50aefd8f5f3,2110078,CRCL|2026-05-11,no,9524085053035923006369501419495078173118270368277391328990642551723846436093,1,1777922607,1778270400,https://clob.polymarket.com/prices-history?market=9524085053035923006369501419495078173118270368277391328990642551723846436093&startTs=1777922607&endTs=1778270400&fidelity=1
raw/2110078_yes_000.json,188565,72483ece07029fa33a55692544ef09daed7e9ff4c6c7831171b3a540c99dab14,2110078,CRCL|2026-05-11,yes,96120978057030622063598214332848196653944851663304488391480949108663690508582,0,1777490607,1777922607,https://clob.polymarket.com/prices-history?market=96120978057030622063598214332848196653944851663304488391480949108663690508582&startTs=1777490607&endTs=1777922607&fidelity=1
raw/2110078_yes_001.json,154536,5ac1f070dedee4955a12b0f763838626ff0c6c8446fbd8342ddb86d62d5fed8f,2110078,CRCL|2026-05-11,yes,96120978057030622063598214332848196653944851663304488391480949108663690508582,1,1777922607,1778270400,https://clob.polymarket.com/prices-history?market=96120978057030622063598214332848196653944851663304488391480949108663690508582&startTs=1777922607&endTs=1778270400&fidelity=1
raw/697446_no_000.json,188965,850983325d39c9a9d60c101bf033f6472d957a22b3d8571063fc5f22f31efce3,697446,CRM|2025-12-03,no,45421604523197592246817964832184707875458222065619455521171453437746241389606,0,1763839292,1764271292,https://clob.polymarket.com/prices-history?market=45421604523197592246817964832184707875458222065619455521171453437746241389606&startTs=1763839292&endTs=1764271292&fidelity=1
raw/697446_no_001.json,190259,07a8b2bf4a6e1e24e7a4f148d3d224f28fc149f8e237cbc6ed2b60941a27c55f,697446,CRM|2025-12-03,no,45421604523197592246817964832184707875458222065619455521171453437746241389606,1,1764271292,1764703292,https://clob.polymarket.com/prices-history?market=45421604523197592246817964832184707875458222065619455521171453437746241389606&startTs=1764271292&endTs=1764703292&fidelity=1
raw/697446_no_002.json,2660,bbfafb1f7610437d49d962fa5a9c68e235a39cb4a953b7e15298b4b4eb8f6fc5,697446,CRM|2025-12-03,no,45421604523197592246817964832184707875458222065619455521171453437746241389606,2,1764703292,1764709200,https://clob.polymarket.com/prices-history?market=45421604523197592246817964832184707875458222065619455521171453437746241389606&startTs=1764703292&endTs=1764709200&fidelity=1
raw/697446_yes_000.json,188965,e38ec1f4bff804c27e705a068980491573a8558620a682205b010458f6de9d86,697446,CRM|2025-12-03,yes,40055898971055562526733055674369232643741557787312549652126535423676178847996,0,1763839292,1764271292,https://clob.polymarket.com/prices-history?market=40055898971055562526733055674369232643741557787312549652126535423676178847996&startTs=1763839292&endTs=1764271292&fidelity=1
raw/697446_yes_001.json,190259,1a7175160f17ca675ea123d5c3dd71ab787a520da0e2c01ec883155446d30d18,697446,CRM|2025-12-03,yes,40055898971055562526733055674369232643741557787312549652126535423676178847996,1,1764271292,1764703292,https://clob.polymarket.com/prices-history?market=40055898971055562526733055674369232643741557787312549652126535423676178847996&startTs=1764271292&endTs=1764703292&fidelity=1
raw/697446_yes_002.json,2660,56e51891f86ec37c9e4f5d4c63a86fa2274f94c0370d72c89969e9fc87dec9e5,697446,CRM|2025-12-03,yes,40055898971055562526733055674369232643741557787312549652126535423676178847996,2,1764703292,1764709200,https://clob.polymarket.com/prices-history?market=40055898971055562526733055674369232643741557787312549652126535423676178847996&startTs=1764703292&endTs=1764709200&fidelity=1
raw/1287905_no_000.json,188192,173f6418933bcf77ef51c0c94d19b5133975179ecbd0f38edf36de403271f249,1287905,CSCO|2026-02-11,no,89108368129725853935013902533346958096128796177249340005245758667285146927412,0,1769688107,1770120107,https://clob.polymarket.com/prices-history?market=89108368129725853935013902533346958096128796177249340005245758667285146927412&startTs=1769688107&endTs=1770120107&fidelity=1
raw/1287905_no_001.json,190769,2f28a3acc7cd3fd6b4eae339cd093d180aa227dc3905b63fa714c8eaf7521d25,1287905,CSCO|2026-02-11,no,89108368129725853935013902533346958096128796177249340005245758667285146927412,1,1770120107,1770552107,https://clob.polymarket.com/prices-history?market=89108368129725853935013902533346958096128796177249340005245758667285146927412&startTs=1770120107&endTs=1770552107&fidelity=1
raw/1287905_no_002.json,91222,384d8fdfce68acd7934789337d29e18131679d014ad493747bc79bc61f471cac,1287905,CSCO|2026-02-11,no,89108368129725853935013902533346958096128796177249340005245758667285146927412,2,1770552107,1770757200,https://clob.polymarket.com/prices-history?market=89108368129725853935013902533346958096128796177249340005245758667285146927412&startTs=1770552107&endTs=1770757200&fidelity=1
raw/1287905_yes_000.json,188190,6a7840d3a18dfcef98d485040bf90122378883d5301918490a1d1b3a3446ce56,1287905,CSCO|2026-02-11,yes,109358505042997809144156487061702665368504993372965094648385077192568480026270,0,1769688107,1770120107,https://clob.polymarket.com/prices-history?market=109358505042997809144156487061702665368504993372965094648385077192568480026270&startTs=1769688107&endTs=1770120107&fidelity=1
raw/1287905_yes_001.json,190769,a0c7fc6e5549387ce4995ae18551cac01e035183d7f87cfb0240c9286903ccf5,1287905,CSCO|2026-02-11,yes,109358505042997809144156487061702665368504993372965094648385077192568480026270,1,1770120107,1770552107,https://clob.polymarket.com/prices-history?market=109358505042997809144156487061702665368504993372965094648385077192568480026270&startTs=1770120107&endTs=1770552107&fidelity=1
raw/1287905_yes_002.json,91222,5fffadabed86c81bcc91cae87a11276fc41549c1af365b14440253b3c035fcc8,1287905,CSCO|2026-02-11,yes,109358505042997809144156487061702665368504993372965094648385077192568480026270,2,1770552107,1770757200,https://clob.polymarket.com/prices-history?market=109358505042997809144156487061702665368504993372965094648385077192568480026270&startTs=1770552107&endTs=1770757200&fidelity=1
raw/2110084_no_000.json,189847,1a62c849e35e073864a67f766f25d98aa368f0dcef0528dfb5d79e6d1290567a,2110084,CSCO|2026-05-13,no,114518932799154906465207666182091322993062412732198537365821726607926952171876,0,1777490345,1777922345,https://clob.polymarket.com/prices-history?market=114518932799154906465207666182091322993062412732198537365821726607926952171876&startTs=1777490345&endTs=1777922345&fidelity=1
raw/2110084_no_001.json,194994,78c99792aa72caaea3f1abac71c47e9b09d16f6a99cf3d7baa198930539cfba6,2110084,CSCO|2026-05-13,no,114518932799154906465207666182091322993062412732198537365821726607926952171876,1,1777922345,1778354345,https://clob.polymarket.com/prices-history?market=114518932799154906465207666182091322993062412732198537365821726607926952171876&startTs=1777922345&endTs=1778354345&fidelity=1
raw/2110084_no_002.json,119509,6e95e2feba02074489e40ca142c14e4747d1bd3a2debced810ef9be164240b5e,2110084,CSCO|2026-05-13,no,114518932799154906465207666182091322993062412732198537365821726607926952171876,2,1778354345,1778616000,https://clob.polymarket.com/prices-history?market=114518932799154906465207666182091322993062412732198537365821726607926952171876&startTs=1778354345&endTs=1778616000&fidelity=1
raw/2110084_yes_000.json,189846,67eae661b988c77421ef566950f09aaadf8310476e3862a1989727d3034b0c6f,2110084,CSCO|2026-05-13,yes,89149101788602053923163843190290115620566184640238174232344997794799139274589,0,1777490345,1777922345,https://clob.polymarket.com/prices-history?market=89149101788602053923163843190290115620566184640238174232344997794799139274589&startTs=1777490345&endTs=1777922345&fidelity=1
raw/2110084_yes_001.json,194996,5609b87fc826dc7ab7740ab33825f6bbda270451c2eec06764c78e7fb4f61993,2110084,CSCO|2026-05-13,yes,89149101788602053923163843190290115620566184640238174232344997794799139274589,1,1777922345,1778354345,https://clob.polymarket.com/prices-history?market=89149101788602053923163843190290115620566184640238174232344997794799139274589&startTs=1777922345&endTs=1778354345&fidelity=1
raw/2110084_yes_002.json,119507,2913c2e84e8b8ca6a2ff8308541f3dc52cd975f38bed1b6ddfc2c44b5d2de39a,2110084,CSCO|2026-05-13,yes,89149101788602053923163843190290115620566184640238174232344997794799139274589,2,1778354345,1778616000,https://clob.polymarket.com/prices-history?market=89149101788602053923163843190290115620566184640238174232344997794799139274589&startTs=1778354345&endTs=1778616000&fidelity=1
raw/1362677_no_000.json,189827,be5365ca11e7351a5883a10cbba8a4cc25d7792f0b7ce4e0d706b54b93ed847e,1362677,CSGP|2026-02-24,no,113259135705091934753121367471831992499953663820986370869326897316322761858549,0,1770724210,1771156210,https://clob.polymarket.com/prices-history?market=113259135705091934753121367471831992499953663820986370869326897316322761858549&startTs=1770724210&endTs=1771156210&fidelity=1
raw/1362677_no_001.json,190648,a61ac44327dd696c84272df1c1c13b976734696d3b265ba9832c276b72624c72,1362677,CSGP|2026-02-24,no,113259135705091934753121367471831992499953663820986370869326897316322761858549,1,1771156210,1771588210,https://clob.polymarket.com/prices-history?market=113259135705091934753121367471831992499953663820986370869326897316322761858549&startTs=1771156210&endTs=1771588210&fidelity=1
raw/1362677_no_002.json,129085,d91c72c536a753c49d721db04f5f197f8ec8460d90995f8ee567ca6bd511550f,1362677,CSGP|2026-02-24,no,113259135705091934753121367471831992499953663820986370869326897316322761858549,2,1771588210,1771880400,https://clob.polymarket.com/prices-history?market=113259135705091934753121367471831992499953663820986370869326897316322761858549&startTs=1771588210&endTs=1771880400&fidelity=1
raw/1362677_yes_000.json,189828,7f0c7c9ee0c24ca03636bbb08e2acfc23486e846668f5633086ad84f0ade0175,1362677,CSGP|2026-02-24,yes,78383882992993112768510017243507853733722412500309308593818997604937402599981,0,1770724210,1771156210,https://clob.polymarket.com/prices-history?market=78383882992993112768510017243507853733722412500309308593818997604937402599981&startTs=1770724210&endTs=1771156210&fidelity=1
raw/1362677_yes_001.json,190646,57ca4b12423d9d25cab23d5cbcd5a31c90232c6aeb1f6634ffe8479daa1bff02,1362677,CSGP|2026-02-24,yes,78383882992993112768510017243507853733722412500309308593818997604937402599981,1,1771156210,1771588210,https://clob.polymarket.com/prices-history?market=78383882992993112768510017243507853733722412500309308593818997604937402599981&startTs=1771156210&endTs=1771588210&fidelity=1
raw/1362677_yes_002.json,129083,a8a178af5554491cb43c47ce77dc24bab1e6ca30bed0abc43eb8e572d6dce855,1362677,CSGP|2026-02-24,yes,78383882992993112768510017243507853733722412500309308593818997604937402599981,2,1771588210,1771880400,https://clob.polymarket.com/prices-history?market=78383882992993112768510017243507853733722412500309308593818997604937402599981&startTs=1771588210&endTs=1771880400&fidelity=1
raw/1735232_no_000.json,188041,605dc07c6b7973e7373a614e68b3a0f777ce3ae7e42b57af8988a34637330e3c,1735232,DAL|2026-04-08,no,81820916968477620716494696230607326124825250959421094760404272073845685926936,0,1774557848,1774989848,https://clob.polymarket.com/prices-history?market=81820916968477620716494696230607326124825250959421094760404272073845685926936&startTs=1774557848&endTs=1774989848&fidelity=1
raw/1735232_no_001.json,192247,e077cf556d98fa114346941a5797123b06ce41cbc9c81738071ca55b113b6893,1735232,DAL|2026-04-08,no,81820916968477620716494696230607326124825250959421094760404272073845685926936,1,1774989848,1775421848,https://clob.polymarket.com/prices-history?market=81820916968477620716494696230607326124825250959421094760404272073845685926936&startTs=1774989848&endTs=1775421848&fidelity=1
raw/1735232_no_002.json,74585,52b4272b15d83d9644459933dbc0b69d9d2dd3459b4af29cf03a1f3608cce8a4,1735232,DAL|2026-04-08,no,81820916968477620716494696230607326124825250959421094760404272073845685926936,2,1775421848,1775592000,https://clob.polymarket.com/prices-history?market=81820916968477620716494696230607326124825250959421094760404272073845685926936&startTs=1775421848&endTs=1775592000&fidelity=1
raw/1735232_yes_000.json,188042,11ddcffd8b73a99cb434f02c5c0de392c9be969b6f54d5bdb2271c5df8f45bf5,1735232,DAL|2026-04-08,yes,86942345070229822178915468157930380484461808761182095834348447308916035769049,0,1774557848,1774989848,https://clob.polymarket.com/prices-history?market=86942345070229822178915468157930380484461808761182095834348447308916035769049&startTs=1774557848&endTs=1774989848&fidelity=1
raw/1735232_yes_001.json,192249,26410732eaab3b2dd71a66af9ba1585fc2fdb4d9d22972f08abdf5dc6a10faf7,1735232,DAL|2026-04-08,yes,86942345070229822178915468157930380484461808761182095834348447308916035769049,1,1774989848,1775421848,https://clob.polymarket.com/prices-history?market=86942345070229822178915468157930380484461808761182095834348447308916035769049&startTs=1774989848&endTs=1775421848&fidelity=1
raw/1735232_yes_002.json,74586,0bd379f1bdb39491f23769cea576b53b76d17a336c640d3f717681b8dc43b3a3,1735232,DAL|2026-04-08,yes,86942345070229822178915468157930380484461808761182095834348447308916035769049,2,1775421848,1775592000,https://clob.polymarket.com/prices-history?market=86942345070229822178915468157930380484461808761182095834348447308916035769049&startTs=1775421848&endTs=1775592000&fidelity=1
raw/657080_no_000.json,190021,65692318d70d1b46b0eeeeb3f1c6c83852843479197b149fc9a6942bad48a86b,657080,DBX|2025-11-06,no,41791561957731901114162985666175297179183182472295487641622034882444442451771,0,1761845558,1762277558,https://clob.polymarket.com/prices-history?market=41791561957731901114162985666175297179183182472295487641622034882444442451771&startTs=1761845558&endTs=1762277558&fidelity=1
raw/657080_no_001.json,43753,455328d0a760d6c89cc971c3d8cad4d59f3956514063fa0c6b48a24af1803813,657080,DBX|2025-11-06,no,41791561957731901114162985666175297179183182472295487641622034882444442451771,1,1762277558,1762376400,https://clob.polymarket.com/prices-history?market=41791561957731901114162985666175297179183182472295487641622034882444442451771&startTs=1762277558&endTs=1762376400&fidelity=1
raw/657080_yes_000.json,190021,1a8df3e46d532dadea0854fe22f3e99f88f8753793a3bcd0dafbd6d743eeda2a,657080,DBX|2025-11-06,yes,97403779920796137164413329181149114259091046097999690172470117226272339216855,0,1761845558,1762277558,https://clob.polymarket.com/prices-history?market=97403779920796137164413329181149114259091046097999690172470117226272339216855&startTs=1761845558&endTs=1762277558&fidelity=1
raw/657080_yes_001.json,43753,a826e7a485aa9b29d96f80abcd6212e0207a86db971b50c6ffd9a9bc8ce06687,657080,DBX|2025-11-06,yes,97403779920796137164413329181149114259091046097999690172470117226272339216855,1,1762277558,1762376400,https://clob.polymarket.com/prices-history?market=97403779920796137164413329181149114259091046097999690172470117226272339216855&startTs=1762277558&endTs=1762376400&fidelity=1
raw/1339807_no_000.json,189061,062d5f8c6b1c21266cc3774c54e89a8463da64d84f53a7e28593491a47ee137b,1339807,DBX|2026-02-19,no,21297090686471030091657680029202524105119162077848638254769095746125037782467,0,1770300324,1770732324,https://clob.polymarket.com/prices-history?market=21297090686471030091657680029202524105119162077848638254769095746125037782467&startTs=1770300324&endTs=1770732324&fidelity=1
raw/1339807_no_001.json,190469,d8f75158c7343a158ad96eb316fead61975a024b6567bdd380361b46de8ef1c4,1339807,DBX|2026-02-19,no,21297090686471030091657680029202524105119162077848638254769095746125037782467,1,1770732324,1771164324,https://clob.polymarket.com/prices-history?market=21297090686471030091657680029202524105119162077848638254769095746125037782467&startTs=1770732324&endTs=1771164324&fidelity=1
raw/1339807_no_002.json,125422,c8b4e3249823794df2e65db5f22e23b5086fee335505a90076a28add00c46a1d,1339807,DBX|2026-02-19,no,21297090686471030091657680029202524105119162077848638254769095746125037782467,2,1771164324,1771448400,https://clob.polymarket.com/prices-history?market=21297090686471030091657680029202524105119162077848638254769095746125037782467&startTs=1771164324&endTs=1771448400&fidelity=1
raw/1339807_yes_000.json,189061,781dd1577cb243f53b871869320ffceca0191a1f2dae5f1c3a7801a8cdf90b87,1339807,DBX|2026-02-19,yes,263668992555056282670024750130835714587138066370471274475306614885813427388,0,1770300324,1770732324,https://clob.polymarket.com/prices-history?market=263668992555056282670024750130835714587138066370471274475306614885813427388&startTs=1770300324&endTs=1770732324&fidelity=1
raw/1339807_yes_001.json,190469,e9c3de26341d9ed3585a0fd1987ed9315e970793ac821a1d4e8d140927329253,1339807,DBX|2026-02-19,yes,263668992555056282670024750130835714587138066370471274475306614885813427388,1,1770732324,1771164324,https://clob.polymarket.com/prices-history?market=263668992555056282670024750130835714587138066370471274475306614885813427388&startTs=1770732324&endTs=1771164324&fidelity=1
raw/1339807_yes_002.json,125422,8374deedf21f8bcf65ed6ff130c427e6af24fc6997d0f2ea44226f0bbd7df809,1339807,DBX|2026-02-19,yes,263668992555056282670024750130835714587138066370471274475306614885813427388,2,1771164324,1771448400,https://clob.polymarket.com/prices-history?market=263668992555056282670024750130835714587138066370471274475306614885813427388&startTs=1771164324&endTs=1771448400&fidelity=1
raw/2186409_no_000.json,187660,54218b81007e26503e8b382131f813f8eeff962a721affe480023d58649d2fb5,2186409,DE|2026-05-21,no,39539444618623334708596085115367074216734088423166496487166202955201557948953,0,1778523971,1778955971,https://clob.polymarket.com/prices-history?market=39539444618623334708596085115367074216734088423166496487166202955201557948953&startTs=1778523971&endTs=1778955971&fidelity=1
raw/2186409_no_001.json,155442,6a25de707880fbd38152e8d37e893d6ffdce6456cf94131e50a5809cb5bdca8f,2186409,DE|2026-05-21,no,39539444618623334708596085115367074216734088423166496487166202955201557948953,1,1778955971,1779307200,https://clob.polymarket.com/prices-history?market=39539444618623334708596085115367074216734088423166496487166202955201557948953&startTs=1778955971&endTs=1779307200&fidelity=1
raw/2186409_yes_000.json,187658,29b93f621d426ac8353b4c7c0b08a533f6a05344b83e23593ed8287cc7f538bc,2186409,DE|2026-05-21,yes,61687775386001963676780078916491048215382395978727344095457063923378980169024,0,1778523971,1778955971,https://clob.polymarket.com/prices-history?market=61687775386001963676780078916491048215382395978727344095457063923378980169024&startTs=1778523971&endTs=1778955971&fidelity=1
raw/2186409_yes_001.json,155441,010173b1154497527ce1354ab2b511f7046e7ed68d5197afe884f811f97b7f8d,2186409,DE|2026-05-21,yes,61687775386001963676780078916491048215382395978727344095457063923378980169024,1,1778955971,1779307200,https://clob.polymarket.com/prices-history?market=61687775386001963676780078916491048215382395978727344095457063923378980169024&startTs=1778955971&endTs=1779307200&fidelity=1
raw/697463_no_000.json,190131,9952ee441193960526ddf888efae10fb3a029a66e7c71e4bedb4ca0724cdc838,697463,DG|2025-12-04,no,44589197296479864002772579248567580094468828272628146982547844556290386671860,0,1763839992,1764271992,https://clob.polymarket.com/prices-history?market=44589197296479864002772579248567580094468828272628146982547844556290386671860&startTs=1763839992&endTs=1764271992&fidelity=1
raw/697463_no_001.json,191216,855d810ee3958a6b2887bec121f5ba3ca3e71de19d65de9fbce751f751bdf6f9,697463,DG|2025-12-04,no,44589197296479864002772579248567580094468828272628146982547844556290386671860,1,1764271992,1764703992,https://clob.polymarket.com/prices-history?market=44589197296479864002772579248567580094468828272628146982547844556290386671860&startTs=1764271992&endTs=1764703992&fidelity=1
raw/697463_no_002.json,40677,88fa5b3290b55869297813fa947fa5642101074859ae7b0f796a6a97033a04f0,697463,DG|2025-12-04,no,44589197296479864002772579248567580094468828272628146982547844556290386671860,2,1764703992,1764795600,https://clob.polymarket.com/prices-history?market=44589197296479864002772579248567580094468828272628146982547844556290386671860&startTs=1764703992&endTs=1764795600&fidelity=1
raw/697463_yes_000.json,190132,ce23bacd329c8c5dda0e001af39bd6e41d62bd711f5c18adf16a6421def42144,697463,DG|2025-12-04,yes,105009326315619815513813732422062258084996706813123278513573709453843490102254,0,1763839992,1764271992,https://clob.polymarket.com/prices-history?market=105009326315619815513813732422062258084996706813123278513573709453843490102254&startTs=1763839992&endTs=1764271992&fidelity=1
raw/697463_yes_001.json,191216,0d785fe451361bfbbf577f4b0be05c0a03166164214059659db0bc9c5a301516,697463,DG|2025-12-04,yes,105009326315619815513813732422062258084996706813123278513573709453843490102254,1,1764271992,1764703992,https://clob.polymarket.com/prices-history?market=105009326315619815513813732422062258084996706813123278513573709453843490102254&startTs=1764271992&endTs=1764703992&fidelity=1
raw/697463_yes_002.json,40677,ec81dfc1f3e79d0313486a6bc5f88bfd6dbcc8cac926ea43363fb66c511d9756,697463,DG|2025-12-04,yes,105009326315619815513813732422062258084996706813123278513573709453843490102254,2,1764703992,1764795600,https://clob.polymarket.com/prices-history?market=105009326315619815513813732422062258084996706813123278513573709453843490102254&startTs=1764703992&endTs=1764795600&fidelity=1
raw/2062054_no_000.json,185896,fb9dfd63b9e3800998575e9537dfc08ce6114f064015970ac25b7dbf411720be,2062054,DKNG|2026-05-07,no,22752944995091873036578192594190122010917156885126112460407163987365316303536,0,1776975699,1777407699,https://clob.polymarket.com/prices-history?market=22752944995091873036578192594190122010917156885126112460407163987365316303536&startTs=1776975699&endTs=1777407699&fidelity=1
raw/2062054_no_001.json,188194,dae3034de4d815c8bec46bce7de6d88a1112b54cac2c872af5cb947e8204fec5,2062054,DKNG|2026-05-07,no,22752944995091873036578192594190122010917156885126112460407163987365316303536,1,1777407699,1777839699,https://clob.polymarket.com/prices-history?market=22752944995091873036578192594190122010917156885126112460407163987365316303536&startTs=1777407699&endTs=1777839699&fidelity=1
raw/2062054_no_002.json,114193,a8ff6b42ffdc959be37d4086ad015e9ae30bc4e3903c17382b05734368bfe416,2062054,DKNG|2026-05-07,no,22752944995091873036578192594190122010917156885126112460407163987365316303536,2,1777839699,1778097600,https://clob.polymarket.com/prices-history?market=22752944995091873036578192594190122010917156885126112460407163987365316303536&startTs=1777839699&endTs=1778097600&fidelity=1
raw/2062054_yes_000.json,185896,96d2e11d7f5a7f01d32829dd090e494eb9aed2bb55b8853d24032d73b843e562,2062054,DKNG|2026-05-07,yes,78240992585631584474682626807812917477959073846750608831046774656781128223711,0,1776975699,1777407699,https://clob.polymarket.com/prices-history?market=78240992585631584474682626807812917477959073846750608831046774656781128223711&startTs=1776975699&endTs=1777407699&fidelity=1
raw/2062054_yes_001.json,188194,0c44b73c09667bc9d4484fa9412f2cae343d73d80ee8fb0d9c07c61ef9f9e73d,2062054,DKNG|2026-05-07,yes,78240992585631584474682626807812917477959073846750608831046774656781128223711,1,1777407699,1777839699,https://clob.polymarket.com/prices-history?market=78240992585631584474682626807812917477959073846750608831046774656781128223711&startTs=1777407699&endTs=1777839699&fidelity=1
raw/2062054_yes_002.json,114193,c9a233b23eba2dae18f3a36f97b90e7545eab6b4905f8448ec0bf4a8caf92f10,2062054,DKNG|2026-05-07,yes,78240992585631584474682626807812917477959073846750608831046774656781128223711,2,1777839699,1778097600,https://clob.polymarket.com/prices-history?market=78240992585631584474682626807812917477959073846750608831046774656781128223711&startTs=1777839699&endTs=1778097600&fidelity=1
raw/2335601_no_000.json,189313,ab8cfba46c25f6085cdc541b30c2c06217de516e5a89fb2c03cd319c786c4c9f,2335601,DOCU|2026-06-04,no,32086795084740981534219084277355345356025049444496492237981804905064390146124,0,1779750598,1780182598,https://clob.polymarket.com/prices-history?market=32086795084740981534219084277355345356025049444496492237981804905064390146124&startTs=1779750598&endTs=1780182598&fidelity=1
raw/2335601_no_001.json,148315,faacd5dd7717573347662fab1f95b1f19e586df5366c17c4089c9b3f00ec4c44,2335601,DOCU|2026-06-04,no,32086795084740981534219084277355345356025049444496492237981804905064390146124,1,1780182598,1780516800,https://clob.polymarket.com/prices-history?market=32086795084740981534219084277355345356025049444496492237981804905064390146124&startTs=1780182598&endTs=1780516800&fidelity=1
raw/2335601_yes_000.json,189313,29e1b83e5a52b68bbe6ad69a2cd043913f149113c609894b060a56e697b3a932,2335601,DOCU|2026-06-04,yes,47625346881159736704696741182321232641540239578698275342530487589674207993313,0,1779750598,1780182598,https://clob.polymarket.com/prices-history?market=47625346881159736704696741182321232641540239578698275342530487589674207993313&startTs=1779750598&endTs=1780182598&fidelity=1
raw/2335601_yes_001.json,148315,d555642624474022e4dafba02969f728238b77993cc431500dc307017808b968,2335601,DOCU|2026-06-04,yes,47625346881159736704696741182321232641540239578698275342530487589674207993313,1,1780182598,1780516800,https://clob.polymarket.com/prices-history?market=47625346881159736704696741182321232641540239578698275342530487589674207993313&startTs=1780182598&endTs=1780516800&fidelity=1
raw/637870_no_000.json,189652,605ca4ba31d8cf1b389f4567d90b6d3967100c54ff2328a128f2334e996d048d,637870,DOW|2025-10-23,no,31785856305583011046069366317743376116896481340079170902801444756435389170265,0,1760650271,1761082271,https://clob.polymarket.com/prices-history?market=31785856305583011046069366317743376116896481340079170902801444756435389170265&startTs=1760650271&endTs=1761082271&fidelity=1
raw/637870_no_001.json,35860,d4ceb973b54c7029ff36c1ea8e492878faba2fb25881a70e912e586fafcaca20,637870,DOW|2025-10-23,no,31785856305583011046069366317743376116896481340079170902801444756435389170265,1,1761082271,1761163200,https://clob.polymarket.com/prices-history?market=31785856305583011046069366317743376116896481340079170902801444756435389170265&startTs=1761082271&endTs=1761163200&fidelity=1
raw/637870_yes_000.json,189652,bc37815dd1bf6dcbf91761afc2a25e3712f48661489b0098624c5936bc0029bf,637870,DOW|2025-10-23,yes,4586375012467917576472638850677744205486187451458931594934868522971681347438,0,1760650271,1761082271,https://clob.polymarket.com/prices-history?market=4586375012467917576472638850677744205486187451458931594934868522971681347438&startTs=1760650271&endTs=1761082271&fidelity=1
raw/637870_yes_001.json,35860,7afa423ea3b74ca6e15720479053068891a6b5bad3e9c7d046dcce485d75cae7,637870,DOW|2025-10-23,yes,4586375012467917576472638850677744205486187451458931594934868522971681347438,1,1761082271,1761163200,https://clob.polymarket.com/prices-history?market=4586375012467917576472638850677744205486187451458931594934868522971681347438&startTs=1761082271&endTs=1761163200&fidelity=1
raw/2003520_no_000.json,182136,6f1b411c495b3047e407ffe4cb628f50860703e6ff47d6e976841c65fa423db5,2003520,DPZ|2026-04-27,no,70094032667039523531255943453128468529291694756752210430499287798251976792041,0,1776451808,1776883808,https://clob.polymarket.com/prices-history?market=70094032667039523531255943453128468529291694756752210430499287798251976792041&startTs=1776451808&endTs=1776883808&fidelity=1
raw/2003520_no_001.json,78818,ca84fae5096df4bdcc19018f04da32c7396efd861ff5d6d56b1cae2ae67075be,2003520,DPZ|2026-04-27,no,70094032667039523531255943453128468529291694756752210430499287798251976792041,1,1776883808,1777060800,https://clob.polymarket.com/prices-history?market=70094032667039523531255943453128468529291694756752210430499287798251976792041&startTs=1776883808&endTs=1777060800&fidelity=1
raw/2003520_yes_000.json,182136,4a31b39de7987adca050cfe5b42fb9f800c1e905d195f7c891add589184d90d4,2003520,DPZ|2026-04-27,yes,8886619936563613781264177232329708446516670064635318714217969590627088431622,0,1776451808,1776883808,https://clob.polymarket.com/prices-history?market=8886619936563613781264177232329708446516670064635318714217969590627088431622&startTs=1776451808&endTs=1776883808&fidelity=1
raw/2003520_yes_001.json,78818,02c52f821fff888adb1c5f64ff7e6f563c5f924f3b7e0038f966d43146cc0b56,2003520,DPZ|2026-04-27,yes,8886619936563613781264177232329708446516670064635318714217969590627088431622,1,1776883808,1777060800,https://clob.polymarket.com/prices-history?market=8886619936563613781264177232329708446516670064635318714217969590627088431622&startTs=1776883808&endTs=1777060800&fidelity=1
raw/2048148_no_000.json,186108,7948b20679a145a26059bc313133fe67c006165c73171136e433a42f30447334,2048148,EA|2026-05-05,no,21446847580230137750886478024789914276712364970733489948576928514969849516998,0,1776974120,1777406120,https://clob.polymarket.com/prices-history?market=21446847580230137750886478024789914276712364970733489948576928514969849516998&startTs=1776974120&endTs=1777406120&fidelity=1
raw/2048148_no_001.json,189881,e5622c0b99c2ff96ea3e561a961df6876066507c2e792f98ec6d7086f46f724f,2048148,EA|2026-05-05,no,21446847580230137750886478024789914276712364970733489948576928514969849516998,1,1777406120,1777838120,https://clob.polymarket.com/prices-history?market=21446847580230137750886478024789914276712364970733489948576928514969849516998&startTs=1777406120&endTs=1777838120&fidelity=1
raw/2048148_no_002.json,38975,6cb98645350a47114d2a794f7aa8f8de503a73f46bdd0d1def6a3634042d192d,2048148,EA|2026-05-05,no,21446847580230137750886478024789914276712364970733489948576928514969849516998,2,1777838120,1777924800,https://clob.polymarket.com/prices-history?market=21446847580230137750886478024789914276712364970733489948576928514969849516998&startTs=1777838120&endTs=1777924800&fidelity=1
raw/2048148_yes_000.json,186108,cb8313057febdb3039bf8ed0bd6be196d6b0cea240a1a98a6c9f88987258a73b,2048148,EA|2026-05-05,yes,75950985676217288761113214086122302758780857221528439117069535410024188906774,0,1776974120,1777406120,https://clob.polymarket.com/prices-history?market=75950985676217288761113214086122302758780857221528439117069535410024188906774&startTs=1776974120&endTs=1777406120&fidelity=1
raw/2048148_yes_001.json,189882,4b284715c4b6e817d990f0d6ed1e39ee4671d14de8d76c59858cb8492bd0f20b,2048148,EA|2026-05-05,yes,75950985676217288761113214086122302758780857221528439117069535410024188906774,1,1777406120,1777838120,https://clob.polymarket.com/prices-history?market=75950985676217288761113214086122302758780857221528439117069535410024188906774&startTs=1777406120&endTs=1777838120&fidelity=1
raw/2048148_yes_002.json,38975,cb43c43b4778a1a456d3d3e740b0747eed9b69a554254f813f5c2e48d747b5bc,2048148,EA|2026-05-05,yes,75950985676217288761113214086122302758780857221528439117069535410024188906774,2,1777838120,1777924800,https://clob.polymarket.com/prices-history?market=75950985676217288761113214086122302758780857221528439117069535410024188906774&startTs=1777838120&endTs=1777924800&fidelity=1
raw/1367585_no_000.json,189520,2ca35c0a3421c1face183f0a513a4ad9c89536caea270760ccf7b6aa21def985,1367585,EBAY|2026-02-18,no,23753685833693711655552941094995267983547854137667163003794871843877413604836,0,1770853144,1771285144,https://clob.polymarket.com/prices-history?market=23753685833693711655552941094995267983547854137667163003794871843877413604836&startTs=1770853144&endTs=1771285144&fidelity=1
raw/1367585_no_001.json,33783,21e972ec90d39c540245f91121beeea673bfb3f94031023465083909a7dd5231,1367585,EBAY|2026-02-18,no,23753685833693711655552941094995267983547854137667163003794871843877413604836,1,1771285144,1771362000,https://clob.polymarket.com/prices-history?market=23753685833693711655552941094995267983547854137667163003794871843877413604836&startTs=1771285144&endTs=1771362000&fidelity=1
raw/1367585_yes_000.json,189520,70846c0db20fb382e62f3be309198a244837cf168c0ee59d25fc41d01d3f63c8,1367585,EBAY|2026-02-18,yes,111377014998998346695638705352849593346890694783929678586384576513083025058469,0,1770853144,1771285144,https://clob.polymarket.com/prices-history?market=111377014998998346695638705352849593346890694783929678586384576513083025058469&startTs=1770853144&endTs=1771285144&fidelity=1
raw/1367585_yes_001.json,33783,ae4f58a58a4252d2e7d5f43f9aa96f3ed2cbeebe79615ec4ea338f19ec704c23,1367585,EBAY|2026-02-18,yes,111377014998998346695638705352849593346890694783929678586384576513083025058469,1,1771285144,1771362000,https://clob.polymarket.com/prices-history?market=111377014998998346695638705352849593346890694783929678586384576513083025058469&startTs=1771285144&endTs=1771362000&fidelity=1
raw/2003538_no_000.json,181321,6fd822b2bef7a02be074a0c968fb9d55ee7a2ab94cca1844befc4a051fa5aa93,2003538,EBAY|2026-04-29,no,94911102464648194825051297525935689715740655255109633977221584551850126533984,0,1776451369,1776883369,https://clob.polymarket.com/prices-history?market=94911102464648194825051297525935689715740655255109633977221584551850126533984&startTs=1776451369&endTs=1776883369&fidelity=1
raw/2003538_no_001.json,198008,1d489b3c68a8c0076a83da97fff0e6d519811dc8c5fcc9b973ad2fd8d4ebd40e,2003538,EBAY|2026-04-29,no,94911102464648194825051297525935689715740655255109633977221584551850126533984,1,1776883369,1777315369,https://clob.polymarket.com/prices-history?market=94911102464648194825051297525935689715740655255109633977221584551850126533984&startTs=1776883369&endTs=1777315369&fidelity=1
raw/2003538_no_002.json,42020,c82ea9a08f7d7d250359ea65176ad24c6540d5ce72629661e277a48aa0093594,2003538,EBAY|2026-04-29,no,94911102464648194825051297525935689715740655255109633977221584551850126533984,2,1777315369,1777406400,https://clob.polymarket.com/prices-history?market=94911102464648194825051297525935689715740655255109633977221584551850126533984&startTs=1777315369&endTs=1777406400&fidelity=1
raw/2003538_yes_000.json,181320,2b2bca1d8eb91c3c43db5ecd75882e4d4d37b460694cae5db1c840a697311ee5,2003538,EBAY|2026-04-29,yes,11387261748248345087349134344607273226685082566285970991636273305397470757786,0,1776451369,1776883369,https://clob.polymarket.com/prices-history?market=11387261748248345087349134344607273226685082566285970991636273305397470757786&startTs=1776451369&endTs=1776883369&fidelity=1
raw/2003538_yes_001.json,198001,15f27e2d2e826d11f32d06f36e23a00657cf52010cb460e8630f47190bc13405,2003538,EBAY|2026-04-29,yes,11387261748248345087349134344607273226685082566285970991636273305397470757786,1,1776883369,1777315369,https://clob.polymarket.com/prices-history?market=11387261748248345087349134344607273226685082566285970991636273305397470757786&startTs=1776883369&endTs=1777315369&fidelity=1
raw/2003538_yes_002.json,42020,2fc74f50a0406c767bec9b9a3129c6259f53eddb6b62598cc5504e6fbd36d032,2003538,EBAY|2026-04-29,yes,11387261748248345087349134344607273226685082566285970991636273305397470757786,2,1777315369,1777406400,https://clob.polymarket.com/prices-history?market=11387261748248345087349134344607273226685082566285970991636273305397470757786&startTs=1777315369&endTs=1777406400&fidelity=1
raw/1254013_no_000.json,187655,8bee685d636299df9095f85fc55da3cc6f4664e9ddcc243536a27a324b279451,1254013,EFX|2026-02-04,no,23002109184059899903173664151899996108696556995552900701555172283395787759877,0,1769208344,1769640344,https://clob.polymarket.com/prices-history?market=23002109184059899903173664151899996108696556995552900701555172283395787759877&startTs=1769208344&endTs=1769640344&fidelity=1
raw/1254013_no_001.json,192219,b8dd478c4d081ba729ee728c9e7e1ce3aa11c3adaf162e6f820d939f53b760d8,1254013,EFX|2026-02-04,no,23002109184059899903173664151899996108696556995552900701555172283395787759877,1,1769640344,1770072344,https://clob.polymarket.com/prices-history?market=23002109184059899903173664151899996108696556995552900701555172283395787759877&startTs=1769640344&endTs=1770072344&fidelity=1
raw/1254013_no_002.json,35426,87798c15cd7dbb85124a213666256dc26d29903fd4c3b23af2eff7dbada2b140,1254013,EFX|2026-02-04,no,23002109184059899903173664151899996108696556995552900701555172283395787759877,2,1770072344,1770152400,https://clob.polymarket.com/prices-history?market=23002109184059899903173664151899996108696556995552900701555172283395787759877&startTs=1770072344&endTs=1770152400&fidelity=1
raw/1254013_yes_000.json,187660,1ae9b1338cd7d2366d1f1698d372b3a1d014f29b61462b13c0f5c4f7ba8c02cd,1254013,EFX|2026-02-04,yes,100819029330856280491496666676290939755329535137699572563620107952410237570827,0,1769208344,1769640344,https://clob.polymarket.com/prices-history?market=100819029330856280491496666676290939755329535137699572563620107952410237570827&startTs=1769208344&endTs=1769640344&fidelity=1
raw/1254013_yes_001.json,192220,a801f9c13544d0d8cf77c2a202a0c8c9a4fd59c58f1049fba7aadcecf4a4ff75,1254013,EFX|2026-02-04,yes,100819029330856280491496666676290939755329535137699572563620107952410237570827,1,1769640344,1770072344,https://clob.polymarket.com/prices-history?market=100819029330856280491496666676290939755329535137699572563620107952410237570827&startTs=1769640344&endTs=1770072344&fidelity=1
raw/1254013_yes_002.json,35427,8f3172ec09b5196d49e4cbb267d4836e674853930a793485845c7a188ff6c0f6,1254013,EFX|2026-02-04,yes,100819029330856280491496666676290939755329535137699572563620107952410237570827,2,1770072344,1770152400,https://clob.polymarket.com/prices-history?market=100819029330856280491496666676290939755329535137699572563620107952410237570827&startTs=1770072344&endTs=1770152400&fidelity=1
raw/2039914_no_000.json,185695,0387e05619f11eb37568bc0517360ac4ce30554fa197a0ed42bd27a55111e0d0,2039914,EL|2026-05-01,no,55511920654874781730361769130427462047418535500018094922827801315740945948643,0,1776973559,1777405559,https://clob.polymarket.com/prices-history?market=55511920654874781730361769130427462047418535500018094922827801315740945948643&startTs=1776973559&endTs=1777405559&fidelity=1
raw/2039914_no_001.json,76614,34f6ae2eab85a8fce64688735b0608147630304c5c7ee0451ea7f4309f04a3b3,2039914,EL|2026-05-01,no,55511920654874781730361769130427462047418535500018094922827801315740945948643,1,1777405559,1777579200,https://clob.polymarket.com/prices-history?market=55511920654874781730361769130427462047418535500018094922827801315740945948643&startTs=1777405559&endTs=1777579200&fidelity=1
raw/2039914_yes_000.json,185697,27f1377fbbcc39153b61a1b892ca8c791d525f823957980e17208272a62ae59d,2039914,EL|2026-05-01,yes,19328713205014838359457610155577576034851086845025149535400579630600477191866,0,1776973559,1777405559,https://clob.polymarket.com/prices-history?market=19328713205014838359457610155577576034851086845025149535400579630600477191866&startTs=1776973559&endTs=1777405559&fidelity=1
raw/2039914_yes_001.json,76615,c4f76413561a3776d5afb6f614a3df660a03db6e6f554219119a22077a570681,2039914,EL|2026-05-01,yes,19328713205014838359457610155577576034851086845025149535400579630600477191866,1,1777405559,1777579200,https://clob.polymarket.com/prices-history?market=19328713205014838359457610155577576034851086845025149535400579630600477191866&startTs=1777405559&endTs=1777579200&fidelity=1
raw/2110080_no_000.json,189514,3998497e0022eec401a0b2643dc6376b87b2d017310346e8e86b25cce0202f5f,2110080,ETOR|2026-05-12,no,73924104325959111565032044383495407930178343818002535399472260087518619074990,0,1777490565,1777922565,https://clob.polymarket.com/prices-history?market=73924104325959111565032044383495407930178343818002535399472260087518619074990&startTs=1777490565&endTs=1777922565&fidelity=1
raw/2110080_no_001.json,191147,c3cd2989a55759df053564057aa9416a549d939c21cb2b93260d2a1a22d3f60f,2110080,ETOR|2026-05-12,no,73924104325959111565032044383495407930178343818002535399472260087518619074990,1,1777922565,1778354565,https://clob.polymarket.com/prices-history?market=73924104325959111565032044383495407930178343818002535399472260087518619074990&startTs=1777922565&endTs=1778354565&fidelity=1
raw/2110080_no_002.json,75971,816b4213ec9c16d5f3868676c9cc138400bd0f26d78dbaaf10fee5f9bec06b91,2110080,ETOR|2026-05-12,no,73924104325959111565032044383495407930178343818002535399472260087518619074990,2,1778354565,1778529600,https://clob.polymarket.com/prices-history?market=73924104325959111565032044383495407930178343818002535399472260087518619074990&startTs=1778354565&endTs=1778529600&fidelity=1
raw/2110080_yes_000.json,189514,6510b1e6ba6ed4e6dbbce5c47ac4cfce71a988b39384588e3ed3282a4db0da3d,2110080,ETOR|2026-05-12,yes,56610906896329088439754567242478875081369259214718120648293969879149723699791,0,1777490565,1777922565,https://clob.polymarket.com/prices-history?market=56610906896329088439754567242478875081369259214718120648293969879149723699791&startTs=1777490565&endTs=1777922565&fidelity=1
raw/2110080_yes_001.json,191147,e4af9c3378d59aea4c58bff56412c57863e448e99c26a535fea3e91daec498e1,2110080,ETOR|2026-05-12,yes,56610906896329088439754567242478875081369259214718120648293969879149723699791,1,1777922565,1778354565,https://clob.polymarket.com/prices-history?market=56610906896329088439754567242478875081369259214718120648293969879149723699791&startTs=1777922565&endTs=1778354565&fidelity=1
raw/2110080_yes_002.json,75971,dde9fdd7151937440a763533b8e07bfaed2d41e55be76c845aed6cae9bb66961,2110080,ETOR|2026-05-12,yes,56610906896329088439754567242478875081369259214718120648293969879149723699791,2,1778354565,1778529600,https://clob.polymarket.com/prices-history?market=56610906896329088439754567242478875081369259214718120648293969879149723699791&startTs=1778354565&endTs=1778529600&fidelity=1
raw/657007_no_000.json,189009,9a6635a7d32a78206bddcb4b9fb1cee1854d91165661ffa567ed9c40462a7ea2,657007,EXPE|2025-11-06,no,89879483525510579950629621089338123853689813769646797054100696920845285638041,0,1761838056,1762270056,https://clob.polymarket.com/prices-history?market=89879483525510579950629621089338123853689813769646797054100696920845285638041&startTs=1761838056&endTs=1762270056&fidelity=1
raw/657007_no_001.json,47012,2595b912e73b38e0c14bd380dff26089b5fe093586237f24970ac710a1d6e9b6,657007,EXPE|2025-11-06,no,89879483525510579950629621089338123853689813769646797054100696920845285638041,1,1762270056,1762376400,https://clob.polymarket.com/prices-history?market=89879483525510579950629621089338123853689813769646797054100696920845285638041&startTs=1762270056&endTs=1762376400&fidelity=1
raw/657007_yes_000.json,189009,c68799aacda90785c368b18cc35880d6ae4bc45638bd49518b58c744e7256f4b,657007,EXPE|2025-11-06,yes,50017823175853354261920916677899051083346432372683510341363776877695828348707,0,1761838056,1762270056,https://clob.polymarket.com/prices-history?market=50017823175853354261920916677899051083346432372683510341363776877695828348707&startTs=1761838056&endTs=1762270056&fidelity=1
raw/657007_yes_001.json,47012,296892cfa28d3f8c228ba1b5d36a763e4e5538694a52bbfb3021a67d9530a6df,657007,EXPE|2025-11-06,yes,50017823175853354261920916677899051083346432372683510341363776877695828348707,1,1762270056,1762376400,https://clob.polymarket.com/prices-history?market=50017823175853354261920916677899051083346432372683510341363776877695828348707&startTs=1762270056&endTs=1762376400&fidelity=1
raw/656808_no_000.json,188914,b67ff0ab435537cc2e28e931c3eae6f18a7b831d34f974c2b8b334791e485424,656808,FIG|2025-11-05,no,38091564204806051453899723403847920790928607568136544860849209432866939947444,0,1761832514,1762264514,https://clob.polymarket.com/prices-history?market=38091564204806051453899723403847920790928607568136544860849209432866939947444&startTs=1761832514&endTs=1762264514&fidelity=1
raw/656808_no_001.json,11426,37c62467d0e811dd0392f146e3691c9b7d5ee0b9002a4166bab698ea2c042048,656808,FIG|2025-11-05,no,38091564204806051453899723403847920790928607568136544860849209432866939947444,1,1762264514,1762290000,https://clob.polymarket.com/prices-history?market=38091564204806051453899723403847920790928607568136544860849209432866939947444&startTs=1762264514&endTs=1762290000&fidelity=1
raw/656808_yes_000.json,188916,d2bfc01f4ca4d94cee3102af31e264b1bb4012e6f8df0d4fdb5862ea8093efb0,656808,FIG|2025-11-05,yes,96536256092784088267782733140559462082430450545037104231677217200031234073775,0,1761832514,1762264514,https://clob.polymarket.com/prices-history?market=96536256092784088267782733140559462082430450545037104231677217200031234073775&startTs=1761832514&endTs=1762264514&fidelity=1
raw/656808_yes_001.json,11426,b2c6fac0967bc3da2c0635bc7aa8e3d9b798f7eade398cd0fbe00ce5556ec0af,656808,FIG|2025-11-05,yes,96536256092784088267782733140559462082430450545037104231677217200031234073775,1,1762264514,1762290000,https://clob.polymarket.com/prices-history?market=96536256092784088267782733140559462082430450545037104231677217200031234073775&startTs=1762264514&endTs=1762290000&fidelity=1
raw/1237795_no_000.json,188382,5d67e6b7d93494c6110afe1cbfe36b23dcac9659d039d3724ba8a5f5a2ed6476,1237795,F|2026-02-10,no,35382845073974328147565314769549690056208862145322670294408453474329463835648,0,1769034437,1769466437,https://clob.polymarket.com/prices-history?market=35382845073974328147565314769549690056208862145322670294408453474329463835648&startTs=1769034437&endTs=1769466437&fidelity=1
raw/1237795_no_001.json,191937,88aec5b91995618a89ef63592f0fad55331582c5f277c9a20882eb2b4335382a,1237795,F|2026-02-10,no,35382845073974328147565314769549690056208862145322670294408453474329463835648,1,1769466437,1769898437,https://clob.polymarket.com/prices-history?market=35382845073974328147565314769549690056208862145322670294408453474329463835648&startTs=1769466437&endTs=1769898437&fidelity=1
raw/1237795_no_002.json,193641,f25b8b69e1460cee53e69f0104d74b65f7c2469111663706e313cc644a95d47e,1237795,F|2026-02-10,no,35382845073974328147565314769549690056208862145322670294408453474329463835648,2,1769898437,1770330437,https://clob.polymarket.com/prices-history?market=35382845073974328147565314769549690056208862145322670294408453474329463835648&startTs=1769898437&endTs=1770330437&fidelity=1
raw/1237795_no_003.json,148120,343878773170210b8051ceed921e5a030921bf9271ce4c3321ab8af281fd8c0c,1237795,F|2026-02-10,no,35382845073974328147565314769549690056208862145322670294408453474329463835648,3,1770330437,1770670800,https://clob.polymarket.com/prices-history?market=35382845073974328147565314769549690056208862145322670294408453474329463835648&startTs=1770330437&endTs=1770670800&fidelity=1
raw/1237795_yes_000.json,188382,84777987c0c223d568e6a6d1df5f431c8290f267001a7fbc39dfd9e5451d0386,1237795,F|2026-02-10,yes,74551600767062947222291891614408884465454226500838360341456146362778851766173,0,1769034437,1769466437,https://clob.polymarket.com/prices-history?market=74551600767062947222291891614408884465454226500838360341456146362778851766173&startTs=1769034437&endTs=1769466437&fidelity=1
raw/1237795_yes_001.json,191937,eae04b6ae6c98495c3e0a722e7151dfcd8279d2542d01e6880cef1b7b567f107,1237795,F|2026-02-10,yes,74551600767062947222291891614408884465454226500838360341456146362778851766173,1,1769466437,1769898437,https://clob.polymarket.com/prices-history?market=74551600767062947222291891614408884465454226500838360341456146362778851766173&startTs=1769466437&endTs=1769898437&fidelity=1
raw/1237795_yes_002.json,193641,7548e183918b7c58ceb8abeb583fcc1c524ee8e316b04d2882cf57b80f58d583,1237795,F|2026-02-10,yes,74551600767062947222291891614408884465454226500838360341456146362778851766173,2,1769898437,1770330437,https://clob.polymarket.com/prices-history?market=74551600767062947222291891614408884465454226500838360341456146362778851766173&startTs=1769898437&endTs=1770330437&fidelity=1
raw/1237795_yes_003.json,148121,0ae5be5aa6dd302ed9b918de3812a34d54b109c2d810459123fb9d9bad1d44d0,1237795,F|2026-02-10,yes,74551600767062947222291891614408884465454226500838360341456146362778851766173,3,1770330437,1770670800,https://clob.polymarket.com/prices-history?market=74551600767062947222291891614408884465454226500838360341456146362778851766173&startTs=1770330437&endTs=1770670800&fidelity=1
raw/668512_no_000.json,189679,bf083e1703b8ca20d42eb74d9150f25b48b7fe070cc5d0d4466a17b2b73ddcad,668512,GAMB|2025-11-13,no,99305753615320143514555514104595384675460768341390867597435264981145309773277,0,1762463111,1762895111,https://clob.polymarket.com/prices-history?market=99305753615320143514555514104595384675460768341390867597435264981145309773277&startTs=1762463111&endTs=1762895111&fidelity=1
raw/668512_no_001.json,37833,8271d06dd1c25c8c653ba06e9e91b3fce114b427bfbd7a67f9b77162faba3ba7,668512,GAMB|2025-11-13,no,99305753615320143514555514104595384675460768341390867597435264981145309773277,1,1762895111,1762981200,https://clob.polymarket.com/prices-history?market=99305753615320143514555514104595384675460768341390867597435264981145309773277&startTs=1762895111&endTs=1762981200&fidelity=1
raw/668512_yes_000.json,189680,47ab12d31201ef3ba9d1a396f2b6359d39e89b63a32f221f8f3fd523940b9657,668512,GAMB|2025-11-13,yes,3279262139478852498867691176830886937366410920296186190158448604442737579265,0,1762463111,1762895111,https://clob.polymarket.com/prices-history?market=3279262139478852498867691176830886937366410920296186190158448604442737579265&startTs=1762463111&endTs=1762895111&fidelity=1
raw/668512_yes_001.json,37834,0229cb806edf91a0cd30f6d2fd47dd3f61f35648fcefdc4f3b0eb44ecc640ca0,668512,GAMB|2025-11-13,yes,3279262139478852498867691176830886937366410920296186190158448604442737579265,1,1762895111,1762981200,https://clob.polymarket.com/prices-history?market=3279262139478852498867691176830886937366410920296186190158448604442737579265&startTs=1762895111&endTs=1762981200&fidelity=1
raw/620069_no_000.json,189461,725aa56f4e4395b30a431ff194a292920d9b458d7180635bd1d67a8b562209a5,620069,GBCI|2025-10-16,no,86301041920931369055235758641946052812351287491925758566513392869192480151766,0,1759523319,1759955319,https://clob.polymarket.com/prices-history?market=86301041920931369055235758641946052812351287491925758566513392869192480151766&startTs=1759523319&endTs=1759955319&fidelity=1
raw/620069_no_001.json,192949,9ed3d4826bd8222c4b42c9fe2201971bfe06ac1bfd74bf6a22747ab4522e7577,620069,GBCI|2025-10-16,no,86301041920931369055235758641946052812351287491925758566513392869192480151766,1,1759955319,1760387319,https://clob.polymarket.com/prices-history?market=86301041920931369055235758641946052812351287491925758566513392869192480151766&startTs=1759955319&endTs=1760387319&fidelity=1
raw/620069_no_002.json,75155,3fa15b1dcd51a7486cda43ab01807839ea9f217e3509190b18c1909b4fe3202f,620069,GBCI|2025-10-16,no,86301041920931369055235758641946052812351287491925758566513392869192480151766,2,1760387319,1760558400,https://clob.polymarket.com/prices-history?market=86301041920931369055235758641946052812351287491925758566513392869192480151766&startTs=1760387319&endTs=1760558400&fidelity=1
raw/620069_yes_000.json,189461,7496011b305436331a79473e203348480a9884060124ba124028bf763080f850,620069,GBCI|2025-10-16,yes,93621596081514643820447644055272348249133393867775029038934523780834344629658,0,1759523319,1759955319,https://clob.polymarket.com/prices-history?market=93621596081514643820447644055272348249133393867775029038934523780834344629658&startTs=1759523319&endTs=1759955319&fidelity=1
raw/620069_yes_001.json,192949,55d9ec5189a28e62523f947abc8fb7ee5e89185112b80bb3125416b73eee6e6d,620069,GBCI|2025-10-16,yes,93621596081514643820447644055272348249133393867775029038934523780834344629658,1,1759955319,1760387319,https://clob.polymarket.com/prices-history?market=93621596081514643820447644055272348249133393867775029038934523780834344629658&startTs=1759955319&endTs=1760387319&fidelity=1
raw/620069_yes_002.json,75155,edb1de95f5f9307c3f43046b9b84677bf552a7af6724d01edc865715fda6f603,620069,GBCI|2025-10-16,yes,93621596081514643820447644055272348249133393867775029038934523780834344629658,2,1760387319,1760558400,https://clob.polymarket.com/prices-history?market=93621596081514643820447644055272348249133393867775029038934523780834344629658&startTs=1760387319&endTs=1760558400&fidelity=1
raw/1921506_no_000.json,190225,6475ff9cc6ab2054ef2d0394494d13f513c3b390d08279e08839a82ebccdf902,1921506,GD|2026-04-29,no,43651391931534709414811278798037743636929077621551934746483978607159888823598,0,1775685539,1776117539,https://clob.polymarket.com/prices-history?market=43651391931534709414811278798037743636929077621551934746483978607159888823598&startTs=1775685539&endTs=1776117539&fidelity=1
raw/1921506_no_001.json,190531,beba2cbb2c93a8f17ca214f85791a17c4ac02c7d595b14f4b859420daf923137,1921506,GD|2026-04-29,no,43651391931534709414811278798037743636929077621551934746483978607159888823598,1,1776117539,1776549539,https://clob.polymarket.com/prices-history?market=43651391931534709414811278798037743636929077621551934746483978607159888823598&startTs=1776117539&endTs=1776549539&fidelity=1
raw/1921506_no_002.json,188489,9ad41e03f46a35d709dd44371634f1cfcd77a3a63d8dcf67120e26075d8fc98c,1921506,GD|2026-04-29,no,43651391931534709414811278798037743636929077621551934746483978607159888823598,2,1776549539,1776981539,https://clob.polymarket.com/prices-history?market=43651391931534709414811278798037743636929077621551934746483978607159888823598&startTs=1776549539&endTs=1776981539&fidelity=1
raw/1921506_no_003.json,194122,999d8f3e1a6304926863756bf8b4a9a816f3e8e10722a7b866b20eb1666cda42,1921506,GD|2026-04-29,no,43651391931534709414811278798037743636929077621551934746483978607159888823598,3,1776981539,1777406400,https://clob.polymarket.com/prices-history?market=43651391931534709414811278798037743636929077621551934746483978607159888823598&startTs=1776981539&endTs=1777406400&fidelity=1
raw/1921506_yes_000.json,190225,276c068fed582601b7014a3d14b7ee90eb397800be0ee2f8d5ec4e217598efb6,1921506,GD|2026-04-29,yes,103062570662163219629601711811987241072884501201530703755299847327636512250575,0,1775685539,1776117539,https://clob.polymarket.com/prices-history?market=103062570662163219629601711811987241072884501201530703755299847327636512250575&startTs=1775685539&endTs=1776117539&fidelity=1
raw/1921506_yes_001.json,190530,2a0aff88a784093b9536427e212dc44dd210fc6bf733ea5cd9af7439ee93b27c,1921506,GD|2026-04-29,yes,103062570662163219629601711811987241072884501201530703755299847327636512250575,1,1776117539,1776549539,https://clob.polymarket.com/prices-history?market=103062570662163219629601711811987241072884501201530703755299847327636512250575&startTs=1776117539&endTs=1776549539&fidelity=1
raw/1921506_yes_002.json,188488,05b6e2a107c42f29ced3a64bac78f771aa3dc6c39fdd2c3df048328d6ed2811e,1921506,GD|2026-04-29,yes,103062570662163219629601711811987241072884501201530703755299847327636512250575,2,1776549539,1776981539,https://clob.polymarket.com/prices-history?market=103062570662163219629601711811987241072884501201530703755299847327636512250575&startTs=1776549539&endTs=1776981539&fidelity=1
raw/1921506_yes_003.json,194125,8bc3a21eccf3be1dae0d91da3f22261b9a6c344672c785cd6e98f28efda26736,1921506,GD|2026-04-29,yes,103062570662163219629601711811987241072884501201530703755299847327636512250575,3,1776981539,1777406400,https://clob.polymarket.com/prices-history?market=103062570662163219629601711811987241072884501201530703755299847327636512250575&startTs=1776981539&endTs=1777406400&fidelity=1
raw/1499778_no_000.json,187841,aeb2dd0b8657b0ededa591075496c53dcf4d9f9379e4bc591e0696f9704c1f8a,1499778,GIS|2026-03-18,no,64206752011908290870881188660613618203950445052121812083355406751339408658508,0,1772637188,1773069188,https://clob.polymarket.com/prices-history?market=64206752011908290870881188660613618203950445052121812083355406751339408658508&startTs=1772637188&endTs=1773069188&fidelity=1
raw/1499778_no_001.json,191214,d5d1ac5e296079aae3db48ccacef9037c0e2c2730cefd0c708b10375403fb021,1499778,GIS|2026-03-18,no,64206752011908290870881188660613618203950445052121812083355406751339408658508,1,1773069188,1773501188,https://clob.polymarket.com/prices-history?market=64206752011908290870881188660613618203950445052121812083355406751339408658508&startTs=1773069188&endTs=1773501188&fidelity=1
raw/1499778_no_002.json,121699,aee203ece9cf553429a4f1bfba65567de8a19cb6d02e3664c0c8717fc780c599,1499778,GIS|2026-03-18,no,64206752011908290870881188660613618203950445052121812083355406751339408658508,2,1773501188,1773777600,https://clob.polymarket.com/prices-history?market=64206752011908290870881188660613618203950445052121812083355406751339408658508&startTs=1773501188&endTs=1773777600&fidelity=1
raw/1499778_yes_000.json,187841,0ec24cd8c8093e2a5f464ed51dafa888d262d528bef8731a2c4e8cdb5dc310e7,1499778,GIS|2026-03-18,yes,70360688417475040013853410868388481002216187232991815617863099444423177085113,0,1772637188,1773069188,https://clob.polymarket.com/prices-history?market=70360688417475040013853410868388481002216187232991815617863099444423177085113&startTs=1772637188&endTs=1773069188&fidelity=1
raw/1499778_yes_001.json,191218,f638dbaeff5a046a8eb74811509902440044f0ce63f70919f6541f1b6ed1bde9,1499778,GIS|2026-03-18,yes,70360688417475040013853410868388481002216187232991815617863099444423177085113,1,1773069188,1773501188,https://clob.polymarket.com/prices-history?market=70360688417475040013853410868388481002216187232991815617863099444423177085113&startTs=1773069188&endTs=1773501188&fidelity=1
raw/1499778_yes_002.json,121698,204c0baf3e7cdf8c916643ad435ac1459dc79b9be602ee011ec14f46a093f475,1499778,GIS|2026-03-18,yes,70360688417475040013853410868388481002216187232991815617863099444423177085113,2,1773501188,1773777600,https://clob.polymarket.com/prices-history?market=70360688417475040013853410868388481002216187232991815617863099444423177085113&startTs=1773501188&endTs=1773777600&fidelity=1
raw/2039915_no_000.json,187116,6f8789fa83931412ec10edce283ae547ebea3c5969efe74e753a11d4e3cd97c1,2039915,GRAB|2026-05-04,no,50542880302518803423650444962698965668751235680632374940276757024671676614864,0,1776973541,1777405541,https://clob.polymarket.com/prices-history?market=50542880302518803423650444962698965668751235680632374940276757024671676614864&startTs=1776973541&endTs=1777405541&fidelity=1
raw/2039915_no_001.json,113998,df41f9c7ddfa6c6fd5614a060a68367b34ac6ad8724a1ab8efb0e4c5e1e05b11,2039915,GRAB|2026-05-04,no,50542880302518803423650444962698965668751235680632374940276757024671676614864,1,1777405541,1777665600,https://clob.polymarket.com/prices-history?market=50542880302518803423650444962698965668751235680632374940276757024671676614864&startTs=1777405541&endTs=1777665600&fidelity=1
raw/2039915_yes_000.json,187118,d7319f939f44257c5f91eb3ccc78a7ba51f84869931b18b0c5d0eb4f5ac2b00d,2039915,GRAB|2026-05-04,yes,14119168945048349564078476229244687235724816888660672680065994012113607295285,0,1776973541,1777405541,https://clob.polymarket.com/prices-history?market=14119168945048349564078476229244687235724816888660672680065994012113607295285&startTs=1776973541&endTs=1777405541&fidelity=1
raw/2039915_yes_001.json,114000,1efd0444783c218344c2dcbef84a7df1775ca516f0e9b8f213da330cae001f32,2039915,GRAB|2026-05-04,yes,14119168945048349564078476229244687235724816888660672680065994012113607295285,1,1777405541,1777665600,https://clob.polymarket.com/prices-history?market=14119168945048349564078476229244687235724816888660672680065994012113607295285&startTs=1777405541&endTs=1777665600&fidelity=1
raw/637876_no_000.json,189845,57a2dfa0c61223cefcf07d600210c15305b1eed5c70a8888fb9a63c644837c8e,637876,HAS|2025-10-23,no,105134939897068307865438812774289379659715537505956487969565274441048899699238,0,1760650707,1761082707,https://clob.polymarket.com/prices-history?market=105134939897068307865438812774289379659715537505956487969565274441048899699238&startTs=1760650707&endTs=1761082707&fidelity=1
raw/637876_no_001.json,36066,c54865f6fda97d224c4587faefa17d11a7c042a55241483e3c627df74448d645,637876,HAS|2025-10-23,no,105134939897068307865438812774289379659715537505956487969565274441048899699238,1,1761082707,1761163200,https://clob.polymarket.com/prices-history?market=105134939897068307865438812774289379659715537505956487969565274441048899699238&startTs=1761082707&endTs=1761163200&fidelity=1
raw/637876_yes_000.json,189844,b812e4202665a058eb6a05aea30346bf4cd6d390de11f53a5e09a320cbf993da,637876,HAS|2025-10-23,yes,91249845920824591788796775999720558231865769280516539995543002521665514030104,0,1760650707,1761082707,https://clob.polymarket.com/prices-history?market=91249845920824591788796775999720558231865769280516539995543002521665514030104&startTs=1760650707&endTs=1761082707&fidelity=1
raw/637876_yes_001.json,36066,7004c7c34c15258a54cacfce3f6397cd183aa6a8053a0ab89c9ad016c479ca11,637876,HAS|2025-10-23,yes,91249845920824591788796775999720558231865769280516539995543002521665514030104,1,1761082707,1761163200,https://clob.polymarket.com/prices-history?market=91249845920824591788796775999720558231865769280516539995543002521665514030104&startTs=1761082707&endTs=1761163200&fidelity=1
raw/2039918_no_000.json,186918,d7d8fef252d92b74bd0cd2c5ab49536248aeaa1e313f819b83d68ef15fc20aac,2039918,HESM|2026-05-04,no,14548121828147688637268514329148946196138880977310428453313507869267769519757,0,1776973457,1777405457,https://clob.polymarket.com/prices-history?market=14548121828147688637268514329148946196138880977310428453313507869267769519757&startTs=1776973457&endTs=1777405457&fidelity=1
raw/2039918_no_001.json,113981,4bc478013a3af77ba28e095b1840c0ad1604947e39ead1b3ae3c340435c29b73,2039918,HESM|2026-05-04,no,14548121828147688637268514329148946196138880977310428453313507869267769519757,1,1777405457,1777665600,https://clob.polymarket.com/prices-history?market=14548121828147688637268514329148946196138880977310428453313507869267769519757&startTs=1777405457&endTs=1777665600&fidelity=1
raw/2039918_yes_000.json,186917,8b198517371f70c1bf46652ec2b4d8280600edf3e3fcb4346fc70158fdf0f05c,2039918,HESM|2026-05-04,yes,114578347379891682991958766254552061843955265201112783679262242115872720220583,0,1776973457,1777405457,https://clob.polymarket.com/prices-history?market=114578347379891682991958766254552061843955265201112783679262242115872720220583&startTs=1776973457&endTs=1777405457&fidelity=1
raw/2039918_yes_001.json,113981,aca0835e5210d5e0f57713c7eae6ab54f345b5f987a22bf52dac3bad806a607f,2039918,HESM|2026-05-04,yes,114578347379891682991958766254552061843955265201112783679262242115872720220583,1,1777405457,1777665600,https://clob.polymarket.com/prices-history?market=114578347379891682991958766254552061843955265201112783679262242115872720220583&startTs=1777405457&endTs=1777665600&fidelity=1
raw/637875_no_000.json,190430,af23f454e4ad3d9705f4fb20d9a6b39ff3e0354064c26f28c291544666f440b1,637875,HOG|2025-11-04,no,82347206981939631561375227784977491550313065037519473353701606575999628127386,0,1760650606,1761082606,https://clob.polymarket.com/prices-history?market=82347206981939631561375227784977491550313065037519473353701606575999628127386&startTs=1760650606&endTs=1761082606&fidelity=1
raw/637875_no_001.json,191277,4ace0638932ff25f0b14306967f6b0e68b4855944191cbdd21f236735d94d692,637875,HOG|2025-11-04,no,82347206981939631561375227784977491550313065037519473353701606575999628127386,1,1761082606,1761514606,https://clob.polymarket.com/prices-history?market=82347206981939631561375227784977491550313065037519473353701606575999628127386&startTs=1761082606&endTs=1761514606&fidelity=1
raw/637875_no_002.json,187897,e8674be8369ae6a1453375ca7e5483b4997bd5d9204252ca0ccda36e96be1bca,637875,HOG|2025-11-04,no,82347206981939631561375227784977491550313065037519473353701606575999628127386,2,1761514606,1761946606,https://clob.polymarket.com/prices-history?market=82347206981939631561375227784977491550313065037519473353701606575999628127386&startTs=1761514606&endTs=1761946606&fidelity=1
raw/637875_no_003.json,113998,a7e92e76290bcf08027c5eb1ca6c1daf1e190126ca2f131e6f1b5a7c598dffc3,637875,HOG|2025-11-04,no,82347206981939631561375227784977491550313065037519473353701606575999628127386,3,1761946606,1762203600,https://clob.polymarket.com/prices-history?market=82347206981939631561375227784977491550313065037519473353701606575999628127386&startTs=1761946606&endTs=1762203600&fidelity=1
raw/637875_yes_000.json,190430,167a93a0dfa1a4917a48b22e5bdc77954cdb8a9987f0e2494ee9e2c5d6cea423,637875,HOG|2025-11-04,yes,65341527890420775891028549255760470469884849066336555887527899873951665892329,0,1760650606,1761082606,https://clob.polymarket.com/prices-history?market=65341527890420775891028549255760470469884849066336555887527899873951665892329&startTs=1760650606&endTs=1761082606&fidelity=1
raw/637875_yes_001.json,191277,7a767ab7e3248f4328b1db03c8fd5b60116fc17fd523396fa630fa264614d2c4,637875,HOG|2025-11-04,yes,65341527890420775891028549255760470469884849066336555887527899873951665892329,1,1761082606,1761514606,https://clob.polymarket.com/prices-history?market=65341527890420775891028549255760470469884849066336555887527899873951665892329&startTs=1761082606&endTs=1761514606&fidelity=1
raw/637875_yes_002.json,187895,636bd100c110857cdd17a8e5d88e2bfc13cb0872c592a9af2f6e292d65d13487,637875,HOG|2025-11-04,yes,65341527890420775891028549255760470469884849066336555887527899873951665892329,2,1761514606,1761946606,https://clob.polymarket.com/prices-history?market=65341527890420775891028549255760470469884849066336555887527899873951665892329&startTs=1761514606&endTs=1761946606&fidelity=1
raw/637875_yes_003.json,113998,c779804e13b7459a5a81bcd3345e9eea5558686c46a499cd3f9e9bb0495a60aa,637875,HOG|2025-11-04,yes,65341527890420775891028549255760470469884849066336555887527899873951665892329,3,1761946606,1762203600,https://clob.polymarket.com/prices-history?market=65341527890420775891028549255760470469884849066336555887527899873951665892329&startTs=1761946606&endTs=1762203600&fidelity=1
raw/1238101_no_000.json,188794,d4d5179235e9eb4a0e7c81d3bac81a2d8094f5b6947f29f924c1489b35252c44,1238101,HOG|2026-02-10,no,29177328670384110532072748569127121281900216334267429929456739321649151562374,0,1769037848,1769469848,https://clob.polymarket.com/prices-history?market=29177328670384110532072748569127121281900216334267429929456739321649151562374&startTs=1769037848&endTs=1769469848&fidelity=1
raw/1238101_no_001.json,190095,352302320c465da58daf3de708c943ba85d8e0e0c7d740af715a3a4dccb0f0bc,1238101,HOG|2026-02-10,no,29177328670384110532072748569127121281900216334267429929456739321649151562374,1,1769469848,1769901848,https://clob.polymarket.com/prices-history?market=29177328670384110532072748569127121281900216334267429929456739321649151562374&startTs=1769469848&endTs=1769901848&fidelity=1
raw/1238101_no_002.json,190327,78266850df4353bcdb29c4917839b8ff182e616bf7ebe3b859ab37933c9b0d4c,1238101,HOG|2026-02-10,no,29177328670384110532072748569127121281900216334267429929456739321649151562374,2,1769901848,1770333848,https://clob.polymarket.com/prices-history?market=29177328670384110532072748569127121281900216334267429929456739321649151562374&startTs=1769901848&endTs=1770333848&fidelity=1
raw/1238101_no_003.json,148953,1abe3c09f8be04f3f59b4def1361314a6ae8a1de62ffb202f792b44ff4ffc5ab,1238101,HOG|2026-02-10,no,29177328670384110532072748569127121281900216334267429929456739321649151562374,3,1770333848,1770670800,https://clob.polymarket.com/prices-history?market=29177328670384110532072748569127121281900216334267429929456739321649151562374&startTs=1770333848&endTs=1770670800&fidelity=1
raw/1238101_yes_000.json,188797,a1e7ea7afbdd47a66d708797c969ec879e2e8bdc3482b9ef6656870cdb1599fe,1238101,HOG|2026-02-10,yes,84974702553546267467440918107326541264876204370668712628848780303331173801270,0,1769037848,1769469848,https://clob.polymarket.com/prices-history?market=84974702553546267467440918107326541264876204370668712628848780303331173801270&startTs=1769037848&endTs=1769469848&fidelity=1
raw/1238101_yes_001.json,190094,8ca3be67a01c76e6d97c46060e02b3d7c0af9ef4e7afbb11f562547bf52645c1,1238101,HOG|2026-02-10,yes,84974702553546267467440918107326541264876204370668712628848780303331173801270,1,1769469848,1769901848,https://clob.polymarket.com/prices-history?market=84974702553546267467440918107326541264876204370668712628848780303331173801270&startTs=1769469848&endTs=1769901848&fidelity=1
raw/1238101_yes_002.json,190327,75fdd82283e9ba71727cbe01c71a63175b48bc0cc010236d3486edbfc552a446,1238101,HOG|2026-02-10,yes,84974702553546267467440918107326541264876204370668712628848780303331173801270,2,1769901848,1770333848,https://clob.polymarket.com/prices-history?market=84974702553546267467440918107326541264876204370668712628848780303331173801270&startTs=1769901848&endTs=1770333848&fidelity=1
raw/1238101_yes_003.json,148953,d64a3ed4382795133fc6f64437d06bfaf6ffd6d5c7f95648f5148463e1a47179,1238101,HOG|2026-02-10,yes,84974702553546267467440918107326541264876204370668712628848780303331173801270,3,1770333848,1770670800,https://clob.polymarket.com/prices-history?market=84974702553546267467440918107326541264876204370668712628848780303331173801270&startTs=1770333848&endTs=1770670800&fidelity=1
raw/2003539_no_000.json,180518,858979dc3bf51dbcfcbb4aba604c1c3b82ef15705e7b7093ea081ca3fbb813bc,2003539,HUM|2026-04-29,no,27401827336945603508998238326551719552012088458349319131923823699257817340647,0,1776451329,1776883329,https://clob.polymarket.com/prices-history?market=27401827336945603508998238326551719552012088458349319131923823699257817340647&startTs=1776451329&endTs=1776883329&fidelity=1
raw/2003539_no_001.json,189082,1fce8044414c6be8efb5332fdc2e1a82a50be77304cc076c2d904ba31649403b,2003539,HUM|2026-04-29,no,27401827336945603508998238326551719552012088458349319131923823699257817340647,1,1776883329,1777315329,https://clob.polymarket.com/prices-history?market=27401827336945603508998238326551719552012088458349319131923823699257817340647&startTs=1776883329&endTs=1777315329&fidelity=1
raw/2003539_no_002.json,40337,b14aa67ec98e51e83ebbcd5d2a260bb9ab73afc9ed768552f5464cc8973ba359,2003539,HUM|2026-04-29,no,27401827336945603508998238326551719552012088458349319131923823699257817340647,2,1777315329,1777406400,https://clob.polymarket.com/prices-history?market=27401827336945603508998238326551719552012088458349319131923823699257817340647&startTs=1777315329&endTs=1777406400&fidelity=1
raw/2003539_yes_000.json,180518,63c902e9ccaa6426fd7490fbc2e6c691fb7d81a25280278c5571ee44039a7d00,2003539,HUM|2026-04-29,yes,91323435091555496842921687259702343947803098116550355192860238167481360093800,0,1776451329,1776883329,https://clob.polymarket.com/prices-history?market=91323435091555496842921687259702343947803098116550355192860238167481360093800&startTs=1776451329&endTs=1776883329&fidelity=1
raw/2003539_yes_001.json,189080,db52f612550df75b6b5e0f3c81526e2c53e6e0d90a1a839b6dcc7115f82da56a,2003539,HUM|2026-04-29,yes,91323435091555496842921687259702343947803098116550355192860238167481360093800,1,1776883329,1777315329,https://clob.polymarket.com/prices-history?market=91323435091555496842921687259702343947803098116550355192860238167481360093800&startTs=1776883329&endTs=1777315329&fidelity=1
raw/2003539_yes_002.json,40337,68b0025b66cb1a4f0797e305bf8f359c2bc633beed1a6f114835ea390764bc21,2003539,HUM|2026-04-29,yes,91323435091555496842921687259702343947803098116550355192860238167481360093800,2,1777315329,1777406400,https://clob.polymarket.com/prices-history?market=91323435091555496842921687259702343947803098116550355192860238167481360093800&startTs=1777315329&endTs=1777406400&fidelity=1
raw/2003563_no_000.json,185140,7804e88559a89a11bcddbd0941bc5e7664ab6ce173cd7169be4d2f560cdba181,2003563,H|2026-04-30,no,82369506093963091769710504817976136785540692641805902885141323639376322384281,0,1776439164,1776871164,https://clob.polymarket.com/prices-history?market=82369506093963091769710504817976136785540692641805902885141323639376322384281&startTs=1776439164&endTs=1776871164&fidelity=1
raw/2003563_no_001.json,191331,d37acce19c9da608d46feee663f3acf1fbc4f915a8828505c92288faf4de60df,2003563,H|2026-04-30,no,82369506093963091769710504817976136785540692641805902885141323639376322384281,1,1776871164,1777303164,https://clob.polymarket.com/prices-history?market=82369506093963091769710504817976136785540692641805902885141323639376322384281&startTs=1776871164&endTs=1777303164&fidelity=1
raw/2003563_no_002.json,83750,bd7fbe56d5b750b2263c94c4bffc3d34c5f6c535b8940299ac06de892424e4d4,2003563,H|2026-04-30,no,82369506093963091769710504817976136785540692641805902885141323639376322384281,2,1777303164,1777492800,https://clob.polymarket.com/prices-history?market=82369506093963091769710504817976136785540692641805902885141323639376322384281&startTs=1777303164&endTs=1777492800&fidelity=1
raw/2003563_yes_000.json,185166,a2faaa2cc14c19b9cc7513f155b350cc49386493cfa3239977ea4cf0d9311b5a,2003563,H|2026-04-30,yes,48521820430544481690034436341436265393511268145916093750422523330328334350484,0,1776439164,1776871164,https://clob.polymarket.com/prices-history?market=48521820430544481690034436341436265393511268145916093750422523330328334350484&startTs=1776439164&endTs=1776871164&fidelity=1
raw/2003563_yes_001.json,191325,d2a3c013f370c91545723ceed31302453a63a411b752f057b041a36f02d31454,2003563,H|2026-04-30,yes,48521820430544481690034436341436265393511268145916093750422523330328334350484,1,1776871164,1777303164,https://clob.polymarket.com/prices-history?market=48521820430544481690034436341436265393511268145916093750422523330328334350484&startTs=1776871164&endTs=1777303164&fidelity=1
raw/2003563_yes_002.json,83750,d70cf1d0be8dceb70e23b1844e91f84994f97696a58891f893e756c16ce0377c,2003563,H|2026-04-30,yes,48521820430544481690034436341436265393511268145916093750422523330328334350484,2,1777303164,1777492800,https://clob.polymarket.com/prices-history?market=48521820430544481690034436341436265393511268145916093750422523330328334350484&startTs=1777303164&endTs=1777492800&fidelity=1
raw/1244920_no_000.json,185628,ef66c4b123241c5636320b41fb6312e7f7b3cdb2263522e22581811a74d0de0d,1244920,IBM|2026-01-28,no,102688771723193303785503891162946889155744549673946621850746282812191771509980,0,1769119584,1769547600,https://clob.polymarket.com/prices-history?market=102688771723193303785503891162946889155744549673946621850746282812191771509980&startTs=1769119584&endTs=1769547600&fidelity=1
raw/1244920_yes_000.json,185628,e739d31a842db2b5c82531b26413a3df6a32d27993fc403e3daf81537e6c914e,1244920,IBM|2026-01-28,yes,85360707061678206048437365560456397637526050843630170536628143645483338178868,0,1769119584,1769547600,https://clob.polymarket.com/prices-history?market=85360707061678206048437365560456397637526050843630170536628143645483338178868&startTs=1769119584&endTs=1769547600&fidelity=1
raw/2186408_no_000.json,186808,bf0f7708ce7f9557893bfcedf98f978e8f18d462b6633d7194256a42f91f448c,2186408,INTU|2026-05-20,no,107187692587263694091105983916967243782875415570244464178971760545441839592819,0,1778524011,1778956011,https://clob.polymarket.com/prices-history?market=107187692587263694091105983916967243782875415570244464178971760545441839592819&startTs=1778524011&endTs=1778956011&fidelity=1
raw/2186408_no_001.json,115736,59cd41cec7320f5c5c7eed07a649849cae796d8be2b93d33947f0db2fdcd3cca,2186408,INTU|2026-05-20,no,107187692587263694091105983916967243782875415570244464178971760545441839592819,1,1778956011,1779220800,https://clob.polymarket.com/prices-history?market=107187692587263694091105983916967243782875415570244464178971760545441839592819&startTs=1778956011&endTs=1779220800&fidelity=1
raw/2186408_yes_000.json,186808,439417c255a80e3c666dfab1d2b4aefd8aab7cac02327a791f199eaed63b3b93,2186408,INTU|2026-05-20,yes,112062790529046511095771767616658123913346329693749766848615441120644527371631,0,1778524011,1778956011,https://clob.polymarket.com/prices-history?market=112062790529046511095771767616658123913346329693749766848615441120644527371631&startTs=1778524011&endTs=1778956011&fidelity=1
raw/2186408_yes_001.json,115729,863ff81a555d4b21887797f6a304a690477c28dc4e52184c7c605d500784d928,2186408,INTU|2026-05-20,yes,112062790529046511095771767616658123913346329693749766848615441120644527371631,1,1778956011,1779220800,https://clob.polymarket.com/prices-history?market=112062790529046511095771767616658123913346329693749766848615441120644527371631&startTs=1778956011&endTs=1779220800&fidelity=1
raw/2335543_no_000.json,186734,e004a1978861192fe57085af17fd7b8d5da7a5979c0a7ec394d3ff16997020b6,2335543,IOT|2026-06-04,no,25882768838076045520410315341283099788271962308817129212642107815829285880607,0,1779750486,1780182486,https://clob.polymarket.com/prices-history?market=25882768838076045520410315341283099788271962308817129212642107815829285880607&startTs=1779750486&endTs=1780182486&fidelity=1
raw/2335543_no_001.json,145183,535bd333425cc3d9385e046f957f9b43a8d825709d353c30b742703e7432c7ed,2335543,IOT|2026-06-04,no,25882768838076045520410315341283099788271962308817129212642107815829285880607,1,1780182486,1780516800,https://clob.polymarket.com/prices-history?market=25882768838076045520410315341283099788271962308817129212642107815829285880607&startTs=1780182486&endTs=1780516800&fidelity=1
raw/2335543_yes_000.json,186735,a1fbd95cde0b568838d55cc3a8acbd980a09584980bc9ffacd477d1c55b407e5,2335543,IOT|2026-06-04,yes,40696023607979774663516028679974997450836549937109705313813880105117469103330,0,1779750486,1780182486,https://clob.polymarket.com/prices-history?market=40696023607979774663516028679974997450836549937109705313813880105117469103330&startTs=1779750486&endTs=1780182486&fidelity=1
raw/2335543_yes_001.json,145183,1aef2a73ee41ea7485799d640f14c27bd2472357cffa3c9bcc073e3ad43bfef1,2335543,IOT|2026-06-04,yes,40696023607979774663516028679974997450836549937109705313813880105117469103330,1,1780182486,1780516800,https://clob.polymarket.com/prices-history?market=40696023607979774663516028679974997450836549937109705313813880105117469103330&startTs=1780182486&endTs=1780516800&fidelity=1
raw/1986795_no_000.json,184379,a66f43f3bc143f24d3e99e57b697f99c2d78e21d4bb0695db79d09145d1ae0c6,1986795,IVZ|2026-04-28,no,15374541098370918138855960499076763141285524881943512674956290171888938625520,0,1776438380,1776870380,https://clob.polymarket.com/prices-history?market=15374541098370918138855960499076763141285524881943512674956290171888938625520&startTs=1776438380&endTs=1776870380&fidelity=1
raw/1986795_no_001.json,191906,36dfb547f56dc597b2339f8695193ac8e579d2d1aa403fd7c3c4c8844b79444f,1986795,IVZ|2026-04-28,no,15374541098370918138855960499076763141285524881943512674956290171888938625520,1,1776870380,1777302380,https://clob.polymarket.com/prices-history?market=15374541098370918138855960499076763141285524881943512674956290171888938625520&startTs=1776870380&endTs=1777302380&fidelity=1
raw/1986795_no_002.json,7847,0ef51d8f06f89cbbfc9edd869091bdc0aa553462496983fc459902a2678f7611,1986795,IVZ|2026-04-28,no,15374541098370918138855960499076763141285524881943512674956290171888938625520,2,1777302380,1777320000,https://clob.polymarket.com/prices-history?market=15374541098370918138855960499076763141285524881943512674956290171888938625520&startTs=1777302380&endTs=1777320000&fidelity=1
raw/1986795_yes_000.json,184376,0c388e09108095adbd9b2299cbd5240cafaeabfaaf97fedf0bdad28231218386,1986795,IVZ|2026-04-28,yes,62009445229364343791485315022015239551317248030149842486426557133186633790693,0,1776438380,1776870380,https://clob.polymarket.com/prices-history?market=62009445229364343791485315022015239551317248030149842486426557133186633790693&startTs=1776438380&endTs=1776870380&fidelity=1
raw/1986795_yes_001.json,191906,66e18c567e1050dc4fced7302967dee12c7b3cc7cd6f9e240499cb606d246d31,1986795,IVZ|2026-04-28,yes,62009445229364343791485315022015239551317248030149842486426557133186633790693,1,1776870380,1777302380,https://clob.polymarket.com/prices-history?market=62009445229364343791485315022015239551317248030149842486426557133186633790693&startTs=1776870380&endTs=1777302380&fidelity=1
raw/1986795_yes_002.json,7847,30476813c7e4b5cc4d2e59f6877080b9ed9935534033fd4e7ce1e1d9e9812c37,1986795,IVZ|2026-04-28,yes,62009445229364343791485315022015239551317248030149842486426557133186633790693,2,1777302380,1777320000,https://clob.polymarket.com/prices-history?market=62009445229364343791485315022015239551317248030149842486426557133186633790693&startTs=1777302380&endTs=1777320000&fidelity=1
raw/643022_no_000.json,188766,6212cc1a60630826a05fe668e8c00e2f285c6089df0be0b95bb0b351da2ae7e9,643022,JBLU|2025-10-28,no,26747354850287609257440609827509667869256488888642271348318816501592041007491,0,1761079773,1761511773,https://clob.polymarket.com/prices-history?market=26747354850287609257440609827509667869256488888642271348318816501592041007491&startTs=1761079773&endTs=1761511773&fidelity=1
raw/643022_no_001.json,36043,58fbedb163d2133bbd78f5abad906c00400cada1585c0fe45c0354f225322e5c,643022,JBLU|2025-10-28,no,26747354850287609257440609827509667869256488888642271348318816501592041007491,1,1761511773,1761595200,https://clob.polymarket.com/prices-history?market=26747354850287609257440609827509667869256488888642271348318816501592041007491&startTs=1761511773&endTs=1761595200&fidelity=1
raw/643022_yes_000.json,188767,0f371f8a4f9f735b6ef88a971f4816e9264f2dd8ef28f1968137c31f59511dc4,643022,JBLU|2025-10-28,yes,88828194822637052027966560372745594035631115878407114858568074589476398344252,0,1761079773,1761511773,https://clob.polymarket.com/prices-history?market=88828194822637052027966560372745594035631115878407114858568074589476398344252&startTs=1761079773&endTs=1761511773&fidelity=1
raw/643022_yes_001.json,36043,0e200f29f286396d1afc0f9a2e8ad8ebf1fff66d449b6619437aa1baec02d63f,643022,JBLU|2025-10-28,yes,88828194822637052027966560372745594035631115878407114858568074589476398344252,1,1761511773,1761595200,https://clob.polymarket.com/prices-history?market=88828194822637052027966560372745594035631115878407114858568074589476398344252&startTs=1761511773&endTs=1761595200&fidelity=1
raw/598111_no_000.json,189420,777b73628e318bfd524af75faedb21a9ddf0224d331e4673680535212a8e8474,598111,JBL|2025-09-25,no,49790538799402034824026342221138740259385489837243446671126339381826164428722,0,1757897722,1758329722,https://clob.polymarket.com/prices-history?market=49790538799402034824026342221138740259385489837243446671126339381826164428722&startTs=1757897722&endTs=1758329722&fidelity=1
raw/598111_no_001.json,181168,4903798d02002a388bca900daaa9b13f3d2e5aee9bc86bc77d4323764811169b,598111,JBL|2025-09-25,no,49790538799402034824026342221138740259385489837243446671126339381826164428722,1,1758329722,1758744000,https://clob.polymarket.com/prices-history?market=49790538799402034824026342221138740259385489837243446671126339381826164428722&startTs=1758329722&endTs=1758744000&fidelity=1
raw/598111_yes_000.json,189419,6fa46b543d2fa7f8662042a02f25c6402ba0bd6480649dfb01c96d4dbb9896f4,598111,JBL|2025-09-25,yes,54634698221067722123362423154980687800320129357182085984159101716550890731260,0,1757897722,1758329722,https://clob.polymarket.com/prices-history?market=54634698221067722123362423154980687800320129357182085984159101716550890731260&startTs=1757897722&endTs=1758329722&fidelity=1
raw/598111_yes_001.json,181168,b7cc7ef8b8a961cb845a81ec2f1e1fadfaf0230ecccfde401dea3742ff5484f2,598111,JBL|2025-09-25,yes,54634698221067722123362423154980687800320129357182085984159101716550890731260,1,1758329722,1758744000,https://clob.polymarket.com/prices-history?market=54634698221067722123362423154980687800320129357182085984159101716550890731260&startTs=1758329722&endTs=1758744000&fidelity=1
raw/2775485_no_000.json,186384,152e80de22146bb52b2a7c39df6c642f636343a9b47d828751d3e8cd48084fef,2775485,JNJ|2026-07-15,no,97124570433182534519220353185705683852174061341872843943969018829796224769514,0,1783032951,1783464951,https://clob.polymarket.com/prices-history?market=97124570433182534519220353185705683852174061341872843943969018829796224769514&startTs=1783032951&endTs=1783464951&fidelity=1
raw/2775485_no_001.json,186081,580bf268aa8a951d6c8eb891608f835685e1b59cd2ebef7e98f410952882ef7e,2775485,JNJ|2026-07-15,no,97124570433182534519220353185705683852174061341872843943969018829796224769514,1,1783464951,1783896951,https://clob.polymarket.com/prices-history?market=97124570433182534519220353185705683852174061341872843943969018829796224769514&startTs=1783464951&endTs=1783896951&fidelity=1
raw/2775485_no_002.json,72881,4297ebacedc853a8a8467db3d2bed746148fa1e898875e75f2dfe9d60d140440,2775485,JNJ|2026-07-15,no,97124570433182534519220353185705683852174061341872843943969018829796224769514,2,1783896951,1784059200,https://clob.polymarket.com/prices-history?market=97124570433182534519220353185705683852174061341872843943969018829796224769514&startTs=1783896951&endTs=1784059200&fidelity=1
raw/2775485_yes_000.json,186384,4b0ae63c7adbcc6c835ad250297fd89cb082946171cdeda84949736832b425c4,2775485,JNJ|2026-07-15,yes,114074478607335787338196570956939326683611084978178180168221363126179286231361,0,1783032951,1783464951,https://clob.polymarket.com/prices-history?market=114074478607335787338196570956939326683611084978178180168221363126179286231361&startTs=1783032951&endTs=1783464951&fidelity=1
raw/2775485_yes_001.json,186081,b5430b6e2a75263a1b054801d666e4115b28bdd7934c1ef4a2556f8f27461ab4,2775485,JNJ|2026-07-15,yes,114074478607335787338196570956939326683611084978178180168221363126179286231361,1,1783464951,1783896951,https://clob.polymarket.com/prices-history?market=114074478607335787338196570956939326683611084978178180168221363126179286231361&startTs=1783464951&endTs=1783896951&fidelity=1
raw/2775485_yes_002.json,72881,be8ba574c4b8580de0a56d268ccc7c8dafce8ae7e5f3143676b70caf13385a06,2775485,JNJ|2026-07-15,yes,114074478607335787338196570956939326683611084978178180168221363126179286231361,2,1783896951,1784059200,https://clob.polymarket.com/prices-history?market=114074478607335787338196570956939326683611084978178180168221363126179286231361&startTs=1783896951&endTs=1784059200&fidelity=1
raw/647818_no_000.json,165195,d59efb84fdd076830b32e31ef4461df449223ef9136efdcbc9a3f9dc5f643d89,647818,KHC|2025-10-29,no,81535964306351067466407602445392549679501625328415937813157181607902910480094,0,1761301659,1761681600,https://clob.polymarket.com/prices-history?market=81535964306351067466407602445392549679501625328415937813157181607902910480094&startTs=1761301659&endTs=1761681600&fidelity=1
raw/647818_yes_000.json,165196,c7b72a05d92454f24ad69f8c64874354a2332e6747232af2e8a233c6d2a6d1ab,647818,KHC|2025-10-29,yes,58746892247154202873475537610633236625372903324368736253991947801162455382318,0,1761301659,1761681600,https://clob.polymarket.com/prices-history?market=58746892247154202873475537610633236625372903324368736253991947801162455382318&startTs=1761301659&endTs=1761681600&fidelity=1
raw/1321183_no_000.json,78691,19eedd36415860390d6461595c3a99d31e75001497976b744f9ec440ef3f6591,1321183,KKR|2026-02-05,no,89575820200083869952169671044813014736798570000944624510378026450767294089298,0,1770056474,1770238800,https://clob.polymarket.com/prices-history?market=89575820200083869952169671044813014736798570000944624510378026450767294089298&startTs=1770056474&endTs=1770238800&fidelity=1
raw/1321183_yes_000.json,78691,a77a1d0ee359d1a25ae67e08169de22e3d54c8872b09ee71640c50009b0ea052,1321183,KKR|2026-02-05,yes,71598854348999964435172957118249045486251404063328948499003472715772041178546,0,1770056474,1770238800,https://clob.polymarket.com/prices-history?market=71598854348999964435172957118249045486251404063328948499003472715772041178546&startTs=1770056474&endTs=1770238800&fidelity=1
raw/1986797_no_000.json,185196,b4d8f61b556e8328606363c370c5b49ef03b8953d5dcaa639cfeece13cbcf761,1986797,KO|2026-04-28,no,45595968095851127541016992842743308808051772688847106640625498488410177004577,0,1776438248,1776870248,https://clob.polymarket.com/prices-history?market=45595968095851127541016992842743308808051772688847106640625498488410177004577&startTs=1776438248&endTs=1776870248&fidelity=1
raw/1986797_no_001.json,189396,1b1abaec421e917bec29e988aa25c95794a64f63e66313eb44f58ac074827e25,1986797,KO|2026-04-28,no,45595968095851127541016992842743308808051772688847106640625498488410177004577,1,1776870248,1777302248,https://clob.polymarket.com/prices-history?market=45595968095851127541016992842743308808051772688847106640625498488410177004577&startTs=1776870248&endTs=1777302248&fidelity=1
raw/1986797_no_002.json,7979,c1ae219a3ed3e1a4735fb729b380a8671af223c8381a28a3312942d2db545561,1986797,KO|2026-04-28,no,45595968095851127541016992842743308808051772688847106640625498488410177004577,2,1777302248,1777320000,https://clob.polymarket.com/prices-history?market=45595968095851127541016992842743308808051772688847106640625498488410177004577&startTs=1777302248&endTs=1777320000&fidelity=1
raw/1986797_yes_000.json,185197,bee8a6c0e2d2a3b196b7c159567843ae8c9f7310de7c5e7a8122a2e347a6586e,1986797,KO|2026-04-28,yes,23475915407405061034873069009880399404925964576893476550572745059928882327123,0,1776438248,1776870248,https://clob.polymarket.com/prices-history?market=23475915407405061034873069009880399404925964576893476550572745059928882327123&startTs=1776438248&endTs=1776870248&fidelity=1
raw/1986797_yes_001.json,189399,b488854ae4182ecbebc43df32341f293338f7dedb84ec1ee0a89816e84cbf2e0,1986797,KO|2026-04-28,yes,23475915407405061034873069009880399404925964576893476550572745059928882327123,1,1776870248,1777302248,https://clob.polymarket.com/prices-history?market=23475915407405061034873069009880399404925964576893476550572745059928882327123&startTs=1776870248&endTs=1777302248&fidelity=1
raw/1986797_yes_002.json,7979,efe2c4a4423016a8200b3543997c75a2c17f004fdb387eda963566dee5dcab83,1986797,KO|2026-04-28,yes,23475915407405061034873069009880399404925964576893476550572745059928882327123,2,1777302248,1777320000,https://clob.polymarket.com/prices-history?market=23475915407405061034873069009880399404925964576893476550572745059928882327123&startTs=1777302248&endTs=1777320000&fidelity=1
raw/1280186_no_000.json,186676,8f316dd1656e40f4dc7c49568f66d0b4f13b42081ce4e54c7aac67793c7d1bcb,1280186,MAR|2026-02-10,no,100306052172064732231449560371418153738964734112647313050655785108128495991322,0,1769554582,1769986582,https://clob.polymarket.com/prices-history?market=100306052172064732231449560371418153738964734112647313050655785108128495991322&startTs=1769554582&endTs=1769986582&fidelity=1
raw/1280186_no_001.json,189705,be8e62967942e2d3c8a71f4dd5ed3d18525e37e0b94f035d1851e136cf046186,1280186,MAR|2026-02-10,no,100306052172064732231449560371418153738964734112647313050655785108128495991322,1,1769986582,1770418582,https://clob.polymarket.com/prices-history?market=100306052172064732231449560371418153738964734112647313050655785108128495991322&startTs=1769986582&endTs=1770418582&fidelity=1
raw/1280186_no_002.json,110187,1f45780e9805273f1cc0507f2442c44db2f121987669d1ca4a276ce8ed8ce13e,1280186,MAR|2026-02-10,no,100306052172064732231449560371418153738964734112647313050655785108128495991322,2,1770418582,1770670800,https://clob.polymarket.com/prices-history?market=100306052172064732231449560371418153738964734112647313050655785108128495991322&startTs=1770418582&endTs=1770670800&fidelity=1
raw/1280186_yes_000.json,186676,6d25294a0d52946aaf3b0c3c395f39be36498b787dd21ebac7c51fe712e795eb,1280186,MAR|2026-02-10,yes,47146268050072046740539019528572284428494295805349081693704319806092909400056,0,1769554582,1769986582,https://clob.polymarket.com/prices-history?market=47146268050072046740539019528572284428494295805349081693704319806092909400056&startTs=1769554582&endTs=1769986582&fidelity=1
raw/1280186_yes_001.json,189705,357053f4dfb57c35f0931fc5b6c64f58eded7b4c9df5a5596046afd74262054d,1280186,MAR|2026-02-10,yes,47146268050072046740539019528572284428494295805349081693704319806092909400056,1,1769986582,1770418582,https://clob.polymarket.com/prices-history?market=47146268050072046740539019528572284428494295805349081693704319806092909400056&startTs=1769986582&endTs=1770418582&fidelity=1
raw/1280186_yes_002.json,110188,51aff15584e4214cbee6862ec0d8309300674eca21fd636576ff4b01e48ee20f,1280186,MAR|2026-02-10,yes,47146268050072046740539019528572284428494295805349081693704319806092909400056,2,1770418582,1770670800,https://clob.polymarket.com/prices-history?market=47146268050072046740539019528572284428494295805349081693704319806092909400056&startTs=1770418582&endTs=1770670800&fidelity=1
raw/627652_no_000.json,187175,93defe01e2f1f7faf9d01574014c17d5134f5b5b25c3bdf472e59624c8a6f82a,627652,MAT|2025-10-21,no,43576122471107835248735669548449124613433963086192291643880372727047922716469,0,1759940300,1760372300,https://clob.polymarket.com/prices-history?market=43576122471107835248735669548449124613433963086192291643880372727047922716469&startTs=1759940300&endTs=1760372300&fidelity=1
raw/627652_no_001.json,190985,6c5a715dadd0613f82b80b08cec10068d9de3e60bb901899f97a6f839db1c896,627652,MAT|2025-10-21,no,43576122471107835248735669548449124613433963086192291643880372727047922716469,1,1760372300,1760804300,https://clob.polymarket.com/prices-history?market=43576122471107835248735669548449124613433963086192291643880372727047922716469&startTs=1760372300&endTs=1760804300&fidelity=1
raw/627652_no_002.json,83438,5796489e6a19cf6085ccd5967cb28313f445c7339ffb0dd5b864e74ca41a55e2,627652,MAT|2025-10-21,no,43576122471107835248735669548449124613433963086192291643880372727047922716469,2,1760804300,1760990400,https://clob.polymarket.com/prices-history?market=43576122471107835248735669548449124613433963086192291643880372727047922716469&startTs=1760804300&endTs=1760990400&fidelity=1
raw/627652_yes_000.json,187175,b754b9880c085cec6a5f18446b9465bc552a448b12db6816ad422c6c948640a6,627652,MAT|2025-10-21,yes,2911476409371278523452482974897001646987003975371510230510172588550692681199,0,1759940300,1760372300,https://clob.polymarket.com/prices-history?market=2911476409371278523452482974897001646987003975371510230510172588550692681199&startTs=1759940300&endTs=1760372300&fidelity=1
raw/627652_yes_001.json,190985,873684b6ec173d8724f8fcd062a1b6e5ac800ee0c1493a68d9448e8970ff6b70,627652,MAT|2025-10-21,yes,2911476409371278523452482974897001646987003975371510230510172588550692681199,1,1760372300,1760804300,https://clob.polymarket.com/prices-history?market=2911476409371278523452482974897001646987003975371510230510172588550692681199&startTs=1760372300&endTs=1760804300&fidelity=1
raw/627652_yes_002.json,83438,9209d51cbc4ddce707bffb4b07e05ea6f76453b582ebb40e6d98e0630d3dff3e,627652,MAT|2025-10-21,yes,2911476409371278523452482974897001646987003975371510230510172588550692681199,2,1760804300,1760990400,https://clob.polymarket.com/prices-history?market=2911476409371278523452482974897001646987003975371510230510172588550692681199&startTs=1760804300&endTs=1760990400&fidelity=1
raw/2866596_no_000.json,185207,7671e78a3285b7fb84e335013dba11d35bcc914e5e35798715b972b6d4d49c42,2866596,MBWM|2026-07-21,no,31972478797674887241355677719192678600974427687458065158639259238874060479045,0,1783691831,1784123831,https://clob.polymarket.com/prices-history?market=31972478797674887241355677719192678600974427687458065158639259238874060479045&startTs=1783691831&endTs=1784123831&fidelity=1
raw/2866596_no_001.json,192512,e3b59017ccc35170b8451b4ac190dee8157efca66dff0a932b75c2925433b770,2866596,MBWM|2026-07-21,no,31972478797674887241355677719192678600974427687458065158639259238874060479045,1,1784123831,1784555831,https://clob.polymarket.com/prices-history?market=31972478797674887241355677719192678600974427687458065158639259238874060479045&startTs=1784123831&endTs=1784555831&fidelity=1
raw/2866596_no_002.json,9316,f3ad5360fb0e4e66a1033b477ff7abb4bab09d6b385e28aa16239f596aace8c4,2866596,MBWM|2026-07-21,no,31972478797674887241355677719192678600974427687458065158639259238874060479045,2,1784555831,1784577600,https://clob.polymarket.com/prices-history?market=31972478797674887241355677719192678600974427687458065158639259238874060479045&startTs=1784555831&endTs=1784577600&fidelity=1
raw/2866596_yes_000.json,185208,867bf2243299cbb970d434b171908de52f01f8bf9a079b036e14a153bc3a3b84,2866596,MBWM|2026-07-21,yes,35389856061353658181367399745633536994414590666862487662543149863847429817342,0,1783691831,1784123831,https://clob.polymarket.com/prices-history?market=35389856061353658181367399745633536994414590666862487662543149863847429817342&startTs=1783691831&endTs=1784123831&fidelity=1
raw/2866596_yes_001.json,192512,67b497e7cfb32eec56cd2bf4dd769676848ecf359fd62be072b79bf43dffc86c,2866596,MBWM|2026-07-21,yes,35389856061353658181367399745633536994414590666862487662543149863847429817342,1,1784123831,1784555831,https://clob.polymarket.com/prices-history?market=35389856061353658181367399745633536994414590666862487662543149863847429817342&startTs=1784123831&endTs=1784555831&fidelity=1
raw/2866596_yes_002.json,9316,72953f7bba218fe01bb7a12a4f6c48d93e4725038e901c5cfb4d98af0a3ab8a0,2866596,MBWM|2026-07-21,yes,35389856061353658181367399745633536994414590666862487662543149863847429817342,2,1784555831,1784577600,https://clob.polymarket.com/prices-history?market=35389856061353658181367399745633536994414590666862487662543149863847429817342&startTs=1784555831&endTs=1784577600&fidelity=1
raw/655443_no_000.json,188352,b2b0353e1f8387f90bf8336518a50dd1f7f24bb47c0dda5dda188e16ea2322a3,655443,MET|2025-11-05,no,91018077062191722781714821193968691224935062053555501517455350605043491978636,0,1761751706,1762183706,https://clob.polymarket.com/prices-history?market=91018077062191722781714821193968691224935062053555501517455350605043491978636&startTs=1761751706&endTs=1762183706&fidelity=1
raw/655443_no_001.json,46812,427ccd4eaf9edba8555435c56430dd05a1c257365a38b07bf05b9274d699781c,655443,MET|2025-11-05,no,91018077062191722781714821193968691224935062053555501517455350605043491978636,1,1762183706,1762290000,https://clob.polymarket.com/prices-history?market=91018077062191722781714821193968691224935062053555501517455350605043491978636&startTs=1762183706&endTs=1762290000&fidelity=1
raw/655443_yes_000.json,188352,06d056f2ab1e2d2576a157f8f2a25367cbde1e0581af95281792d2b42d15ad41,655443,MET|2025-11-05,yes,22972752877938687127478969229054585067304899414186569832774492440197500144957,0,1761751706,1762183706,https://clob.polymarket.com/prices-history?market=22972752877938687127478969229054585067304899414186569832774492440197500144957&startTs=1761751706&endTs=1762183706&fidelity=1
raw/655443_yes_001.json,46812,a48dabef38ee21365e9e3dbb945280c3ead195381bef2c1b7b10630cb148066f,655443,MET|2025-11-05,yes,22972752877938687127478969229054585067304899414186569832774492440197500144957,1,1762183706,1762290000,https://clob.polymarket.com/prices-history?market=22972752877938687127478969229054585067304899414186569832774492440197500144957&startTs=1762183706&endTs=1762290000&fidelity=1
raw/1139951_no_000.json,189932,4f81c3d4c6f71374ed23d4f34e282ebbf414dafc686571e30f9e9f95ebff4e20,1139951,MKC|2026-01-22,no,16919341005119756531605309599792164912270098956414821838608609202642013051588,0,1767909267,1768341267,https://clob.polymarket.com/prices-history?market=16919341005119756531605309599792164912270098956414821838608609202642013051588&startTs=1767909267&endTs=1768341267&fidelity=1
raw/1139951_no_001.json,191202,01d16c76278535edb81f9038171cd1aefdccd8689f5589acf087d316370b6dda,1139951,MKC|2026-01-22,no,16919341005119756531605309599792164912270098956414821838608609202642013051588,1,1768341267,1768773267,https://clob.polymarket.com/prices-history?market=16919341005119756531605309599792164912270098956414821838608609202642013051588&startTs=1768341267&endTs=1768773267&fidelity=1
raw/1139951_no_002.json,113320,3f6a36e6aa4c6aa5fdd5b00fb64c1b996346d052de5e6affe22dc132234fcf11,1139951,MKC|2026-01-22,no,16919341005119756531605309599792164912270098956414821838608609202642013051588,2,1768773267,1769029200,https://clob.polymarket.com/prices-history?market=16919341005119756531605309599792164912270098956414821838608609202642013051588&startTs=1768773267&endTs=1769029200&fidelity=1
raw/1139951_yes_000.json,189932,fff69d9ef8a7ea37ad1e65cd9edeab875fb18128312a620a0ea61477d7ca9ad5,1139951,MKC|2026-01-22,yes,4144715519157813814907187160061103348819283312976685602448468488795249352499,0,1767909267,1768341267,https://clob.polymarket.com/prices-history?market=4144715519157813814907187160061103348819283312976685602448468488795249352499&startTs=1767909267&endTs=1768341267&fidelity=1
raw/1139951_yes_001.json,191202,1b587c225a2cace47cbdf86e3d21a9c05cf9df69d964cead14c33f22f73bb212,1139951,MKC|2026-01-22,yes,4144715519157813814907187160061103348819283312976685602448468488795249352499,1,1768341267,1768773267,https://clob.polymarket.com/prices-history?market=4144715519157813814907187160061103348819283312976685602448468488795249352499&startTs=1768341267&endTs=1768773267&fidelity=1
raw/1139951_yes_002.json,113320,a11a6e00cc9be2c173ce0727d23085ae677c309ed34de30d72e044fca68f6a09,1139951,MKC|2026-01-22,yes,4144715519157813814907187160061103348819283312976685602448468488795249352499,2,1768773267,1769029200,https://clob.polymarket.com/prices-history?market=4144715519157813814907187160061103348819283312976685602448468488795249352499&startTs=1768773267&endTs=1769029200&fidelity=1
raw/657079_no_000.json,188769,a6ff15b0dda9cbac04055585c847075368dad8990490e8a090fe896a4b2acca8,657079,MRNA|2025-11-06,no,110232462730977365346614464907792780889899383397925600454074759854349134520700,0,1761845376,1762277376,https://clob.polymarket.com/prices-history?market=110232462730977365346614464907792780889899383397925600454074759854349134520700&startTs=1761845376&endTs=1762277376&fidelity=1
raw/657079_no_001.json,44293,bdbf48a50956b477d3fcebcfc06223e11243e03d2b1780328e418ea924f01eab,657079,MRNA|2025-11-06,no,110232462730977365346614464907792780889899383397925600454074759854349134520700,1,1762277376,1762376400,https://clob.polymarket.com/prices-history?market=110232462730977365346614464907792780889899383397925600454074759854349134520700&startTs=1762277376&endTs=1762376400&fidelity=1
raw/657079_yes_000.json,188769,372ad54c1046276298cc2f9ff518070d212e6a52fbc69a141ab74883864b5b91,657079,MRNA|2025-11-06,yes,63079987050050223624136443927982515649440098882747684843704669258650892012081,0,1761845376,1762277376,https://clob.polymarket.com/prices-history?market=63079987050050223624136443927982515649440098882747684843704669258650892012081&startTs=1761845376&endTs=1762277376&fidelity=1
raw/657079_yes_001.json,44293,a6799987a8cbe463954fad634bf6b83218ca3e7650935f6cf56ff4060887e736,657079,MRNA|2025-11-06,yes,63079987050050223624136443927982515649440098882747684843704669258650892012081,1,1762277376,1762376400,https://clob.polymarket.com/prices-history?market=63079987050050223624136443927982515649440098882747684843704669258650892012081&startTs=1762277376&endTs=1762376400&fidelity=1
raw/2775497_no_000.json,185651,ebf1c0972db4fd5b672c472ab3174bf7dd5d1d83487ebe776943a3794a518e27,2775497,MTB|2026-07-15,no,91282029583781978269452960837768797659368422357428976707068914907539301465433,0,1783033010,1783465010,https://clob.polymarket.com/prices-history?market=91282029583781978269452960837768797659368422357428976707068914907539301465433&startTs=1783033010&endTs=1783465010&fidelity=1
raw/2775497_no_001.json,191799,b65ed184e166f3f84e902ad72a8dfc24792a6a9c8b4e346502b47ff7c2438d04,2775497,MTB|2026-07-15,no,91282029583781978269452960837768797659368422357428976707068914907539301465433,1,1783465010,1783897010,https://clob.polymarket.com/prices-history?market=91282029583781978269452960837768797659368422357428976707068914907539301465433&startTs=1783465010&endTs=1783897010&fidelity=1
raw/2775497_no_002.json,70933,812e2d2edb827dcf53aed7e6808a8a32a5a60e96907384a2143be381e4eaf2cb,2775497,MTB|2026-07-15,no,91282029583781978269452960837768797659368422357428976707068914907539301465433,2,1783897010,1784059200,https://clob.polymarket.com/prices-history?market=91282029583781978269452960837768797659368422357428976707068914907539301465433&startTs=1783897010&endTs=1784059200&fidelity=1
raw/2775497_yes_000.json,185651,199e0787dcdd0a2f3425aaee90abb70a051ffada553515a280407768bda445d8,2775497,MTB|2026-07-15,yes,24101287595123514179585292905861020434825846994366154260270053829171419853480,0,1783033010,1783465010,https://clob.polymarket.com/prices-history?market=24101287595123514179585292905861020434825846994366154260270053829171419853480&startTs=1783033010&endTs=1783465010&fidelity=1
raw/2775497_yes_001.json,191799,fb577dbff3a3a5ef8db1d516a0e8002c39c3259441fa001c94604f9131645a6a,2775497,MTB|2026-07-15,yes,24101287595123514179585292905861020434825846994366154260270053829171419853480,1,1783465010,1783897010,https://clob.polymarket.com/prices-history?market=24101287595123514179585292905861020434825846994366154260270053829171419853480&startTs=1783465010&endTs=1783897010&fidelity=1
raw/2775497_yes_002.json,70933,a6b0fbdbfc41f8400a5d69f27e81b9a030c2788bf5d17cfd7ce3b0ed5d96e133,2775497,MTB|2026-07-15,yes,24101287595123514179585292905861020434825846994366154260270053829171419853480,2,1783897010,1784059200,https://clob.polymarket.com/prices-history?market=24101287595123514179585292905861020434825846994366154260270053829171419853480&startTs=1783897010&endTs=1784059200&fidelity=1
raw/2387793_no_000.json,84220,44f502f6f728aac3c13fa5838ba039f69063f08790144a074dc6014a625a9718,2387793,MTN|2026-06-08,no,101689921013908378486099444746139203615972059424390560237244450747938526099973,0,1780493019,1780689600,https://clob.polymarket.com/prices-history?market=101689921013908378486099444746139203615972059424390560237244450747938526099973&startTs=1780493019&endTs=1780689600&fidelity=1
raw/2387793_yes_000.json,84219,f481f863191580e33b59f45a5b3effb6d9096d86ee7c0e895b78c52e6352f859,2387793,MTN|2026-06-08,yes,13191676662433090934922220458060042257851425371943198220970991521858465769037,0,1780493019,1780689600,https://clob.polymarket.com/prices-history?market=13191676662433090934922220458060042257851425371943198220970991521858465769037&startTs=1780493019&endTs=1780689600&fidelity=1
raw/675504_no_000.json,190973,8e7cdd40205de1000cf291396456fcaf8e9cec0338d4f2c33aa531ea61dba1d7,675504,NVDA|2025-11-19,no,19559313715520778061864171300912607517306679450029273175078252390244053444941,0,1762814284,1763246284,https://clob.polymarket.com/prices-history?market=19559313715520778061864171300912607517306679450029273175078252390244053444941&startTs=1762814284&endTs=1763246284&fidelity=1
raw/675504_no_001.json,113002,690cb36f9bf1fa6c732ff74cf9e4241fbce1174dac6cae6568572db78ef0b627,675504,NVDA|2025-11-19,no,19559313715520778061864171300912607517306679450029273175078252390244053444941,1,1763246284,1763499600,https://clob.polymarket.com/prices-history?market=19559313715520778061864171300912607517306679450029273175078252390244053444941&startTs=1763246284&endTs=1763499600&fidelity=1
raw/675504_yes_000.json,190973,f1c41090c489558364c32d93b37012c8c6d82d0d2cfecff5fccdb444e893a56a,675504,NVDA|2025-11-19,yes,35741847190338739296857709954188264640914505913807385160513967866081950054520,0,1762814284,1763246284,https://clob.polymarket.com/prices-history?market=35741847190338739296857709954188264640914505913807385160513967866081950054520&startTs=1762814284&endTs=1763246284&fidelity=1
raw/675504_yes_001.json,113002,666825346f1bc4013467f4211d718f560bf4732ba662a1959ca0b4edfa59c21b,675504,NVDA|2025-11-19,yes,35741847190338739296857709954188264640914505913807385160513967866081950054520,1,1763246284,1763499600,https://clob.polymarket.com/prices-history?market=35741847190338739296857709954188264640914505913807385160513967866081950054520&startTs=1763246284&endTs=1763499600&fidelity=1
raw/2048140_no_000.json,183566,4a0d83859662cf988b6fba56712dea8a4f383d0a8fc245c44a3860b8c9a92e40,2048140,NVTS|2026-05-05,no,114504480649066043250002802240017812608417263994730450864384067423652893033949,0,1776974698,1777406698,https://clob.polymarket.com/prices-history?market=114504480649066043250002802240017812608417263994730450864384067423652893033949&startTs=1776974698&endTs=1777406698&fidelity=1
raw/2048140_no_001.json,188275,1565701b4955df1aa32a5222e77e57768ac9fda6cb75df8e3e36c0fbb17c0437,2048140,NVTS|2026-05-05,no,114504480649066043250002802240017812608417263994730450864384067423652893033949,1,1777406698,1777838698,https://clob.polymarket.com/prices-history?market=114504480649066043250002802240017812608417263994730450864384067423652893033949&startTs=1777406698&endTs=1777838698&fidelity=1
raw/2048140_no_002.json,37876,dd7694ed4b70019251d85027f96e69da6aad25fc4340f076dc8a27c9c41fadda,2048140,NVTS|2026-05-05,no,114504480649066043250002802240017812608417263994730450864384067423652893033949,2,1777838698,1777924800,https://clob.polymarket.com/prices-history?market=114504480649066043250002802240017812608417263994730450864384067423652893033949&startTs=1777838698&endTs=1777924800&fidelity=1
raw/2048140_yes_000.json,183573,e9de643857e79ae63238bf5d032c650bd572b0ebc15c9013d22cbb87b7c302ed,2048140,NVTS|2026-05-05,yes,60503242361596767918685923858574827311442581518819095138386206252228153051630,0,1776974698,1777406698,https://clob.polymarket.com/prices-history?market=60503242361596767918685923858574827311442581518819095138386206252228153051630&startTs=1776974698&endTs=1777406698&fidelity=1
raw/2048140_yes_001.json,188279,d85a10ef218976f5a2d8124789c581512bb1ec34b72bc9501ef62b03f23c0b31,2048140,NVTS|2026-05-05,yes,60503242361596767918685923858574827311442581518819095138386206252228153051630,1,1777406698,1777838698,https://clob.polymarket.com/prices-history?market=60503242361596767918685923858574827311442581518819095138386206252228153051630&startTs=1777406698&endTs=1777838698&fidelity=1
raw/2048140_yes_002.json,37876,0246d6229900ad7e25fc32f92829e35fec71246bc2f2a7f4e75655ba3a9abf81,2048140,NVTS|2026-05-05,yes,60503242361596767918685923858574827311442581518819095138386206252228153051630,2,1777838698,1777924800,https://clob.polymarket.com/prices-history?market=60503242361596767918685923858574827311442581518819095138386206252228153051630&startTs=1777838698&endTs=1777924800&fidelity=1
raw/657065_no_000.json,191563,10aead819e6cff94368515b0bb0cf6f8fc4dd9a4800425f909fe226262280110,657065,NWSA|2025-11-06,no,57664510821093850165951690378994170956767748679477344854807411025317888435273,0,1761844538,1762276538,https://clob.polymarket.com/prices-history?market=57664510821093850165951690378994170956767748679477344854807411025317888435273&startTs=1761844538&endTs=1762276538&fidelity=1
raw/657065_no_001.json,44585,f9f67c4dd7816f69b3ba51966c571162c54b262b52d310122fec1691c5b9b91a,657065,NWSA|2025-11-06,no,57664510821093850165951690378994170956767748679477344854807411025317888435273,1,1762276538,1762376400,https://clob.polymarket.com/prices-history?market=57664510821093850165951690378994170956767748679477344854807411025317888435273&startTs=1762276538&endTs=1762376400&fidelity=1
raw/657065_yes_000.json,191563,de3ccb6c1fe5dc7283fc782433c91fa396112b2038f7c12bc8f5b3bc8fb7f4d6,657065,NWSA|2025-11-06,yes,80942494670929100479355804680203104622524585470655169846596560575111009376064,0,1761844538,1762276538,https://clob.polymarket.com/prices-history?market=80942494670929100479355804680203104622524585470655169846596560575111009376064&startTs=1761844538&endTs=1762276538&fidelity=1
raw/657065_yes_001.json,44585,de7f66f4c249cd3ca3143de3345369dabd068866d962381a89025d20907a4c02,657065,NWSA|2025-11-06,yes,80942494670929100479355804680203104622524585470655169846596560575111009376064,1,1762276538,1762376400,https://clob.polymarket.com/prices-history?market=80942494670929100479355804680203104622524585470655169846596560575111009376064&startTs=1762276538&endTs=1762376400&fidelity=1
raw/1293041_no_000.json,187545,133fe792981c9bc41b49607bd4cd4f93eeab36a186d8335db0e4d119cea126ca,1293041,PAG|2026-02-11,no,78799163881700671228166140294849479164796484600774000293477072798861900860568,0,1769694384,1770126384,https://clob.polymarket.com/prices-history?market=78799163881700671228166140294849479164796484600774000293477072798861900860568&startTs=1769694384&endTs=1770126384&fidelity=1
raw/1293041_no_001.json,190864,7ec035ba3bd09d61ffc61ae5b7f38f6af47f11a7f2b9a7a1587367351fadab2d,1293041,PAG|2026-02-11,no,78799163881700671228166140294849479164796484600774000293477072798861900860568,1,1770126384,1770558384,https://clob.polymarket.com/prices-history?market=78799163881700671228166140294849479164796484600774000293477072798861900860568&startTs=1770126384&endTs=1770558384&fidelity=1
raw/1293041_no_002.json,88792,31d635aa72bfc7ce0bf6affc849729b6e0e035b48d25332f776ebb1b929fc5a3,1293041,PAG|2026-02-11,no,78799163881700671228166140294849479164796484600774000293477072798861900860568,2,1770558384,1770757200,https://clob.polymarket.com/prices-history?market=78799163881700671228166140294849479164796484600774000293477072798861900860568&startTs=1770558384&endTs=1770757200&fidelity=1
raw/1293041_yes_000.json,187545,ab4f9a60c466c9835b75e7ef21584ca20ad5cb048179aa1a26a4ad07715209a0,1293041,PAG|2026-02-11,yes,107155358555328888022639180107309398091613306146786457588378047581889130648735,0,1769694384,1770126384,https://clob.polymarket.com/prices-history?market=107155358555328888022639180107309398091613306146786457588378047581889130648735&startTs=1769694384&endTs=1770126384&fidelity=1
raw/1293041_yes_001.json,190864,1ecea06b7add05579fe2ed2db987e61025032f5859685a9656c181932ba11975,1293041,PAG|2026-02-11,yes,107155358555328888022639180107309398091613306146786457588378047581889130648735,1,1770126384,1770558384,https://clob.polymarket.com/prices-history?market=107155358555328888022639180107309398091613306146786457588378047581889130648735&startTs=1770126384&endTs=1770558384&fidelity=1
raw/1293041_yes_002.json,88792,c76c8db6fb4713c8058c24b57f72363a203b80f7abcf9127528c976fb718fd41,1293041,PAG|2026-02-11,yes,107155358555328888022639180107309398091613306146786457588378047581889130648735,2,1770558384,1770757200,https://clob.polymarket.com/prices-history?market=107155358555328888022639180107309398091613306146786457588378047581889130648735&startTs=1770558384&endTs=1770757200&fidelity=1
raw/2312767_no_000.json,186539,6aceb62d416cd67d38149a592fce62a98290a23e496d0d5b6badff57d62ef769,2312767,PANW|2026-06-02,no,79517534839767405324798063828964858869478449137378355501056808226690084358178,0,1779287649,1779719649,https://clob.polymarket.com/prices-history?market=79517534839767405324798063828964858869478449137378355501056808226690084358178&startTs=1779287649&endTs=1779719649&fidelity=1
raw/2312767_no_001.json,188419,836ff440dd78eea5d7a30edfdd476740c76a0908b1d3159a9c86a4709f181b6f,2312767,PANW|2026-06-02,no,79517534839767405324798063828964858869478449137378355501056808226690084358178,1,1779719649,1780151649,https://clob.polymarket.com/prices-history?market=79517534839767405324798063828964858869478449137378355501056808226690084358178&startTs=1779719649&endTs=1780151649&fidelity=1
raw/2312767_no_002.json,87714,2887614176bee57effa49c3bb33aff5b11a2816506c2046e50586e3bd7e8b35a,2312767,PANW|2026-06-02,no,79517534839767405324798063828964858869478449137378355501056808226690084358178,2,1780151649,1780344000,https://clob.polymarket.com/prices-history?market=79517534839767405324798063828964858869478449137378355501056808226690084358178&startTs=1780151649&endTs=1780344000&fidelity=1
raw/2312767_yes_000.json,186539,9bd8c01f3cc43628285fc62ecfa24f972feb929c6c408059b1eacca2c20a9fdb,2312767,PANW|2026-06-02,yes,109207118213599782049673454573711076845415441518466748661711720142254112629660,0,1779287649,1779719649,https://clob.polymarket.com/prices-history?market=109207118213599782049673454573711076845415441518466748661711720142254112629660&startTs=1779287649&endTs=1779719649&fidelity=1
raw/2312767_yes_001.json,188419,71421bc8d80180d22ff05b8074abe6e5d3677e7419140d2ed985459d79b7eae4,2312767,PANW|2026-06-02,yes,109207118213599782049673454573711076845415441518466748661711720142254112629660,1,1779719649,1780151649,https://clob.polymarket.com/prices-history?market=109207118213599782049673454573711076845415441518466748661711720142254112629660&startTs=1779719649&endTs=1780151649&fidelity=1
raw/2312767_yes_002.json,87712,fef9e0620a7de2340eabe41dac86e0f1d99d4b788fb68b3e0ad2df5657f47ea5,2312767,PANW|2026-06-02,yes,109207118213599782049673454573711076845415441518466748661711720142254112629660,2,1780151649,1780344000,https://clob.polymarket.com/prices-history?market=109207118213599782049673454573711076845415441518466748661711720142254112629660&startTs=1780151649&endTs=1780344000&fidelity=1
raw/1555635_no_000.json,186851,0881276db5d84b4465d7669bb5ca2a756366843221b0193b6b498e3462386049,1555635,PAYX|2026-03-25,no,27094575743947158907397807149057056903063338814030608301785384343123178846035,0,1773183815,1773615815,https://clob.polymarket.com/prices-history?market=27094575743947158907397807149057056903063338814030608301785384343123178846035&startTs=1773183815&endTs=1773615815&fidelity=1
raw/1555635_no_001.json,189160,c5ba285443c244fb8df113165130818bcc5323912967114e939446a58c790f39,1555635,PAYX|2026-03-25,no,27094575743947158907397807149057056903063338814030608301785384343123178846035,1,1773615815,1774047815,https://clob.polymarket.com/prices-history?market=27094575743947158907397807149057056903063338814030608301785384343123178846035&startTs=1773615815&endTs=1774047815&fidelity=1
raw/1555635_no_002.json,148642,41a60afcdcafe700d19213944caa7a8fbe7093566ca43af2c3e7e1cb3fc019bb,1555635,PAYX|2026-03-25,no,27094575743947158907397807149057056903063338814030608301785384343123178846035,2,1774047815,1774382400,https://clob.polymarket.com/prices-history?market=27094575743947158907397807149057056903063338814030608301785384343123178846035&startTs=1774047815&endTs=1774382400&fidelity=1
raw/1555635_yes_000.json,186852,c4daf3f2199b13e0fa927b25f8f8e3b9599bee2c58b4825c75718309cbfe845b,1555635,PAYX|2026-03-25,yes,37648642678377278315314796554770021007812544012943813234166458887038778675788,0,1773183815,1773615815,https://clob.polymarket.com/prices-history?market=37648642678377278315314796554770021007812544012943813234166458887038778675788&startTs=1773183815&endTs=1773615815&fidelity=1
raw/1555635_yes_001.json,189160,78b0ab67d990f3acbacb1fd40084419b5a31bd52b5d9cf8268ef5c6fd83f402c,1555635,PAYX|2026-03-25,yes,37648642678377278315314796554770021007812544012943813234166458887038778675788,1,1773615815,1774047815,https://clob.polymarket.com/prices-history?market=37648642678377278315314796554770021007812544012943813234166458887038778675788&startTs=1773615815&endTs=1774047815&fidelity=1
raw/1555635_yes_002.json,148643,68e5ef228e5f0141ab0021978c1cf4bb4cc4578c6f52a14400f4e86e9aff8289,1555635,PAYX|2026-03-25,yes,37648642678377278315314796554770021007812544012943813234166458887038778675788,2,1774047815,1774382400,https://clob.polymarket.com/prices-history?market=37648642678377278315314796554770021007812544012943813234166458887038778675788&startTs=1774047815&endTs=1774382400&fidelity=1
raw/613050_no_000.json,189362,bd9001dcfbf89a5b3d1e93406a7ecf4ba020c5da29cc64798ef5216279c18860,613050,PEP|2025-10-09,no,77959664312800236227338112656900605857918880223372753874170804791029605559868,0,1758892287,1759324287,https://clob.polymarket.com/prices-history?market=77959664312800236227338112656900605857918880223372753874170804791029605559868&startTs=1758892287&endTs=1759324287&fidelity=1
raw/613050_no_001.json,193044,f9a7ba7dea6326f04b72b7af0236b2b5c3d07e5c09ea43d8371805ac4d2e0d17,613050,PEP|2025-10-09,no,77959664312800236227338112656900605857918880223372753874170804791029605559868,1,1759324287,1759756287,https://clob.polymarket.com/prices-history?market=77959664312800236227338112656900605857918880223372753874170804791029605559868&startTs=1759324287&endTs=1759756287&fidelity=1
raw/613050_no_002.json,90141,2d72cf4bff01304114ac10aa8eaf3b4932ff8cac3cf8f086f77d901bb1e76326,613050,PEP|2025-10-09,no,77959664312800236227338112656900605857918880223372753874170804791029605559868,2,1759756287,1759953600,https://clob.polymarket.com/prices-history?market=77959664312800236227338112656900605857918880223372753874170804791029605559868&startTs=1759756287&endTs=1759953600&fidelity=1
raw/613050_yes_000.json,189360,4d8cb281940b21563156cf16d98c4d4ae6ac42409f14fc088e60586337e6f1ad,613050,PEP|2025-10-09,yes,90396429537936650711394962339316584913038333919022084933134129853130136079801,0,1758892287,1759324287,https://clob.polymarket.com/prices-history?market=90396429537936650711394962339316584913038333919022084933134129853130136079801&startTs=1758892287&endTs=1759324287&fidelity=1
raw/613050_yes_001.json,193044,cecba92f3410d9770d3333033adfafee0aff441867d08ba0c108a7319db608d1,613050,PEP|2025-10-09,yes,90396429537936650711394962339316584913038333919022084933134129853130136079801,1,1759324287,1759756287,https://clob.polymarket.com/prices-history?market=90396429537936650711394962339316584913038333919022084933134129853130136079801&startTs=1759324287&endTs=1759756287&fidelity=1
raw/613050_yes_002.json,90141,ac2aa9f309fc715e590fb6e50dc0d38a9f8f23ae8f4b983333e4ade240612336,613050,PEP|2025-10-09,yes,90396429537936650711394962339316584913038333919022084933134129853130136079801,2,1759756287,1759953600,https://clob.polymarket.com/prices-history?market=90396429537936650711394962339316584913038333919022084933134129853130136079801&startTs=1759756287&endTs=1759953600&fidelity=1
raw/2700674_no_000.json,185225,4baa66134fda0567304f1e33ba175b7e3564c444e8c1a18955edae1e32262b15,2700674,PEP|2026-07-09,no,36138308919594206563937024975396822682468451592149810183147909250314832568950,0,1782757557,1783189557,https://clob.polymarket.com/prices-history?market=36138308919594206563937024975396822682468451592149810183147909250314832568950&startTs=1782757557&endTs=1783189557&fidelity=1
raw/2700674_no_001.json,153709,fd59d56b9bd89c572b0a7f3d3a1d76fd16aeaf0050cdbc78e709eab2262f2e44,2700674,PEP|2026-07-09,no,36138308919594206563937024975396822682468451592149810183147909250314832568950,1,1783189557,1783540800,https://clob.polymarket.com/prices-history?market=36138308919594206563937024975396822682468451592149810183147909250314832568950&startTs=1783189557&endTs=1783540800&fidelity=1
raw/2700674_yes_000.json,185226,512a1b991bd193bb62e8fdc7e3c2eef95a2f9f8be88af67f62b12355bb3068b5,2700674,PEP|2026-07-09,yes,68940047003700380463583798218732634132827414429814111606942905423339311109927,0,1782757557,1783189557,https://clob.polymarket.com/prices-history?market=68940047003700380463583798218732634132827414429814111606942905423339311109927&startTs=1782757557&endTs=1783189557&fidelity=1
raw/2700674_yes_001.json,153710,1ac36b25eb1ac3b6665275336b6c923747cd054628a99e8fb84e13e11353fe88,2700674,PEP|2026-07-09,yes,68940047003700380463583798218732634132827414429814111606942905423339311109927,1,1783189557,1783540800,https://clob.polymarket.com/prices-history?market=68940047003700380463583798218732634132827414429814111606942905423339311109927&startTs=1783189557&endTs=1783540800&fidelity=1
raw/675497_no_000.json,188004,b82207a1d7c8eef79819509edbd77eee485a18dde796be55d5a2dbd230b1b2e9,675497,POWL|2025-11-18,no,73801378170992529324134075667407445933803835412020999216794579843867417832703,0,1762815685,1763247685,https://clob.polymarket.com/prices-history?market=73801378170992529324134075667407445933803835412020999216794579843867417832703&startTs=1762815685&endTs=1763247685&fidelity=1
raw/675497_no_001.json,72191,f96da2655849f9bcb686c3ee3d6ad58c6dc0b71b7429595a67652134699ae35f,675497,POWL|2025-11-18,no,73801378170992529324134075667407445933803835412020999216794579843867417832703,1,1763247685,1763413200,https://clob.polymarket.com/prices-history?market=73801378170992529324134075667407445933803835412020999216794579843867417832703&startTs=1763247685&endTs=1763413200&fidelity=1
raw/675497_yes_000.json,188004,16133f0002edf14f5cd4afc83bb4d98889700dffd765e3c090de700e2b2710c1,675497,POWL|2025-11-18,yes,37731594738555895783352819237861489474438191373773738173365431544762778823915,0,1762815685,1763247685,https://clob.polymarket.com/prices-history?market=37731594738555895783352819237861489474438191373773738173365431544762778823915&startTs=1762815685&endTs=1763247685&fidelity=1
raw/675497_yes_001.json,72191,8b98b27e7cccfef7565908cb0b692d474cc3957003ad18b54db622fcb5d8a7f3,675497,POWL|2025-11-18,yes,37731594738555895783352819237861489474438191373773738173365431544762778823915,1,1763247685,1763413200,https://clob.polymarket.com/prices-history?market=37731594738555895783352819237861489474438191373773738173365431544762778823915&startTs=1763247685&endTs=1763413200&fidelity=1
raw/2941073_no_000.json,189319,aa80c7014beec6f53faec8e77fec328455f6bd2c84a023d5735fc740b9050e08,2941073,PYPL|2026-07-28,no,7386649530555135120552100032238253178505615963329806608928483019227338342653,0,1784159514,1784591514,https://clob.polymarket.com/prices-history?market=7386649530555135120552100032238253178505615963329806608928483019227338342653&startTs=1784159514&endTs=1784591514&fidelity=1
raw/2941073_no_001.json,192054,4fd84275e8f469f199f31098858200d5d4cf313cdc8df5439bac95bafb71bbc7,2941073,PYPL|2026-07-28,no,7386649530555135120552100032238253178505615963329806608928483019227338342653,1,1784591514,1785023514,https://clob.polymarket.com/prices-history?market=7386649530555135120552100032238253178505615963329806608928483019227338342653&startTs=1784591514&endTs=1785023514&fidelity=1
raw/2941073_no_002.json,71219,8a4e6fe409dc9aa9f9918137a408b62f89daef405bd08556f85ccd2cf0d6c2f5,2941073,PYPL|2026-07-28,no,7386649530555135120552100032238253178505615963329806608928483019227338342653,2,1785023514,1785182400,https://clob.polymarket.com/prices-history?market=7386649530555135120552100032238253178505615963329806608928483019227338342653&startTs=1785023514&endTs=1785182400&fidelity=1
raw/2941073_yes_000.json,189319,743305270d5937ef635a741ddfbcd213678d582d12172cacdef1e91f0a4d3e76,2941073,PYPL|2026-07-28,yes,89956908194054282837762594579154108018294636159306812131311838824200177089959,0,1784159514,1784591514,https://clob.polymarket.com/prices-history?market=89956908194054282837762594579154108018294636159306812131311838824200177089959&startTs=1784159514&endTs=1784591514&fidelity=1
raw/2941073_yes_001.json,192054,53925dd1ce91010e69d82b6434e4c1e08ded52aacfdce8a91f259d4c2f91a129,2941073,PYPL|2026-07-28,yes,89956908194054282837762594579154108018294636159306812131311838824200177089959,1,1784591514,1785023514,https://clob.polymarket.com/prices-history?market=89956908194054282837762594579154108018294636159306812131311838824200177089959&startTs=1784591514&endTs=1785023514&fidelity=1
raw/2941073_yes_002.json,71219,d165fc9721cd476dc8817943c199e26d29d41ae965799253d2f67780e8f5e51e,2941073,PYPL|2026-07-28,yes,89956908194054282837762594579154108018294636159306812131311838824200177089959,2,1785023514,1785182400,https://clob.polymarket.com/prices-history?market=89956908194054282837762594579154108018294636159306812131311838824200177089959&startTs=1785023514&endTs=1785182400&fidelity=1
raw/1238099_no_000.json,186757,1a573ce9f07c53ca5ac94b802d2334874b7a0147bf288f96454c4245d6f647bf,1238099,QCOM|2026-02-04,no,103881229954747883128356510732013463281017124135110025540693943378390360043436,0,1769037872,1769469872,https://clob.polymarket.com/prices-history?market=103881229954747883128356510732013463281017124135110025540693943378390360043436&startTs=1769037872&endTs=1769469872&fidelity=1
raw/1238099_no_001.json,190036,3a0e26502e8faf88d2c617d90fcd2cf78fbdd3b4c739c48636b0b45b01e5ffe3,1238099,QCOM|2026-02-04,no,103881229954747883128356510732013463281017124135110025540693943378390360043436,1,1769469872,1769901872,https://clob.polymarket.com/prices-history?market=103881229954747883128356510732013463281017124135110025540693943378390360043436&startTs=1769469872&endTs=1769901872&fidelity=1
raw/1238099_no_002.json,109997,64260964d28b6ea2b66f84bceed51a2e28cd41c6c2966f59fc07007459c0b93b,1238099,QCOM|2026-02-04,no,103881229954747883128356510732013463281017124135110025540693943378390360043436,2,1769901872,1770152400,https://clob.polymarket.com/prices-history?market=103881229954747883128356510732013463281017124135110025540693943378390360043436&startTs=1769901872&endTs=1770152400&fidelity=1
raw/1238099_yes_000.json,186758,aeeebd841414c6b4ea4361a18c828f753fd9366eeeacb913a06f1fddab912080,1238099,QCOM|2026-02-04,yes,63494052079246580398055729529454646196456930731564568807642302096242821023193,0,1769037872,1769469872,https://clob.polymarket.com/prices-history?market=63494052079246580398055729529454646196456930731564568807642302096242821023193&startTs=1769037872&endTs=1769469872&fidelity=1
raw/1238099_yes_001.json,190036,46b984179a9965178e37676f6dfc15c05866b221c6c8135bf5f0dea59c7d9b46,1238099,QCOM|2026-02-04,yes,63494052079246580398055729529454646196456930731564568807642302096242821023193,1,1769469872,1769901872,https://clob.polymarket.com/prices-history?market=63494052079246580398055729529454646196456930731564568807642302096242821023193&startTs=1769469872&endTs=1769901872&fidelity=1
raw/1238099_yes_002.json,109999,832823e1c835e4f275b2a55f2672a2493f829e5f8a11135716024e1eb7f954c2,1238099,QCOM|2026-02-04,yes,63494052079246580398055729529454646196456930731564568807642302096242821023193,2,1769901872,1770152400,https://clob.polymarket.com/prices-history?market=63494052079246580398055729529454646196456930731564568807642302096242821023193&startTs=1769901872&endTs=1770152400&fidelity=1
raw/1268878_no_000.json,190151,85e7c8c6c4cb401b5fe880509477cb8b27b755a9419456afe600457bd96811db,1268878,RDDT|2026-02-05,no,16310107425838537966741197457119917190119573717806465603204449252538061520252,0,1769385021,1769817021,https://clob.polymarket.com/prices-history?market=16310107425838537966741197457119917190119573717806465603204449252538061520252&startTs=1769385021&endTs=1769817021&fidelity=1
raw/1268878_no_001.json,186798,dcc8eaca25d637048cf59445941e813023b366ce92193f5f484b8128ad298c4b,1268878,RDDT|2026-02-05,no,16310107425838537966741197457119917190119573717806465603204449252538061520252,1,1769817021,1770238800,https://clob.polymarket.com/prices-history?market=16310107425838537966741197457119917190119573717806465603204449252538061520252&startTs=1769817021&endTs=1770238800&fidelity=1
raw/1268878_yes_000.json,190178,ea70eb83de5a81787dd423f05e9db84633f1ef200bc1254f574f0c11ceca4182,1268878,RDDT|2026-02-05,yes,36463739875470812804030617408439043523719848571892458532595028956716736458032,0,1769385021,1769817021,https://clob.polymarket.com/prices-history?market=36463739875470812804030617408439043523719848571892458532595028956716736458032&startTs=1769385021&endTs=1769817021&fidelity=1
raw/1268878_yes_001.json,186781,d19f57e396a95682ee28c3de9b2c359f0bf64499362859f895f1e2cd886cd528,1268878,RDDT|2026-02-05,yes,36463739875470812804030617408439043523719848571892458532595028956716736458032,1,1769817021,1770238800,https://clob.polymarket.com/prices-history?market=36463739875470812804030617408439043523719848571892458532595028956716736458032&startTs=1769817021&endTs=1770238800&fidelity=1
raw/1369645_no_000.json,188661,2459fd5c99e82335daa47e6fa207ecb8b4be7b0cc132b091deeaf1520f563583,1369645,RKLB|2026-02-26,no,92328421562677367227011893517353668296950282231647303608852460912296080538664,0,1770905257,1771337257,https://clob.polymarket.com/prices-history?market=92328421562677367227011893517353668296950282231647303608852460912296080538664&startTs=1770905257&endTs=1771337257&fidelity=1
raw/1369645_no_001.json,191324,e3c164023d1d7d728c03b41673ec4b54fefcea396ed146641bc8641ca0cda49d,1369645,RKLB|2026-02-26,no,92328421562677367227011893517353668296950282231647303608852460912296080538664,1,1771337257,1771769257,https://clob.polymarket.com/prices-history?market=92328421562677367227011893517353668296950282231647303608852460912296080538664&startTs=1771337257&endTs=1771769257&fidelity=1
raw/1369645_no_002.json,125126,ae814126e80ae5e21639066952a9826a8d40ff0cd159f4180c0cbabec2bd5fa0,1369645,RKLB|2026-02-26,no,92328421562677367227011893517353668296950282231647303608852460912296080538664,2,1771769257,1772053200,https://clob.polymarket.com/prices-history?market=92328421562677367227011893517353668296950282231647303608852460912296080538664&startTs=1771769257&endTs=1772053200&fidelity=1
raw/1369645_yes_000.json,188659,287d380355f42f9712ccc032c2f4c31b8f8762930e7834d86ba6480a8af9b38b,1369645,RKLB|2026-02-26,yes,97486774036738469532992046375765586431108959439334732706955003823073141039956,0,1770905257,1771337257,https://clob.polymarket.com/prices-history?market=97486774036738469532992046375765586431108959439334732706955003823073141039956&startTs=1770905257&endTs=1771337257&fidelity=1
raw/1369645_yes_001.json,191326,03da579cf3f85a6cc360beb53640c13d517345b82e17a90effcef07183ee7f32,1369645,RKLB|2026-02-26,yes,97486774036738469532992046375765586431108959439334732706955003823073141039956,1,1771337257,1771769257,https://clob.polymarket.com/prices-history?market=97486774036738469532992046375765586431108959439334732706955003823073141039956&startTs=1771337257&endTs=1771769257&fidelity=1
raw/1369645_yes_002.json,125128,e5861cfef2f98b294a896315730091725888e1a88f920a56fc75dedb6369d567,1369645,RKLB|2026-02-26,yes,97486774036738469532992046375765586431108959439334732706955003823073141039956,2,1771769257,1772053200,https://clob.polymarket.com/prices-history?market=97486774036738469532992046375765586431108959439334732706955003823073141039956&startTs=1771769257&endTs=1772053200&fidelity=1
raw/643045_no_000.json,190730,d27f4ca8c75d771cd1c76a7c3a7e240643061dce12766568c9b143887449fc5d,643045,SBUX|2025-10-29,no,42247614649422315506774699063728667960175872310750431439767130729918765905691,0,1761081115,1761513115,https://clob.polymarket.com/prices-history?market=42247614649422315506774699063728667960175872310750431439767130729918765905691&startTs=1761081115&endTs=1761513115&fidelity=1
raw/643045_no_001.json,74862,9690b1576666356b9287a4b6e7c035ba6374d7f3852d9c7104e958aeb22fed0a,643045,SBUX|2025-10-29,no,42247614649422315506774699063728667960175872310750431439767130729918765905691,1,1761513115,1761681600,https://clob.polymarket.com/prices-history?market=42247614649422315506774699063728667960175872310750431439767130729918765905691&startTs=1761513115&endTs=1761681600&fidelity=1
raw/643045_yes_000.json,190731,b5c09ad47fe6001e9c6c36a7cc94af79cdd4959521fd4a679b29c77d964c2283,643045,SBUX|2025-10-29,yes,92911550058432984857002655091220185996953557966777918829088260388911541757450,0,1761081115,1761513115,https://clob.polymarket.com/prices-history?market=92911550058432984857002655091220185996953557966777918829088260388911541757450&startTs=1761081115&endTs=1761513115&fidelity=1
raw/643045_yes_001.json,74860,eec092492e9af24b89a98a0a12da8a02be29b0aa9d06f8acbf9aa53fc1c889a1,643045,SBUX|2025-10-29,yes,92911550058432984857002655091220185996953557966777918829088260388911541757450,1,1761513115,1761681600,https://clob.polymarket.com/prices-history?market=92911550058432984857002655091220185996953557966777918829088260388911541757450&startTs=1761513115&endTs=1761681600&fidelity=1
raw/658498_no_000.json,187219,be6da02d99bbe907058106cee2b6dbefde56564139dd5bc5256d29caa14f2f5e,658498,SG|2025-11-06,no,12113929810723407983626091181474832415223018730210544462811115257136335534677,0,1761933149,1762365149,https://clob.polymarket.com/prices-history?market=12113929810723407983626091181474832415223018730210544462811115257136335534677&startTs=1761933149&endTs=1762365149&fidelity=1
raw/658498_no_001.json,4876,14ce787d88ed02bc086d0b5496685452ca3e73301991ebf898f18f81a0b6a38a,658498,SG|2025-11-06,no,12113929810723407983626091181474832415223018730210544462811115257136335534677,1,1762365149,1762376400,https://clob.polymarket.com/prices-history?market=12113929810723407983626091181474832415223018730210544462811115257136335534677&startTs=1762365149&endTs=1762376400&fidelity=1
raw/658498_yes_000.json,187219,9dea8ef932143a20c34df37a8749e4d2239190d9310c8948f751d11a8ceb7ed2,658498,SG|2025-11-06,yes,48002902989057635629885393016603720841941314805838997902473399454882374684148,0,1761933149,1762365149,https://clob.polymarket.com/prices-history?market=48002902989057635629885393016603720841941314805838997902473399454882374684148&startTs=1761933149&endTs=1762365149&fidelity=1
raw/658498_yes_001.json,4876,d3d8efe0cfec7ec7d404e7f39d1b20c21098b376be997a593058b33ff65beb9e,658498,SG|2025-11-06,yes,48002902989057635629885393016603720841941314805838997902473399454882374684148,1,1762365149,1762376400,https://clob.polymarket.com/prices-history?market=48002902989057635629885393016603720841941314805838997902473399454882374684148&startTs=1762365149&endTs=1762376400&fidelity=1
raw/1369670_no_000.json,188932,41bcac87547512d42f997b50c5df201c84d4bc1ef9ed0e9cc3d3160a8b95814c,1369670,SHAK|2026-02-26,no,63024127538474666485200993046161422631829204415572123240489365105875637694980,0,1770906458,1771338458,https://clob.polymarket.com/prices-history?market=63024127538474666485200993046161422631829204415572123240489365105875637694980&startTs=1770906458&endTs=1771338458&fidelity=1
raw/1369670_no_001.json,192148,0f5de6d35a199494056d122122e1dd95e37e526972033124bf0ec54f147072d9,1369670,SHAK|2026-02-26,no,63024127538474666485200993046161422631829204415572123240489365105875637694980,1,1771338458,1771770458,https://clob.polymarket.com/prices-history?market=63024127538474666485200993046161422631829204415572123240489365105875637694980&startTs=1771338458&endTs=1771770458&fidelity=1
raw/1369670_no_002.json,124759,70a9cd00d3950f5156f9bc80b19822a0450f19aa39b93d995146ae9ae5b69973,1369670,SHAK|2026-02-26,no,63024127538474666485200993046161422631829204415572123240489365105875637694980,2,1771770458,1772053200,https://clob.polymarket.com/prices-history?market=63024127538474666485200993046161422631829204415572123240489365105875637694980&startTs=1771770458&endTs=1772053200&fidelity=1
raw/1369670_yes_000.json,188940,68012ad6ff561c77193ddd6812e16d6f47726eedfdd41b99172b1c47b98a21e3,1369670,SHAK|2026-02-26,yes,54284701332009992270639212394255529603030740423683993353023588019606702156686,0,1770906458,1771338458,https://clob.polymarket.com/prices-history?market=54284701332009992270639212394255529603030740423683993353023588019606702156686&startTs=1770906458&endTs=1771338458&fidelity=1
raw/1369670_yes_001.json,192147,64982b5025c6faeae298f81965759cd95f9d86a0ff577a7c3223dcf2927ec5ff,1369670,SHAK|2026-02-26,yes,54284701332009992270639212394255529603030740423683993353023588019606702156686,1,1771338458,1771770458,https://clob.polymarket.com/prices-history?market=54284701332009992270639212394255529603030740423683993353023588019606702156686&startTs=1771338458&endTs=1771770458&fidelity=1
raw/1369670_yes_002.json,124761,382dfc220f36176938379252bceaead39a5e7484920abb301f4ef5c83097beda,1369670,SHAK|2026-02-26,yes,54284701332009992270639212394255529603030740423683993353023588019606702156686,2,1771770458,1772053200,https://clob.polymarket.com/prices-history?market=54284701332009992270639212394255529603030740423683993353023588019606702156686&startTs=1771770458&endTs=1772053200&fidelity=1
raw/656785_no_000.json,190118,993818d7a416cef3db29f296327170cead6627115da3e81aad016b9ba986df0e,656785,SONO|2025-11-05,no,9147813105425037543730244026891118805991492802897002604970681536052263215837,0,1761830097,1762262097,https://clob.polymarket.com/prices-history?market=9147813105425037543730244026891118805991492802897002604970681536052263215837&startTs=1761830097&endTs=1762262097&fidelity=1
raw/656785_no_001.json,12336,64ffa08f7c06c24da1cffc553373c90e6b652811128a98ae601130f7ffca2326,656785,SONO|2025-11-05,no,9147813105425037543730244026891118805991492802897002604970681536052263215837,1,1762262097,1762290000,https://clob.polymarket.com/prices-history?market=9147813105425037543730244026891118805991492802897002604970681536052263215837&startTs=1762262097&endTs=1762290000&fidelity=1
raw/656785_yes_000.json,190118,069b2e103187be62ab505684d30006e2fe0037e00cbdc7bb067a5be7d670a59e,656785,SONO|2025-11-05,yes,70080710156303920441804034468679803589580181155278677664194103327329484686111,0,1761830097,1762262097,https://clob.polymarket.com/prices-history?market=70080710156303920441804034468679803589580181155278677664194103327329484686111&startTs=1761830097&endTs=1762262097&fidelity=1
raw/656785_yes_001.json,12336,aca198d8f56027f11f8d94613fbc9c63271c0dbf7c2c68b5b969bc22e5882329,656785,SONO|2025-11-05,yes,70080710156303920441804034468679803589580181155278677664194103327329484686111,1,1762262097,1762290000,https://clob.polymarket.com/prices-history?market=70080710156303920441804034468679803589580181155278677664194103327329484686111&startTs=1762262097&endTs=1762290000&fidelity=1
raw/642124_no_000.json,187965,a5e1de1884e74d7ecbcbcac91c576c0d95ad858a0d60efafd59b3cb3d06126eb,642124,TDOC|2025-10-29,no,65792427067304459772233615513295793166278720656923727585280016245510469085368,0,1761003025,1761435025,https://clob.polymarket.com/prices-history?market=65792427067304459772233615513295793166278720656923727585280016245510469085368&startTs=1761003025&endTs=1761435025&fidelity=1
raw/642124_no_001.json,109594,d457c9eb64457ed08e7e430beccdf172b4a7f5cc1df0f386784c2bef33fa216a,642124,TDOC|2025-10-29,no,65792427067304459772233615513295793166278720656923727585280016245510469085368,1,1761435025,1761681600,https://clob.polymarket.com/prices-history?market=65792427067304459772233615513295793166278720656923727585280016245510469085368&startTs=1761435025&endTs=1761681600&fidelity=1
raw/642124_yes_000.json,187965,8a8c85684ee45dbcba01ef86c3c218ff0278fcd9fddbb6c731d6b6583b8380bc,642124,TDOC|2025-10-29,yes,85406673158121867031404699279013986198814335904812629295524200238816815007844,0,1761003025,1761435025,https://clob.polymarket.com/prices-history?market=85406673158121867031404699279013986198814335904812629295524200238816815007844&startTs=1761003025&endTs=1761435025&fidelity=1
raw/642124_yes_001.json,109594,fc2341b2b2944b0445d68af9aa1171f654d2f4a02f32abdd61d3ce53c4385dce,642124,TDOC|2025-10-29,yes,85406673158121867031404699279013986198814335904812629295524200238816815007844,1,1761435025,1761681600,https://clob.polymarket.com/prices-history?market=85406673158121867031404699279013986198814335904812629295524200238816815007844&startTs=1761435025&endTs=1761681600&fidelity=1
raw/1125126_no_000.json,188685,a9887e9721ab6695987b6ac886624da8c2404b928e1f479619d8b93a17331072,1125126,TFC|2026-01-21,no,16031897952010687004708382600717845548244223367630558511483980483941385822617,0,1767743101,1768175101,https://clob.polymarket.com/prices-history?market=16031897952010687004708382600717845548244223367630558511483980483941385822617&startTs=1767743101&endTs=1768175101&fidelity=1
raw/1125126_no_001.json,189868,bdbadc7eb4f25c72eaf79fc0085565bb7b92545dff6d9ff4c7a1a057e229d29f,1125126,TFC|2026-01-21,no,16031897952010687004708382600717845548244223367630558511483980483941385822617,1,1768175101,1768607101,https://clob.polymarket.com/prices-history?market=16031897952010687004708382600717845548244223367630558511483980483941385822617&startTs=1768175101&endTs=1768607101&fidelity=1
raw/1125126_no_002.json,149336,1ac19f77bc907bc4dd62a798814bec3cc412162bc75590e14ba6b6024b0cb7e5,1125126,TFC|2026-01-21,no,16031897952010687004708382600717845548244223367630558511483980483941385822617,2,1768607101,1768942800,https://clob.polymarket.com/prices-history?market=16031897952010687004708382600717845548244223367630558511483980483941385822617&startTs=1768607101&endTs=1768942800&fidelity=1
raw/1125126_yes_000.json,188685,8fb471b0a2f4a41c445e121140775b64fe14d44741f0313d1d2e11d2a3d6efe2,1125126,TFC|2026-01-21,yes,16687345001768755014675618523457730350378309717295587964418571353755651555111,0,1767743101,1768175101,https://clob.polymarket.com/prices-history?market=16687345001768755014675618523457730350378309717295587964418571353755651555111&startTs=1767743101&endTs=1768175101&fidelity=1
raw/1125126_yes_001.json,189868,12ef71bf52dbc327d5f6d242cb2e58bb9b24e56617b7f9772bcbc78e4f9e0d04,1125126,TFC|2026-01-21,yes,16687345001768755014675618523457730350378309717295587964418571353755651555111,1,1768175101,1768607101,https://clob.polymarket.com/prices-history?market=16687345001768755014675618523457730350378309717295587964418571353755651555111&startTs=1768175101&endTs=1768607101&fidelity=1
raw/1125126_yes_002.json,149336,82fcae032fe7c20fb96f76954f539264d6f759ae48d2890f52ffb8af2bf1b87b,1125126,TFC|2026-01-21,yes,16687345001768755014675618523457730350378309717295587964418571353755651555111,2,1768607101,1768942800,https://clob.polymarket.com/prices-history?market=16687345001768755014675618523457730350378309717295587964418571353755651555111&startTs=1768607101&endTs=1768942800&fidelity=1
raw/675507_no_000.json,189355,1d336f6fee1ee14fe1b2d5d6e9701b5d4f8046b9d6377cecd3d138495dbf9e74,675507,TGT|2025-11-19,no,47750557119403904676304452157330453352010867590185634781091996248949041720835,0,1762816023,1763248023,https://clob.polymarket.com/prices-history?market=47750557119403904676304452157330453352010867590185634781091996248949041720835&startTs=1762816023&endTs=1763248023&fidelity=1
raw/675507_no_001.json,110805,1ffed917675b0f88f4332311e29848df90c77d97caa1a80869d50331cfe0514c,675507,TGT|2025-11-19,no,47750557119403904676304452157330453352010867590185634781091996248949041720835,1,1763248023,1763499600,https://clob.polymarket.com/prices-history?market=47750557119403904676304452157330453352010867590185634781091996248949041720835&startTs=1763248023&endTs=1763499600&fidelity=1
raw/675507_yes_000.json,189355,0365b3fba30bdbc274705293e87463eb292b7d76f6237487c2a5bb62e18d3a48,675507,TGT|2025-11-19,yes,91849722089391136982626580515817755208851433006744703278857559238554305092277,0,1762816023,1763248023,https://clob.polymarket.com/prices-history?market=91849722089391136982626580515817755208851433006744703278857559238554305092277&startTs=1762816023&endTs=1763248023&fidelity=1
raw/675507_yes_001.json,110805,d95b4fb13d87b3b00427cb1d6d0ec971a7c934ac19b0ea5cf9a679b0cf0b6a0f,675507,TGT|2025-11-19,yes,91849722089391136982626580515817755208851433006744703278857559238554305092277,1,1763248023,1763499600,https://clob.polymarket.com/prices-history?market=91849722089391136982626580515817755208851433006744703278857559238554305092277&startTs=1763248023&endTs=1763499600&fidelity=1
raw/658487_no_000.json,188992,a941d54b1fa231c92003986a15b40ba18ed3984af2084387a88403700dd91c58,658487,UAA|2025-11-06,no,71495163849203381568588144248555913128959071753061483118192690394683901145737,0,1761931469,1762363469,https://clob.polymarket.com/prices-history?market=71495163849203381568588144248555913128959071753061483118192690394683901145737&startTs=1761931469&endTs=1762363469&fidelity=1
raw/658487_no_001.json,5564,54b0e06570a306d631819b50ef306cddf7d1124beb8ee48bf77b8eaebd3f2f08,658487,UAA|2025-11-06,no,71495163849203381568588144248555913128959071753061483118192690394683901145737,1,1762363469,1762376400,https://clob.polymarket.com/prices-history?market=71495163849203381568588144248555913128959071753061483118192690394683901145737&startTs=1762363469&endTs=1762376400&fidelity=1
raw/658487_yes_000.json,188992,2266b3e076973e31b20afc01545d4902153f7f3190f11a134c0b877e281d3b85,658487,UAA|2025-11-06,yes,113518763424261404758232463657243664761812930152548858162554528349454698707555,0,1761931469,1762363469,https://clob.polymarket.com/prices-history?market=113518763424261404758232463657243664761812930152548858162554528349454698707555&startTs=1761931469&endTs=1762363469&fidelity=1
raw/658487_yes_001.json,5564,3b92d1a66626029dc095751c18277ae1d6947e169592e0e62b367b7efe358954,658487,UAA|2025-11-06,yes,113518763424261404758232463657243664761812930152548858162554528349454698707555,1,1762363469,1762376400,https://clob.polymarket.com/prices-history?market=113518763424261404758232463657243664761812930152548858162554528349454698707555&startTs=1762363469&endTs=1762376400&fidelity=1
raw/2062032_no_000.json,185005,4325c003a9bf5d9d868b34812085f50f414217797b86f1620c46cfd93b813665,2062032,UBER|2026-05-06,no,75249850027421342302756997592903139457608860033973773539789748538873092975552,0,1776976159,1777408159,https://clob.polymarket.com/prices-history?market=75249850027421342302756997592903139457608860033973773539789748538873092975552&startTs=1776976159&endTs=1777408159&fidelity=1
raw/2062032_no_001.json,187678,f6fb366a9958021368ac7cad63289ce18bf992820a2bdc50bc554aa7b4581a1e,2062032,UBER|2026-05-06,no,75249850027421342302756997592903139457608860033973773539789748538873092975552,1,1777408159,1777840159,https://clob.polymarket.com/prices-history?market=75249850027421342302756997592903139457608860033973773539789748538873092975552&startTs=1777408159&endTs=1777840159&fidelity=1
raw/2062032_no_002.json,75378,6d2fd959e45b3240a91615267b74909ee76cc28a318c14b88e2bcc1c818e80f4,2062032,UBER|2026-05-06,no,75249850027421342302756997592903139457608860033973773539789748538873092975552,2,1777840159,1778011200,https://clob.polymarket.com/prices-history?market=75249850027421342302756997592903139457608860033973773539789748538873092975552&startTs=1777840159&endTs=1778011200&fidelity=1
raw/2062032_yes_000.json,185007,37bc6ed5aace531d169a07de79de85a7e18539f81c9c7c4decfb5f6b31dc3bf4,2062032,UBER|2026-05-06,yes,69159601559809080191852788735175298055388478433258814576093354322706040135578,0,1776976159,1777408159,https://clob.polymarket.com/prices-history?market=69159601559809080191852788735175298055388478433258814576093354322706040135578&startTs=1776976159&endTs=1777408159&fidelity=1
raw/2062032_yes_001.json,187679,e9edfc1e4e69d0dba41aa54b69eadcae6c4b518fd0a0637bba49f37bf19d3e72,2062032,UBER|2026-05-06,yes,69159601559809080191852788735175298055388478433258814576093354322706040135578,1,1777408159,1777840159,https://clob.polymarket.com/prices-history?market=69159601559809080191852788735175298055388478433258814576093354322706040135578&startTs=1777408159&endTs=1777840159&fidelity=1
raw/2062032_yes_002.json,75377,2b885b744dcc6904c0017fcdfec632bd837f6b6231ddf75eb18f110bee29a8e3,2062032,UBER|2026-05-06,yes,69159601559809080191852788735175298055388478433258814576093354322706040135578,2,1777840159,1778011200,https://clob.polymarket.com/prices-history?market=69159601559809080191852788735175298055388478433258814576093354322706040135578&startTs=1777840159&endTs=1778011200&fidelity=1
raw/696263_no_000.json,189924,d14884da6f25762a2fd297214fb09cfdb4d977a3cc853636f102e75472ed86b3,696263,UNFI|2025-12-02,no,112371837188120696685291818105337183180447163753129299194925526467327684555204,0,1763766869,1764198869,https://clob.polymarket.com/prices-history?market=112371837188120696685291818105337183180447163753129299194925526467327684555204&startTs=1763766869&endTs=1764198869&fidelity=1
raw/696263_no_001.json,188538,e6f515a8c37e48b525bfd0eb007af91489940138fd11debea85e134139101822,696263,UNFI|2025-12-02,no,112371837188120696685291818105337183180447163753129299194925526467327684555204,1,1764198869,1764622800,https://clob.polymarket.com/prices-history?market=112371837188120696685291818105337183180447163753129299194925526467327684555204&startTs=1764198869&endTs=1764622800&fidelity=1
raw/696263_yes_000.json,189925,0d4fdf61b6374fa128771ad0d7d52abfc9ddccb046f636c1f0761a43534c8bf4,696263,UNFI|2025-12-02,yes,56507631820075957348449326529792517108251810852048693868958176653710807625164,0,1763766869,1764198869,https://clob.polymarket.com/prices-history?market=56507631820075957348449326529792517108251810852048693868958176653710807625164&startTs=1763766869&endTs=1764198869&fidelity=1
raw/696263_yes_001.json,188538,32e723d88f3957d2a9caad3a563f6fad74b12b6d8b0e0acc6f7c7e033f42311b,696263,UNFI|2025-12-02,yes,56507631820075957348449326529792517108251810852048693868958176653710807625164,1,1764198869,1764622800,https://clob.polymarket.com/prices-history?market=56507631820075957348449326529792517108251810852048693868958176653710807625164&startTs=1764198869&endTs=1764622800&fidelity=1
raw/1421646_no_000.json,189219,cf1009cc7354626f619a6919bbbfeef2941a80e033d660b68867c1a6c8c7d3ae,1421646,UNFI|2026-03-10,no,1232172823431944979936093491033169234484748517570362727035076213736055687947,0,1771882091,1772314091,https://clob.polymarket.com/prices-history?market=1232172823431944979936093491033169234484748517570362727035076213736055687947&startTs=1771882091&endTs=1772314091&fidelity=1
raw/1421646_no_001.json,191344,4d7a4ca358c717b0c7c84015fcd09ef916152eec86da83b7e42ec8c670afa453,1421646,UNFI|2026-03-10,no,1232172823431944979936093491033169234484748517570362727035076213736055687947,1,1772314091,1772746091,https://clob.polymarket.com/prices-history?market=1232172823431944979936093491033169234484748517570362727035076213736055687947&startTs=1772314091&endTs=1772746091&fidelity=1
raw/1421646_no_002.json,149733,ecdd376a45276878f20cea1422473d669d5afd3fb64a7bc1c8f4536e44409d87,1421646,UNFI|2026-03-10,no,1232172823431944979936093491033169234484748517570362727035076213736055687947,2,1772746091,1773086400,https://clob.polymarket.com/prices-history?market=1232172823431944979936093491033169234484748517570362727035076213736055687947&startTs=1772746091&endTs=1773086400&fidelity=1
raw/1421646_yes_000.json,189220,ea6bdd4aecc4a796e3218fd4ef1f49eeb19414f7f9e21b8113a874d64b170cea,1421646,UNFI|2026-03-10,yes,73625708557221634665136544010302728532836524304618739776025025740259577589272,0,1771882091,1772314091,https://clob.polymarket.com/prices-history?market=73625708557221634665136544010302728532836524304618739776025025740259577589272&startTs=1771882091&endTs=1772314091&fidelity=1
raw/1421646_yes_001.json,191344,63eb89c8d6187c8316b9b73bd721c3a8007df4697eb00eab6fd91cc49641d08f,1421646,UNFI|2026-03-10,yes,73625708557221634665136544010302728532836524304618739776025025740259577589272,1,1772314091,1772746091,https://clob.polymarket.com/prices-history?market=73625708557221634665136544010302728532836524304618739776025025740259577589272&startTs=1772314091&endTs=1772746091&fidelity=1
raw/1421646_yes_002.json,149733,7447c73a604e0e5e499abc9671e133f89ecf2857175ea4277e0314063e8bb38d,1421646,UNFI|2026-03-10,yes,73625708557221634665136544010302728532836524304618739776025025740259577589272,2,1772746091,1773086400,https://clob.polymarket.com/prices-history?market=73625708557221634665136544010302728532836524304618739776025025740259577589272&startTs=1772746091&endTs=1773086400&fidelity=1
raw/1175892_no_000.json,188954,5cf27c18b3254db6969120984109464a735fa9c72fafad31afadf8d8ac60a664,1175892,UNP|2026-01-27,no,62478914962508926328622386861601517673247580511000080902021508602764602774848,0,1768318197,1768750197,https://clob.polymarket.com/prices-history?market=62478914962508926328622386861601517673247580511000080902021508602764602774848&startTs=1768318197&endTs=1768750197&fidelity=1
raw/1175892_no_001.json,191682,583353908508ac52122eccc9a9a9b6f8060cebcb0c8dbca07ec84d630e9bd0d1,1175892,UNP|2026-01-27,no,62478914962508926328622386861601517673247580511000080902021508602764602774848,1,1768750197,1769182197,https://clob.polymarket.com/prices-history?market=62478914962508926328622386861601517673247580511000080902021508602764602774848&startTs=1768750197&endTs=1769182197&fidelity=1
raw/1175892_no_002.json,122631,fab012bb3af27dd7bc4bf9a8a74c0b6d849c0a6049acd1d80060c5fe51c06751,1175892,UNP|2026-01-27,no,62478914962508926328622386861601517673247580511000080902021508602764602774848,2,1769182197,1769461200,https://clob.polymarket.com/prices-history?market=62478914962508926328622386861601517673247580511000080902021508602764602774848&startTs=1769182197&endTs=1769461200&fidelity=1
raw/1175892_yes_000.json,188954,bf451654829e270f15668a822f422cd5b492d9c182606268a0baa9f6853d20f0,1175892,UNP|2026-01-27,yes,80456587554889378491338296494476310883065751876585591147341089339384108740721,0,1768318197,1768750197,https://clob.polymarket.com/prices-history?market=80456587554889378491338296494476310883065751876585591147341089339384108740721&startTs=1768318197&endTs=1768750197&fidelity=1
raw/1175892_yes_001.json,191683,3e7e3607c857c92ded0e09d41116ee512f65c90fdc1c121a6f0c9ad234e6985b,1175892,UNP|2026-01-27,yes,80456587554889378491338296494476310883065751876585591147341089339384108740721,1,1768750197,1769182197,https://clob.polymarket.com/prices-history?market=80456587554889378491338296494476310883065751876585591147341089339384108740721&startTs=1768750197&endTs=1769182197&fidelity=1
raw/1175892_yes_002.json,122629,082b09fac3ae624e75e4953d01e264c00827d2aa439a880f9fa7e77753a6b534,1175892,UNP|2026-01-27,yes,80456587554889378491338296494476310883065751876585591147341089339384108740721,2,1769182197,1769461200,https://clob.polymarket.com/prices-history?market=80456587554889378491338296494476310883065751876585591147341089339384108740721&startTs=1769182197&endTs=1769461200&fidelity=1
raw/1891432_no_000.json,187527,ed8fd9d81b590d3ea86173d46b78cc21f28a031fd30d1692554238a89aec002c,1891432,USB|2026-04-16,no,5767057446160956570805099157692458391003701531186360607212479406209995398491,0,1775484248,1775916248,https://clob.polymarket.com/prices-history?market=5767057446160956570805099157692458391003701531186360607212479406209995398491&startTs=1775484248&endTs=1775916248&fidelity=1
raw/1891432_no_001.json,162413,2dad9af122e651f654bb3cfc3f2fba91b86f02fd8be6a86e6bf2e4c74d70e9ad,1891432,USB|2026-04-16,no,5767057446160956570805099157692458391003701531186360607212479406209995398491,1,1775916248,1776283200,https://clob.polymarket.com/prices-history?market=5767057446160956570805099157692458391003701531186360607212479406209995398491&startTs=1775916248&endTs=1776283200&fidelity=1
raw/1891432_yes_000.json,187526,e1808506e650d07b9c3cc110fb320e8baa20423372299b2c9e8dd88a0bccfc5a,1891432,USB|2026-04-16,yes,48283436993234636712142601196095725965113442264570373624679704027094637883427,0,1775484248,1775916248,https://clob.polymarket.com/prices-history?market=48283436993234636712142601196095725965113442264570373624679704027094637883427&startTs=1775484248&endTs=1775916248&fidelity=1
raw/1891432_yes_001.json,162413,6b8dcf8bbb1307f861d77ea79a3a7d290c7b177009c2e85eb6e3a52bf35c220a,1891432,USB|2026-04-16,yes,48283436993234636712142601196095725965113442264570373624679704027094637883427,1,1775916248,1776283200,https://clob.polymarket.com/prices-history?market=48283436993234636712142601196095725965113442264570373624679704027094637883427&startTs=1775916248&endTs=1776283200&fidelity=1
raw/2003526_no_000.json,185226,ec5550fc2398c80d4a27b296c054fd13556186523bc22f37ca82057d4dde1242,2003526,VIRT|2026-04-29,no,28587273228649702463020618449701379327466840297895883376785823555047528877679,0,1776451687,1776883687,https://clob.polymarket.com/prices-history?market=28587273228649702463020618449701379327466840297895883376785823555047528877679&startTs=1776451687&endTs=1776883687&fidelity=1
raw/2003526_no_001.json,193866,49f03aca1ffd3b46cb231ca5efcee00e8f4a488e15d5ba77b0f3e28bca7113db,2003526,VIRT|2026-04-29,no,28587273228649702463020618449701379327466840297895883376785823555047528877679,1,1776883687,1777315687,https://clob.polymarket.com/prices-history?market=28587273228649702463020618449701379327466840297895883376785823555047528877679&startTs=1776883687&endTs=1777315687&fidelity=1
raw/2003526_no_002.json,39489,c02c6220f87b3095cb3703f9559be0c9b3b459f151fbfda563af5b5bf15581a5,2003526,VIRT|2026-04-29,no,28587273228649702463020618449701379327466840297895883376785823555047528877679,2,1777315687,1777406400,https://clob.polymarket.com/prices-history?market=28587273228649702463020618449701379327466840297895883376785823555047528877679&startTs=1777315687&endTs=1777406400&fidelity=1
raw/2003526_yes_000.json,185224,ac4bbeb51b40eeea56d0a78d342a7c9e21b4b1e97e3727ade24d9a67df16c8e1,2003526,VIRT|2026-04-29,yes,41964451992457518668397004917512018814122455543327712808395276226468675081178,0,1776451687,1776883687,https://clob.polymarket.com/prices-history?market=41964451992457518668397004917512018814122455543327712808395276226468675081178&startTs=1776451687&endTs=1776883687&fidelity=1
raw/2003526_yes_001.json,193866,238c8432bbf6adb27be3df91138a871eb0475932bea926a04df6935f2218769a,2003526,VIRT|2026-04-29,yes,41964451992457518668397004917512018814122455543327712808395276226468675081178,1,1776883687,1777315687,https://clob.polymarket.com/prices-history?market=41964451992457518668397004917512018814122455543327712808395276226468675081178&startTs=1776883687&endTs=1777315687&fidelity=1
raw/2003526_yes_002.json,39489,374564cf3b6ff93d7f5aca982291d5a85cb0c1c14493a31ccfd9daf9f580882c,2003526,VIRT|2026-04-29,yes,41964451992457518668397004917512018814122455543327712808395276226468675081178,2,1777315687,1777406400,https://clob.polymarket.com/prices-history?market=41964451992457518668397004917512018814122455543327712808395276226468675081178&startTs=1777315687&endTs=1777406400&fidelity=1
raw/2910387_no_000.json,187950,a3d56950412a37c0863e637ba29ce1641a51d3fcccbd1e73a72f77bbcf82244b,2910387,VZ|2026-07-24,no,15245474905739898590665711177398841141650687108761643760622241190517224745176,0,1783978850,1784410850,https://clob.polymarket.com/prices-history?market=15245474905739898590665711177398841141650687108761643760622241190517224745176&startTs=1783978850&endTs=1784410850&fidelity=1
raw/2910387_no_001.json,186818,f311722955bd786a26e9a710b159cf9e59d4c41a076ef44b04bc02ff57568e22,2910387,VZ|2026-07-24,no,15245474905739898590665711177398841141650687108761643760622241190517224745176,1,1784410850,1784836800,https://clob.polymarket.com/prices-history?market=15245474905739898590665711177398841141650687108761643760622241190517224745176&startTs=1784410850&endTs=1784836800&fidelity=1
raw/2910387_yes_000.json,187946,e39a70ac2a9e8f5dca7aeec8c32a44a1584e49f01aa069ac32563dd7559cebd2,2910387,VZ|2026-07-24,yes,52995499931359644200596369213250568148438314611418394618182665224793083500981,0,1783978850,1784410850,https://clob.polymarket.com/prices-history?market=52995499931359644200596369213250568148438314611418394618182665224793083500981&startTs=1783978850&endTs=1784410850&fidelity=1
raw/2910387_yes_001.json,186818,223707032e8d594eed19511677074e73b4ebda9d82465928ff15fd6a5fdb66be,2910387,VZ|2026-07-24,yes,52995499931359644200596369213250568148438314611418394618182665224793083500981,1,1784410850,1784836800,https://clob.polymarket.com/prices-history?market=52995499931359644200596369213250568148438314611418394618182665224793083500981&startTs=1784410850&endTs=1784836800&fidelity=1
raw/1244935_no_000.json,188270,58759c83ebf93fabcfb5f54e9fe4be47f9a653a422485ff65065258f91ac6048,1244935,V|2026-01-29,no,80023191424398085776326475622884838261409611016353588037949180982279268815667,0,1769119910,1769551910,https://clob.polymarket.com/prices-history?market=80023191424398085776326475622884838261409611016353588037949180982279268815667&startTs=1769119910&endTs=1769551910&fidelity=1
raw/1244935_no_001.json,35408,85da4def861ea17616105df6d8a86c2e67511f960211272f6172dd9a75665082,1244935,V|2026-01-29,no,80023191424398085776326475622884838261409611016353588037949180982279268815667,1,1769551910,1769634000,https://clob.polymarket.com/prices-history?market=80023191424398085776326475622884838261409611016353588037949180982279268815667&startTs=1769551910&endTs=1769634000&fidelity=1
raw/1244935_yes_000.json,188270,b4180edefbfca072bd0825e7312ae3272427a1c9f539210de15fde1063d4d483,1244935,V|2026-01-29,yes,31210989381377527233822093112702676011124608758521323677672469255491991115836,0,1769119910,1769551910,https://clob.polymarket.com/prices-history?market=31210989381377527233822093112702676011124608758521323677672469255491991115836&startTs=1769119910&endTs=1769551910&fidelity=1
raw/1244935_yes_001.json,35408,80104b0d5377ee9afd14d31b5fb2f3c91d9cc367d418137eb5e6dac14f78e8ec,1244935,V|2026-01-29,yes,31210989381377527233822093112702676011124608758521323677672469255491991115836,1,1769551910,1769634000,https://clob.polymarket.com/prices-history?market=31210989381377527233822093112702676011124608758521323677672469255491991115836&startTs=1769551910&endTs=1769634000&fidelity=1
raw/1486791_no_000.json,187307,a3946f452b1bf9d14baa32c686e49251a319a955d54505fd07501001abb83682,1486791,WB|2026-03-18,no,99083575849518088456353750406651705563428613810650158437501924640521839475069,0,1772485806,1772917806,https://clob.polymarket.com/prices-history?market=99083575849518088456353750406651705563428613810650158437501924640521839475069&startTs=1772485806&endTs=1772917806&fidelity=1
raw/1486791_no_001.json,193137,ccff17554420400f7337dd6d535d9513727bc584354557da24f9971823d6f31b,1486791,WB|2026-03-18,no,99083575849518088456353750406651705563428613810650158437501924640521839475069,1,1772917806,1773349806,https://clob.polymarket.com/prices-history?market=99083575849518088456353750406651705563428613810650158437501924640521839475069&startTs=1772917806&endTs=1773349806&fidelity=1
raw/1486791_no_002.json,188425,fcc74f13f9b386f3d888798e0f051f7ef9929848a455e5c1f66c7b883e358a84,1486791,WB|2026-03-18,no,99083575849518088456353750406651705563428613810650158437501924640521839475069,2,1773349806,1773777600,https://clob.polymarket.com/prices-history?market=99083575849518088456353750406651705563428613810650158437501924640521839475069&startTs=1773349806&endTs=1773777600&fidelity=1
raw/1486791_yes_000.json,187307,00178e428f89259e70e17f934bc4410cadce60a53b3414342852b41eaa8a7aa8,1486791,WB|2026-03-18,yes,12454248225017958993954677837152114945992305544562674329990283800435071815384,0,1772485806,1772917806,https://clob.polymarket.com/prices-history?market=12454248225017958993954677837152114945992305544562674329990283800435071815384&startTs=1772485806&endTs=1772917806&fidelity=1
raw/1486791_yes_001.json,193137,f38ecaef577ec8e721efc0c1ebfac484b5a1bb5502a57cd7a6b18354496b3d4c,1486791,WB|2026-03-18,yes,12454248225017958993954677837152114945992305544562674329990283800435071815384,1,1772917806,1773349806,https://clob.polymarket.com/prices-history?market=12454248225017958993954677837152114945992305544562674329990283800435071815384&startTs=1772917806&endTs=1773349806&fidelity=1
raw/1486791_yes_002.json,188425,42b3e5d5aef045d2f030889238f5e40199e4a94cc7c9ec52cf165710ccfcc226,1486791,WB|2026-03-18,yes,12454248225017958993954677837152114945992305544562674329990283800435071815384,2,1773349806,1773777600,https://clob.polymarket.com/prices-history?market=12454248225017958993954677837152114945992305544562674329990283800435071815384&startTs=1773349806&endTs=1773777600&fidelity=1
raw/2039917_no_000.json,183851,629b09c7820de5358f5e00e9b2dbd9ab889f7d13c518af22cab1421c53da3aca,2039917,WMB|2026-05-04,no,76017539175765344864553472769993192494412002977505681181614557600259548591660,0,1776973477,1777405477,https://clob.polymarket.com/prices-history?market=76017539175765344864553472769993192494412002977505681181614557600259548591660&startTs=1776973477&endTs=1777405477&fidelity=1
raw/2039917_no_001.json,113780,1b0818f649f45f2ac03de8630e9e719f300f9b0a37ca07a19ce75b42f25b552a,2039917,WMB|2026-05-04,no,76017539175765344864553472769993192494412002977505681181614557600259548591660,1,1777405477,1777665600,https://clob.polymarket.com/prices-history?market=76017539175765344864553472769993192494412002977505681181614557600259548591660&startTs=1777405477&endTs=1777665600&fidelity=1
raw/2039917_yes_000.json,183852,3411a8dfe8a18a94392af33168aa5df125bdbabd76b3a0e5dfe5872fbd53320a,2039917,WMB|2026-05-04,yes,72637166339608245446844028961025078899327403474122089010424422090382235401111,0,1776973477,1777405477,https://clob.polymarket.com/prices-history?market=72637166339608245446844028961025078899327403474122089010424422090382235401111&startTs=1776973477&endTs=1777405477&fidelity=1
raw/2039917_yes_001.json,113780,73977dbbce31ea13ff8b5b7c62ee976cd455dd7ea21f753bffb5c532277b43a0,2039917,WMB|2026-05-04,yes,72637166339608245446844028961025078899327403474122089010424422090382235401111,1,1777405477,1777665600,https://clob.polymarket.com/prices-history?market=72637166339608245446844028961025078899327403474122089010424422090382235401111&startTs=1777405477&endTs=1777665600&fidelity=1
raw/1339788_no_000.json,186544,c07928df4211ab4c9472e3fde69724a905ea5c0e1eb9a6d3be4ba37c44b7dea4,1339788,WMT|2026-02-19,no,108822934347068427245139671562996499380344289867046696043626244540148014103583,0,1770300284,1770732284,https://clob.polymarket.com/prices-history?market=108822934347068427245139671562996499380344289867046696043626244540148014103583&startTs=1770300284&endTs=1770732284&fidelity=1
raw/1339788_no_001.json,190769,8d035286fcfffd5ba416b75128f3263664fb374444235f8c102cd9bf83af1b37,1339788,WMT|2026-02-19,no,108822934347068427245139671562996499380344289867046696043626244540148014103583,1,1770732284,1771164284,https://clob.polymarket.com/prices-history?market=108822934347068427245139671562996499380344289867046696043626244540148014103583&startTs=1770732284&endTs=1771164284&fidelity=1
raw/1339788_no_002.json,124939,9942b72cf4149c499d5b06a90fe46d99f4b77e8a05aa484fb147fe7cc5f45199,1339788,WMT|2026-02-19,no,108822934347068427245139671562996499380344289867046696043626244540148014103583,2,1771164284,1771448400,https://clob.polymarket.com/prices-history?market=108822934347068427245139671562996499380344289867046696043626244540148014103583&startTs=1771164284&endTs=1771448400&fidelity=1
raw/1339788_yes_000.json,186544,4cfe8759f98486eb4fb25a1a2666a6c7d0f1daf60084823fe448001f1b9c8a12,1339788,WMT|2026-02-19,yes,80173044763778487284383503949086670711732355424603979141969325730020959009750,0,1770300284,1770732284,https://clob.polymarket.com/prices-history?market=80173044763778487284383503949086670711732355424603979141969325730020959009750&startTs=1770300284&endTs=1770732284&fidelity=1
raw/1339788_yes_001.json,190769,b174cd77ea944434c4b71905bba51a54f90251ba9551f17371f4118709f00513,1339788,WMT|2026-02-19,yes,80173044763778487284383503949086670711732355424603979141969325730020959009750,1,1770732284,1771164284,https://clob.polymarket.com/prices-history?market=80173044763778487284383503949086670711732355424603979141969325730020959009750&startTs=1770732284&endTs=1771164284&fidelity=1
raw/1339788_yes_002.json,124939,5b350efce76f4f62c20553c03fab60332c97e3d0e81b03a32f6974d1d3fdd932,1339788,WMT|2026-02-19,yes,80173044763778487284383503949086670711732355424603979141969325730020959009750,2,1771164284,1771448400,https://clob.polymarket.com/prices-history?market=80173044763778487284383503949086670711732355424603979141969325730020959009750&startTs=1771164284&endTs=1771448400&fidelity=1
raw/1369646_no_000.json,189037,13291f7e307719305876b8724d569da01e88360114042db19839cba276d7a632,1369646,WRBY|2026-02-26,no,95279326606466559566066926907983397708716792267295096157866553906933811478634,0,1770905295,1771337295,https://clob.polymarket.com/prices-history?market=95279326606466559566066926907983397708716792267295096157866553906933811478634&startTs=1770905295&endTs=1771337295&fidelity=1
raw/1369646_no_001.json,190206,0bc36af4a9ef00966fda08ed5b0fc7027e327a169f5c4ed9fb96c26abcf1f5d0,1369646,WRBY|2026-02-26,no,95279326606466559566066926907983397708716792267295096157866553906933811478634,1,1771337295,1771769295,https://clob.polymarket.com/prices-history?market=95279326606466559566066926907983397708716792267295096157866553906933811478634&startTs=1771337295&endTs=1771769295&fidelity=1
raw/1369646_no_002.json,124753,aed8354b1a836c89ceb5b113b28575e26f88b8e43d2cc54d8ed44b32d89f1aaf,1369646,WRBY|2026-02-26,no,95279326606466559566066926907983397708716792267295096157866553906933811478634,2,1771769295,1772053200,https://clob.polymarket.com/prices-history?market=95279326606466559566066926907983397708716792267295096157866553906933811478634&startTs=1771769295&endTs=1772053200&fidelity=1
raw/1369646_yes_000.json,189043,2d5281e428f13706da2b93fa09fb3c0aa8a35235ba727eeb08ae4934b16c85cf,1369646,WRBY|2026-02-26,yes,91771303641376280941285506288487924222027123565704570823674359590762924337668,0,1770905295,1771337295,https://clob.polymarket.com/prices-history?market=91771303641376280941285506288487924222027123565704570823674359590762924337668&startTs=1770905295&endTs=1771337295&fidelity=1
raw/1369646_yes_001.json,190205,b07c0e44b424e01ab3c5c746976f807933a246bea753fe241848a0d9bbd1f1ba,1369646,WRBY|2026-02-26,yes,91771303641376280941285506288487924222027123565704570823674359590762924337668,1,1771337295,1771769295,https://clob.polymarket.com/prices-history?market=91771303641376280941285506288487924222027123565704570823674359590762924337668&startTs=1771337295&endTs=1771769295&fidelity=1
raw/1369646_yes_002.json,124752,cc82b237ff36b714a7cfc6382987a68fb933be93cff9ab56ef0532fe080c5a3a,1369646,WRBY|2026-02-26,yes,91771303641376280941285506288487924222027123565704570823674359590762924337668,2,1771769295,1772053200,https://clob.polymarket.com/prices-history?market=91771303641376280941285506288487924222027123565704570823674359590762924337668&startTs=1771769295&endTs=1772053200&fidelity=1
raw/2062068_no_000.json,186591,498856410a0eaad728d0595bc26d507a7f7a39e0681825b17ec5542c1e852935,2062068,WRBY|2026-05-07,no,107440000235130200172364240988713238166351016284772254424783772125767188028998,0,1776975279,1777407279,https://clob.polymarket.com/prices-history?market=107440000235130200172364240988713238166351016284772254424783772125767188028998&startTs=1776975279&endTs=1777407279&fidelity=1
raw/2062068_no_001.json,189748,c3447af10f4b34a5901b1c208de7109a3fc0cbfe54f144b5f6fa663c820d4b4b,2062068,WRBY|2026-05-07,no,107440000235130200172364240988713238166351016284772254424783772125767188028998,1,1777407279,1777839279,https://clob.polymarket.com/prices-history?market=107440000235130200172364240988713238166351016284772254424783772125767188028998&startTs=1777407279&endTs=1777839279&fidelity=1
raw/2062068_no_002.json,115935,7d89d9f9eaa06722ad3937ebed0134f6db2a57262e1b6c72be864c773f08a7ae,2062068,WRBY|2026-05-07,no,107440000235130200172364240988713238166351016284772254424783772125767188028998,2,1777839279,1778097600,https://clob.polymarket.com/prices-history?market=107440000235130200172364240988713238166351016284772254424783772125767188028998&startTs=1777839279&endTs=1778097600&fidelity=1
raw/2062068_yes_000.json,186604,a6f32e8901f8a5ae49cc85262a56c0b73feeb020ba0324cc31d0b06d5334958c,2062068,WRBY|2026-05-07,yes,95173017399385121870955474908481320417035510786108571655289501978842482298356,0,1776975279,1777407279,https://clob.polymarket.com/prices-history?market=95173017399385121870955474908481320417035510786108571655289501978842482298356&startTs=1776975279&endTs=1777407279&fidelity=1
raw/2062068_yes_001.json,189749,cb45762e685baddbd6b9fa19fa9af887736651bcc97e5da5f9d7e848b04facaa,2062068,WRBY|2026-05-07,yes,95173017399385121870955474908481320417035510786108571655289501978842482298356,1,1777407279,1777839279,https://clob.polymarket.com/prices-history?market=95173017399385121870955474908481320417035510786108571655289501978842482298356&startTs=1777407279&endTs=1777839279&fidelity=1
raw/2062068_yes_002.json,115935,f9835bdacc71cc7583f345fe0c35f3f0a2ae2c246afb72fe3e5569e8c63a9db7,2062068,WRBY|2026-05-07,yes,95173017399385121870955474908481320417035510786108571655289501978842482298356,2,1777839279,1778097600,https://clob.polymarket.com/prices-history?market=95173017399385121870955474908481320417035510786108571655289501978842482298356&startTs=1777839279&endTs=1778097600&fidelity=1
