route_id,source_path,category,market_key,question_or_title,condition_id_sample,token_id_sample,keyword_hits
PM_ALL_POLYMARKET_CONTRACT_PNL,registry/w4b_polymarket_recensus_venue_events_v1.csv.gz,sports,2890,NBA: Will the Mavericks beat the Grizzlies by more than 5.5 points in their December 4 matchup?,,,nba
PM_ALL_POLYMARKET_CONTRACT_PNL,registry/w4b_polymarket_recensus_venue_events_v1.csv.gz,sports,2891,NFL: Will the Falcons beat the Panthers by more than 3.5 points in their October 31st matchup?,,,nfl
PM_ALL_POLYMARKET_CONTRACT_PNL,registry/w4b_polymarket_recensus_venue_events_v1.csv.gz,sports,2894,NBA: Will the Heat beat the Wizards by more than 7.5 points in their November 18th matchup?,,,nba
PM_ALL_POLYMARKET_CONTRACT_PNL,registry/w4b_polymarket_recensus_venue_events_v1.csv.gz,sports,2895,NFL: Will the Jaguars beat the Texans by more than 3.5 points in their December 19 matchup?,,,nfl
PM_ALL_POLYMARKET_CONTRACT_PNL,registry/w4b_polymarket_recensus_venue_events_v1.csv.gz,sports,2896,NBA: Will the Clippers beat the Celtics by more than 2.5 points in their December 8 matchup?,,,nba
PM_ALL_POLYMARKET_CONTRACT_PNL,registry/w4b_polymarket_recensus_venue_events_v1.csv.gz,sports,2897,NFL: Will the Chiefs beat the Bengals by more than 3.5 points in their January 2 matchup?,,,nfl
PM_ALL_POLYMARKET_CONTRACT_PNL,registry/w4b_polymarket_recensus_venue_events_v1.csv.gz,sports,2899,NFL: Will the Cardinals beat the Rams by more than 2.5 points in their December 13 matchup?,,,nfl
PM_ALL_POLYMARKET_CONTRACT_PNL,registry/w4b_polymarket_recensus_venue_events_v1.csv.gz,crypto,2900,Will the floor price of 'We Are All Going to Die' be above 1 ETH on June 14?,,,eth
PM_ALL_POLYMARKET_CONTRACT_PNL,registry/w4b_polymarket_recensus_venue_events_v1.csv.gz,sports,2901,Will the Spurs or the Grizzlies win their NBA play-in tournament matchup?,,,nba
PM_ALL_POLYMARKET_CONTRACT_PNL,registry/w4b_polymarket_recensus_venue_events_v1.csv.gz,crypto,2905,Will the FTX Crypto Cup Finals between Magnus Carlsen and Wesley So go to play-offs?,,,crypto
PM_ALL_POLYMARKET_CONTRACT_PNL,registry/w4b_polymarket_recensus_venue_events_v1.csv.gz,sports,2908,"2022 NBA Playoffs, Round 2: Who will win Celtics vs. Bucks?",,,nba
PM_ALL_POLYMARKET_CONTRACT_PNL,registry/w4b_polymarket_recensus_venue_events_v1.csv.gz,crypto,2909,Will Surojit Chatterjee or Matt Huang win in their CryptoChamps Finals chess match?,,,crypto
PM_ALL_POLYMARKET_CONTRACT_PNL,registry/w4b_polymarket_recensus_venue_events_v1.csv.gz,sports,2911,Chess: Will the Van't Kruijs Opening (1. e3) be played at 2021 FIDE World Rapid Championship Open?,,,champions
PM_ALL_POLYMARKET_CONTRACT_PNL,registry/w4b_polymarket_recensus_venue_events_v1.csv.gz,sports,2912,NBA: Will the Lakers beat the Grizzlies by more than 2.5 points in their December 9 matchup?,,,nba
PM_ALL_POLYMARKET_CONTRACT_PNL,registry/w4b_polymarket_recensus_venue_events_v1.csv.gz,crypto,2915,Will Solana ($SOL) hit $35 or $50 first?,,,solana
PM_ALL_POLYMARKET_CONTRACT_PNL,registry/w4b_polymarket_recensus_venue_events_v1.csv.gz,sports,2917,NBA: Will the Bucks beat the Magic by more than 13.5 points in their December 28 matchup?,,,nba
PM_ALL_POLYMARKET_CONTRACT_PNL,registry/w4b_polymarket_recensus_venue_events_v1.csv.gz,crypto,2918,[From kain.eth] Will Synthetix capture more single day fees than Bitcoin by September 8?,,,bitcoin;eth
PM_ALL_POLYMARKET_CONTRACT_PNL,registry/w4b_polymarket_recensus_venue_events_v1.csv.gz,sports,2919,NBA: Will the Bulls beat the Pacers by more than 6.5 points in their December 26 matchup?,,,nba
PM_ALL_POLYMARKET_CONTRACT_PNL,registry/w4b_polymarket_recensus_venue_events_v1.csv.gz,crypto,2920,Will Surojit Chatterjee or Tekin Salimi win in their CryptoChamps Semifinals chess match?,,,crypto
PM_ALL_POLYMARKET_CONTRACT_PNL,registry/w4b_polymarket_recensus_venue_events_v1.csv.gz,macro,2921,Will annual inflation in the European Union be 5.9% or more in February?,,,inflation;nfl
PM_ALL_POLYMARKET_CONTRACT_PNL,registry/w4b_polymarket_recensus_venue_events_v1.csv.gz,sports,2923,NHL: Will the Maple Leafs beat the Hurricanes by more than 1.5 goals in their February 7 matchup (7 PM ET)?,,,nhl
PM_ALL_POLYMARKET_CONTRACT_PNL,registry/w4b_polymarket_recensus_venue_events_v1.csv.gz,macro,2924,Who will win Suns v. Clippers: Western Conference Finals Game 6?,,,fed
PM_ALL_POLYMARKET_CONTRACT_PNL,registry/w4b_polymarket_recensus_venue_events_v1.csv.gz,sports,2925,NBA: Will the Pacers beat the Spurs by more than 3.5 points in their November 1st matchup?,,,nba
PM_ALL_POLYMARKET_CONTRACT_PNL,registry/w4b_polymarket_recensus_venue_events_v1.csv.gz,sports,2926,NBA: Will the Heat beat the Thunder by more than 9.5 points in their November 15th matchup?,,,nba
PM_ALL_POLYMARKET_CONTRACT_PNL,registry/w4b_polymarket_recensus_venue_events_v1.csv.gz,sports,2927,NBA: Will the Nets beat the Suns by more than 1.5 points in their November 27th matchup?,,,nba
PM_ALL_POLYMARKET_CONTRACT_PNL,registry/w4b_polymarket_recensus_venue_events_v1.csv.gz,crypto,2928,Which cryptocurrency will have higher market cap on November 12th: XRP or Polkadot?,,,crypto
PM_ALL_POLYMARKET_CONTRACT_PNL,registry/w4b_polymarket_recensus_venue_events_v1.csv.gz,sports,2929,(In-Game Trading) Will the Raiders or the Steelers win their NFL week 2 matchup?,,,nfl
PM_ALL_POLYMARKET_CONTRACT_PNL,registry/w4b_polymarket_recensus_venue_events_v1.csv.gz,crypto,2932,"Will Bitcoin ($BTC) hit $20,000 or less by June 30?",,,bitcoin;btc
PM_ALL_POLYMARKET_CONTRACT_PNL,registry/w4b_polymarket_recensus_venue_events_v1.csv.gz,crypto,2936,Will Hikaru Nakamura or Fabiano Caruana win in their FTX Crypto Cup preliminary game?,,,crypto
PM_ALL_POLYMARKET_CONTRACT_PNL,registry/w4b_polymarket_recensus_venue_events_v1.csv.gz,sports,2937,NBA: Will the Heat beat the Magic by more than 4.5 points in their December 17 matchup?,,,nba
PM_ALL_POLYMARKET_CONTRACT_PNL,registry/w4b_polymarket_recensus_venue_events_v1.csv.gz,fda_biotech,2938,NBA: Will the 76ers beat the Hornets by more than 6.5 points in their December 6 matchup?,,,fda;nba
PM_ALL_POLYMARKET_CONTRACT_PNL,registry/w4b_polymarket_recensus_venue_events_v1.csv.gz,crypto,2941,"Will $ETH be above $1,200 on July 15?",,,eth
PM_ALL_POLYMARKET_CONTRACT_PNL,registry/w4b_polymarket_recensus_venue_events_v1.csv.gz,crypto,2944,Will the floor price of Chain Runners be above 1.25 ETH on December 2?,,,eth
PM_ALL_POLYMARKET_CONTRACT_PNL,registry/w4b_polymarket_recensus_venue_events_v1.csv.gz,macro,2945,Will annual inflation in the European Union be 8.0% or more in April?,,,inflation;nfl
PM_ALL_POLYMARKET_CONTRACT_PNL,registry/w4b_polymarket_recensus_venue_events_v1.csv.gz,sports,2946,NBA: Will the Suns beat the Trail Blazers by more than 6.5 points in their November 10th matchup?,,,nba
PM_ALL_POLYMARKET_CONTRACT_PNL,registry/w4b_polymarket_recensus_venue_events_v1.csv.gz,crypto,2949,"Will $ETH hit $1,000 or $2,000 first?",,,eth
PM_ALL_POLYMARKET_CONTRACT_PNL,registry/w4b_polymarket_recensus_venue_events_v1.csv.gz,sports,2951,NBA: Will the Hornets beat the Cavaliers by more than 4.5 points in their November 1st matchup?,,,nba
PM_ALL_POLYMARKET_CONTRACT_PNL,registry/w4b_polymarket_recensus_venue_events_v1.csv.gz,sports,2953,Will the sum of goals in Jamaica v. USA soccer matchup be an even or odd number?,,,soccer
PM_ALL_POLYMARKET_CONTRACT_PNL,registry/w4b_polymarket_recensus_venue_events_v1.csv.gz,crypto,2958,Will Joe Biden's FiveThirtyEight approval rating be 41.5% or higher on May 28?,,,eth
PM_ALL_POLYMARKET_CONTRACT_PNL,registry/w4b_polymarket_recensus_venue_events_v1.csv.gz,sports,2960,Will any of the first 10 picks in the NFL draft be traded during the draft?,,,nfl
PM_ALL_POLYMARKET_CONTRACT_PNL,registry/w4b_polymarket_recensus_venue_events_v1.csv.gz,crypto,2962,Which cryptocurrency will have higher market cap on December 9th: Cardano ($ADA) or Solana ($SOL)?,,,solana;crypto
PM_ALL_POLYMARKET_CONTRACT_PNL,registry/w4b_polymarket_recensus_venue_events_v1.csv.gz,sports,2963,Will Ukraine qualify for the 2022 FIFA World Cup?,,,world cup
PM_ALL_POLYMARKET_CONTRACT_PNL,registry/w4b_polymarket_recensus_venue_events_v1.csv.gz,sports,2964,NBA: Will the sum of points in Clippers v Celtics be an even or an odd number?,,,nba
PM_ALL_POLYMARKET_CONTRACT_PNL,registry/w4b_polymarket_recensus_venue_events_v1.csv.gz,sports,2965,NBA: Will the Cavaliers beat the Pistons by more than 5.5 points in their November 12th matchup?,,,nba
PM_ALL_POLYMARKET_CONTRACT_PNL,registry/w4b_polymarket_recensus_venue_events_v1.csv.gz,sports,2966,NFL: Will the Cowboys beat the Washington by more than 10.5 points in their December 26 matchup?,,,nfl
PM_ALL_POLYMARKET_CONTRACT_PNL,registry/w4b_polymarket_recensus_venue_events_v1.csv.gz,sports,2967,NHL: Will the Hurricanes beat the Senators by more than 1.5 points in their December 2 matchup?,,,nhl
PM_ALL_POLYMARKET_CONTRACT_PNL,registry/w4b_polymarket_recensus_venue_events_v1.csv.gz,sports,2972,NFL: Will the Eagles beat the Lions by more than 3.5 points in their October 31st matchup?,,,nfl
PM_ALL_POLYMARKET_CONTRACT_PNL,registry/w4b_polymarket_recensus_venue_events_v1.csv.gz,sports,2975,NFL: Will the Steelers beat the Lions by more than 8.5 points in their November 14th matchup?,,,nfl
PM_ALL_POLYMARKET_CONTRACT_PNL,registry/w4b_polymarket_recensus_venue_events_v1.csv.gz,sports,2981,NBA: Will the Pacers beat the Pelicans by more than 7.5 points in their November 20th matchup?,,,nba
PM_ALL_POLYMARKET_CONTRACT_PNL,registry/w4b_polymarket_recensus_venue_events_v1.csv.gz,macro,2982,Will more than 3.30 million people travel via New York City subway on any day before November 19?,,,fed
PM_ALL_POLYMARKET_CONTRACT_PNL,registry/w4b_polymarket_recensus_venue_events_v1.csv.gz,crypto,2983,Will Magnus Carlsen or Ian Nepomniachtchi win in their FTX Crypto Cup preliminary match?,,,crypto
PM_ALL_POLYMARKET_CONTRACT_PNL,registry/w4b_polymarket_recensus_venue_events_v1.csv.gz,crypto,2984,Will Arca Ape win the CryptOG Charity Poker Tournament?,,,crypto
PM_ALL_POLYMARKET_CONTRACT_PNL,registry/w4b_polymarket_recensus_venue_events_v1.csv.gz,sports,2985,NFL: Will the Rams beat the Packers by more than 2.5 points in their November 28th matchup?,,,nfl
PM_ALL_POLYMARKET_CONTRACT_PNL,registry/w4b_polymarket_recensus_venue_events_v1.csv.gz,macro,2992,Will inflation be 0.4% or more from July to August?,,,inflation;nfl
PM_ALL_POLYMARKET_CONTRACT_PNL,registry/w4b_polymarket_recensus_venue_events_v1.csv.gz,sports,2993,NBA: Will the Pacers beat the Knicks by more than 4.5 points in their December 8 matchup?,,,nba
PM_ALL_POLYMARKET_CONTRACT_PNL,registry/w4b_polymarket_recensus_venue_events_v1.csv.gz,politics,2994,Will the Liberal Party win a majority in the 2021 Canadian federal election?,,,fed;election;party
PM_ALL_POLYMARKET_CONTRACT_PNL,registry/w4b_polymarket_recensus_venue_events_v1.csv.gz,sports,2996,NBA: Will the Bucks beat the Heat by more than 5.5 points in their December 8 matchup?,,,nba
PM_ALL_POLYMARKET_CONTRACT_PNL,registry/w4b_polymarket_recensus_venue_events_v1.csv.gz,crypto,2998,Will the floor price of Azuki be 26 ETH or more on May 15?,,,eth
PM_ALL_POLYMARKET_CONTRACT_PNL,registry/w4b_polymarket_recensus_venue_events_v1.csv.gz,politics,2999,Will President Biden say “folks” in his first Joint Address?,,,president
PM_ALL_POLYMARKET_CONTRACT_PNL,registry/w4b_polymarket_recensus_venue_events_v1.csv.gz,crypto,3001,"Will $ETH (Ethereum) be above $4,750 on November 12th, 12pm ET?",,,ethereum;eth
PM_ALL_POLYMARKET_CONTRACT_PNL,registry/w4b_polymarket_recensus_venue_events_v1.csv.gz,sports,3002,NFL: Will the Ravens beat the Bears by more than 5.5 points in their November 21st matchup?,,,nfl
PM_ALL_POLYMARKET_CONTRACT_PNL,registry/w4b_polymarket_recensus_venue_events_v1.csv.gz,sports,3006,NBA: Will the Pacers beat the 76ers by more than 2.5 points in their November 13th matchup?,,,nba
PM_ALL_POLYMARKET_CONTRACT_PNL,registry/w4b_polymarket_recensus_venue_events_v1.csv.gz,fda_biotech,3008,How many new US residential sales will the U.S. Census Bureau report for June?,,,fda
PM_ALL_POLYMARKET_CONTRACT_PNL,registry/w4b_polymarket_recensus_venue_events_v1.csv.gz,sports,3011,NBA: Will the Bucks beat the Mavericks by more than 5.5 points in their December 23 matchup?,,,nba
PM_ALL_POLYMARKET_CONTRACT_PNL,registry/w4b_polymarket_recensus_venue_events_v1.csv.gz,politics,3012,Will 'House of Gucci' get 86% or higher Audience Score on Rotten Tomatoes?,,,house
PM_ALL_POLYMARKET_CONTRACT_PNL,registry/w4b_polymarket_recensus_venue_events_v1.csv.gz,macro,3014,NBA: Will the Jazz beat the Trail Blazers by more than 7.5 points in their November 29th matchup?,,,fed;nba
PM_ALL_POLYMARKET_CONTRACT_PNL,registry/w4b_polymarket_recensus_venue_events_v1.csv.gz,sports,3015,NBA: Will the Rockets beat the Magic by more than 2.5 points in their December 3 matchup?,,,nba
PM_ALL_POLYMARKET_CONTRACT_PNL,registry/w4b_polymarket_recensus_venue_events_v1.csv.gz,sports,3017,NBA: Will the Lakers beat the Timberwolves by more than 3.5 points in their November 12th matchup?,,,nba
PM_ALL_POLYMARKET_CONTRACT_PNL,registry/w4b_polymarket_recensus_venue_events_v1.csv.gz,fda_biotech,3018,"Will AstraZeneca's COVID-19 vaccine receive FDA approval or Emergency Use Authorization (EUA) by May 1, 2021?",,,fda;pdufa
PM_ALL_POLYMARKET_CONTRACT_PNL,registry/w4b_polymarket_recensus_venue_events_v1.csv.gz,sports,3021,NBA: Will the Nets beat the Magic by more than 12.5 points in their November 19th matchup?,,,nba
PM_ALL_POLYMARKET_CONTRACT_PNL,registry/w4b_polymarket_recensus_venue_events_v1.csv.gz,politics,3024,"Will Joe Biden be President of the USA on June 30, 2021?",,,president
PM_ALL_POLYMARKET_CONTRACT_PNL,registry/w4b_polymarket_recensus_venue_events_v1.csv.gz,sports,3030,Who will win Bucks v. Suns: NBA Finals Game 2?,,,nba
PM_ALL_POLYMARKET_CONTRACT_PNL,registry/w4b_polymarket_recensus_venue_events_v1.csv.gz,macro,3032,"Will the U.S. 7-day COVID-19 Case average be above 75,000 on March 1, 2022?",,,fed
PM_ALL_POLYMARKET_CONTRACT_PNL,registry/w4b_polymarket_recensus_venue_events_v1.csv.gz,sports,3033,World Chess Championship 2021: Will Game 12 be played?,,,champions
PM_ALL_POLYMARKET_CONTRACT_PNL,registry/w4b_polymarket_recensus_venue_events_v1.csv.gz,sports,3034,NBA: Will the Knicks beat the Raptors by more than 6.5 points in their November 1st matchup?,,,nba
PM_ALL_POLYMARKET_CONTRACT_PNL,registry/w4b_polymarket_recensus_venue_events_v1.csv.gz,crypto,3035,Will Joe Biden's FiveThirtyEight approval rating be 41.7% or more on February 9?,,,eth
PM_ALL_POLYMARKET_CONTRACT_PNL,registry/w4b_polymarket_recensus_venue_events_v1.csv.gz,sports,3036,Will the Clippers or the Mavericks win their Game 1 NBA Playoff matchup?,,,nba
PM_ALL_POLYMARKET_CONTRACT_PNL,registry/w4b_polymarket_recensus_venue_events_v1.csv.gz,politics,3037,Will Marine Le Pen win 2nd place in the first round of the 2022 French presidential election?,,,election;president
PM_ALL_POLYMARKET_CONTRACT_PNL,registry/w4b_polymarket_recensus_venue_events_v1.csv.gz,sports,3038,NBA: Who will win the Trail Blazers v. Hornets game on October 31st?,,,nba
PM_ALL_POLYMARKET_CONTRACT_PNL,registry/w4b_polymarket_recensus_venue_events_v1.csv.gz,sports,3041,NBA: Will the Warriors beat the Spurs by more than 9.5 points in their December 4 matchup?,,,nba
PM_ALL_POLYMARKET_CONTRACT_PNL,registry/w4b_polymarket_recensus_venue_events_v1.csv.gz,politics,3042,Will President Biden mention coronavirus 3 or more times in his first Joint Address?,,,president
PM_ALL_POLYMARKET_CONTRACT_PNL,registry/w4b_polymarket_recensus_venue_events_v1.csv.gz,crypto,3043,"Will $ETH be above $3,100 on April 28, 2022?",,,eth
PM_ALL_POLYMARKET_CONTRACT_PNL,registry/w4b_polymarket_recensus_venue_events_v1.csv.gz,sports,3044,NBA: Will the Blazers beat the Cavaliers by more than 3.5 points in their November 3rd matchup?,,,nba
PM_ALL_POLYMARKET_CONTRACT_PNL,registry/w4b_polymarket_recensus_venue_events_v1.csv.gz,crypto,3045,"Will Bitcoin ($BTC) price be above $60,000 at noon on December 7, 2021?",,,bitcoin;btc
PM_ALL_POLYMARKET_CONTRACT_PNL,registry/w4b_polymarket_recensus_venue_events_v1.csv.gz,sports,3046,Will there be another (1071st) NFL Scorigami in November 2021?,,,nfl
PM_ALL_POLYMARKET_CONTRACT_PNL,registry/w4b_polymarket_recensus_venue_events_v1.csv.gz,macro,3048,"NHL: Who will win Oilers vs. Flames, scheduled for May 24, 9:30 PM ET?",,,oil;nhl
PM_ALL_POLYMARKET_CONTRACT_PNL,registry/w4b_polymarket_recensus_venue_events_v1.csv.gz,sports,3049,Will Magnus Carlsen win the 2021 Meltwater Champions Chess Tour Finals?,,,champions
PM_ALL_POLYMARKET_CONTRACT_PNL,registry/w4b_polymarket_recensus_venue_events_v1.csv.gz,sports,3054,NFL: Will the Cardinals beat the Lions by more than 13.5 points in their December 19 matchup?,,,nfl
PM_ALL_POLYMARKET_CONTRACT_PNL,registry/w4b_polymarket_recensus_venue_events_v1.csv.gz,corporate,3056,"Will any of the Secretary of State, Secretary of Defense, or Chairman of the Joint Chiefs of Staff no longer hold their position on October 1, 2021?",,,sec
PM_ALL_POLYMARKET_CONTRACT_PNL,registry/w4b_polymarket_recensus_venue_events_v1.csv.gz,crypto,3057,Will Robert Leshner or Anthony Pompliano win in their CryptoChamps chess match?,,,crypto
PM_ALL_POLYMARKET_CONTRACT_PNL,registry/w4b_polymarket_recensus_venue_events_v1.csv.gz,fda_biotech,3058,Who will win UFC 263: Figueiredo vs. Moreno?,,,fda;ufc
PM_ALL_POLYMARKET_CONTRACT_PNL,registry/w4b_polymarket_recensus_venue_events_v1.csv.gz,sports,3064,"NBA: Who will win Heat vs. 76ers, scheduled for May 4, 7:30 PM ET?",,,nba
PM_ALL_POLYMARKET_CONTRACT_PNL,registry/w4b_polymarket_recensus_venue_events_v1.csv.gz,macro,3066,Will U.S. inflation be more than 1.0% from February to March 2022?,,,inflation;nfl;eth
PM_ALL_POLYMARKET_CONTRACT_PNL,registry/w4b_polymarket_recensus_venue_events_v1.csv.gz,sports,3067,NBA: Will the Lakers beat the Rockets by more than 5.5 points in their December 28 matchup?,,,nba
PM_ALL_POLYMARKET_CONTRACT_PNL,registry/w4b_polymarket_recensus_venue_events_v1.csv.gz,sports,3068,NFL: Will the Titans beat the Texans by more than 10.5 points in their November 21st matchup?,,,nfl
PM_ALL_POLYMARKET_CONTRACT_PNL,registry/w4b_polymarket_recensus_venue_events_v1.csv.gz,crypto,3069,Will Su Zhu make it to the final table of the CryptOG Charity Poker Tournament?,,,crypto
PM_ALL_POLYMARKET_CONTRACT_PNL,registry/w4b_polymarket_recensus_venue_events_v1.csv.gz,sports,3070,Who will win UFC 263: Edwards vs. Diaz?,,,ufc
PM_ALL_POLYMARKET_CONTRACT_PNL,registry/w4b_polymarket_recensus_venue_events_v1.csv.gz,sports,3072,NHL: Will the Capitals beat the Blackhawks by more than 1.5 goals in their December 15 matchup?,,,nhl
PM_ALL_POLYMARKET_CONTRACT_PNL,registry/w4b_polymarket_recensus_venue_events_v1.csv.gz,sports,3073,NBA: Will the Spurs beat the Pistons by more than 6.5 points in their January 1 matchup?,,,nba
PM_ALL_POLYMARKET_CONTRACT_PNL,registry/w4b_polymarket_recensus_venue_events_v1.csv.gz,crypto,3076,Will $ETH be above $2500 on May 20?,,,eth
PM_ALL_POLYMARKET_CONTRACT_PNL,registry/w4b_polymarket_recensus_venue_events_v1.csv.gz,sports,3077,"NHL 2022 Stanley Cup Finals: Who will win Avalanche vs. Lightning, Game 6?",,,nhl
PM_ALL_POLYMARKET_CONTRACT_PNL,registry/w4b_polymarket_recensus_venue_events_v1.csv.gz,crypto,3081,Will the floor price of Bored Apes be 111 ETH or more on April 23?,,,eth
PM_ALL_POLYMARKET_CONTRACT_PNL,registry/w4b_polymarket_recensus_venue_events_v1.csv.gz,macro,3082,Will the Treasury Department mint the trillion dollar coin by November 5th?,,,treasury;dollar
PM_ALL_POLYMARKET_CONTRACT_PNL,registry/w4b_polymarket_recensus_venue_events_v1.csv.gz,sports,3083,NBA: Will the Mavericks beat the Pelicans by more than 7.5 points in their December 3 matchup?,,,nba
PM_ALL_POLYMARKET_CONTRACT_PNL,registry/w4b_polymarket_recensus_venue_events_v1.csv.gz,crypto,3085,"Will Ethereum (ETH) be above $3,000 at noon on January 31 2022?",,,ethereum;eth
PM_ALL_POLYMARKET_CONTRACT_PNL,registry/w4b_polymarket_recensus_venue_events_v1.csv.gz,sports,3089,Will the Jaguars beat the Cowboys by more than 3.5 points in their NFL preseason matchup?,,,nfl
PM_ALL_POLYMARKET_CONTRACT_PNL,registry/w4b_polymarket_recensus_venue_events_v1.csv.gz,sports,3092,Will the 76ers or the Wizards win their Game 1 NBA Playoff matchup?,,,nba
PM_ALL_POLYMARKET_CONTRACT_PNL,registry/w4b_polymarket_recensus_venue_events_v1.csv.gz,sports,3095,Will Hikaru Nakamura win the 2021 Speed Chess Championship Main Event?,,,champions
PM_ALL_POLYMARKET_CONTRACT_PNL,registry/w4b_polymarket_recensus_venue_events_v1.csv.gz,sports,3097,NBA: Will the Timberwolves beat the Pacers by more than 4.5 points in their November 29th matchup?,,,nba
PM_ALL_POLYMARKET_CONTRACT_PNL,registry/w4b_polymarket_recensus_venue_events_v1.csv.gz,sports,3098,Who will win Bucks v. Suns: NBA Finals Game 1?,,,nba
PM_ALL_POLYMARKET_CONTRACT_PNL,registry/w4b_polymarket_recensus_venue_events_v1.csv.gz,sports,3101,Will Kyrie Irving play in an NBA game by October 31?,,,nba
PM_ALL_POLYMARKET_CONTRACT_PNL,registry/w4b_polymarket_recensus_venue_events_v1.csv.gz,sports,3102,Chess: Will the Van't Kruijs Opening (1. e3) be played at 2021 FIDE World Blitz Championship Open?,,,champions
PM_ALL_POLYMARKET_CONTRACT_PNL,registry/w4b_polymarket_recensus_venue_events_v1.csv.gz,sports,3104,Will the Chiefs or the Ravens win their NFL week 2 matchup?,,,nfl
PM_ALL_POLYMARKET_CONTRACT_PNL,registry/w4b_polymarket_recensus_venue_events_v1.csv.gz,sports,3106,NBA: Will the sum of points in Nets v Mavericks be an even or an odd number?,,,nba
PM_ALL_POLYMARKET_CONTRACT_PNL,registry/w4b_polymarket_recensus_venue_events_v1.csv.gz,sports,3108,Will the Broncos beat the Rams by more than 8.5 points in their NFL preseason matchup?,,,nfl
PM_ALL_POLYMARKET_CONTRACT_PNL,registry/w4b_polymarket_recensus_venue_events_v1.csv.gz,sports,3111,NFL: Will the Patriots beat the Browns by more than 3.5 points in their November 14th matchup?,,,nfl
PM_ALL_POLYMARKET_CONTRACT_PNL,registry/w4b_polymarket_recensus_venue_events_v1.csv.gz,sports,3114,NHL: Will the Stars beat the Kings by more than 1.5 points in their December 9 matchup?,,,nhl
PM_ALL_POLYMARKET_CONTRACT_PNL,registry/w4b_polymarket_recensus_venue_events_v1.csv.gz,politics,3115,Will the Progressive Conservative Party win a majority in the 2022 Ontario General Election?,,,election;party
PM_ALL_POLYMARKET_CONTRACT_PNL,registry/w4b_polymarket_recensus_venue_events_v1.csv.gz,sports,3118,Who will win Clippers vs. Mavericks: Game 2?,,,nba
PM_ALL_POLYMARKET_CONTRACT_PNL,registry/w4b_polymarket_recensus_venue_events_v1.csv.gz,crypto,3119,BAYC Metaverse: Will the floor price of Otherdeed be above 3.5 ETH on May 9?,,,eth
PM_ALL_POLYMARKET_CONTRACT_PNL,registry/w4b_polymarket_recensus_venue_events_v1.csv.gz,sports,3123,NBA: Will the Pelicans beat the Rockets by more than 3.5 points in their December 5 matchup?,,,nba
PM_ALL_POLYMARKET_CONTRACT_PNL,registry/w4b_polymarket_recensus_venue_events_v1.csv.gz,sports,3124,NFL: Will the Packers beat the Vikings by more than 2.5 points in their November 21st matchup?,,,nfl
PM_ALL_POLYMARKET_CONTRACT_PNL,registry/w4b_polymarket_recensus_venue_events_v1.csv.gz,sports,3125,NFL: Will the Packers beat the Browns by more than 6.5 points in their December 25 matchup?,,,nfl
PM_ALL_POLYMARKET_CONTRACT_PNL,registry/w4b_polymarket_recensus_venue_events_v1.csv.gz,politics,3127,How many Yea votes in the House for the American Rescue Plan?,,,house
PM_ALL_POLYMARKET_CONTRACT_PNL,registry/w4b_polymarket_recensus_venue_events_v1.csv.gz,crypto,3128,"Will Ethereum be above $3000 on March 1, 2022?",,,ethereum;eth
PM_ALL_POLYMARKET_CONTRACT_PNL,registry/w4b_polymarket_recensus_venue_events_v1.csv.gz,sports,3129,NBA: Will the Knicks beat the Pacers by more than 3.5 points in their November 15th matchup?,,,nba
PM_ALL_POLYMARKET_CONTRACT_PNL,registry/w4b_polymarket_recensus_venue_events_v1.csv.gz,sports,3131,NBA: Will the Nuggets beat the Timberwolves by more than 4.5 points in their December 15 matchup?,,,nba
PM_ALL_POLYMARKET_CONTRACT_PNL,registry/w4b_polymarket_recensus_venue_events_v1.csv.gz,sports,3135,UFC 275: Who will win - Glover Teixeira or Jiri Prochazka?,,,ufc
PM_ALL_POLYMARKET_CONTRACT_PNL,registry/w4b_polymarket_recensus_venue_events_v1.csv.gz,fda_biotech,3137,"Will MOEX close above 2,500 by April 15, 2022?",,,fda
PM_ALL_POLYMARKET_CONTRACT_PNL,registry/w4b_polymarket_recensus_venue_events_v1.csv.gz,politics,3138,Will 21 US States administer at least one COVID-19 vaccine dose to 70% of adults by September 1?,,,minister
PM_ALL_POLYMARKET_CONTRACT_PNL,registry/w4b_polymarket_recensus_venue_events_v1.csv.gz,sports,3140,Will the Buccaneers beat the Texans by more than 3.5 points in their NFL preseason matchup?,,,nfl
PM_ALL_POLYMARKET_CONTRACT_PNL,registry/w4b_polymarket_recensus_venue_events_v1.csv.gz,crypto,3142,Will the FTX Crypto Cup preliminary game between Anish Giri and Magnus Carlsen end in a draw?,,,crypto
PM_ALL_POLYMARKET_CONTRACT_PNL,registry/w4b_polymarket_recensus_venue_events_v1.csv.gz,macro,3144,Will annual inflation in the European Union be 5.4% or more in December?,,,inflation;nfl
PM_ALL_POLYMARKET_CONTRACT_PNL,registry/w4b_polymarket_recensus_venue_events_v1.csv.gz,sports,3145,"NHL: Who will win Avalanche vs. Blues, scheduled for May 23, 9:30 PM ET?",,,nhl
PM_ALL_POLYMARKET_CONTRACT_PNL,registry/w4b_polymarket_recensus_venue_events_v1.csv.gz,sports,3147,"MLB: Who will win Boston Red Sox vs. Houston Astros, scheduled for May 16, 7:11 PM ET?",,,mlb
PM_ALL_POLYMARKET_CONTRACT_PNL,registry/w4b_polymarket_recensus_venue_events_v1.csv.gz,sports,3148,International soccer: Will there be 3 or more goals in Ireland v. Portugal game on November 11?,,,soccer
PM_ALL_POLYMARKET_CONTRACT_PNL,registry/w4b_polymarket_recensus_venue_events_v1.csv.gz,sports,3149,Will Tim Tebow score a touchdown in the upcoming NFL season?,,,nfl
PM_ALL_POLYMARKET_CONTRACT_PNL,registry/w4b_polymarket_recensus_venue_events_v1.csv.gz,sports,3151,NBA: Will the Bulls beat the Hawks by more than 5.5 points in their December 27 matchup?,,,nba
PM_ALL_POLYMARKET_CONTRACT_PNL,registry/w4b_polymarket_recensus_venue_events_v1.csv.gz,crypto,3156,Which cryptocurrency will have higher market cap on November 24th: Polygon ($MATIC) or Algorand ($ALGO)?,,,crypto
PM_ALL_POLYMARKET_CONTRACT_PNL,registry/w4b_polymarket_recensus_venue_events_v1.csv.gz,politics,3157,Will 25 US States administer at least one COVID-19 vaccine dose to 50% of residents by July 5?,,,minister
PM_ALL_POLYMARKET_CONTRACT_PNL,registry/w4b_polymarket_recensus_venue_events_v1.csv.gz,sports,3158,NBA: Will the Nets beat the 76ers by more than 1.5 points in their December 16 matchup?,,,nba
PM_ALL_POLYMARKET_CONTRACT_PNL,registry/w4b_polymarket_recensus_venue_events_v1.csv.gz,sports,3166,NFL: Will the 49ers beat the Falcons by more than 9.5 points in their December 19 matchup?,,,nfl
PM_ALL_POLYMARKET_CONTRACT_PNL,registry/w4b_polymarket_recensus_venue_events_v1.csv.gz,sports,3167,NBA: Will the Celtics beat the 76ers by more than 2.5 points in their December 1 matchup?,,,nba
PM_ALL_POLYMARKET_CONTRACT_PNL,registry/w4b_polymarket_recensus_venue_events_v1.csv.gz,sports,3169,NBA: Will the Kings beat the Magic by more than 7.5 points in their December 8 matchup?,,,nba
PM_ALL_POLYMARKET_CONTRACT_PNL,registry/w4b_polymarket_recensus_venue_events_v1.csv.gz,sports,3172,"NHL 2022 Stanley Cup Finals: Who will win Lightning vs. Avalanche, Game 5?",,,nhl
PM_ALL_POLYMARKET_CONTRACT_PNL,registry/w4b_polymarket_recensus_venue_events_v1.csv.gz,politics,3173,"Will Donald Trump announce a run for President by October 1, 2021?",,,president
PM_ALL_POLYMARKET_CONTRACT_PNL,registry/w4b_polymarket_recensus_venue_events_v1.csv.gz,fda_biotech,3176,Will the FDA approve any COVID-19 vaccination for children under 12 by November 1?,,,fda;pdufa
PM_ALL_POLYMARKET_CONTRACT_PNL,registry/w4b_polymarket_recensus_venue_events_v1.csv.gz,sports,3177,NBA: Will the Timberwolves beat the Spurs by more than 2.5 points in their November 18th matchup?,,,nba
PM_ALL_POLYMARKET_CONTRACT_PNL,registry/w4b_polymarket_recensus_venue_events_v1.csv.gz,sports,3178,NBA: Will the Pacers beat the Heat by more than 5.5 points in their December 3 matchup?,,,nba
PM_ALL_POLYMARKET_CONTRACT_PNL,registry/w4b_polymarket_recensus_venue_events_v1.csv.gz,sports,3181,NBA: Will the Warriors beat the Hawks by more than 3.5 points in their November 8th matchup?,,,nba
PM_ALL_POLYMARKET_CONTRACT_PNL,registry/w4b_polymarket_recensus_venue_events_v1.csv.gz,crypto,3182,"Will $ETH be above $3,400 on April 8th, 2022?",,,eth
PM_ALL_POLYMARKET_CONTRACT_PNL,registry/w4b_polymarket_recensus_venue_events_v1.csv.gz,sports,3185,NBA: Will the Nuggets beat the Hornets by more than 3.5 points in their December 23 matchup?,,,nba
PM_ALL_POLYMARKET_CONTRACT_PNL,registry/w4b_polymarket_recensus_venue_events_v1.csv.gz,sports,3187,UFC 273: Who will win — Gilbert Burns or Khamzat Chimaev?,,,ufc
PM_ALL_POLYMARKET_CONTRACT_PNL,registry/w4b_polymarket_recensus_venue_events_v1.csv.gz,sports,3188,NBA: Will the Jazz beat the Timberwolves by more than 8.5 points in their December 8 matchup?,,,nba
PM_ALL_POLYMARKET_CONTRACT_PNL,registry/w4b_polymarket_recensus_venue_events_v1.csv.gz,politics,3189,Who will win the 2021 Peruvian Presidential Election?,,,election;president
PM_ALL_POLYMARKET_CONTRACT_PNL,registry/w4b_polymarket_recensus_venue_events_v1.csv.gz,sports,3191,NBA: Will the Clippers beat the Heat by more than 4.5 points in their November 11th matchup?,,,nba
PM_ALL_POLYMARKET_CONTRACT_PNL,registry/w4b_polymarket_recensus_venue_events_v1.csv.gz,politics,3192,"Will Joe Biden be President of the USA on January 6, 2022?",,,president
PM_ALL_POLYMARKET_CONTRACT_PNL,registry/w4b_polymarket_recensus_venue_events_v1.csv.gz,sports,3194,NBA: Will the Spurs beat the Magic by more than 4.5 points in their November 5th matchup?,,,nba
PM_ALL_POLYMARKET_CONTRACT_PNL,registry/w4b_polymarket_recensus_venue_events_v1.csv.gz,sports,3196,NBA: Will the Lakers beat the Thunder by more than 12.5 points in their November 4th matchup?,,,nba
PM_ALL_POLYMARKET_CONTRACT_PNL,registry/w4b_polymarket_recensus_venue_events_v1.csv.gz,crypto,3199,Will Ethereum's price have a 10% or more daily change on any day in April 2022?,,,ethereum;eth
PM_ALL_POLYMARKET_CONTRACT_PNL,registry/w4b_polymarket_recensus_venue_events_v1.csv.gz,crypto,3202,"Will $ETH (Ethereum) be above $4,500 on November 24th, 12pm ET?",,,ethereum;eth
PM_ALL_POLYMARKET_CONTRACT_PNL,registry/w4b_polymarket_recensus_venue_events_v1.csv.gz,crypto,3204,"Will the floor price of Bored Apes be over 100 ETH on February 25, 2022?",,,eth
PM_ALL_POLYMARKET_CONTRACT_PNL,registry/w4b_polymarket_recensus_venue_events_v1.csv.gz,crypto,3205,"Will $ETH be above $1,800 on June 10?",,,eth
PM_ALL_POLYMARKET_CONTRACT_PNL,registry/w4b_polymarket_recensus_venue_events_v1.csv.gz,crypto,3208,Will the floor price of CryptoPunks be above 100 ETH on November 15?,,,crypto;eth
PM_ALL_POLYMARKET_CONTRACT_PNL,registry/w4b_polymarket_recensus_venue_events_v1.csv.gz,fda_biotech,3209,"Will the US have fewer than 35,000 new COVID-19 cases on any day before April 7, 2021?",,,fda
PM_ALL_POLYMARKET_CONTRACT_PNL,registry/w4b_polymarket_recensus_venue_events_v1.csv.gz,sports,3213,NBA: Will the Lakers beat the Rockets by more than 12.5 points in their October 31st matchup?,,,nba
PM_ALL_POLYMARKET_CONTRACT_PNL,registry/w4b_polymarket_recensus_venue_events_v1.csv.gz,sports,3221,(In-Game Trading) Who will win Bucks v. Suns: NBA Finals Game 2?,,,nba
PM_ALL_POLYMARKET_CONTRACT_PNL,registry/w4b_polymarket_recensus_venue_events_v1.csv.gz,sports,3223,NBA: Will the Warriors beat the Nuggets by more than 6.5 points in their December 28 matchup?,,,nba
PM_ALL_POLYMARKET_CONTRACT_PNL,registry/w4b_polymarket_recensus_venue_events_v1.csv.gz,sports,3225,NBA: Will the Knicks beat the Rockets by more than 11.5 points in their November 20th matchup?,,,nba
PM_ALL_POLYMARKET_CONTRACT_PNL,registry/w4b_polymarket_recensus_venue_events_v1.csv.gz,sports,3226,Who will win Clippers vs. Mavericks: Game 4?,,,nba
PM_ALL_POLYMARKET_CONTRACT_PNL,registry/w4b_polymarket_recensus_venue_events_v1.csv.gz,sports,3228,NBA: Will the Clippers beat the Kings by more than 5.5 points in their December 22 matchup?,,,nba
PM_ALL_POLYMARKET_CONTRACT_PNL,registry/w4b_polymarket_recensus_venue_events_v1.csv.gz,macro,3232,"Will Biden say ""recession"" in his Tuesday remarks on inflation?",,,inflation;recession;nfl
PM_ALL_POLYMARKET_CONTRACT_PNL,registry/w4b_polymarket_recensus_venue_events_v1.csv.gz,crypto,3233,"Will Bitcoin ($BTC) price be above $60,000 at noon on November 30, 2021?",,,bitcoin;btc
PM_ALL_POLYMARKET_CONTRACT_PNL,registry/w4b_polymarket_recensus_venue_events_v1.csv.gz,sports,3234,NBA: Will the Jazz beat the Pelicans by more than 12.5 points in their November 27th matchup?,,,nba
PM_ALL_POLYMARKET_CONTRACT_PNL,registry/w4b_polymarket_recensus_venue_events_v1.csv.gz,sports,3239,NFL: Will the Buccaneers beat the Panthers by more than 10.5 points in their December 26 matchup?,,,nfl
PM_ALL_POLYMARKET_CONTRACT_PNL,registry/w4b_polymarket_recensus_venue_events_v1.csv.gz,sports,3242,NFL: Will the Ravens beat the Steelers by more than 6.5 points in their December 5 matchup?,,,nfl
PM_ALL_POLYMARKET_CONTRACT_PNL,registry/w4b_polymarket_recensus_venue_events_v1.csv.gz,sports,3243,NFL: Will the Eagles beat the Washington by more than 10.5 points in their December 21 matchup?,,,nfl
PM_ALL_POLYMARKET_CONTRACT_PNL,registry/w4b_polymarket_recensus_venue_events_v1.csv.gz,politics,3244,"Will Vice President Harris cast another tie-breaking vote by July 15, 2021?",,,president
PM_ALL_POLYMARKET_CONTRACT_PNL,registry/w4b_polymarket_recensus_venue_events_v1.csv.gz,sports,3247,NBA: Will the Hornets beat the Rockets by more than 5.5 points in their November 27th matchup?,,,nba
PM_ALL_POLYMARKET_CONTRACT_PNL,registry/w4b_polymarket_recensus_venue_events_v1.csv.gz,crypto,3248,Will the floor price of goblintown.wtf be above 2 ETH on June 13?,,,eth
PM_ALL_POLYMARKET_CONTRACT_PNL,registry/w4b_polymarket_recensus_venue_events_v1.csv.gz,sports,3256,NBA: Will the Wizards beat the Spurs by more than 3.5 points in their November 29th matchup?,,,nba
PM_ALL_POLYMARKET_CONTRACT_PNL,registry/w4b_polymarket_recensus_venue_events_v1.csv.gz,crypto,3258,Will the floor price of Mutant Apes be above 30 ETH on April 26?,,,eth
PM_ALL_POLYMARKET_CONTRACT_PNL,registry/w4b_polymarket_recensus_venue_events_v1.csv.gz,sports,3259,NBA: Will the Kings beat the Pelicans by more than 5.5 points in their November 3rd matchup?,,,nba
PM_ALL_POLYMARKET_CONTRACT_PNL,registry/w4b_polymarket_recensus_venue_events_v1.csv.gz,crypto,3260,Will the floor price of Bored Apes be above 150 ETH on April 25?,,,eth
PM_ALL_POLYMARKET_CONTRACT_PNL,registry/w4b_polymarket_recensus_venue_events_v1.csv.gz,politics,3263,Will President Biden issue an executive order mentioning cryptocurrency by February 25?,,,president;crypto
PM_ALL_POLYMARKET_CONTRACT_PNL,registry/w4b_polymarket_recensus_venue_events_v1.csv.gz,sports,3267,NBA: Will the Grizzlies beat the Hawks by more than 1.5 points in their November 26th matchup?,,,nba
PM_ALL_POLYMARKET_CONTRACT_PNL,registry/w4b_polymarket_recensus_venue_events_v1.csv.gz,sports,3268,NBA: Will the Suns beat the Lakers by more than 6.5 points in their December 21 matchup?,,,nba
PM_ALL_POLYMARKET_CONTRACT_PNL,registry/w4b_polymarket_recensus_venue_events_v1.csv.gz,politics,3269,Will Vice President Harris cast 17 or more tie-breaking votes in 2021?,,,president
PM_ALL_POLYMARKET_CONTRACT_PNL,registry/w4b_polymarket_recensus_venue_events_v1.csv.gz,sports,3271,NBA: Will the Mavericks beat the Thunder by more than 4.5 points in their December 12 matchup?,,,nba
PM_ALL_POLYMARKET_CONTRACT_PNL,registry/w4b_polymarket_recensus_venue_events_v1.csv.gz,sports,3275,NBA: Will the Mavericks beat the Hornets by more than 3.5 points in their December 13 matchup?,,,nba
PM_ALL_POLYMARKET_CONTRACT_PNL,registry/w4b_polymarket_recensus_venue_events_v1.csv.gz,politics,3278,"Will Joe Biden be officially inaugurated as President in-person outside the US capitol on January 20th, 2021?",,,president
PM_ALL_POLYMARKET_CONTRACT_PNL,registry/w4b_polymarket_recensus_venue_events_v1.csv.gz,macro,3279,"NHL: Who will win Flames vs. Oilers, scheduled for May 26, 9:40 PM ET?",,,oil;nhl
PM_ALL_POLYMARKET_CONTRACT_PNL,registry/w4b_polymarket_recensus_venue_events_v1.csv.gz,macro,3281,"Will the price of a barrel of crude oil be $115 or more on June 24, 2022?",,,oil
PM_ALL_POLYMARKET_CONTRACT_PNL,registry/w4b_polymarket_recensus_venue_events_v1.csv.gz,sports,3282,Will the Nuggets or the Trail Blazers win their Round 1 NBA Playoff Series?,,,nba
PM_ALL_POLYMARKET_CONTRACT_PNL,registry/w4b_polymarket_recensus_venue_events_v1.csv.gz,sports,3286,Will there be 3 or more goals in USA v. Jamaica soccer game on November 16?,,,soccer
PM_ALL_POLYMARKET_CONTRACT_PNL,registry/w4b_polymarket_recensus_venue_events_v1.csv.gz,sports,3289,NBA: Will the Nuggets beat the 76ers by more than 7.5 points in their November 18th matchup?,,,nba
PM_ALL_POLYMARKET_CONTRACT_PNL,registry/w4b_polymarket_recensus_venue_events_v1.csv.gz,politics,3290,"Will Volodymyr Zelenskyy be President of Ukraine on April 22, 2022?",,,president
PM_ALL_POLYMARKET_CONTRACT_PNL,registry/w4b_polymarket_recensus_venue_events_v1.csv.gz,sports,3295,NBA: Will the Jazz beat the Spurs by more than 7.5 points in their December 27 matchup?,,,nba
PM_ALL_POLYMARKET_CONTRACT_PNL,registry/w4b_polymarket_recensus_venue_events_v1.csv.gz,politics,3296,Who will win the Democratic Nomination in the TX-28 House election: Jessica Cisneros or Henry Cuellar?,,,election;house
PM_ALL_POLYMARKET_CONTRACT_PNL,registry/w4b_polymarket_recensus_venue_events_v1.csv.gz,sports,3297,NBA: Will the Kings beat the Spurs by more than 2.5 points in their November 10th matchup?,,,nba
PM_ALL_POLYMARKET_CONTRACT_PNL,registry/w4b_polymarket_recensus_venue_events_v1.csv.gz,sports,3298,NBA: Will the Nets beat the Raptors by more than 7.5 points in their December 14 matchup?,,,nba
PM_ALL_POLYMARKET_CONTRACT_PNL,registry/w4b_polymarket_recensus_venue_events_v1.csv.gz,sports,3301,Who will win the Champions League Final: Man City or Chelsea?,,,champions
PM_ALL_POLYMARKET_CONTRACT_PNL,registry/w4b_polymarket_recensus_venue_events_v1.csv.gz,politics,3302,Will Katie Britt win the 2022 Alabama Republican Senate nomination?,,,senate
PM_ALL_POLYMARKET_CONTRACT_PNL,registry/w4b_polymarket_recensus_venue_events_v1.csv.gz,crypto,3305,Will the floor price of Azuki be 30 ETH or more on April 19?,,,eth
PM_ALL_POLYMARKET_CONTRACT_PNL,registry/w4b_polymarket_recensus_venue_events_v1.csv.gz,politics,3306,"Will Donald Trump announce a run for President by November 1, 2021?",,,president
PM_ALL_POLYMARKET_CONTRACT_PNL,registry/w4b_polymarket_recensus_venue_events_v1.csv.gz,politics,3308,Will President Biden mention Donald Trump in his first Joint Address?,,,president
PM_ALL_POLYMARKET_CONTRACT_PNL,registry/w4b_polymarket_recensus_venue_events_v1.csv.gz,sports,3309,NHL: Will the Maple Leafs beat the Blue Jackets by more than 1.5 points in their December 7 matchup?,,,nhl
PM_ALL_POLYMARKET_CONTRACT_PNL,registry/w4b_polymarket_recensus_venue_events_v1.csv.gz,sports,3315,Will the Buccaneers beat the Cowboys by more than 8 points in their NFL week 1 matchup?,,,nfl
PM_ALL_POLYMARKET_CONTRACT_PNL,registry/w4b_polymarket_recensus_venue_events_v1.csv.gz,macro,3319,Will Joseph Delong announce he’s leaving SushiSwap as CTO before 2022?,,,fed
PM_ALL_POLYMARKET_CONTRACT_PNL,registry/w4b_polymarket_recensus_venue_events_v1.csv.gz,sports,3321,NBA: Will the Suns beat the Warriors by more than 3.5 points in their December 25 matchup?,,,nba
PM_ALL_POLYMARKET_CONTRACT_PNL,registry/w4b_polymarket_recensus_venue_events_v1.csv.gz,crypto,3322,Will $ETH hit 3 digits (sub $1000) by June 30?,,,ethereum;eth
PM_ALL_POLYMARKET_CONTRACT_PNL,registry/w4b_polymarket_recensus_venue_events_v1.csv.gz,corporate,3323,Will SEC approve Bitwise ETF by June 29?,,,sec
PM_ALL_POLYMARKET_CONTRACT_PNL,registry/w4b_polymarket_recensus_venue_events_v1.csv.gz,sports,3324,Who will win UFC 267: Błachowicz vs Teixeira?,,,ufc
PM_ALL_POLYMARKET_CONTRACT_PNL,registry/w4b_polymarket_recensus_venue_events_v1.csv.gz,sports,3327,(In-Game Trading) Who will win Bucks v. Suns: NBA Finals Game 1?,,,nba
PM_ALL_POLYMARKET_CONTRACT_PNL,registry/w4b_polymarket_recensus_venue_events_v1.csv.gz,sports,3330,"NHL 2022 Stanley Cup Finals: Who will win Avalanche vs. Lightning, Game 3?",,,nhl
PM_ALL_POLYMARKET_CONTRACT_PNL,registry/w4b_polymarket_recensus_venue_events_v1.csv.gz,crypto,3331,Will Solana (SOL) reach an all-time high by January 14?,,,solana
PM_ALL_POLYMARKET_CONTRACT_PNL,registry/w4b_polymarket_recensus_venue_events_v1.csv.gz,crypto,3334,Will the floor price of Goblintowns be above 1 ETH on June 3?,,,eth
PM_ALL_POLYMARKET_CONTRACT_PNL,registry/w4b_polymarket_recensus_venue_events_v1.csv.gz,sports,3336,NBA: Will the Suns beat the Spurs by more than 7.5 points in their December 6 matchup?,,,nba
PM_ALL_POLYMARKET_CONTRACT_PNL,registry/w4b_polymarket_recensus_venue_events_v1.csv.gz,sports,3337,NBA: Will the Cavaliers beat the Bulls by more than 2.5 points in their December 8 matchup?,,,nba
PM_ALL_POLYMARKET_CONTRACT_PNL,registry/w4b_polymarket_recensus_venue_events_v1.csv.gz,politics,3338,"Will Donald Trump be President of the USA on September 30, 2021?",,,president
PM_ALL_POLYMARKET_CONTRACT_PNL,registry/w4b_polymarket_recensus_venue_events_v1.csv.gz,politics,3339,Will Matt Dolan win 2nd place in the Republican primary for the 2022 United States Senate election in Ohio?,,,election;senate
PM_ALL_POLYMARKET_CONTRACT_PNL,registry/w4b_polymarket_recensus_venue_events_v1.csv.gz,macro,3344,Will inflation be 0.6% or more from May to June?,,,inflation;nfl
PM_ALL_POLYMARKET_CONTRACT_PNL,registry/w4b_polymarket_recensus_venue_events_v1.csv.gz,macro,3346,Will weekly jobless claims exceed 385K for the week ending on August 7?,,,unemployment
PM_ALL_POLYMARKET_CONTRACT_PNL,registry/w4b_polymarket_recensus_venue_events_v1.csv.gz,sports,3347,Will Tom Brady play in Week 1 of the 2022 NFL season?,,,nfl
PM_ALL_POLYMARKET_CONTRACT_PNL,registry/w4b_polymarket_recensus_venue_events_v1.csv.gz,sports,3351,Will Fabiano Caruana win the United States Chess Championship?,,,champions
PM_ALL_POLYMARKET_CONTRACT_PNL,registry/w4b_polymarket_recensus_venue_events_v1.csv.gz,sports,3352,NFL: Will the Colts beat the Jets by more than 10.5 points in their November 4th matchup?,,,nfl
PM_ALL_POLYMARKET_CONTRACT_PNL,registry/w4b_polymarket_recensus_venue_events_v1.csv.gz,crypto,3356,"Will Bitcoin ($BTC) price reach $70,000 before November 15, 2021?",,,bitcoin;btc
PM_ALL_POLYMARKET_CONTRACT_PNL,registry/w4b_polymarket_recensus_venue_events_v1.csv.gz,fda_biotech,3358,"Will the City of Ottawa cease its state of emergency by March 2, 2022?",,,fda
PM_ALL_POLYMARKET_CONTRACT_PNL,registry/w4b_polymarket_recensus_venue_events_v1.csv.gz,sports,3359,"NHL: Who will win Hurricanes vs. Rangers, scheduled for May 18, 7:00 PM ET?",,,nhl
PM_ALL_POLYMARKET_CONTRACT_PNL,registry/w4b_polymarket_recensus_venue_events_v1.csv.gz,sports,3361,NBA: Will the Pacers beat the Raptors by more than 4.5 points in their November 26th matchup?,,,nba
PM_ALL_POLYMARKET_CONTRACT_PNL,registry/w4b_polymarket_recensus_venue_events_v1.csv.gz,sports,3362,Who will win Knicks vs. Hawks: Game 3?,,,nba
PM_ALL_POLYMARKET_CONTRACT_PNL,registry/w4b_polymarket_recensus_venue_events_v1.csv.gz,macro,3365,Will inflation be 0.5% or more from February to March?,,,inflation;nfl
PM_ALL_POLYMARKET_CONTRACT_PNL,registry/w4b_polymarket_recensus_venue_events_v1.csv.gz,politics,3366,"Will Donald Trump be President of the USA on November 30, 2021?",,,president
PM_ALL_POLYMARKET_CONTRACT_PNL,registry/w4b_polymarket_recensus_venue_events_v1.csv.gz,sports,3369,NHL: Will the Panthers beat the Rangers by more than 1.5 goals in their December 29 matchup?,,,nhl
PM_ALL_POLYMARKET_CONTRACT_PNL,registry/w4b_polymarket_recensus_venue_events_v1.csv.gz,sports,3370,NBA: Will the sum of points in Clippers v Celtics be greater than 213.5?,,,nba
PM_ALL_POLYMARKET_CONTRACT_PNL,registry/w4b_polymarket_recensus_venue_events_v1.csv.gz,sports,3375,2022 Wimbledon Championships: Who will win Djokovic vs. Kyrgios?,,,champions
PM_ALL_POLYMARKET_CONTRACT_PNL,registry/w4b_polymarket_recensus_venue_events_v1.csv.gz,sports,3376,UFC 275: Who will win - Valentina Shevchenko or Talia Santos?,,,ufc
PM_ALL_POLYMARKET_CONTRACT_PNL,registry/w4b_polymarket_recensus_venue_events_v1.csv.gz,sports,3381,Will Dortmund or Man City win the second leg of their Champions League quarter-final draw?,,,champions;sec
PM_ALL_POLYMARKET_CONTRACT_PNL,registry/w4b_polymarket_recensus_venue_events_v1.csv.gz,crypto,3386,Will the floor price of CryptoPunks be above 120 ETH on October 15?,,,crypto;eth
PM_ALL_POLYMARKET_CONTRACT_PNL,registry/w4b_polymarket_recensus_venue_events_v1.csv.gz,sports,3387,Will Coinbase’s NFT marketplace launch before 2022?,,,nba
PM_ALL_POLYMARKET_CONTRACT_PNL,registry/w4b_polymarket_recensus_venue_events_v1.csv.gz,macro,3388,Will Rudy Giuliani be indicted for a federal crime by August 1?,,,fed
PM_ALL_POLYMARKET_CONTRACT_PNL,registry/w4b_polymarket_recensus_venue_events_v1.csv.gz,sports,3389,Will the Nets or the Bucks win their NBA Conference Semifinals Series?,,,nba
PM_ALL_POLYMARKET_CONTRACT_PNL,registry/w4b_polymarket_recensus_venue_events_v1.csv.gz,politics,3391,Will President Biden speak for longer than 1 hour at his Joint Address?,,,president
PM_ALL_POLYMARKET_CONTRACT_PNL,registry/w4b_polymarket_recensus_venue_events_v1.csv.gz,crypto,3395,Will Ukraine or the Netherlands win their Euro 2020 match?,,,eth
PM_ALL_POLYMARKET_CONTRACT_PNL,registry/w4b_polymarket_recensus_venue_events_v1.csv.gz,sports,3397,NBA: Will the Jazz beat the Thunder by more than 12.5 points in their 24th November matchup?,,,nba
PM_ALL_POLYMARKET_CONTRACT_PNL,registry/w4b_polymarket_recensus_venue_events_v1.csv.gz,sports,3402,NBA: Will the Nets beat the Pistons by more than 11.5 points in their October 31st matchup?,,,nba
PM_ALL_POLYMARKET_CONTRACT_PNL,registry/w4b_polymarket_recensus_venue_events_v1.csv.gz,sports,3405,"MLB: Who will win New York Mets v. Chicago Cubs, scheduled for July 14, 8:05 PM ET?",,,mlb
PM_ALL_POLYMARKET_CONTRACT_PNL,registry/w4b_polymarket_recensus_venue_events_v1.csv.gz,sports,3407,"Will Coinbase’s NFT marketplace be live by February 1st, 2022?",,,nba
PM_ALL_POLYMARKET_CONTRACT_PNL,registry/w4b_polymarket_recensus_venue_events_v1.csv.gz,politics,3411,"Will Joe Biden be President of the USA on October 30, 2021?",,,president
PM_ALL_POLYMARKET_CONTRACT_PNL,registry/w4b_polymarket_recensus_venue_events_v1.csv.gz,crypto,3412,Will the floor price of Bored Apes be above 100 ETH on May 25?,,,eth
PM_ALL_POLYMARKET_CONTRACT_PNL,registry/w4b_polymarket_recensus_venue_events_v1.csv.gz,sports,3415,"Will Coinbase support Polygon USDC deposits & withdrawals by June 30, 2022?",,,nba
PM_ALL_POLYMARKET_CONTRACT_PNL,registry/w4b_polymarket_recensus_venue_events_v1.csv.gz,sports,3420,NFL: Will the sum of points in Cowboys v. Saints be an even or an odd number?,,,nfl
PM_ALL_POLYMARKET_CONTRACT_PNL,registry/w4b_polymarket_recensus_venue_events_v1.csv.gz,sports,3423,NBA: Will the Warriors beat the Pistons by more than 7.5 points in their November 19th matchup?,,,nba
PM_ALL_POLYMARKET_CONTRACT_PNL,registry/w4b_polymarket_recensus_venue_events_v1.csv.gz,sports,3424,NBA: Will the Heat beat the Wizards by more than 6.5 points in their December 28 matchup?,,,nba
PM_ALL_POLYMARKET_CONTRACT_PNL,registry/w4b_polymarket_recensus_venue_events_v1.csv.gz,macro,3427,Will inflation be 0.4% or more from August to September?,,,inflation;nfl
PM_ALL_POLYMARKET_CONTRACT_PNL,registry/w4b_polymarket_recensus_venue_events_v1.csv.gz,sports,3428,NFL: Will the Dolphins beat the Saints by more than 1.5 points in their December 27 matchup?,,,nfl
PM_ALL_POLYMARKET_CONTRACT_PNL,registry/w4b_polymarket_recensus_venue_events_v1.csv.gz,sports,3430,NBA: Will the Nuggets beat the Spurs by more than 1.5 points in their December 9 matchup?,,,nba
PM_ALL_POLYMARKET_CONTRACT_PNL,registry/w4b_polymarket_recensus_venue_events_v1.csv.gz,sports,3431,NBA: Will the Bulls beat the Raptors by more than 8.5 points in their December 22 matchup?,,,nba
PM_ALL_POLYMARKET_CONTRACT_PNL,registry/w4b_polymarket_recensus_venue_events_v1.csv.gz,politics,3432,Who will win the 2022 South Korean presidential election?,,,election;president
PM_ALL_POLYMARKET_CONTRACT_PNL,registry/w4b_polymarket_recensus_venue_events_v1.csv.gz,sports,3433,NBA: Will the Bucks beat the Knicks by more than 4.5 points in their November 5th matchup?,,,nba
PM_ALL_POLYMARKET_CONTRACT_PNL,registry/w4b_polymarket_recensus_venue_events_v1.csv.gz,sports,3435,NFL: Will the Steelers beat the Bears by more than 7.5 points on November 8th?,,,nfl
PM_ALL_POLYMARKET_CONTRACT_PNL,registry/w4b_polymarket_recensus_venue_events_v1.csv.gz,crypto,3436,Will Loomdart make it to the final table of the CryptOG Charity Poker Tournament?,,,crypto
PM_ALL_POLYMARKET_CONTRACT_PNL,registry/w4b_polymarket_recensus_venue_events_v1.csv.gz,corporate,3438,Will the National Anthem at the Superbowl LVI be longer than 100 seconds?,,,sec
PM_ALL_POLYMARKET_CONTRACT_PNL,registry/w4b_polymarket_recensus_venue_events_v1.csv.gz,sports,3439,UEFA Champions League: Will there be 3 or more goals in the Liverpool v. Atletico game on November 3?,,,champions
PM_ALL_POLYMARKET_CONTRACT_PNL,registry/w4b_polymarket_recensus_venue_events_v1.csv.gz,politics,3440,Will Nina Turner win the Democratic Nomination in the OH-11 special election?,,,election
PM_ALL_POLYMARKET_CONTRACT_PNL,registry/w4b_polymarket_recensus_venue_events_v1.csv.gz,sports,3441,"NHL: Who will win Avalanche vs. Blues, scheduled for May 19, 9:30 PM ET?",,,nhl
PM_ALL_POLYMARKET_CONTRACT_PNL,registry/w4b_polymarket_recensus_venue_events_v1.csv.gz,sports,3446,NFL: Will the Chiefs beat the Giants by more than 10.5 points in their November 1st matchup?,,,nfl
PM_ALL_POLYMARKET_CONTRACT_PNL,registry/w4b_polymarket_recensus_venue_events_v1.csv.gz,sports,3447,Will the Warriors or the Grizzlies win their NBA play-in tournament matchup?,,,nba
PM_ALL_POLYMARKET_CONTRACT_PNL,registry/w4b_polymarket_recensus_venue_events_v1.csv.gz,sports,3448,"NBA: Who will win Mavericks vs. Warriors, scheduled for May 24, 9:00 PM ET?",,,nba
PM_ALL_POLYMARKET_CONTRACT_PNL,registry/w4b_polymarket_recensus_venue_events_v1.csv.gz,crypto,3449,"Will $ETH be above $1,800 on June 3?",,,eth
PM_ALL_POLYMARKET_CONTRACT_PNL,registry/w4b_polymarket_recensus_venue_events_v1.csv.gz,crypto,3450,Which cryptocurrency will perform better in November 2021: Bitcoin or Ethereum?,,,bitcoin;ethereum;crypto;eth
PM_ALL_POLYMARKET_CONTRACT_PNL,registry/w4b_polymarket_recensus_venue_events_v1.csv.gz,macro,3451,Will year-to-year inflation in the European Union be 4.3% or more in October?,,,inflation;nfl
PM_ALL_POLYMARKET_CONTRACT_PNL,registry/w4b_polymarket_recensus_venue_events_v1.csv.gz,sports,3453,2022 Wimbledon Championships: Who will win Djokovic vs. Norrie?,,,champions
PM_ALL_POLYMARKET_CONTRACT_PNL,registry/w4b_polymarket_recensus_venue_events_v1.csv.gz,sports,3458,NBA: Will the sum of points in Spurs v. Pelicans be greater than 219.5?,,,nba
PM_ALL_POLYMARKET_CONTRACT_PNL,registry/w4b_polymarket_recensus_venue_events_v1.csv.gz,crypto,3459,Will the floor price of goblintown.wtf be above 5 ETH on June 13?,,,eth
PM_ALL_POLYMARKET_CONTRACT_PNL,registry/w4b_polymarket_recensus_venue_events_v1.csv.gz,crypto,3460,"What will the ETH floor price of Loot (for Adventurers) be on September 21, 2021?",,,eth
PM_ALL_POLYMARKET_CONTRACT_PNL,registry/w4b_polymarket_recensus_venue_events_v1.csv.gz,macro,3462,"Will the price of a barrel of crude oil be $120 or more on June 9, 2022?",,,oil
PM_ALL_POLYMARKET_CONTRACT_PNL,registry/w4b_polymarket_recensus_venue_events_v1.csv.gz,corporate,3463,Will Squid Game remain the #1 Netflix show in the US throughout the ‘second week’ of October?,,,sec
PM_ALL_POLYMARKET_CONTRACT_PNL,registry/w4b_polymarket_recensus_venue_events_v1.csv.gz,politics,3464,Will Sergei Shoigu remain Minister of Defense of Russia through July 2022?,,,minister
PM_ALL_POLYMARKET_CONTRACT_PNL,registry/w4b_polymarket_recensus_venue_events_v1.csv.gz,sports,3466,NBA: Will the Pacers beat the Wizards by more than 5.5 points in their December 6 matchup?,,,nba
PM_ALL_POLYMARKET_CONTRACT_PNL,registry/w4b_polymarket_recensus_venue_events_v1.csv.gz,sports,3469,"MLB: Who will win Boston Red Sox vs. Tampa Bay Rays, scheduled for July 11, 7:10 PM ET?",,,mlb
PM_ALL_POLYMARKET_CONTRACT_PNL,registry/w4b_polymarket_recensus_venue_events_v1.csv.gz,sports,3470,NBA: Will the Nets beat the Celtics by more than 1.5 points in their 24th November matchup?,,,nba
PM_ALL_POLYMARKET_CONTRACT_PNL,registry/w4b_polymarket_recensus_venue_events_v1.csv.gz,sports,3472,Will the Bucks or the Heat win their Round 1 NBA Playoff Series?,,,nba
PM_ALL_POLYMARKET_CONTRACT_PNL,registry/w4b_polymarket_recensus_venue_events_v1.csv.gz,sports,3474,NBA: Will the Pacers beat the Hornets by more than 2.5 points in their December 29 matchup?,,,nba
PM_ALL_POLYMARKET_CONTRACT_PNL,registry/w4b_polymarket_recensus_venue_events_v1.csv.gz,fda_biotech,3481,NFL: Will the Buccaneers beat the Giants by more than 10.5 points in their November 22 matchup?,,,fda;nfl
PM_ALL_POLYMARKET_CONTRACT_PNL,registry/w4b_polymarket_recensus_venue_events_v1.csv.gz,sports,3482,Who will win UFC 268: Gaethje vs Chandler?,,,ufc;eth
PM_ALL_POLYMARKET_CONTRACT_PNL,registry/w4b_polymarket_recensus_venue_events_v1.csv.gz,sports,3483,NFL: Will the Cowboys beat the Giants by more than 10.5 points in their December 19 matchup?,,,nfl
PM_ALL_POLYMARKET_CONTRACT_PNL,registry/w4b_polymarket_recensus_venue_events_v1.csv.gz,macro,3485,Will weekly jobless claims exceed 400K for the week ending on July 31?,,,unemployment
PM_ALL_POLYMARKET_CONTRACT_PNL,registry/w4b_polymarket_recensus_venue_events_v1.csv.gz,crypto,3487,Will the Ethereum ($ETH) Market Cap be above $520 billion on December 9?,,,ethereum;eth
PM_ALL_POLYMARKET_CONTRACT_PNL,registry/w4b_polymarket_recensus_venue_events_v1.csv.gz,macro,3489,Will inflation be 0.4% or more from April to May?,,,inflation;nfl
PM_ALL_POLYMARKET_CONTRACT_PNL,registry/w4b_polymarket_recensus_venue_events_v1.csv.gz,crypto,3491,Will the floor price of CryptoPunks be above 75 ETH on February 11th?,,,crypto;eth
PM_ALL_POLYMARKET_CONTRACT_PNL,registry/w4b_polymarket_recensus_venue_events_v1.csv.gz,sports,3492,NFL: Will the Cardinals beat the Seahawks by more than 2.5 points in their November 21st matchup?,,,nfl
PM_ALL_POLYMARKET_CONTRACT_PNL,registry/w4b_polymarket_recensus_venue_events_v1.csv.gz,macro,3493,"Will the price of a barrel of crude oil be $120 or more on June 17, 2022?",,,oil
PM_ALL_POLYMARKET_CONTRACT_PNL,registry/w4b_polymarket_recensus_venue_events_v1.csv.gz,sports,3498,NBA: Will the Pacers beat the Lakers by more than 1.5 points in their 24th November matchup?,,,nba
PM_ALL_POLYMARKET_CONTRACT_PNL,registry/w4b_polymarket_recensus_venue_events_v1.csv.gz,macro,3499,"Will the Canadian ""Emergencies Act"" be revoked by March 7, 2022?",,,fed
PM_ALL_POLYMARKET_CONTRACT_PNL,registry/w4b_polymarket_recensus_venue_events_v1.csv.gz,crypto,3500,Will the floor price of Bored Apes be above 90 ETH on June 30?,,,eth
PM_ALL_POLYMARKET_CONTRACT_PNL,registry/w4b_polymarket_recensus_venue_events_v1.csv.gz,sports,3502,NBA: Will the Knicks beat the Spurs by more than 2.5 points in their December 7 matchup?,,,nba
PM_ALL_POLYMARKET_CONTRACT_PNL,registry/w4b_polymarket_recensus_venue_events_v1.csv.gz,sports,3503,Will Brian Armstrong remain CEO of Coinbase through August?,,,nba
PM_ALL_POLYMARKET_CONTRACT_PNL,registry/w4b_polymarket_recensus_venue_events_v1.csv.gz,sports,3504,NBA: Will the Bulls beat the Hornets by more than 5.5 points in their November 29th matchup?,,,nba
PM_ALL_POLYMARKET_CONTRACT_PNL,registry/w4b_polymarket_recensus_venue_events_v1.csv.gz,politics,3506,Which party will control the U.S. Senate after the 2022 election?,,,election;senate;party
PM_ALL_POLYMARKET_CONTRACT_PNL,registry/w4b_polymarket_recensus_venue_events_v1.csv.gz,politics,3508,Will Volodymyr Zelenskyy be President of Ukraine on June 30?,,,president
PM_ALL_POLYMARKET_CONTRACT_PNL,registry/w4b_polymarket_recensus_venue_events_v1.csv.gz,sports,3511,NHL: Will the Panthers beat the Kings by more than 1.5 goals in their December 16 matchup?,,,nhl
PM_ALL_POLYMARKET_CONTRACT_PNL,registry/w4b_polymarket_recensus_venue_events_v1.csv.gz,sports,3512,NBA: Who will win the Heat v. Mavericks game on November 2nd?,,,nba
PM_ALL_POLYMARKET_CONTRACT_PNL,registry/w4b_polymarket_recensus_venue_events_v1.csv.gz,sports,3515,UFC 271: Will Adesanya KO/TKO/RTD Whittaker?,,,ufc
PM_ALL_POLYMARKET_CONTRACT_PNL,registry/w4b_polymarket_recensus_venue_events_v1.csv.gz,crypto,3516,Will Rookiexbt or Loomdart win the Amir Khan Crypto Fight Night?,,,crypto
PM_ALL_POLYMARKET_CONTRACT_PNL,registry/w4b_polymarket_recensus_venue_events_v1.csv.gz,sports,3517,NBA: Will the Wizards beat the Thunder by more than 7.5 points in their November 26th matchup?,,,nba
PM_ALL_POLYMARKET_CONTRACT_PNL,registry/w4b_polymarket_recensus_venue_events_v1.csv.gz,fda_biotech,3518,Will the FDA approve any COVID-19 vaccination for children under 12 by October 15?,,,fda;pdufa
PM_ALL_POLYMARKET_CONTRACT_PNL,registry/w4b_polymarket_recensus_venue_events_v1.csv.gz,sports,3519,NBA: Will the Grizzlies beat the Timberwolves by more than 5.5 points in their November 8th matchup?,,,nba
PM_ALL_POLYMARKET_CONTRACT_PNL,registry/w4b_polymarket_recensus_venue_events_v1.csv.gz,sports,3523,Who will win UFC 263: Maia vs. Muhammad?,,,ufc
PM_ALL_POLYMARKET_CONTRACT_PNL,registry/w4b_polymarket_recensus_venue_events_v1.csv.gz,crypto,3524,"Will $ETH hit $1,000 or $2,000 first?",,,eth
PM_ALL_POLYMARKET_CONTRACT_PNL,registry/w4b_polymarket_recensus_venue_events_v1.csv.gz,sports,3528,NFL: Will the Jets beat the Jaguars by more than 1.5 points in their December 26 matchup?,,,nfl
PM_ALL_POLYMARKET_CONTRACT_PNL,registry/w4b_polymarket_recensus_venue_events_v1.csv.gz,crypto,3531,Will Sequoia Capital's Youtube memo sell for more than 25 ETH?,,,eth
PM_ALL_POLYMARKET_CONTRACT_PNL,registry/w4b_polymarket_recensus_venue_events_v1.csv.gz,sports,3532,World Chess Championship 2021: Will Ian Nepomniachtchi win a game?,,,champions
PM_ALL_POLYMARKET_CONTRACT_PNL,registry/w4b_polymarket_recensus_venue_events_v1.csv.gz,politics,3534,"Will Donald Trump be President of the USA on July 31, 2021?",,,president
PM_ALL_POLYMARKET_CONTRACT_PNL,registry/w4b_polymarket_recensus_venue_events_v1.csv.gz,sports,3535,NBA: Will the Clippers beat the Mavericks by more than 5.5 points in their November 23rd matchup?,,,nba
PM_ALL_POLYMARKET_CONTRACT_PNL,registry/w4b_polymarket_recensus_venue_events_v1.csv.gz,politics,3537,Will 21 US States administer at least one COVID-19 vaccine dose to 70% of adults by July 5?,,,minister
PM_ALL_POLYMARKET_CONTRACT_PNL,registry/w4b_polymarket_recensus_venue_events_v1.csv.gz,sports,3538,Will PSG or Bayern win the second leg of their Champions League quarter-final draw?,,,champions;sec
PM_ALL_POLYMARKET_CONTRACT_PNL,registry/w4b_polymarket_recensus_venue_events_v1.csv.gz,crypto,3540,What will the ETH floor price of Chain Runners be on December 2?,,,eth
PM_ALL_POLYMARKET_CONTRACT_PNL,registry/w4b_polymarket_recensus_venue_events_v1.csv.gz,crypto,3542,What will the price of $ETH be on August 11?,,,eth
PM_ALL_POLYMARKET_CONTRACT_PNL,registry/w4b_polymarket_recensus_venue_events_v1.csv.gz,sports,3543,NBA: Will the Jazz beat the Spurs by more than 11.5 points in their December 17 matchup?,,,nba
PM_ALL_POLYMARKET_CONTRACT_PNL,registry/w4b_polymarket_recensus_venue_events_v1.csv.gz,sports,3544,Chess: Will Magnus Carlsen win the 2021 FIDE World Blitz Championship?,,,champions
PM_ALL_POLYMARKET_CONTRACT_PNL,registry/w4b_polymarket_recensus_venue_events_v1.csv.gz,sports,3545,2022 NBA Draft: Will Jabari Smith Jr. be the #1 Pick?,,,nba
PM_ALL_POLYMARKET_CONTRACT_PNL,registry/w4b_polymarket_recensus_venue_events_v1.csv.gz,sports,3546,Will Liverpool or Real Madrid win the second leg of their Champions League quarter-final draw?,,,champions;sec
PM_ALL_POLYMARKET_CONTRACT_PNL,registry/w4b_polymarket_recensus_venue_events_v1.csv.gz,crypto,3547,"Will Ethereum be above $3000 on March 9, 2022?",,,ethereum;eth
PM_ALL_POLYMARKET_CONTRACT_PNL,registry/w4b_polymarket_recensus_venue_events_v1.csv.gz,crypto,3550,Will the floor price of Ryder Ripps BAYC (RR/BAYC) be above 1 ETH on June 30?,,,eth
PM_ALL_POLYMARKET_CONTRACT_PNL,registry/w4b_polymarket_recensus_venue_events_v1.csv.gz,sports,3554,Will Kawhi Leonard Sign with the Clippers for the NBA 2021-22 season on or before October 1?,,,nba
PM_ALL_POLYMARKET_CONTRACT_PNL,registry/w4b_polymarket_recensus_venue_events_v1.csv.gz,macro,3555,Will annual inflation in the European Union be 7.8% or more in March?,,,inflation;nfl
PM_ALL_POLYMARKET_CONTRACT_PNL,registry/w4b_polymarket_recensus_venue_events_v1.csv.gz,sports,3557,"MLB: Who will win Chicago Cubs vs. Cincinnati Reds, scheduled for May 24, 6:41 PM ET?",,,mlb
PM_ALL_POLYMARKET_CONTRACT_PNL,registry/w4b_polymarket_recensus_venue_events_v1.csv.gz,sports,3560,NBA: Will the Clippers beat the Thunder by more than 10.5 points in their November 1st matchup?,,,nba
PM_ALL_POLYMARKET_CONTRACT_PNL,registry/w4b_polymarket_recensus_venue_events_v1.csv.gz,macro,3566,Will the highest corporate tax rate be raised above 21% in 2022?,,,fed
PM_ALL_POLYMARKET_CONTRACT_PNL,registry/w4b_polymarket_recensus_venue_events_v1.csv.gz,macro,3569,"Will Hunter Biden be federally indicted by January 6, 2023?",,,fed
PM_ALL_POLYMARKET_CONTRACT_PNL,registry/w4b_polymarket_recensus_venue_events_v1.csv.gz,crypto,3571,"Will $ETH be above $1,100 on June 24?",,,eth
PM_ALL_POLYMARKET_CONTRACT_PNL,registry/w4b_polymarket_recensus_venue_events_v1.csv.gz,sports,3574,NBA: Who will win the Grizzlies v. Nuggets game on November 1st?,,,nba
PM_ALL_POLYMARKET_CONTRACT_PNL,registry/w4b_polymarket_recensus_venue_events_v1.csv.gz,sports,3575,NBA: Will the Suns beat the Celtics by more than 5.5 points in their December 10 matchup?,,,nba
PM_ALL_POLYMARKET_CONTRACT_PNL,registry/w4b_polymarket_recensus_venue_events_v1.csv.gz,sports,3576,NFL: Will the Cowboys beat the Cardinals by more than 5.5 points in their January 2 matchup?,,,nfl
PM_ALL_POLYMARKET_CONTRACT_PNL,registry/w4b_polymarket_recensus_venue_events_v1.csv.gz,sports,3580,NFL: Will the Broncos beat the Bengals by more than 2.5 points in their December 19 matchup?,,,nfl
PM_ALL_POLYMARKET_CONTRACT_PNL,registry/w4b_polymarket_recensus_venue_events_v1.csv.gz,sports,3582,NBA: Will the Bucks beat the Pelicans by more than 3.5 points in their December 17 matchup?,,,nba
PM_ALL_POLYMARKET_CONTRACT_PNL,registry/w4b_polymarket_recensus_venue_events_v1.csv.gz,sports,3588,NBA: Will the Timberwolves beat the Cavaliers by more than 1.5 points in their December 10 matchup?,,,nba
PM_ALL_POLYMARKET_CONTRACT_PNL,registry/w4b_polymarket_recensus_venue_events_v1.csv.gz,sports,3590,"2022 NBA Playoffs, Round 2: Who will win Heat vs. 76ers?",,,nba
PM_ALL_POLYMARKET_CONTRACT_PNL,registry/w4b_polymarket_recensus_venue_events_v1.csv.gz,crypto,3592,"Will $ETH (Ethereum) be above $4,000 on December 23, 12pm ET?",,,ethereum;eth
PM_ALL_POLYMARKET_CONTRACT_PNL,registry/w4b_polymarket_recensus_venue_events_v1.csv.gz,sports,3593,NFL: Will the Colts beat the Patriots by more than 2.5 points in their December 18 matchup?,,,nfl
PM_ALL_POLYMARKET_CONTRACT_PNL,registry/w4b_polymarket_recensus_venue_events_v1.csv.gz,sports,3594,NBA: Will the 76ers beat the Trail Blazers by more than 5.5 points in their November 1st matchup?,,,nba
PM_ALL_POLYMARKET_CONTRACT_PNL,registry/w4b_polymarket_recensus_venue_events_v1.csv.gz,crypto,3597,"Will $ETH be above $1,000 on July 8?",,,eth
PM_ALL_POLYMARKET_CONTRACT_PNL,registry/w4b_polymarket_recensus_venue_events_v1.csv.gz,fda_biotech,3599,Will Miso Robotics expand its restaurant partnerships in 2021?,,,fda
PM_ALL_POLYMARKET_CONTRACT_PNL,registry/w4b_polymarket_recensus_venue_events_v1.csv.gz,crypto,3600,Will the floor price of Bored Apes be above 135 ETH on May 5?,,,eth
PM_ALL_POLYMARKET_CONTRACT_PNL,registry/w4b_polymarket_recensus_venue_events_v1.csv.gz,macro,3605,Will weekly jobless claims exceed 720K for the week ending on April 10?,,,unemployment
PM_ALL_POLYMARKET_CONTRACT_PNL,registry/w4b_polymarket_recensus_venue_events_v1.csv.gz,sports,3606,Will the Panthers beat the Steelers by more than 3.5 points in their NFL preseason matchup?,,,nfl
PM_ALL_POLYMARKET_CONTRACT_PNL,registry/w4b_polymarket_recensus_venue_events_v1.csv.gz,politics,3607,"Will Clubhouse officially announce they’ve been acquired before June 1st, 2021?",,,house
PM_ALL_POLYMARKET_CONTRACT_PNL,registry/w4b_polymarket_recensus_venue_events_v1.csv.gz,sports,3610,NBA: Will the 76ers beat the Bulls by more than 2.5 points in their November 3rd matchup?,,,nba
PM_ALL_POLYMARKET_CONTRACT_PNL,registry/w4b_polymarket_recensus_venue_events_v1.csv.gz,sports,3611,"MLB: Who will win Yankees vs. Red Sox, scheduled for April 10 (7:08 PM ET)?",,,mlb
PM_ALL_POLYMARKET_CONTRACT_PNL,registry/w4b_polymarket_recensus_venue_events_v1.csv.gz,macro,3614,Will “The Suicide Squad” gross more than $37.5M domestically on opening weekend?,,,fed
PM_ALL_POLYMARKET_CONTRACT_PNL,registry/w4b_polymarket_recensus_venue_events_v1.csv.gz,politics,3616,Which party will win the U.S. Senate special election in Georgia? (Loeffler - R vs Warnock - D),,,election;senate;party
PM_ALL_POLYMARKET_CONTRACT_PNL,registry/w4b_polymarket_recensus_venue_events_v1.csv.gz,sports,3617,"MLB: Who will win Milwaukee Brewers vs. St. Louis Cardinals, scheduled for May 28, 2:16 PM ET?",,,mlb
PM_ALL_POLYMARKET_CONTRACT_PNL,registry/w4b_polymarket_recensus_venue_events_v1.csv.gz,politics,3618,Will Gay Marriage pass the U.S. Senate?,,,senate
PM_ALL_POLYMARKET_CONTRACT_PNL,registry/w4b_polymarket_recensus_venue_events_v1.csv.gz,sports,3623,NFL: Will the sum of points in Cowboys v. Saints be more than 47.5?,,,nfl
PM_ALL_POLYMARKET_CONTRACT_PNL,registry/w4b_polymarket_recensus_venue_events_v1.csv.gz,crypto,3625,What will the price of $ETH be on June 22?,,,eth
PM_ALL_POLYMARKET_CONTRACT_PNL,registry/w4b_polymarket_recensus_venue_events_v1.csv.gz,crypto,3626,Will the floor price of Bored Apes be under 69 ETH on 4/20/2022?,,,eth
PM_ALL_POLYMARKET_CONTRACT_PNL,registry/w4b_polymarket_recensus_venue_events_v1.csv.gz,sports,3628,NFL: Will the Bills beat the Jets by more than 12.5 points in their November 14th matchup?,,,nfl
PM_ALL_POLYMARKET_CONTRACT_PNL,registry/w4b_polymarket_recensus_venue_events_v1.csv.gz,politics,3630,Will President Biden say “Trump” during his August 20 speech?,,,president
PM_ALL_POLYMARKET_CONTRACT_PNL,registry/w4b_polymarket_recensus_venue_events_v1.csv.gz,sports,3632,NFL: Will the Ravens beat the Dolphins by more than 7.5 points in their November 11th matchup?,,,nfl
PM_ALL_POLYMARKET_CONTRACT_PNL,registry/w4b_polymarket_recensus_venue_events_v1.csv.gz,politics,3638,"Will 1 billion doses of a COVID-19 vaccine have been administered globally by April 26, 2021?",,,minister
PM_ALL_POLYMARKET_CONTRACT_PNL,registry/w4b_polymarket_recensus_venue_events_v1.csv.gz,macro,3640,NBA: Will the Jazz beat the Pacers by more than 9.5 points in their November 11th matchup?,,,fed;nba
PM_ALL_POLYMARKET_CONTRACT_PNL,registry/w4b_polymarket_recensus_venue_events_v1.csv.gz,sports,3642,NFL: Will the Dolphins beat the Saints by more than 2.5 points in their December 27 matchup?,,,nfl
PM_ALL_POLYMARKET_CONTRACT_PNL,registry/w4b_polymarket_recensus_venue_events_v1.csv.gz,sports,3644,NBA: Will the Pacers beat the Mavericks by more than 1.5 points in their December 10 matchup?,,,nba
PM_ALL_POLYMARKET_CONTRACT_PNL,registry/w4b_polymarket_recensus_venue_events_v1.csv.gz,crypto,3646,Will Joe Biden's FiveThirtyEight approval rating be 41.5% or higher on April 30?,,,eth
PM_ALL_POLYMARKET_CONTRACT_PNL,registry/w4b_polymarket_recensus_venue_events_v1.csv.gz,crypto,3650,Will the floor price of Bored Apes be above 100 ETH on July 18?,,,eth
PM_ALL_POLYMARKET_CONTRACT_PNL,registry/w4b_polymarket_recensus_venue_events_v1.csv.gz,sports,3652,"MLB: Who will win Dodgers vs. Cardinals, scheduled for July 13, 7:45 PM ET?",,,mlb
PM_ALL_POLYMARKET_CONTRACT_PNL,registry/w4b_polymarket_recensus_venue_events_v1.csv.gz,macro,3653,"Will the price of a barrel of crude oil be $100 or more on July 22, 2022?",,,oil
PM_ALL_POLYMARKET_CONTRACT_PNL,registry/w4b_polymarket_recensus_venue_events_v1.csv.gz,sports,3657,Who will win UFC 267: Yan vs Sandhagen?,,,ufc
PM_ALL_POLYMARKET_CONTRACT_PNL,registry/w4b_polymarket_recensus_venue_events_v1.csv.gz,fda_biotech,3661,Will Chelsea or Porto advance to the semi-final of the Champions League?,,,fda;champions
PM_ALL_POLYMARKET_CONTRACT_PNL,registry/w4b_polymarket_recensus_venue_events_v1.csv.gz,sports,3662,"MLB: Who will win San Francisco Giants v. Los Angeles Dodgers, scheduled for July 22, 10:10 PM ET?",,,mlb
PM_ALL_POLYMARKET_CONTRACT_PNL,registry/w4b_polymarket_recensus_venue_events_v1.csv.gz,sports,3665,"MLB: Who will win Atlanta Braves v. Philadelphia Phillies, scheduled for July 25, 7:05 PM ET?",,,mlb
PM_ALL_POLYMARKET_CONTRACT_PNL,registry/w4b_polymarket_recensus_venue_events_v1.csv.gz,sports,3670,Will there be another NFL Scorigami in November 2021?,,,nfl
PM_ALL_POLYMARKET_CONTRACT_PNL,registry/w4b_polymarket_recensus_venue_events_v1.csv.gz,politics,3671,Will Boris Johnson remain Prime Minister of the United Kingdom through August?,,,minister
PM_ALL_POLYMARKET_CONTRACT_PNL,registry/w4b_polymarket_recensus_venue_events_v1.csv.gz,crypto,3675,Will the floor price of CryptoPunks be above 100 ETH on October 1?,,,crypto;eth
PM_ALL_POLYMARKET_CONTRACT_PNL,registry/w4b_polymarket_recensus_venue_events_v1.csv.gz,crypto,3677,Which cryptocurrency will have higher market cap on November 4th: $DOGE or $SHIB?,,,crypto
PM_ALL_POLYMARKET_CONTRACT_PNL,registry/w4b_polymarket_recensus_venue_events_v1.csv.gz,crypto,3680,Will CryptoPunks flip Bored Ape Yacht Club (BAYC) by August 1?,,,crypto
PM_ALL_POLYMARKET_CONTRACT_PNL,registry/w4b_polymarket_recensus_venue_events_v1.csv.gz,macro,3681,"Will ‘BlockFi Yield’ become available to US citizens by June 30, 2022?",,,yield
PM_ALL_POLYMARKET_CONTRACT_PNL,registry/w4b_polymarket_recensus_venue_events_v1.csv.gz,sports,3682,Will the Hornets or the Pacers win their NBA play-in tournament matchup?,,,nba
PM_ALL_POLYMARKET_CONTRACT_PNL,registry/w4b_polymarket_recensus_venue_events_v1.csv.gz,sports,3686,NBA: Will the Wizards beat the Cavaliers by more than 3.5 points in their December 3 matchup?,,,nba
PM_ALL_POLYMARKET_CONTRACT_PNL,registry/w4b_polymarket_recensus_venue_events_v1.csv.gz,sports,3687,NBA: Will the Wizards beat the Raptors by more than 3.5 points in their November 3rd matchup?,,,nba
PM_ALL_POLYMARKET_CONTRACT_PNL,registry/w4b_polymarket_recensus_venue_events_v1.csv.gz,crypto,3689,Which cryptocurrency will perform better in December 2021: Bitcoin or Ethereum?,,,bitcoin;ethereum;crypto;eth
PM_ALL_POLYMARKET_CONTRACT_PNL,registry/w4b_polymarket_recensus_venue_events_v1.csv.gz,sports,3690,UEFA Champions League: Which group B team will qualify to the knockout phase?,,,champions
PM_ALL_POLYMARKET_CONTRACT_PNL,registry/w4b_polymarket_recensus_venue_events_v1.csv.gz,sports,3693,NBA: Will the Mavericks beat the Wizards by more than 6.5 points in their November 27th matchup?,,,nba
PM_ALL_POLYMARKET_CONTRACT_PNL,registry/w4b_polymarket_recensus_venue_events_v1.csv.gz,sports,3695,NBA: Will the 76ers beat the Knicks by more than 4.5 points in their November 8th matchup?,,,nba
PM_ALL_POLYMARKET_CONTRACT_PNL,registry/w4b_polymarket_recensus_venue_events_v1.csv.gz,macro,3697,"Will the price of a barrel of crude oil be $105 or more on May 26, 2022?",,,oil
PM_ALL_POLYMARKET_CONTRACT_PNL,registry/w4b_polymarket_recensus_venue_events_v1.csv.gz,sports,3700,UEFA Champions League: Will Manchester Utd or Atletico qualify to the quarterfinals?,,,champions
PM_ALL_POLYMARKET_CONTRACT_PNL,registry/w4b_polymarket_recensus_venue_events_v1.csv.gz,sports,3702,NBA: Will the Spurs beat the Thunder by more than 4.5 points in their November 7th matchup?,,,nba
PM_ALL_POLYMARKET_CONTRACT_PNL,registry/w4b_polymarket_recensus_venue_events_v1.csv.gz,sports,3703,UFC 272: Who will win - Colby Covington or Jorge Masvidal?,,,ufc
PM_ALL_POLYMARKET_CONTRACT_PNL,registry/w4b_polymarket_recensus_venue_events_v1.csv.gz,crypto,3704,Will the floor price of Azuki be 25 ETH or more on April 22?,,,eth
PM_ALL_POLYMARKET_CONTRACT_PNL,registry/w4b_polymarket_recensus_venue_events_v1.csv.gz,sports,3705,NBA: Will the Clippers beat the Trail Blazers by more than 2.5 points in their November 9th matchup?,,,nba
PM_ALL_POLYMARKET_CONTRACT_PNL,registry/w4b_polymarket_recensus_venue_events_v1.csv.gz,politics,3706,"Will an official Presidential inauguration take place in-person outside the US Capitol on January 20th, 2021?",,,president
PM_ALL_POLYMARKET_CONTRACT_PNL,registry/w4b_polymarket_recensus_venue_events_v1.csv.gz,sports,3709,NFL: Will the Chargers beat the Texans by more than 10.5 points in their December 26 matchup?,,,nfl
PM_ALL_POLYMARKET_CONTRACT_PNL,registry/w4b_polymarket_recensus_venue_events_v1.csv.gz,sports,3711,NFL: Will the Broncos beat the Washington by more than 3.5 points in their October 31st matchup?,,,nfl
PM_ALL_POLYMARKET_CONTRACT_PNL,registry/w4b_polymarket_recensus_venue_events_v1.csv.gz,macro,3714,"Will the price of a barrel of crude oil be $100 or more on July 18, 2022?",,,oil
PM_ALL_POLYMARKET_CONTRACT_PNL,registry/w4b_polymarket_recensus_venue_events_v1.csv.gz,crypto,3718,Will the FTX Crypto Cup preliminary game between Magnus Carlsen and Alireza Firouzja end in a draw?,,,crypto
PM_ALL_POLYMARKET_CONTRACT_PNL,registry/w4b_polymarket_recensus_venue_events_v1.csv.gz,politics,3719,"Will an election for the Israeli Knesset occur before August 1, 2022?",,,election
PM_ALL_POLYMARKET_CONTRACT_PNL,registry/w4b_polymarket_recensus_venue_events_v1.csv.gz,fda_biotech,3720,Will the FDA give emergency use authorization or otherwise approve Paxlovid before 2022?,,,fda;pdufa
PM_ALL_POLYMARKET_CONTRACT_PNL,registry/w4b_polymarket_recensus_venue_events_v1.csv.gz,sports,3721,NFL: Will the Chargers beat the Patriots by more than 4.5 points in their October 31st matchup?,,,nfl
PM_ALL_POLYMARKET_CONTRACT_PNL,registry/w4b_polymarket_recensus_venue_events_v1.csv.gz,sports,3726,NBA: Will the Hornets beat the Wizards by more than 2.5 points in their November 17th matchup?,,,nba
PM_ALL_POLYMARKET_CONTRACT_PNL,registry/w4b_polymarket_recensus_venue_events_v1.csv.gz,politics,3728,Will Vice President Harris cast 15 or more tie-breaking votes in 2021?,,,president
PM_ALL_POLYMARKET_CONTRACT_PNL,registry/w4b_polymarket_recensus_venue_events_v1.csv.gz,crypto,3729,Will Bitcoin (BTC) reach its all-time high in 2022?,,,bitcoin;btc
PM_ALL_POLYMARKET_CONTRACT_PNL,registry/w4b_polymarket_recensus_venue_events_v1.csv.gz,crypto,3734,"What will the ETH floor price of Blitmaps be on September 21, 2021?",,,eth
PM_ALL_POLYMARKET_CONTRACT_PNL,registry/w4b_polymarket_recensus_venue_events_v1.csv.gz,crypto,3736,Will Joe Biden's FiveThirtyEight approval rating be 42.0% or higher on May 18?,,,eth
PM_ALL_POLYMARKET_CONTRACT_PNL,registry/w4b_polymarket_recensus_venue_events_v1.csv.gz,sports,3737,Will there be another (1072nd) NFL Scorigami by January 10?,,,nfl
PM_ALL_POLYMARKET_CONTRACT_PNL,registry/w4b_polymarket_recensus_venue_events_v1.csv.gz,sports,3739,NBA: Will the Trail Blazers beat the Grizzlies by more than 1.5 points in their December 15 matchup?,,,nba
PM_ALL_POLYMARKET_CONTRACT_PNL,registry/w4b_polymarket_recensus_venue_events_v1.csv.gz,sports,3744,Will the Clippers or the Mavericks win their Round 1 NBA Playoff Series?,,,nba
PM_ALL_POLYMARKET_CONTRACT_PNL,registry/w4b_polymarket_recensus_venue_events_v1.csv.gz,sports,3745,Who will win Bucks vs. Heat: Game 3,,,nba
PM_ALL_POLYMARKET_CONTRACT_PNL,registry/w4b_polymarket_recensus_venue_events_v1.csv.gz,sports,3746,NBA: Will the Hawks beat the Hornets by more than 6.5 points in their December 5 matchup?,,,nba
PM_ALL_POLYMARKET_CONTRACT_PNL,registry/w4b_polymarket_recensus_venue_events_v1.csv.gz,politics,3749,Will Charles Herbster win the Republican gubernatorial nomination in the 2022 Nebraska election on May 10?,,,election
PM_ALL_POLYMARKET_CONTRACT_PNL,registry/w4b_polymarket_recensus_venue_events_v1.csv.gz,sports,3750,NFL: Will the sum of points in Vikings v. Steelers be an even or an odd number?,,,nfl
PM_ALL_POLYMARKET_CONTRACT_PNL,registry/w4b_polymarket_recensus_venue_events_v1.csv.gz,sports,3751,NBA: Will the Grizzlies beat the Mavericks by more than 4.5 points in their December 8 matchup?,,,nba
PM_ALL_POLYMARKET_CONTRACT_PNL,registry/w4b_polymarket_recensus_venue_events_v1.csv.gz,sports,3752,NBA: Will the Nuggets beat the Thunder by more than 5.5 points in their December 22 matchup?,,,nba
PM_ALL_POLYMARKET_CONTRACT_PNL,registry/w4b_polymarket_recensus_venue_events_v1.csv.gz,sports,3754,NBA: Will the Clippers beat the Timberwolves by more than 6.5 points in their November 13th matchup?,,,nba
PM_ALL_POLYMARKET_CONTRACT_PNL,registry/w4b_polymarket_recensus_venue_events_v1.csv.gz,politics,3755,"Will Gavin Newsom be Governor of California on December 31, 2021?",,,governor
PM_ALL_POLYMARKET_CONTRACT_PNL,registry/w4b_polymarket_recensus_venue_events_v1.csv.gz,crypto,3758,Will Cryptarbitrage win the CryptOG Charity Poker Tournament?,,,crypto
PM_ALL_POLYMARKET_CONTRACT_PNL,registry/w4b_polymarket_recensus_venue_events_v1.csv.gz,crypto,3760,"What will the ETH floor price of Bored Apes be on September 21, 2021?",,,eth
PM_ALL_POLYMARKET_CONTRACT_PNL,registry/w4b_polymarket_recensus_venue_events_v1.csv.gz,macro,3764,Will weekly jobless claims exceed 310K for the week ending on September 11?,,,unemployment
PM_ALL_POLYMARKET_CONTRACT_PNL,registry/w4b_polymarket_recensus_venue_events_v1.csv.gz,sports,3767,Will the Knicks or the Hawks win their Round 1 NBA Playoff Series?,,,nba
PM_ALL_POLYMARKET_CONTRACT_PNL,registry/w4b_polymarket_recensus_venue_events_v1.csv.gz,sports,3768,NBA: Will the Warriors beat the Celtics by more than 3.5 points in their December 17 matchup?,,,nba
PM_ALL_POLYMARKET_CONTRACT_PNL,registry/w4b_polymarket_recensus_venue_events_v1.csv.gz,sports,3769,NBA: Will the sum of points in Pelicans v Clippers be over 214.5?,,,nba
PM_ALL_POLYMARKET_CONTRACT_PNL,registry/w4b_polymarket_recensus_venue_events_v1.csv.gz,macro,3770,Will weekly jobless claims exceed 255k for the week ending on July 23?,,,unemployment
PM_ALL_POLYMARKET_CONTRACT_PNL,registry/w4b_polymarket_recensus_venue_events_v1.csv.gz,macro,3773,Will weekly jobless claims exceed 419K for the week ending on July 24?,,,unemployment
PM_ALL_POLYMARKET_CONTRACT_PNL,registry/w4b_polymarket_recensus_venue_events_v1.csv.gz,macro,3774,"Will a replacement for Jerome Powell as the Fed's chairman be announced by Noon ET, November 29, 2021?",,,fed
PM_ALL_POLYMARKET_CONTRACT_PNL,registry/w4b_polymarket_recensus_venue_events_v1.csv.gz,sports,3775,NBA: Will the Bucks beat the Thunder by more than 12.5 points in their November 19th matchup?,,,nba
PM_ALL_POLYMARKET_CONTRACT_PNL,registry/w4b_polymarket_recensus_venue_events_v1.csv.gz,sports,3777,NBA: Will the Suns beat the Kings by more than 2.5 points in their November 8th matchup?,,,nba
PM_ALL_POLYMARKET_CONTRACT_PNL,registry/w4b_polymarket_recensus_venue_events_v1.csv.gz,sports,3779,NBA: Will the Trail Blazers beat the Nuggets by more than 6.5 points in their November 23rd matchup?,,,nba
PM_ALL_POLYMARKET_CONTRACT_PNL,registry/w4b_polymarket_recensus_venue_events_v1.csv.gz,sports,3784,NBA: Will the Trail Blazers beat the Spurs by more than 3.5 points in their December 2 matchup?,,,nba
PM_ALL_POLYMARKET_CONTRACT_PNL,registry/w4b_polymarket_recensus_venue_events_v1.csv.gz,sports,3792,Will Matthew Stafford have the most passing yards in the 2021 NFL season on November 27th?,,,nfl
PM_ALL_POLYMARKET_CONTRACT_PNL,registry/w4b_polymarket_recensus_venue_events_v1.csv.gz,sports,3793,"NHL: Who will win Lightning vs. Panthers, scheduled for May 23, 7:00 PM ET?",,,nhl
PM_ALL_POLYMARKET_CONTRACT_PNL,registry/w4b_polymarket_recensus_venue_events_v1.csv.gz,sports,3794,NBA: Will the Nets beat the Mavericks by more than 2.5 points in their December 7 matchup?,,,nba
PM_ALL_POLYMARKET_CONTRACT_PNL,registry/w4b_polymarket_recensus_venue_events_v1.csv.gz,sports,3795,Will the first 4 picks in the NFL draft all be quarterbacks?,,,nfl
PM_ALL_POLYMARKET_CONTRACT_PNL,registry/w4b_polymarket_recensus_venue_events_v1.csv.gz,sports,3796,NBA: Will the Mavericks beat the Trail Blazers by more than 1.5 points in their December 27 matchup?,,,nba
PM_ALL_POLYMARKET_CONTRACT_PNL,registry/w4b_polymarket_recensus_venue_events_v1.csv.gz,sports,3797,Who will win the 2020 MLB World Series?,,,mlb
PM_ALL_POLYMARKET_CONTRACT_PNL,registry/w4b_polymarket_recensus_venue_events_v1.csv.gz,crypto,3799,Will Larva Lab’s 104 Cryptopunks sell for $20M or more at Sotheby’s?,,,crypto
PM_ALL_POLYMARKET_CONTRACT_PNL,registry/w4b_polymarket_recensus_venue_events_v1.csv.gz,fda_biotech,3800,Will Ole Gunnar Solskjaer be sacked (or resign) as Manchester United F.C. coach by November 23rd?,,,fda
PM_ALL_POLYMARKET_CONTRACT_PNL,registry/w4b_polymarket_recensus_venue_events_v1.csv.gz,sports,3801,Who will win the 2020 League of Legends World Championship?,,,champions
PM_ALL_POLYMARKET_CONTRACT_PNL,registry/w4b_polymarket_recensus_venue_events_v1.csv.gz,sports,3803,UFC 271: Who will win - Jared Cannonier or Derek Brunson?,,,ufc
PM_ALL_POLYMARKET_CONTRACT_PNL,registry/w4b_polymarket_recensus_venue_events_v1.csv.gz,politics,3804,"Will US student loan payments resume by Election Day, 2022?",,,election
PM_ALL_POLYMARKET_CONTRACT_PNL,registry/w4b_polymarket_recensus_venue_events_v1.csv.gz,sports,3807,NHL: Will the Panthers beat the Senators by more than 1.5 goals in their December 14 matchup?,,,nhl
PM_ALL_POLYMARKET_CONTRACT_PNL,registry/w4b_polymarket_recensus_venue_events_v1.csv.gz,crypto,3808,Will the floor price of Doodles be 17 ETH or more on April 17?,,,eth
PM_ALL_POLYMARKET_CONTRACT_PNL,registry/w4b_polymarket_recensus_venue_events_v1.csv.gz,sports,3809,NFL: Will the Packers beat the Ravens by more than 5.5 points in their December 19 matchup?,,,nfl
PM_ALL_POLYMARKET_CONTRACT_PNL,registry/w4b_polymarket_recensus_venue_events_v1.csv.gz,sports,3812,UFC 269: Who will win - Kai Kara-France or Cody Garbrandt?,,,ufc
PM_ALL_POLYMARKET_CONTRACT_PNL,registry/w4b_polymarket_recensus_venue_events_v1.csv.gz,macro,3814,"Will the price of a barrel of crude oil be $100 or more on March 1, 2022?",,,oil
PM_ALL_POLYMARKET_CONTRACT_PNL,registry/w4b_polymarket_recensus_venue_events_v1.csv.gz,sports,3816,NBA: Who will win the Pacers v. Nuggets game on November 10th?,,,nba
PM_ALL_POLYMARKET_CONTRACT_PNL,registry/w4b_polymarket_recensus_venue_events_v1.csv.gz,crypto,3817,"Will $ETH be above $1,200 on July 1?",,,eth
PM_ALL_POLYMARKET_CONTRACT_PNL,registry/w4b_polymarket_recensus_venue_events_v1.csv.gz,corporate,3823,Will Celsius announce bankruptcy by July 13?,,,bankruptcy
PM_ALL_POLYMARKET_CONTRACT_PNL,registry/w4b_polymarket_recensus_venue_events_v1.csv.gz,crypto,3824,"Will $ETH hit $3,000 or $2,000 first?",,,eth
PM_ALL_POLYMARKET_CONTRACT_PNL,registry/w4b_polymarket_recensus_venue_events_v1.csv.gz,sports,3826,Will the Seahawks beat the Chargers by more than 6 points in their NFL preseason matchup?,,,nfl
PM_ALL_POLYMARKET_CONTRACT_PNL,registry/w4b_polymarket_recensus_venue_events_v1.csv.gz,sports,3827,NBA: Will the 76ers beat the Grizzlies by more than 2.5 points in their December 13 matchup?,,,nba
PM_ALL_POLYMARKET_CONTRACT_PNL,registry/w4b_polymarket_recensus_venue_events_v1.csv.gz,politics,3828,"Will the Senate convict Donald Trump on impeachment by April 29, 2021?",,,senate
PM_ALL_POLYMARKET_CONTRACT_PNL,registry/w4b_polymarket_recensus_venue_events_v1.csv.gz,crypto,3829,Will the floor price of CryptoPunks be below 65 ETH on April 21?,,,crypto;eth
PM_ALL_POLYMARKET_CONTRACT_PNL,registry/w4b_polymarket_recensus_venue_events_v1.csv.gz,politics,3834,"Will Joe Biden be President of the USA on July 31, 2021?",,,president
PM_ALL_POLYMARKET_CONTRACT_PNL,registry/w4b_polymarket_recensus_venue_events_v1.csv.gz,sports,3836,"NHL: Who will win Hurricanes vs. Rangers, scheduled for May 26, 7:00 PM ET?",,,nhl
PM_ALL_POLYMARKET_CONTRACT_PNL,registry/w4b_polymarket_recensus_venue_events_v1.csv.gz,politics,3840,Which party will win Georgia in the 2020 presidential election?,,,election;president;party
PM_ALL_POLYMARKET_CONTRACT_PNL,registry/w4b_polymarket_recensus_venue_events_v1.csv.gz,sports,3841,NHL: Will the Leafs beat the Jets by more than 1.5 points in their December 5 matchup?,,,nhl
PM_ALL_POLYMARKET_CONTRACT_PNL,registry/w4b_polymarket_recensus_venue_events_v1.csv.gz,politics,3842,Which party will win Pennsylvania in the 2020 presidential election?,,,election;president;party
PM_ALL_POLYMARKET_CONTRACT_PNL,registry/w4b_polymarket_recensus_venue_events_v1.csv.gz,sports,3843,NBA: Will the Heat beat the Pistons by more than 9.5 points in their November 23 matchup?,,,nba
PM_ALL_POLYMARKET_CONTRACT_PNL,registry/w4b_polymarket_recensus_venue_events_v1.csv.gz,politics,3846,Which party will win Florida in the 2020 presidential election?,,,election;president;party
PM_ALL_POLYMARKET_CONTRACT_PNL,registry/w4b_polymarket_recensus_venue_events_v1.csv.gz,sports,3849,"2022 NBA Playoffs, Round 2: Who will win Suns vs. Mavericks?",,,nba
PM_ALL_POLYMARKET_CONTRACT_PNL,registry/w4b_polymarket_recensus_venue_events_v1.csv.gz,sports,3850,NBA: Will the Kings beat the 76ers by more than 2.5 points in their November 22 matchup?,,,nba
PM_ALL_POLYMARKET_CONTRACT_PNL,registry/w4b_polymarket_recensus_venue_events_v1.csv.gz,sports,3852,Will Nick Diaz or Robbie Lawler win their UFC fight on September 25th?,,,ufc
PM_ALL_POLYMARKET_CONTRACT_PNL,registry/w4b_polymarket_recensus_venue_events_v1.csv.gz,sports,3855,NHL: Will the Wild beat the Blues by more than 1.5 goals in their January 1 matchup?,,,nhl
PM_ALL_POLYMARKET_CONTRACT_PNL,registry/w4b_polymarket_recensus_venue_events_v1.csv.gz,macro,3860,Will U.S. inflation be more than 0.9% from May to June 2022?,,,inflation;nfl
PM_ALL_POLYMARKET_CONTRACT_PNL,registry/w4b_polymarket_recensus_venue_events_v1.csv.gz,macro,3861,"Will Hunter Biden be federally indicted by July 31, 2022?",,,fed
PM_ALL_POLYMARKET_CONTRACT_PNL,registry/w4b_polymarket_recensus_venue_events_v1.csv.gz,fda_biotech,3864,Will New World be a Top 5 game on Steam two weeks after release?,,,fda
PM_ALL_POLYMARKET_CONTRACT_PNL,registry/w4b_polymarket_recensus_venue_events_v1.csv.gz,macro,3865,"Will the price of a barrel of crude oil be $105 or more on June 30, 2022?",,,oil
PM_ALL_POLYMARKET_CONTRACT_PNL,registry/w4b_polymarket_recensus_venue_events_v1.csv.gz,sports,3867,NBA: Will the Trail Blazers beat the Lakers by more than 4.5 points in their November 6th matchup?,,,nba
PM_ALL_POLYMARKET_CONTRACT_PNL,registry/w4b_polymarket_recensus_venue_events_v1.csv.gz,sports,3868,UEFA Champions League: Who will win the Villareal CF v. Manchester United game on November 23?,,,champions
PM_ALL_POLYMARKET_CONTRACT_PNL,registry/w4b_polymarket_recensus_venue_events_v1.csv.gz,macro,3869,Will the euro be worth less than the U.S. dollar by July 15?,,,dollar
PM_ALL_POLYMARKET_CONTRACT_PNL,registry/w4b_polymarket_recensus_venue_events_v1.csv.gz,sports,3871,NBA: Will the Heat beat the Lakers by more than 4.5 points in their November 10th matchup?,,,nba
PM_ALL_POLYMARKET_CONTRACT_PNL,registry/w4b_polymarket_recensus_venue_events_v1.csv.gz,sports,3872,NBA: Will the Trail Blazers beat the Timberwolves by more than 1.5 points in their December 12 matchup?,,,nba
PM_ALL_POLYMARKET_CONTRACT_PNL,registry/w4b_polymarket_recensus_venue_events_v1.csv.gz,crypto,3873,"Will $ETH fall below $1,000 by July 31?",,,eth
PM_ALL_POLYMARKET_CONTRACT_PNL,registry/w4b_polymarket_recensus_venue_events_v1.csv.gz,sports,3874,"NBA: Will the Warriors beat the Celtics by more than 3.5 points in their June 2, 9:00 PM ET matchup?",,,nba
PM_ALL_POLYMARKET_CONTRACT_PNL,registry/w4b_polymarket_recensus_venue_events_v1.csv.gz,crypto,3877,Will the average Ethereum gas price be below 130 Gwei on March 20?,,,ethereum;eth
PM_ALL_POLYMARKET_CONTRACT_PNL,registry/w4b_polymarket_recensus_venue_events_v1.csv.gz,sports,3879,NBA: Will the Bucks beat the Magic by more than 13.5 points in their December 30 matchup?,,,nba
PM_ALL_POLYMARKET_CONTRACT_PNL,registry/w4b_polymarket_recensus_venue_events_v1.csv.gz,sports,3881,"NBA: Who will win Mavericks vs. Warriors, scheduled for May 22, 9:00 PM ET?",,,nba
PM_ALL_POLYMARKET_CONTRACT_PNL,registry/w4b_polymarket_recensus_venue_events_v1.csv.gz,macro,3883,"Will the price of a barrel of crude oil be $110 or more on July 11, 2022?",,,oil
PM_ALL_POLYMARKET_CONTRACT_PNL,registry/w4b_polymarket_recensus_venue_events_v1.csv.gz,sports,3884,NBA: Will the Raptors beat the Wizards by more than 1.5 points in their December 5 matchup?,,,nba
PM_ALL_POLYMARKET_CONTRACT_PNL,registry/w4b_polymarket_recensus_venue_events_v1.csv.gz,sports,3885,NBA: Will the Nets beat the Magic by more than 9.5 points in their November 10th matchup?,,,nba
PM_ALL_POLYMARKET_CONTRACT_PNL,registry/w4b_polymarket_recensus_venue_events_v1.csv.gz,politics,3886,"Will the Socialist Party win 108 or more seats in the January 30, 2022 Portuguese legislative election?",,,election;party
PM_ALL_POLYMARKET_CONTRACT_PNL,registry/w4b_polymarket_recensus_venue_events_v1.csv.gz,sports,3887,NBA: Will the Nuggets beat the Rockets by more than 10.5 points in their November 6th matchup?,,,nba
PM_ALL_POLYMARKET_CONTRACT_PNL,registry/w4b_polymarket_recensus_venue_events_v1.csv.gz,crypto,3889,"Will $ETH be above $1,600 on July 29?",,,eth
PM_ALL_POLYMARKET_CONTRACT_PNL,registry/w4b_polymarket_recensus_venue_events_v1.csv.gz,politics,3891,Will Alexander Lukashenko remain President of Belarus through 2022?,,,president
PM_ALL_POLYMARKET_CONTRACT_PNL,registry/w4b_polymarket_recensus_venue_events_v1.csv.gz,sports,3893,NBA: Will the Suns beat the Thunder by more than 14.5 points in their December 23 matchup?,,,nba
PM_ALL_POLYMARKET_CONTRACT_PNL,registry/w4b_polymarket_recensus_venue_events_v1.csv.gz,sports,3896,NBA: Will the Nets beat the Rockets by more than 6.5 points in their December 8 matchup?,,,nba
PM_ALL_POLYMARKET_CONTRACT_PNL,registry/w4b_polymarket_recensus_venue_events_v1.csv.gz,sports,3897,NFL: Will the Cardinals beat the Panthers by more than 10.5 points in their November 14th matchup?,,,nfl
PM_ALL_POLYMARKET_CONTRACT_PNL,registry/w4b_polymarket_recensus_venue_events_v1.csv.gz,crypto,3899,Will Anish Giri or Ian Nepomniachtchi win in their FTX Crypto Cup preliminary game?,,,crypto
PM_ALL_POLYMARKET_CONTRACT_PNL,registry/w4b_polymarket_recensus_venue_events_v1.csv.gz,crypto,3902,Will Tesla announce that it has bought Ethereum by July 25?,,,ethereum;eth
PM_ALL_POLYMARKET_CONTRACT_PNL,registry/w4b_polymarket_recensus_venue_events_v1.csv.gz,politics,3904,"Will Kevin Paffrath be Governor of California on December 31, 2021?",,,governor
PM_ALL_POLYMARKET_CONTRACT_PNL,registry/w4b_polymarket_recensus_venue_events_v1.csv.gz,macro,3913,Will inflation be 0.5% or more from September to October 2021?,,,inflation;nfl
PM_ALL_POLYMARKET_CONTRACT_PNL,registry/w4b_polymarket_recensus_venue_events_v1.csv.gz,politics,3916,Will Vladimir Putin remain President of Russia through 2022?,,,president
PM_ALL_POLYMARKET_CONTRACT_PNL,registry/w4b_polymarket_recensus_venue_events_v1.csv.gz,crypto,3920,"Will $ETH be above $3,000 on April 1, 2022?",,,eth
PM_ALL_POLYMARKET_CONTRACT_PNL,registry/w4b_polymarket_recensus_venue_events_v1.csv.gz,sports,3921,Will the Bucks or the Heat win their Game 1 NBA Playoff matchup?,,,nba
PM_ALL_POLYMARKET_CONTRACT_PNL,registry/w4b_polymarket_recensus_venue_events_v1.csv.gz,sports,3924,NFL: Will the Eagles beat the Giants by more than 4.5 points in their November 28th matchup?,,,nfl
PM_ALL_POLYMARKET_CONTRACT_PNL,registry/w4b_polymarket_recensus_venue_events_v1.csv.gz,sports,3925,NBA: Will the Suns beat the Grizzlies by more than 8.5 points in their December 27 matchup?,,,nba
PM_ALL_POLYMARKET_CONTRACT_PNL,registry/w4b_polymarket_recensus_venue_events_v1.csv.gz,macro,3935,"Will the price of a barrel of crude oil be $100 or more on August 1, 2022?",,,oil
PM_ALL_POLYMARKET_CONTRACT_PNL,registry/w4b_polymarket_recensus_venue_events_v1.csv.gz,sports,3936,Who will win Bucks vs. Heat: Game 2?,,,nba
PM_ALL_POLYMARKET_CONTRACT_PNL,registry/w4b_polymarket_recensus_venue_events_v1.csv.gz,sports,3937,NFL: Will the Colts beat the Texans by more than 10.5 points in their December 5 matchup?,,,nfl
PM_ALL_POLYMARKET_CONTRACT_PNL,registry/w4b_polymarket_recensus_venue_events_v1.csv.gz,crypto,3938,"Will the floor price of CryptoPunks be above 85 ETH on December 16, 2021?",,,crypto;eth
PM_ALL_POLYMARKET_CONTRACT_PNL,registry/w4b_polymarket_recensus_venue_events_v1.csv.gz,macro,3939,"NHL: Who will win Avalanche vs. Oilers, scheduled for June 2, 8:00 PM ET?",,,oil;nhl
PM_ALL_POLYMARKET_CONTRACT_PNL,registry/w4b_polymarket_recensus_venue_events_v1.csv.gz,crypto,3941,Will a Crypto Twitter Fish win the CryptOG Charity Poker Tournament?,,,crypto
PM_ALL_POLYMARKET_CONTRACT_PNL,registry/w4b_polymarket_recensus_venue_events_v1.csv.gz,crypto,3942,Will Ethereum reach $5000 by the end of 2021?,,,ethereum;eth
PM_ALL_POLYMARKET_CONTRACT_PNL,registry/w4b_polymarket_recensus_venue_events_v1.csv.gz,sports,3943,NFL: Will the Falcons beat the Lions by more than 5.5 points in their December 26 matchup?,,,nfl
PM_ALL_POLYMARKET_CONTRACT_PNL,registry/w4b_polymarket_recensus_venue_events_v1.csv.gz,macro,3946,How much will “Dune” gross domestically on opening weekend?,,,fed
PM_ALL_POLYMARKET_CONTRACT_PNL,registry/w4b_polymarket_recensus_venue_events_v1.csv.gz,sports,3949,International soccer: Will there be 4 or more goals in Germany v. Liechtenstein game on November 11?,,,soccer
PM_ALL_POLYMARKET_CONTRACT_PNL,registry/w4b_polymarket_recensus_venue_events_v1.csv.gz,sports,3951,NBA: Will the Jazz beat the Warriors by more than 4.5 points in their January 1 matchup?,,,nba
PM_ALL_POLYMARKET_CONTRACT_PNL,registry/w4b_polymarket_recensus_venue_events_v1.csv.gz,sports,3954,NBA: Will the sum of points in Bulls v Knicks be greater than 213.5?,,,nba
PM_ALL_POLYMARKET_CONTRACT_PNL,registry/w4b_polymarket_recensus_venue_events_v1.csv.gz,sports,3955,NBA: Will the Nets beat the Timberwolves by more than 7.5 points in their December 3 matchup?,,,nba
PM_ALL_POLYMARKET_CONTRACT_PNL,registry/w4b_polymarket_recensus_venue_events_v1.csv.gz,sports,3957,NFL: Will the Patriots beat the Titans by more than 7.5 points in their November 28th matchup?,,,nfl
PM_ALL_POLYMARKET_CONTRACT_PNL,registry/w4b_polymarket_recensus_venue_events_v1.csv.gz,sports,3961,"NBA: Will the Warriors beat the Mavericks by more than 6.5 points in their May 20, 9:00 PM ET matchup?",,,nba
PM_ALL_POLYMARKET_CONTRACT_PNL,registry/w4b_polymarket_recensus_venue_events_v1.csv.gz,sports,3965,NBA: Will the Celtics beat the Cavaliers by more than 5.5 points in their December 22 matchup?,,,nba
PM_ALL_POLYMARKET_CONTRACT_PNL,registry/w4b_polymarket_recensus_venue_events_v1.csv.gz,sports,3966,NBA: Will the Clippers beat the Lakers by more than 1.5 points in their December 3 matchup?,,,nba
PM_ALL_POLYMARKET_CONTRACT_PNL,registry/w4b_polymarket_recensus_venue_events_v1.csv.gz,sports,3968,NBA: Will the Bulls beat the Knicks by more than 2.5 points in their December 2 matchup?,,,nba
PM_ALL_POLYMARKET_CONTRACT_PNL,registry/w4b_polymarket_recensus_venue_events_v1.csv.gz,crypto,3969,Will $BTC break $25k before March 1st?,,,btc
PM_ALL_POLYMARKET_CONTRACT_PNL,registry/w4b_polymarket_recensus_venue_events_v1.csv.gz,sports,3970,NBA: Will the Bucks beat the Pacers by more than 1.5 points in their December 15 matchup?,,,nba
PM_ALL_POLYMARKET_CONTRACT_PNL,registry/w4b_polymarket_recensus_venue_events_v1.csv.gz,macro,3973,"NHL: Who will win Avalanche vs. Oilers, scheduled for June 6, 8:00 PM ET?",,,oil;nhl
PM_ALL_POLYMARKET_CONTRACT_PNL,registry/w4b_polymarket_recensus_venue_events_v1.csv.gz,crypto,3977,Will the Ukrainian Government receive more than $25M in Crypto donations by March 10?,,,crypto
PM_ALL_POLYMARKET_CONTRACT_PNL,registry/w4b_polymarket_recensus_venue_events_v1.csv.gz,sports,3978,NBA: Will the Pelicans beat the Pistons by more than 5.5 points in their December 10 matchup?,,,nba
PM_ALL_POLYMARKET_CONTRACT_PNL,registry/w4b_polymarket_recensus_venue_events_v1.csv.gz,crypto,3979,"Will Bitcoin ($BTC) be above $55k on April 1, 2021?",,,bitcoin;btc
PM_ALL_POLYMARKET_CONTRACT_PNL,registry/w4b_polymarket_recensus_venue_events_v1.csv.gz,sports,3984,NFL: Will the 49ers beat the Jaguars by more than 6.5 points in their November 21st matchup?,,,nfl
PM_ALL_POLYMARKET_CONTRACT_PNL,registry/w4b_polymarket_recensus_venue_events_v1.csv.gz,sports,3985,NBA: Will the Wizards beat the Pelicans by more than 2.5 points in their November 15th matchup?,,,nba
PM_ALL_POLYMARKET_CONTRACT_PNL,registry/w4b_polymarket_recensus_venue_events_v1.csv.gz,crypto,3987,Will Joe Biden's FiveThirtyEight approval rating be 37.0% or higher on July 28?,,,eth
PM_ALL_POLYMARKET_CONTRACT_PNL,registry/w4b_polymarket_recensus_venue_events_v1.csv.gz,sports,3991,Who will win the MLB 2021 World Series?,,,mlb
PM_ALL_POLYMARKET_CONTRACT_PNL,registry/w4b_polymarket_recensus_venue_events_v1.csv.gz,macro,3992,Will Logan Paul knock down Floyd Mayweather?,,,fed
PM_ALL_POLYMARKET_CONTRACT_PNL,registry/w4b_polymarket_recensus_venue_events_v1.csv.gz,crypto,3994,"Will there be 750,000 or more total ETH burned before November 4th, 2021?",,,eth
PM_ALL_POLYMARKET_CONTRACT_PNL,registry/w4b_polymarket_recensus_venue_events_v1.csv.gz,crypto,3995,Will the floor price of Mutant Apes be above 25 ETH on February 17?,,,eth
PM_ALL_POLYMARKET_CONTRACT_PNL,registry/w4b_polymarket_recensus_venue_events_v1.csv.gz,sports,3996,NBA: Will the sum of points in Jazz v 76ers be an even or an odd number?,,,nba
PM_ALL_POLYMARKET_CONTRACT_PNL,registry/w4b_polymarket_recensus_venue_events_v1.csv.gz,sports,3997,NBA: Will the Lakers beat the Hornets by more than 2.5 points in their November 8th matchup?,,,nba
PM_ALL_POLYMARKET_CONTRACT_PNL,registry/w4b_polymarket_recensus_venue_events_v1.csv.gz,macro,3998,Will weekly jobless claims exceed 364K for the week ending on July 3?,,,unemployment
PM_ALL_POLYMARKET_CONTRACT_PNL,registry/w4b_polymarket_recensus_venue_events_v1.csv.gz,sports,3999,NBA: Will the Celtics beat the Thunder by more than 10.5 points in their November 20th matchup?,,,nba
PM_ALL_POLYMARKET_CONTRACT_PNL,registry/w4b_polymarket_recensus_venue_events_v1.csv.gz,sports,4000,"NHL 2022 Stanley Cup Finals: Who will win the Avalanche vs. Lightning, Game 4?",,,nhl
PM_ALL_POLYMARKET_CONTRACT_PNL,registry/w4b_polymarket_recensus_venue_events_v1.csv.gz,sports,4001,Who will win Suns vs. Lakers: Game 2?,,,nba
PM_ALL_POLYMARKET_CONTRACT_PNL,registry/w4b_polymarket_recensus_venue_events_v1.csv.gz,politics,4002,"Will Caitlyn Jenner announce she is running for CA Governor by May 31, 2021?",,,governor
PM_ALL_POLYMARKET_CONTRACT_PNL,registry/w4b_polymarket_recensus_venue_events_v1.csv.gz,crypto,4003,Will the price of $BCH (Bitcoin Cash) or $BNB (Binance Coin) be higher on November 25th?,,,bitcoin
PM_ALL_POLYMARKET_CONTRACT_PNL,registry/w4b_polymarket_recensus_venue_events_v1.csv.gz,fda_biotech,4006,NBA: Will the Clippers beat the Kings by more than 1.5 points in their December 4 matchup?,,,fda;nba
PM_ALL_POLYMARKET_CONTRACT_PNL,registry/w4b_polymarket_recensus_venue_events_v1.csv.gz,sports,4007,NBA: Will the Hornets beat the Rockets by more than 6.5 points in their December 27 matchup?,,,nba
PM_ALL_POLYMARKET_CONTRACT_PNL,registry/w4b_polymarket_recensus_venue_events_v1.csv.gz,sports,4009,"NHL: Who will win Lightning vs. Rangers, scheduled for June 1, 8:00 PM ET?",,,nhl
PM_ALL_POLYMARKET_CONTRACT_PNL,registry/w4b_polymarket_recensus_venue_events_v1.csv.gz,sports,4011,NBA: Will the Wizards beat the Knicks by more than 1.5 points in their December 23 matchup?,,,nba
PM_ALL_POLYMARKET_CONTRACT_PNL,registry/w4b_polymarket_recensus_venue_events_v1.csv.gz,macro,4013,Donald Trump federally charged by February 20th?,,,fed
PM_ALL_POLYMARKET_CONTRACT_PNL,registry/w4b_polymarket_recensus_venue_events_v1.csv.gz,sports,4014,"NBA: Who will win Suns vs. Mavericks, scheduled for May 4, 10:00 PM ET?",,,nba
PM_ALL_POLYMARKET_CONTRACT_PNL,registry/w4b_polymarket_recensus_venue_events_v1.csv.gz,sports,4015,"NHL: Will the Jets beat the Kraken by more than 1.5 goals in their May 1, 2:00 PM ET matchup?",,,nhl
PM_ALL_POLYMARKET_CONTRACT_PNL,registry/w4b_polymarket_recensus_venue_events_v1.csv.gz,sports,4016,NHL: Will the Rangers beat the Sabres by more than 1.5 goals in their December 10 matchup?,,,nhl
PM_ALL_POLYMARKET_CONTRACT_PNL,registry/w4b_polymarket_recensus_venue_events_v1.csv.gz,crypto,4017,Will Joe Biden's FiveThirtyEight approval rating be 38.0% or higher on July 21?,,,eth
PM_ALL_POLYMARKET_CONTRACT_PNL,registry/w4b_polymarket_recensus_venue_events_v1.csv.gz,sports,4020,NBA: Will the Lakers beat the Rockets by more than 10.5 points in their November 2nd matchup?,,,nba
PM_ALL_POLYMARKET_CONTRACT_PNL,registry/w4b_polymarket_recensus_venue_events_v1.csv.gz,sports,4022,UFC 271: Who will win - Derrick Lewis or Tai Tuivasa?,,,ufc
PM_ALL_POLYMARKET_CONTRACT_PNL,registry/w4b_polymarket_recensus_venue_events_v1.csv.gz,macro,4023,Will weekly jobless claims exceed 360K for the week ending on July 17?,,,unemployment
PM_ALL_POLYMARKET_CONTRACT_PNL,registry/w4b_polymarket_recensus_venue_events_v1.csv.gz,sports,4024,Who will win Nets vs. Celtics: Game 2?,,,nba
PM_ALL_POLYMARKET_CONTRACT_PNL,registry/w4b_polymarket_recensus_venue_events_v1.csv.gz,crypto,4025,Will @richerd sell Cryptopunk 6046 for 2500 ETH or more by October 22nd?,,,crypto;eth
PM_ALL_POLYMARKET_CONTRACT_PNL,registry/w4b_polymarket_recensus_venue_events_v1.csv.gz,sports,4026,Who will win Nuggets vs. Trail Blazers: Game 2?,,,nba
PM_ALL_POLYMARKET_CONTRACT_PNL,registry/w4b_polymarket_recensus_venue_events_v1.csv.gz,sports,4027,NBA: Will the Suns beat the Warriors by more than 2.5 points in their November 30th matchup?,,,nba
PM_ALL_POLYMARKET_CONTRACT_PNL,registry/w4b_polymarket_recensus_venue_events_v1.csv.gz,sports,4028,NBA: Will the Spurs beat the Hornets by more than 3.5 points in their December 15 matchup?,,,nba
PM_ALL_POLYMARKET_CONTRACT_PNL,registry/w4b_polymarket_recensus_venue_events_v1.csv.gz,sports,4029,NBA: Will the Bucks beat the Celtics by more than 2.5 points in their November 12th matchup?,,,nba
PM_ALL_POLYMARKET_CONTRACT_PNL,registry/w4b_polymarket_recensus_venue_events_v1.csv.gz,sports,4031,NBA: Will the Warriors beat the Timberwolves by more than 7.5 points in their November 10th matchup?,,,nba
PM_ALL_POLYMARKET_CONTRACT_PNL,registry/w4b_polymarket_recensus_venue_events_v1.csv.gz,sports,4033,NBA: Will the Nets beat the Clippers by more than 4.5 points in their December 27 matchup?,,,nba
PM_ALL_POLYMARKET_CONTRACT_PNL,registry/w4b_polymarket_recensus_venue_events_v1.csv.gz,sports,4034,NBA: Will the Nets beat the Cavaliers by more than 10.5 points in their November 17th matchup?,,,nba
PM_ALL_POLYMARKET_CONTRACT_PNL,registry/w4b_polymarket_recensus_venue_events_v1.csv.gz,sports,4035,Will the Nuggets or the Trail Blazers win their Game 1 NBA Playoff matchup?,,,nba
PM_ALL_POLYMARKET_CONTRACT_PNL,registry/w4b_polymarket_recensus_venue_events_v1.csv.gz,sports,4036,Will the Atlanta Hawks make the 2022 NBA playoffs?,,,nba
PM_ALL_POLYMARKET_CONTRACT_PNL,registry/w4b_polymarket_recensus_venue_events_v1.csv.gz,crypto,4038,Will the floor price of CryptoPunks be below 42 ETH on 4/20/22?,,,crypto;eth
PM_ALL_POLYMARKET_CONTRACT_PNL,registry/w4b_polymarket_recensus_venue_events_v1.csv.gz,crypto,4041,Will it be possible to buy a Tesla online in the US using Bitcoin before 2022?,,,bitcoin
PM_ALL_POLYMARKET_CONTRACT_PNL,registry/w4b_polymarket_recensus_venue_events_v1.csv.gz,macro,4042,Will there be a recession in Q2 of 2022?,,,recession
PM_ALL_POLYMARKET_CONTRACT_PNL,registry/w4b_polymarket_recensus_venue_events_v1.csv.gz,sports,4044,UFC Fight Night - Feb 26: Islam Makhachev vs Bobby Green,,,ufc
PM_ALL_POLYMARKET_CONTRACT_PNL,registry/w4b_polymarket_recensus_venue_events_v1.csv.gz,sports,4045,Who will win Knicks vs. Hawks: Game 2?,,,nba
PM_ALL_POLYMARKET_CONTRACT_PNL,registry/w4b_polymarket_recensus_venue_events_v1.csv.gz,macro,4050,Will the U.S. inflation be 0.7% or more from January to February 2022?,,,inflation;nfl
PM_ALL_POLYMARKET_CONTRACT_PNL,registry/w4b_polymarket_recensus_venue_events_v1.csv.gz,fda_biotech,4051,Will there be another (1073rd) NFL Scorigami this season?,,,fda;nfl
PM_ALL_POLYMARKET_CONTRACT_PNL,registry/w4b_polymarket_recensus_venue_events_v1.csv.gz,sports,4055,"NBA: Who will win Warriors vs. Mavericks, scheduled for May 18, 9:00 PM ET?",,,nba
PM_ALL_POLYMARKET_CONTRACT_PNL,registry/w4b_polymarket_recensus_venue_events_v1.csv.gz,sports,4059,NBA: Will the Warriors beat the Pelicans by more than 8.5 points in their November 5th matchup?,,,nba
PM_ALL_POLYMARKET_CONTRACT_PNL,registry/w4b_polymarket_recensus_venue_events_v1.csv.gz,sports,4060,NFL: Will the Rams beat the Texans by more than 15.5 points in their October 31st matchup?,,,nfl
PM_ALL_POLYMARKET_CONTRACT_PNL,registry/w4b_polymarket_recensus_venue_events_v1.csv.gz,corporate,4061,Will 'Fantastic Beasts: The Secrets of Dumbledore' gross $53 million or more on opening weekend in the United States?,,,sec
PM_ALL_POLYMARKET_CONTRACT_PNL,registry/w4b_polymarket_recensus_venue_events_v1.csv.gz,crypto,4062,Will the Netherlands or Austria win their Euro 2020 match?,,,eth
PM_ALL_POLYMARKET_CONTRACT_PNL,registry/w4b_polymarket_recensus_venue_events_v1.csv.gz,macro,4063,Will US GDP growth be more than 4.9% in Q1 2021?,,,gdp
PM_ALL_POLYMARKET_CONTRACT_PNL,registry/w4b_polymarket_recensus_venue_events_v1.csv.gz,sports,4064,NBA: Will the Raptors beat the Grizzlies by more than 4.5 points in their November 30th matchup?,,,nba
PM_ALL_POLYMARKET_CONTRACT_PNL,registry/w4b_polymarket_recensus_venue_events_v1.csv.gz,sports,4065,NBA: Will Kevin Durant score more than 585 points in the NBA 2021/22 Regular Season by November 29th?,,,nba
PM_ALL_POLYMARKET_CONTRACT_PNL,registry/w4b_polymarket_recensus_venue_events_v1.csv.gz,sports,4071,NBA: Will the Jazz beat the Raptors by more than 9.5 points in their November 18th matchup?,,,nba
PM_ALL_POLYMARKET_CONTRACT_PNL,registry/w4b_polymarket_recensus_venue_events_v1.csv.gz,crypto,4072,Will Ian Nepomniachtchi or Wesley So win their Semifinals Series of the FTX Crypto Cup?,,,crypto
PM_ALL_POLYMARKET_CONTRACT_PNL,registry/w4b_polymarket_recensus_venue_events_v1.csv.gz,crypto,4073,Will the average Ethereum gas price be below 165 Gwei on February 16?,,,ethereum;eth
PM_ALL_POLYMARKET_CONTRACT_PNL,registry/w4b_polymarket_recensus_venue_events_v1.csv.gz,crypto,4075,"Will EIP-1559 be implemented live on Ethereum mainnet by 8:45 AM ET on August 5, 2021?",,,ethereum;eth
PM_ALL_POLYMARKET_CONTRACT_PNL,registry/w4b_polymarket_recensus_venue_events_v1.csv.gz,politics,4076,Which party wins 2024 US Presidential Election?,,,election;president;party
PM_ALL_POLYMARKET_CONTRACT_PNL,registry/w4b_polymarket_recensus_venue_events_v1.csv.gz,sports,4077,NFL: Will the 49ers beat the Titans by more than 2.5 points in their December 23 matchup?,,,nfl
PM_ALL_POLYMARKET_CONTRACT_PNL,registry/w4b_polymarket_recensus_venue_events_v1.csv.gz,sports,4079,NBA: Will the Warriors beat the Magic by more than 14.5 points in their December 6 matchup?,,,nba
PM_ALL_POLYMARKET_CONTRACT_PNL,registry/w4b_polymarket_recensus_venue_events_v1.csv.gz,sports,4082,NBA: Will the Kings beat the Hornets by more than 1.5 points in their December 10 matchup?,,,nba
PM_ALL_POLYMARKET_CONTRACT_PNL,registry/w4b_polymarket_recensus_venue_events_v1.csv.gz,sports,4085,Will Chelsea qualify for next season's Champions League?,,,champions
PM_ALL_POLYMARKET_CONTRACT_PNL,registry/w4b_polymarket_recensus_venue_events_v1.csv.gz,sports,4086,UFC 269: Will Amanda Nunes KO/TKO/RTD Julianna Pena?,,,ufc
PM_ALL_POLYMARKET_CONTRACT_PNL,registry/w4b_polymarket_recensus_venue_events_v1.csv.gz,sports,4087,NBA: Will the Grizzlies beat the Hornets by more than 4.5 points in their November 10th matchup?,,,nba
PM_ALL_POLYMARKET_CONTRACT_PNL,registry/w4b_polymarket_recensus_venue_events_v1.csv.gz,politics,4088,Will Newsom get at least 54% support in his recall election?,,,election
PM_ALL_POLYMARKET_CONTRACT_PNL,registry/w4b_polymarket_recensus_venue_events_v1.csv.gz,crypto,4091,Will the floor price of Mutant Apes be below 10 ETH on April 22?,,,eth
PM_ALL_POLYMARKET_CONTRACT_PNL,registry/w4b_polymarket_recensus_venue_events_v1.csv.gz,politics,4092,Will Sarah Palin win Alaska's special election for the U.S. House?,,,election;house
PM_ALL_POLYMARKET_CONTRACT_PNL,registry/w4b_polymarket_recensus_venue_events_v1.csv.gz,sports,4096,NFL: Will the Rams beat the Titans by more than 7.5 points in their November 7th matchup?,,,nfl
PM_ALL_POLYMARKET_CONTRACT_PNL,registry/w4b_polymarket_recensus_venue_events_v1.csv.gz,fda_biotech,4097,Will Donald Trump mention the word “rigged” on his communications platform by May 31?,,,fda
PM_ALL_POLYMARKET_CONTRACT_PNL,registry/w4b_polymarket_recensus_venue_events_v1.csv.gz,crypto,4098,"Will $SOL (Solana) be above $50 on May 24, 2021?",,,solana
PM_ALL_POLYMARKET_CONTRACT_PNL,registry/w4b_polymarket_recensus_venue_events_v1.csv.gz,politics,4103,"Will a second union vote be approved by the NLRB at the Bessemer Amazon Warehouse before October 15, 2021?",,,house;sec
PM_ALL_POLYMARKET_CONTRACT_PNL,registry/w4b_polymarket_recensus_venue_events_v1.csv.gz,corporate,4105,Who will come in second place in the 2021 Democratic Primary for Mayor of New York City?,,,sec
PM_ALL_POLYMARKET_CONTRACT_PNL,registry/w4b_polymarket_recensus_venue_events_v1.csv.gz,sports,4107,NBA: Will the Suns beat the Rockets by more than 10.5 points in their November 4th matchup?,,,nba
PM_ALL_POLYMARKET_CONTRACT_PNL,registry/w4b_polymarket_recensus_venue_events_v1.csv.gz,sports,4109,(In-Game Trading) Who will win Bucks v. Suns: NBA Finals Game 6?,,,nba
PM_ALL_POLYMARKET_CONTRACT_PNL,registry/w4b_polymarket_recensus_venue_events_v1.csv.gz,sports,4117,NBA: Will the Heat beat the Kings by more than 3.5 points in their January 2 matchup?,,,nba
PM_ALL_POLYMARKET_CONTRACT_PNL,registry/w4b_polymarket_recensus_venue_events_v1.csv.gz,sports,4118,NBA: Will the Bucks beat the Cavaliers by more than 6.5 points in their December 6 matchup?,,,nba
PM_ALL_POLYMARKET_CONTRACT_PNL,registry/w4b_polymarket_recensus_venue_events_v1.csv.gz,sports,4119,NBA: Will the sum of points in Celtics v 76ers be greater than 209.5?,,,nba
PM_ALL_POLYMARKET_CONTRACT_PNL,registry/w4b_polymarket_recensus_venue_events_v1.csv.gz,sports,4120,NBA: Will the Bulls beat the 76ers by more than 3.5 points in their November 6th matchup?,,,nba
PM_ALL_POLYMARKET_CONTRACT_PNL,registry/w4b_polymarket_recensus_venue_events_v1.csv.gz,sports,4121,NBA: Will the Thunder beat the Rockets by more than 3.5 points in their November 17th matchup?,,,nba
PM_ALL_POLYMARKET_CONTRACT_PNL,registry/w4b_polymarket_recensus_venue_events_v1.csv.gz,sports,4126,NFL: Will the Titans beat the Steelers by more than 1.5 points in their December 19 matchup?,,,nfl
PM_ALL_POLYMARKET_CONTRACT_PNL,registry/w4b_polymarket_recensus_venue_events_v1.csv.gz,sports,4127,"MLB: Who will win Chicago Cubs v. San Francisco Giants, scheduled for July 28, 9:45 PM ET?",,,mlb
PM_ALL_POLYMARKET_CONTRACT_PNL,registry/w4b_polymarket_recensus_venue_events_v1.csv.gz,sports,4128,Will the Suns or the Lakers win their Game 3 NBA Playoff matchup?,,,nba
PM_ALL_POLYMARKET_CONTRACT_PNL,registry/w4b_polymarket_recensus_venue_events_v1.csv.gz,politics,4131,Will Mario Draghi be elected as President of Italy in the upcoming 2022 Presidential Election?,,,election;president
PM_ALL_POLYMARKET_CONTRACT_PNL,registry/w4b_polymarket_recensus_venue_events_v1.csv.gz,sports,4132,NBA: Will the sum of points in Celtics v. 76ers be an even or an odd number?,,,nba
PM_ALL_POLYMARKET_CONTRACT_PNL,registry/w4b_polymarket_recensus_venue_events_v1.csv.gz,sports,4134,NBA: Will the Jazz beat the 76ers by more than 3.5 points in their December 9 matchup?,,,nba
PM_ALL_POLYMARKET_CONTRACT_PNL,registry/w4b_polymarket_recensus_venue_events_v1.csv.gz,sports,4136,NBA: Who will win the Jazz v. Bucks game on October 31st?,,,nba
PM_ALL_POLYMARKET_CONTRACT_PNL,registry/w4b_polymarket_recensus_venue_events_v1.csv.gz,sports,4138,"MLB: Who will win Cleveland Guardians v. Boston Red Sox, scheduled for July 27, 7:10 PM ET?",,,mlb
PM_ALL_POLYMARKET_CONTRACT_PNL,registry/w4b_polymarket_recensus_venue_events_v1.csv.gz,macro,4145,Will weekly jobless claims exceed 375K for the week ending on August 14?,,,unemployment
PM_ALL_POLYMARKET_CONTRACT_PNL,registry/w4b_polymarket_recensus_venue_events_v1.csv.gz,sports,4146,"2022 NBA Playoffs, Round 2: Who will win Grizzlies vs. Warriors?",,,nba
PM_ALL_POLYMARKET_CONTRACT_PNL,registry/w4b_polymarket_recensus_venue_events_v1.csv.gz,sports,4148,NBA: Will the Clippers beat the Trail Blazers by more than 3.5 points in their December 6 matchup?,,,nba
PM_ALL_POLYMARKET_CONTRACT_PNL,registry/w4b_polymarket_recensus_venue_events_v1.csv.gz,sports,4152,Will Atletico Madrid or Liverpool win their Champions League match on October 19th?,,,champions
PM_ALL_POLYMARKET_CONTRACT_PNL,registry/w4b_polymarket_recensus_venue_events_v1.csv.gz,sports,4153,NBA: Will the Knicks beat the Hawks by more than 1.5 points in their December 25 matchup?,,,nba
PM_ALL_POLYMARKET_CONTRACT_PNL,registry/w4b_polymarket_recensus_venue_events_v1.csv.gz,sports,4155,Who will win UFC 261: Usman vs. Masvidal?,,,ufc
PM_ALL_POLYMARKET_CONTRACT_PNL,registry/w4b_polymarket_recensus_venue_events_v1.csv.gz,sports,4159,NBA: Will the Mavericks beat the Spurs by more than 2.5 points in their November 12th matchup?,,,nba
PM_ALL_POLYMARKET_CONTRACT_PNL,registry/w4b_polymarket_recensus_venue_events_v1.csv.gz,macro,4160,"Will the price of a barrel of crude oil be $105 or more on April 15, 2022?",,,oil
PM_ALL_POLYMARKET_CONTRACT_PNL,registry/w4b_polymarket_recensus_venue_events_v1.csv.gz,sports,4162,UFC 272: Who will win - Rafael dos Anjos or Renato Moicano?,,,ufc
PM_ALL_POLYMARKET_CONTRACT_PNL,registry/w4b_polymarket_recensus_venue_events_v1.csv.gz,politics,4164,Will Macron win round 2 of the 2022 French presidential election with 54% or more of the votes?,,,election;president
PM_ALL_POLYMARKET_CONTRACT_PNL,registry/w4b_polymarket_recensus_venue_events_v1.csv.gz,crypto,4165,"Will $ETH (Ethereum) be above $3,800 on January 12, 12pm ET?",,,ethereum;eth
PM_ALL_POLYMARKET_CONTRACT_PNL,registry/w4b_polymarket_recensus_venue_events_v1.csv.gz,macro,4166,"Will the price of a barrel of crude oil be $110 or more on June 3, 2022?",,,oil
PM_ALL_POLYMARKET_CONTRACT_PNL,registry/w4b_polymarket_recensus_venue_events_v1.csv.gz,sports,4170,NBA: Will the sum of points in Spurs v. Pelicans be an even or an odd number?,,,nba
PM_ALL_POLYMARKET_CONTRACT_PNL,registry/w4b_polymarket_recensus_venue_events_v1.csv.gz,politics,4172,"Will Benjamin Netanyahu remain prime minister of Israel through June 30, 2021?",,,minister
PM_ALL_POLYMARKET_CONTRACT_PNL,registry/w4b_polymarket_recensus_venue_events_v1.csv.gz,sports,4173,NBA: Will the sum of points in Hawks v. Nets be greater than 222.5?,,,nba
PM_ALL_POLYMARKET_CONTRACT_PNL,registry/w4b_polymarket_recensus_venue_events_v1.csv.gz,crypto,4174,Will the floor price of Bored Apes be above 90 ETH on July 25?,,,eth
PM_ALL_POLYMARKET_CONTRACT_PNL,registry/w4b_polymarket_recensus_venue_events_v1.csv.gz,sports,4177,NBA: Will the Hawks beat the Magic by more than 8.5 points in their December 22 matchup?,,,nba
PM_ALL_POLYMARKET_CONTRACT_PNL,registry/w4b_polymarket_recensus_venue_events_v1.csv.gz,crypto,4180,Will the Bongcloud be played during the FTX Crypto Cup?,,,crypto
PM_ALL_POLYMARKET_CONTRACT_PNL,registry/w4b_polymarket_recensus_venue_events_v1.csv.gz,sports,4185,NBA: Will the Heat beat the Trail Blazers by more than 1.5 points in their January 5 matchup?,,,nba
PM_ALL_POLYMARKET_CONTRACT_PNL,registry/w4b_polymarket_recensus_venue_events_v1.csv.gz,crypto,4188,Will $ENS (Ethereum Name Service) be above $50 on November 25?,,,ethereum;eth
PM_ALL_POLYMARKET_CONTRACT_PNL,registry/w4b_polymarket_recensus_venue_events_v1.csv.gz,sports,4190,"NHL: Will the Blackhawks beat the Flyers by more than 1.5 goals in their April 25, 8:00 PM ET matchup?",,,nhl
PM_ALL_POLYMARKET_CONTRACT_PNL,registry/w4b_polymarket_recensus_venue_events_v1.csv.gz,sports,4191,NBA: Will the Hawks beat the Nets by more than 1.5 points in their December 10 matchup?,,,nba
PM_ALL_POLYMARKET_CONTRACT_PNL,registry/w4b_polymarket_recensus_venue_events_v1.csv.gz,sports,4194,Chess: Will Magnus Carlsen win the 2021 FIDE World Rapid Championship?,,,champions
PM_ALL_POLYMARKET_CONTRACT_PNL,registry/w4b_polymarket_recensus_venue_events_v1.csv.gz,sports,4198,NBA: Will the Pacers beat the Rockets by more than 8.5 points in their December 23 matchup?,,,nba
PM_ALL_POLYMARKET_CONTRACT_PNL,registry/w4b_polymarket_recensus_venue_events_v1.csv.gz,sports,4199,Will the Pacers or the Wizards win their NBA play-in tournament matchup?,,,nba
PM_ALL_POLYMARKET_CONTRACT_PNL,registry/w4b_polymarket_recensus_venue_events_v1.csv.gz,sports,4201,NBA: Will the Jazz beat the 76ers by more than 8.5 points in their November 16th matchup?,,,nba
PM_ALL_POLYMARKET_CONTRACT_PNL,registry/w4b_polymarket_recensus_venue_events_v1.csv.gz,crypto,4202,Will Joe Biden's FiveThirtyEight approval rating be 41.8% or higher on March 30?,,,eth
PM_ALL_POLYMARKET_CONTRACT_PNL,registry/w4b_polymarket_recensus_venue_events_v1.csv.gz,sports,4205,NBA: Will the Hawks beat the Celtics by more than 4.5 points in their November 17th matchup?,,,nba
PM_ALL_POLYMARKET_CONTRACT_PNL,registry/w4b_polymarket_recensus_venue_events_v1.csv.gz,sports,4208,NFL: Will the Dolphins beat the Giants by more than 6.5 points in their December 5 matchup?,,,nfl
PM_ALL_POLYMARKET_CONTRACT_PNL,registry/w4b_polymarket_recensus_venue_events_v1.csv.gz,crypto,4209,Will Ethereum reach $5000 by November 17th?,,,ethereum;eth
PM_ALL_POLYMARKET_CONTRACT_PNL,registry/w4b_polymarket_recensus_venue_events_v1.csv.gz,sports,4210,NFL: Will the Bengals beat the Raiders by more than 1.5 points in their November 21st matchup?,,,nfl
PM_ALL_POLYMARKET_CONTRACT_PNL,registry/w4b_polymarket_recensus_venue_events_v1.csv.gz,crypto,4211,How much ETH will be burned one month after EIP-1559 was implemented?,,,eth
PM_ALL_POLYMARKET_CONTRACT_PNL,registry/w4b_polymarket_recensus_venue_events_v1.csv.gz,crypto,4212,Will $SOL (Solana) be above $33 on July 29?,,,solana
PM_ALL_POLYMARKET_CONTRACT_PNL,registry/w4b_polymarket_recensus_venue_events_v1.csv.gz,sports,4217,Will the Suns or the Nuggets win their NBA Conference Semifinals Series?,,,nba
PM_ALL_POLYMARKET_CONTRACT_PNL,registry/w4b_polymarket_recensus_venue_events_v1.csv.gz,sports,4218,NFL: Will the Rams beat the Seahawks by more than 9.5 points in their December 21 matchup?,,,nfl
PM_ALL_POLYMARKET_CONTRACT_PNL,registry/w4b_polymarket_recensus_venue_events_v1.csv.gz,sports,4221,NBA: Will the Kings beat the Mavericks by more than 4.5 points in their October 31st matchup?,,,nba
PM_ALL_POLYMARKET_CONTRACT_PNL,registry/w4b_polymarket_recensus_venue_events_v1.csv.gz,sports,4223,NFL: Will the Rams beat the Jaguars by more than 15.5 points in their December 5 matchup?,,,nfl
PM_ALL_POLYMARKET_CONTRACT_PNL,registry/w4b_polymarket_recensus_venue_events_v1.csv.gz,crypto,4226,Will Joe Biden's FiveThirtyEight approval rating be 42.8% or higher on March 22?,,,eth
PM_ALL_POLYMARKET_CONTRACT_PNL,registry/w4b_polymarket_recensus_venue_events_v1.csv.gz,sports,4227,Will the Ravens beat the Washington FT by more than 3.5 points in their NFL preseason matchup?,,,nfl
PM_ALL_POLYMARKET_CONTRACT_PNL,registry/w4b_polymarket_recensus_venue_events_v1.csv.gz,sports,4228,NBA: Will the Nuggets beat the Clippers by more than 4.5 points in their December 26 matchup?,,,nba
PM_ALL_POLYMARKET_CONTRACT_PNL,registry/w4b_polymarket_recensus_venue_events_v1.csv.gz,macro,4229,"NHL: Who will win Flames vs. Oilers, scheduled for May 20, 10:30 PM ET?",,,oil;nhl
PM_ALL_POLYMARKET_CONTRACT_PNL,registry/w4b_polymarket_recensus_venue_events_v1.csv.gz,sports,4230,NBA: Will the Trail Blazers beat the Pacers by more than 3.5 points in their November 5th matchup?,,,nba
PM_ALL_POLYMARKET_CONTRACT_PNL,registry/w4b_polymarket_recensus_venue_events_v1.csv.gz,sports,4231,Will there be an NFL Scorigami in December 2021?,,,nfl
PM_ALL_POLYMARKET_CONTRACT_PNL,registry/w4b_polymarket_recensus_venue_events_v1.csv.gz,sports,4234,NBA: Will the Celtics beat the Spurs by more than 3.5 points in their November 26th matchup?,,,nba
PM_ALL_POLYMARKET_CONTRACT_PNL,registry/w4b_polymarket_recensus_venue_events_v1.csv.gz,sports,4236,NBA: Will the Timberwolves beat the Kings by more than 2.5 points in their November 17th matchup?,,,nba
PM_ALL_POLYMARKET_CONTRACT_PNL,registry/w4b_polymarket_recensus_venue_events_v1.csv.gz,macro,4239,Will Frog Nation DAO vote to remove Sifu as Wonderland’s treasury manager?,,,treasury
PM_ALL_POLYMARKET_CONTRACT_PNL,registry/w4b_polymarket_recensus_venue_events_v1.csv.gz,sports,4241,Will Liverpool or Real Madrid advance to the semi-final of the Champions League?,,,champions
PM_ALL_POLYMARKET_CONTRACT_PNL,registry/w4b_polymarket_recensus_venue_events_v1.csv.gz,sports,4242,NBA: Will the Jazz beat the Celtics by more than 8.5 points in their December 3 matchup?,,,nba
PM_ALL_POLYMARKET_CONTRACT_PNL,registry/w4b_polymarket_recensus_venue_events_v1.csv.gz,crypto,4244,Will the floor price of Bored Apes be above 100 ETH on Valentine's Day?,,,eth
PM_ALL_POLYMARKET_CONTRACT_PNL,registry/w4b_polymarket_recensus_venue_events_v1.csv.gz,sports,4245,NBA: Will the Bucks beat the 76ers by more than 6.5 points in their November 9th matchup?,,,nba
PM_ALL_POLYMARKET_CONTRACT_PNL,registry/w4b_polymarket_recensus_venue_events_v1.csv.gz,sports,4248,Who will win Bucks v. Suns: NBA Finals Game 3?,,,nba
PM_ALL_POLYMARKET_CONTRACT_PNL,registry/w4b_polymarket_recensus_venue_events_v1.csv.gz,politics,4249,Will President Biden say “Trump” during his October 21st town hall?,,,president
PM_ALL_POLYMARKET_CONTRACT_PNL,registry/w4b_polymarket_recensus_venue_events_v1.csv.gz,sports,4251,UFC Fight Night - Feb 26: Ji Yeon Kim vs Priscila Cachoeira,,,ufc
PM_ALL_POLYMARKET_CONTRACT_PNL,registry/w4b_polymarket_recensus_venue_events_v1.csv.gz,sports,4252,NFL: Will the Seahawks beat the Bears by more than 6.5 points in their December 26 matchup?,,,nfl
PM_ALL_POLYMARKET_CONTRACT_PNL,registry/w4b_polymarket_recensus_venue_events_v1.csv.gz,politics,4253,"Will Donald Trump be President of the USA on May 31, 2021?",,,president
PM_ALL_POLYMARKET_CONTRACT_PNL,registry/w4b_polymarket_recensus_venue_events_v1.csv.gz,sports,4254,Will the Hawks win the 2021 NBA Finals?,,,nba
PM_ALL_POLYMARKET_CONTRACT_PNL,registry/w4b_polymarket_recensus_venue_events_v1.csv.gz,crypto,4255,What will the price of $SOL (Solana) be on June 24?,,,solana
PM_ALL_POLYMARKET_CONTRACT_PNL,registry/w4b_polymarket_recensus_venue_events_v1.csv.gz,sports,4257,NBA: Who will win the Knicks v. Pacers game on November 3rd?,,,nba
PM_ALL_POLYMARKET_CONTRACT_PNL,registry/w4b_polymarket_recensus_venue_events_v1.csv.gz,crypto,4258,Will the average Ethereum gas price be below 150 Gwei on April 5?,,,ethereum;eth
PM_ALL_POLYMARKET_CONTRACT_PNL,registry/w4b_polymarket_recensus_venue_events_v1.csv.gz,sports,4259,NFL: Will the Patriots beat the Bills by more than 2.5 points in their December 26 matchup?,,,nfl
PM_ALL_POLYMARKET_CONTRACT_PNL,registry/w4b_polymarket_recensus_venue_events_v1.csv.gz,fda_biotech,4263,Will a team from North America get out of groups at the 2021 LoL Worlds?,,,fda
PM_ALL_POLYMARKET_CONTRACT_PNL,registry/w4b_polymarket_recensus_venue_events_v1.csv.gz,politics,4265,"Will 400 million doses of a COVID-19 vaccine have been administered globally by March 25, 2021?",,,minister
PM_ALL_POLYMARKET_CONTRACT_PNL,registry/w4b_polymarket_recensus_venue_events_v1.csv.gz,sports,4267,Will Real Madrid or Inter Milan win their Champions League match on September 15?,,,champions
PM_ALL_POLYMARKET_CONTRACT_PNL,registry/w4b_polymarket_recensus_venue_events_v1.csv.gz,macro,4270,"Will a barrel of crude oil close at $100 or more on May 4, 2022?",,,oil
PM_ALL_POLYMARKET_CONTRACT_PNL,registry/w4b_polymarket_recensus_venue_events_v1.csv.gz,sports,4273,NBA: Will the Pistons beat the Thunder by more than 4.5 points in their December 6 matchup?,,,nba
PM_ALL_POLYMARKET_CONTRACT_PNL,registry/w4b_polymarket_recensus_venue_events_v1.csv.gz,sports,4274,NFL: Will the Titans beat the Saints by more than 2.5 points in their November 14th matchup?,,,nfl
PM_ALL_POLYMARKET_CONTRACT_PNL,registry/w4b_polymarket_recensus_venue_events_v1.csv.gz,sports,4275,NBA: Who will win the Grizzlies v. Suns game on November 12th?,,,nba
PM_ALL_POLYMARKET_CONTRACT_PNL,registry/w4b_polymarket_recensus_venue_events_v1.csv.gz,sports,4277,NBA: Will the Suns beat the Timberwolves by more than 3.5 points in their November 15th matchup?,,,nba
PM_ALL_POLYMARKET_CONTRACT_PNL,registry/w4b_polymarket_recensus_venue_events_v1.csv.gz,sports,4278,Will Barcelona or Bayern Munich win their Champions League match on September 14?,,,champions
PM_ALL_POLYMARKET_CONTRACT_PNL,registry/w4b_polymarket_recensus_venue_events_v1.csv.gz,crypto,4283,"What will the ETH floor price of CryptoPunks be on October 1, 2021?",,,crypto;eth
PM_ALL_POLYMARKET_CONTRACT_PNL,registry/w4b_polymarket_recensus_venue_events_v1.csv.gz,sports,4285,NBA: Will the Celtics beat the Magic by more than 6.5 points in their November 3rd matchup?,,,nba
PM_ALL_POLYMARKET_CONTRACT_PNL,registry/w4b_polymarket_recensus_venue_events_v1.csv.gz,sports,4286,NBA: Will the Raptors beat the Thunder by more than 6.5 points in their December 8 matchup?,,,nba
PM_ALL_POLYMARKET_CONTRACT_PNL,registry/w4b_polymarket_recensus_venue_events_v1.csv.gz,sports,4287,NBA: Will the Suns beat the Blazers by more than 1.5 points in their December 14 matchup?,,,nba
PM_ALL_POLYMARKET_CONTRACT_PNL,registry/w4b_polymarket_recensus_venue_events_v1.csv.gz,sports,4288,NBA: Who will win the Kings v. Hornets game on November 5th?,,,nba
PM_ALL_POLYMARKET_CONTRACT_PNL,registry/w4b_polymarket_recensus_venue_events_v1.csv.gz,sports,4289,NBA: Will the Suns beat the Pistons by more than 12.5 points in their December 2 matchup?,,,nba
PM_ALL_POLYMARKET_CONTRACT_PNL,registry/w4b_polymarket_recensus_venue_events_v1.csv.gz,sports,4294,NBA: Will the Hornets beat the Pacers by more than 2.5 points in their November 19th matchup?,,,nba
PM_ALL_POLYMARKET_CONTRACT_PNL,registry/w4b_polymarket_recensus_venue_events_v1.csv.gz,sports,4296,(Live Trading) Who will win UFC 264: McGregor vs. Poirier?,,,ufc
PM_ALL_POLYMARKET_CONTRACT_PNL,registry/w4b_polymarket_recensus_venue_events_v1.csv.gz,sports,4297,Who will win UFC 267: Makhachev vs Hooker?,,,ufc
PM_ALL_POLYMARKET_CONTRACT_PNL,registry/w4b_polymarket_recensus_venue_events_v1.csv.gz,crypto,4298,Will $ETH (Ethereum) be above $2500 on July 22?,,,ethereum;eth
PM_ALL_POLYMARKET_CONTRACT_PNL,registry/w4b_polymarket_recensus_venue_events_v1.csv.gz,crypto,4299,Will Ethereum reach $3000 by Valentine's Day?,,,ethereum;eth
PM_ALL_POLYMARKET_CONTRACT_PNL,registry/w4b_polymarket_recensus_venue_events_v1.csv.gz,sports,4300,NBA: Will the Nuggets beat the Magic by more than 8.5 points in their December 1 matchup?,,,nba
PM_ALL_POLYMARKET_CONTRACT_PNL,registry/w4b_polymarket_recensus_venue_events_v1.csv.gz,sports,4302,"MLB: Who will win New York Yankees vs. Tampa Bay Rays, scheduled for May 26, 6:41 PM ET?",,,mlb
PM_ALL_POLYMARKET_CONTRACT_PNL,registry/w4b_polymarket_recensus_venue_events_v1.csv.gz,crypto,4303,Will the floor price of CryptoPunks be above 75 ETH on November 30?,,,crypto;eth
PM_ALL_POLYMARKET_CONTRACT_PNL,registry/w4b_polymarket_recensus_venue_events_v1.csv.gz,sports,4304,Will Kyrie Irving play any home games during the 2021-2022 NBA regular season?,,,nba
PM_ALL_POLYMARKET_CONTRACT_PNL,registry/w4b_polymarket_recensus_venue_events_v1.csv.gz,sports,4306,NHL: Will the Predators beat the Red Wings by more than 1.5 points in their December 7 matchup?,,,nhl
PM_ALL_POLYMARKET_CONTRACT_PNL,registry/w4b_polymarket_recensus_venue_events_v1.csv.gz,sports,4307,Will the Suns or the Lakers win their Game 1 NBA Playoff matchup?,,,nba
PM_ALL_POLYMARKET_CONTRACT_PNL,registry/w4b_polymarket_recensus_venue_events_v1.csv.gz,crypto,4308,Will the floor price of CryptoPunks be above 100 ETH on November 1?,,,crypto;eth
PM_ALL_POLYMARKET_CONTRACT_PNL,registry/w4b_polymarket_recensus_venue_events_v1.csv.gz,sports,4309,NBA: Will the Lakers beat the Kings by more than 7.5 points in their November 26th matchup?,,,nba
PM_ALL_POLYMARKET_CONTRACT_PNL,registry/w4b_polymarket_recensus_venue_events_v1.csv.gz,sports,4310,NBA: Will the Heat beat the Bulls by more than 1.5 points in their November 27th matchup?,,,nba
PM_ALL_POLYMARKET_CONTRACT_PNL,registry/w4b_polymarket_recensus_venue_events_v1.csv.gz,macro,4313,What will US GDP growth be in Q1 2021?,,,gdp
PM_ALL_POLYMARKET_CONTRACT_PNL,registry/w4b_polymarket_recensus_venue_events_v1.csv.gz,crypto,4315,Will Magnus Carlsen or Fabiano Caruana win in their FTX Crypto Cup preliminary game?,,,crypto
PM_ALL_POLYMARKET_CONTRACT_PNL,registry/w4b_polymarket_recensus_venue_events_v1.csv.gz,sports,4316,NBA: Will the Wizards beat the Magic by more than 3.5 points in their November 13th matchup?,,,nba
PM_ALL_POLYMARKET_CONTRACT_PNL,registry/w4b_polymarket_recensus_venue_events_v1.csv.gz,sports,4320,NFL: Will the Buccaneers beat the Bills by more than 3.5 points in their December 12 matchup?,,,nfl
PM_ALL_POLYMARKET_CONTRACT_PNL,registry/w4b_polymarket_recensus_venue_events_v1.csv.gz,politics,4321,"Will the US Senate pass H.R. 3684 INVEST in America Act by August 10, 2021?",,,senate
PM_ALL_POLYMARKET_CONTRACT_PNL,registry/w4b_polymarket_recensus_venue_events_v1.csv.gz,crypto,4328,Will the price of $SOL (Solana) or $LTC (Litecoin) be higher on November 23rd?,,,solana
PM_ALL_POLYMARKET_CONTRACT_PNL,registry/w4b_polymarket_recensus_venue_events_v1.csv.gz,sports,4329,UFC 273: Who will win - Alexander Volkanovski or Chan Sung Jung (Korean Zombie)?,,,ufc
PM_ALL_POLYMARKET_CONTRACT_PNL,registry/w4b_polymarket_recensus_venue_events_v1.csv.gz,sports,4330,NFL: Will the Packers beat the Vikings by more than 13.5 points in their January 2 matchup?,,,nfl
PM_ALL_POLYMARKET_CONTRACT_PNL,registry/w4b_polymarket_recensus_venue_events_v1.csv.gz,sports,4331,NFL: Will the Rams beat the 49ers by more than 3.5 points in their November 15th matchup?,,,nfl
PM_ALL_POLYMARKET_CONTRACT_PNL,registry/w4b_polymarket_recensus_venue_events_v1.csv.gz,fda_biotech,4334,"Will Johnson and Johnson's COVID-19 vaccine receive FDA approval or Emergency Use Authorization (EUA) by March 15, 2021?",,,fda;pdufa
PM_ALL_POLYMARKET_CONTRACT_PNL,registry/w4b_polymarket_recensus_venue_events_v1.csv.gz,sports,4339,NFL: Will the Chiefs beat the Raiders by more than 2.5 points in their November 14th matchup?,,,nfl
PM_ALL_POLYMARKET_CONTRACT_PNL,registry/w4b_polymarket_recensus_venue_events_v1.csv.gz,macro,4340,"What will the price of $DOT be on November 1, 2021?",,,fed
PM_ALL_POLYMARKET_CONTRACT_PNL,registry/w4b_polymarket_recensus_venue_events_v1.csv.gz,politics,4341,Will the U.S. Senate pass a Reconciliation Bill by August 15?,,,senate
PM_ALL_POLYMARKET_CONTRACT_PNL,registry/w4b_polymarket_recensus_venue_events_v1.csv.gz,fda_biotech,4342,NBA: Will the Hawks beat the Hornets by more than 6.5 points in their November 20th matchup?,,,fda;nba
PM_ALL_POLYMARKET_CONTRACT_PNL,registry/w4b_polymarket_recensus_venue_events_v1.csv.gz,sports,4343,"NBA: Will the Celtics beat the Heat by more than 8.5 points in their May 27, 8:30 PM ET matchup?",,,nba
PM_ALL_POLYMARKET_CONTRACT_PNL,registry/w4b_polymarket_recensus_venue_events_v1.csv.gz,sports,4344,NBA: Who will win the Jazz v. Hawks game on November 4th?,,,nba
PM_ALL_POLYMARKET_CONTRACT_PNL,registry/w4b_polymarket_recensus_venue_events_v1.csv.gz,politics,4346,"Will Partyround launch on the iOS App Store before September 1st, 2021?",,,party
PM_ALL_POLYMARKET_CONTRACT_PNL,registry/w4b_polymarket_recensus_venue_events_v1.csv.gz,crypto,4348,"Will $ETH be above $1,200 on July 22?",,,eth
PM_ALL_POLYMARKET_CONTRACT_PNL,registry/w4b_polymarket_recensus_venue_events_v1.csv.gz,sports,4349,NBA: Will the sum of points in Hawks v 76ers be greater than 213.5?,,,nba
PM_ALL_POLYMARKET_CONTRACT_PNL,registry/w4b_polymarket_recensus_venue_events_v1.csv.gz,politics,4350,"Will Donald Trump file to run for president before June 1, 2021?",,,president
PM_ALL_POLYMARKET_CONTRACT_PNL,registry/w4b_polymarket_recensus_venue_events_v1.csv.gz,sports,4351,NBA: Will the Grizzlies beat the Thunder by more than 8.5 points in their December 2 matchup?,,,nba
PM_ALL_POLYMARKET_CONTRACT_PNL,registry/w4b_polymarket_recensus_venue_events_v1.csv.gz,politics,4353,"Will Joe Biden be President of the USA on September 30, 2021?",,,president
PM_ALL_POLYMARKET_CONTRACT_PNL,registry/w4b_polymarket_recensus_venue_events_v1.csv.gz,sports,4355,Will the Dolphins or the Bills win their NFL week 2 matchup?,,,nfl
PM_ALL_POLYMARKET_CONTRACT_PNL,registry/w4b_polymarket_recensus_venue_events_v1.csv.gz,sports,4359,NBA: Will the Cavaliers beat the Heat by more than 5.5 points in their December 13 matchup?,,,nba
PM_ALL_POLYMARKET_CONTRACT_PNL,registry/w4b_polymarket_recensus_venue_events_v1.csv.gz,crypto,4363,Will total sales exceed $20M for the Cryptopunks auction at Christie’s?,,,crypto
PM_ALL_POLYMARKET_CONTRACT_PNL,registry/w4b_polymarket_recensus_venue_events_v1.csv.gz,sports,4364,Will Derek Carr have the most passing yards in the 2021 NFL season on December 25?,,,nfl
PM_ALL_POLYMARKET_CONTRACT_PNL,registry/w4b_polymarket_recensus_venue_events_v1.csv.gz,politics,4365,Will Arizona announce the incorrect winner was declared for the 2020 US Presidential Election in Maricopa County by July 20?,,,election;president
PM_ALL_POLYMARKET_CONTRACT_PNL,registry/w4b_polymarket_recensus_venue_events_v1.csv.gz,politics,4366,2022 Hungarian elections: Will Fidesz win at least 113 parliamentary seats?,,,election
PM_ALL_POLYMARKET_CONTRACT_PNL,registry/w4b_polymarket_recensus_venue_events_v1.csv.gz,politics,4369,Will Terry McAuliffe win the general election for Governor of Virginia in 2021?,,,election;governor
PM_ALL_POLYMARKET_CONTRACT_PNL,registry/w4b_polymarket_recensus_venue_events_v1.csv.gz,sports,4370,NFL: Will the Vikings beat the Steelers by more than 3.5 points in their December 9 matchup?,,,nfl
PM_ALL_POLYMARKET_CONTRACT_PNL,registry/w4b_polymarket_recensus_venue_events_v1.csv.gz,sports,4372,NBA: Will the sum of points in Lakers v Celtics be greater than 216.5?,,,nba
PM_ALL_POLYMARKET_CONTRACT_PNL,registry/w4b_polymarket_recensus_venue_events_v1.csv.gz,sports,4376,NFL: Will the Bengals beat the Jets by more than 10.5 points in their October 31st matchup?,,,nfl
PM_ALL_POLYMARKET_CONTRACT_PNL,registry/w4b_polymarket_recensus_venue_events_v1.csv.gz,crypto,4377,"Will the price of Bitcoin (BTC) be above $42,000 on 4/20?",,,bitcoin;btc
PM_ALL_POLYMARKET_CONTRACT_PNL,registry/w4b_polymarket_recensus_venue_events_v1.csv.gz,sports,4378,Who will win UFC 263: Paul Craig vs. Jamahal Hill,,,ufc
PM_ALL_POLYMARKET_CONTRACT_PNL,registry/w4b_polymarket_recensus_venue_events_v1.csv.gz,sports,4380,NBA: Will the sum of points in Rockets v. Thunder be an even or an odd number?,,,nba
PM_ALL_POLYMARKET_CONTRACT_PNL,registry/w4b_polymarket_recensus_venue_events_v1.csv.gz,crypto,4381,Will $ETH flip $BTC in market cap in 2022?,,,btc;eth
PM_ALL_POLYMARKET_CONTRACT_PNL,registry/w4b_polymarket_recensus_venue_events_v1.csv.gz,sports,4382,NFL: Will the sum of points in Chargers v Broncos be an even or an odd number?,,,nfl
PM_ALL_POLYMARKET_CONTRACT_PNL,registry/w4b_polymarket_recensus_venue_events_v1.csv.gz,sports,4383,NBA: Will the sum of points in Hawks v. Nets be an even or an odd number?,,,nba
PM_ALL_POLYMARKET_CONTRACT_PNL,registry/w4b_polymarket_recensus_venue_events_v1.csv.gz,sports,4384,NFL: Will the Chargers beat the Steelers by more than 8.5 points in their November 21 matchup?,,,nfl
PM_ALL_POLYMARKET_CONTRACT_PNL,registry/w4b_polymarket_recensus_venue_events_v1.csv.gz,macro,4385,Will Lewis Hamilton finish ahead of Max Verstappen in the French Grand Prix?,,,fed
PM_ALL_POLYMARKET_CONTRACT_PNL,registry/w4b_polymarket_recensus_venue_events_v1.csv.gz,sports,4387,NBA: Will the Jazz beat the Mavericks by more than 4.5 points in their December 25 matchup?,,,nba
PM_ALL_POLYMARKET_CONTRACT_PNL,registry/w4b_polymarket_recensus_venue_events_v1.csv.gz,crypto,4391,"Will $ETH be above $2,700 on May 14, 2022?",,,eth
PM_ALL_POLYMARKET_CONTRACT_PNL,registry/w4b_polymarket_recensus_venue_events_v1.csv.gz,sports,4392,NBA: Will the Grizzlies beat the Rockets by more than 10.5 points in their November 15th matchup?,,,nba
PM_ALL_POLYMARKET_CONTRACT_PNL,registry/w4b_polymarket_recensus_venue_events_v1.csv.gz,sports,4394,NFL: Will the Browns beat the Lions by more than 9.5 points in their November 21st matchup?,,,nfl
PM_ALL_POLYMARKET_CONTRACT_PNL,registry/w4b_polymarket_recensus_venue_events_v1.csv.gz,sports,4395,NBA: Who will win the Wizards v. Grizzlies game on November 5th?,,,nba
PM_ALL_POLYMARKET_CONTRACT_PNL,registry/w4b_polymarket_recensus_venue_events_v1.csv.gz,crypto,4396,Will the Netherlands or the Czech Republic qualify for the Euro 2020 Quarterfinals?,,,eth
PM_ALL_POLYMARKET_CONTRACT_PNL,registry/w4b_polymarket_recensus_venue_events_v1.csv.gz,sports,4397,NFL: Will the Rams beat the Vikings by more than 3.5 points in their December 26 matchup?,,,nfl
PM_ALL_POLYMARKET_CONTRACT_PNL,registry/w4b_polymarket_recensus_venue_events_v1.csv.gz,sports,4398,NBA: Will the Grizzlies beat the Pelicans by more than 2.5 points in their November 13th matchup?,,,nba
PM_ALL_POLYMARKET_CONTRACT_PNL,registry/w4b_polymarket_recensus_venue_events_v1.csv.gz,sports,4399,Will Dortmund or Man City advance to the semi-final of the Champions League?,,,champions
PM_ALL_POLYMARKET_CONTRACT_PNL,registry/w4b_polymarket_recensus_venue_events_v1.csv.gz,sports,4400,NFL: Will the Raiders beat the Browns by more than 1.5 points in their December 20 matchup?,,,nfl
PM_ALL_POLYMARKET_CONTRACT_PNL,registry/w4b_polymarket_recensus_venue_events_v1.csv.gz,macro,4401,Will inflation be 0.8% or more from October to November 2021?,,,inflation;nfl
PM_ALL_POLYMARKET_CONTRACT_PNL,registry/w4b_polymarket_recensus_venue_events_v1.csv.gz,crypto,4402,Will the floor price of Doodles be 15 ETH or more on April 24?,,,eth
PM_ALL_POLYMARKET_CONTRACT_PNL,registry/w4b_polymarket_recensus_venue_events_v1.csv.gz,crypto,4403,"Will the average Ethereum gas price be below 150 Gwei on May 4, 2021?",,,ethereum;eth
PM_ALL_POLYMARKET_CONTRACT_PNL,registry/w4b_polymarket_recensus_venue_events_v1.csv.gz,sports,4405,"MLB: Who will win New York Yankees v. New York Mets, scheduled for July 26, 7:10 PM ET?",,,mlb
PM_ALL_POLYMARKET_CONTRACT_PNL,registry/w4b_polymarket_recensus_venue_events_v1.csv.gz,crypto,4409,Which cryptocurrency will have a higher market cap on March 15: Terra ($LUNA) or Solana ($SOL)?,,,solana;crypto
PM_ALL_POLYMARKET_CONTRACT_PNL,registry/w4b_polymarket_recensus_venue_events_v1.csv.gz,sports,4410,"Will $DOGE be available to trade on Coinbase by July 1, 2021?",,,nba
PM_ALL_POLYMARKET_CONTRACT_PNL,registry/w4b_polymarket_recensus_venue_events_v1.csv.gz,sports,4411,NBA: Will the Raptors beat the Knicks by more than 7.5 points in their January 2 matchup?,,,nba
PM_ALL_POLYMARKET_CONTRACT_PNL,registry/w4b_polymarket_recensus_venue_events_v1.csv.gz,crypto,4412,Which cryptocurrency will have higher market cap on November 9th: Cardano ($ADA) or Solana ($SOL)?,,,solana;crypto
PM_ALL_POLYMARKET_CONTRACT_PNL,registry/w4b_polymarket_recensus_venue_events_v1.csv.gz,sports,4413,NBA: Will the Clippers beat the Kings by more than 7.5 points in their December 1 matchup?,,,nba
PM_ALL_POLYMARKET_CONTRACT_PNL,registry/w4b_polymarket_recensus_venue_events_v1.csv.gz,sports,4416,NBA: Will the Lakers beat the Spurs by more than 1.5 points in their December 23 matchup?,,,nba
PM_ALL_POLYMARKET_CONTRACT_PNL,registry/w4b_polymarket_recensus_venue_events_v1.csv.gz,sports,4418,"MLB: Who will win Mets vs. Nationals, scheduled for April 8 (7:05 PM ET)?",,,mlb
PM_ALL_POLYMARKET_CONTRACT_PNL,registry/w4b_polymarket_recensus_venue_events_v1.csv.gz,fda_biotech,4419,Will it snow in New York's Central Park on New Year's Eve (Dec 31)?,,,fda
PM_ALL_POLYMARKET_CONTRACT_PNL,registry/w4b_polymarket_recensus_venue_events_v1.csv.gz,sports,4425,NBA: Will the Timberwolves beat the Mavericks by more than 1.5 points in their December 21 matchup?,,,nba
PM_ALL_POLYMARKET_CONTRACT_PNL,registry/w4b_polymarket_recensus_venue_events_v1.csv.gz,crypto,4427,Will Alan Pichot get 3 or more points in the preliminaries of the FTX Crypto Cup?,,,crypto
PM_ALL_POLYMARKET_CONTRACT_PNL,registry/w4b_polymarket_recensus_venue_events_v1.csv.gz,sports,4428,NBA: Will the Nets beat the Pistons by more than 9.5 points in their November 5th matchup?,,,nba
PM_ALL_POLYMARKET_CONTRACT_PNL,registry/w4b_polymarket_recensus_venue_events_v1.csv.gz,macro,4429,NHL: Will the Senators beat the Coyotes by more than 1.5 goals in their March 14 matchup (7.30 PM ET)?,,,fed;nhl
PM_ALL_POLYMARKET_CONTRACT_PNL,registry/w4b_polymarket_recensus_venue_events_v1.csv.gz,sports,4431,NBA: Will the Raptors beat the Cavaliers by more than 5.5 points in their November 5th matchup?,,,nba
PM_ALL_POLYMARKET_CONTRACT_PNL,registry/w4b_polymarket_recensus_venue_events_v1.csv.gz,sports,4432,NBA: Will the Nets beat the Bulls by more than 2.5 points in their December 4 matchup?,,,nba
PM_ALL_POLYMARKET_CONTRACT_PNL,registry/w4b_polymarket_recensus_venue_events_v1.csv.gz,sports,4435,Will the 76ers or the Wizards win their Game 2 NBA Playoff matchup?,,,nba
PM_ALL_POLYMARKET_CONTRACT_PNL,registry/w4b_polymarket_recensus_venue_events_v1.csv.gz,sports,4437,NFL: Will the Falcons beat the Jaguars by more than 2.5 points in their November 28th matchup?,,,nfl
PM_ALL_POLYMARKET_CONTRACT_PNL,registry/w4b_polymarket_recensus_venue_events_v1.csv.gz,sports,4440,NBA: Will the Jazz beat the Heat by more than 7.5 points in their November 13th matchup?,,,nba
PM_ALL_POLYMARKET_CONTRACT_PNL,registry/w4b_polymarket_recensus_venue_events_v1.csv.gz,sports,4441,"NHL: Who will win Avalanche vs. Blues, scheduled for May 27, 8:00 PM ET?",,,nhl
PM_ALL_POLYMARKET_CONTRACT_PNL,registry/w4b_polymarket_recensus_venue_events_v1.csv.gz,sports,4445,NBA: Will the Lakers beat the Celtics by more than 2.5 points in their December 7 matchup?,,,nba
PM_ALL_POLYMARKET_CONTRACT_PNL,registry/w4b_polymarket_recensus_venue_events_v1.csv.gz,sports,4447,NBA: Will the Mavericks beat the Nuggets by more than 4.5 points in their November 15th matchup?,,,nba
PM_ALL_POLYMARKET_CONTRACT_PNL,registry/w4b_polymarket_recensus_venue_events_v1.csv.gz,macro,4448,"Will the price of a barrel of crude oil be $100 or more on April 25, 2022?",,,oil
PM_ALL_POLYMARKET_CONTRACT_PNL,registry/w4b_polymarket_recensus_venue_events_v1.csv.gz,sports,4450,"MLB: Who will win Boston Red Sox vs. Seattle Mariners, scheduled for May 19, 7:10 PM ET?",,,mlb
PM_ALL_POLYMARKET_CONTRACT_PNL,registry/w4b_polymarket_recensus_venue_events_v1.csv.gz,sports,4454,NBA: Will the 76ers beat the Wizards by more than 3.5 points in their December 26 matchup?,,,nba
PM_ALL_POLYMARKET_CONTRACT_PNL,registry/w4b_polymarket_recensus_venue_events_v1.csv.gz,politics,4455,(Early Resolved) Will President Biden declare a new National Emergency before September?,,,president
PM_ALL_POLYMARKET_CONTRACT_PNL,registry/w4b_polymarket_recensus_venue_events_v1.csv.gz,crypto,4456,Will Daniil Dubov or Hikaru Nakamura win in their FTX Crypto Cup preliminary game?,,,crypto
PM_ALL_POLYMARKET_CONTRACT_PNL,registry/w4b_polymarket_recensus_venue_events_v1.csv.gz,sports,4458,NFL: Will the 49ers beat the Bengals by more than 6.5 points in their December 12 matchup?,,,nfl
PM_ALL_POLYMARKET_CONTRACT_PNL,registry/w4b_polymarket_recensus_venue_events_v1.csv.gz,sports,4459,Will the Charlotte Hornets make the 2022 NBA playoffs?,,,nba
PM_ALL_POLYMARKET_CONTRACT_PNL,registry/w4b_polymarket_recensus_venue_events_v1.csv.gz,sports,4461,NBA: Will the Bulls beat the Rockets by more than 8.5 points in their 24th November matchup?,,,nba
PM_ALL_POLYMARKET_CONTRACT_PNL,registry/w4b_polymarket_recensus_venue_events_v1.csv.gz,macro,4465,"Will the price of a barrel of crude oil reach $150 by March 25, 2022?",,,oil
PM_ALL_POLYMARKET_CONTRACT_PNL,registry/w4b_polymarket_recensus_venue_events_v1.csv.gz,sports,4466,NFL: Will the Buccaneers beat the Washington by more than 8.5 points in their November 14th matchup?,,,nfl
PM_ALL_POLYMARKET_CONTRACT_PNL,registry/w4b_polymarket_recensus_venue_events_v1.csv.gz,crypto,4467,Will Magnus Carlsen win the FTX Crypto Cup?,,,crypto
PM_ALL_POLYMARKET_CONTRACT_PNL,registry/w4b_polymarket_recensus_venue_events_v1.csv.gz,crypto,4468,Will 1 or more games of the FTX Crypto Cup Finals between Magnus Carlsen and Wesley So begin with a knight move?,,,crypto
PM_ALL_POLYMARKET_CONTRACT_PNL,registry/w4b_polymarket_recensus_venue_events_v1.csv.gz,sports,4469,NBA: Will the 76ers beat the Pistons by more than 6.5 points in their November 4th matchup?,,,nba
PM_ALL_POLYMARKET_CONTRACT_PNL,registry/w4b_polymarket_recensus_venue_events_v1.csv.gz,crypto,4472,"Will $ETH be above $2,000 on May 27?",,,eth
PM_ALL_POLYMARKET_CONTRACT_PNL,registry/w4b_polymarket_recensus_venue_events_v1.csv.gz,sports,4473,Who will win the 2021 World Chess Championship?,,,champions
PM_ALL_POLYMARKET_CONTRACT_PNL,registry/w4b_polymarket_recensus_venue_events_v1.csv.gz,crypto,4475,Will Hikaru Nakamura or Magnus Carlsen win their Quarterfinals Series of the FTX Crypto Cup?,,,crypto
PM_ALL_POLYMARKET_CONTRACT_PNL,registry/w4b_polymarket_recensus_venue_events_v1.csv.gz,politics,4478,"Will President Biden say “Trump” or ""predecessor"" during his September 9 speech + Q&A?",,,president
PM_ALL_POLYMARKET_CONTRACT_PNL,registry/w4b_polymarket_recensus_venue_events_v1.csv.gz,sports,4480,UFC Fight Night - Feb 26: Misha Cirkunov vs Wellington Turman,,,ufc
PM_ALL_POLYMARKET_CONTRACT_PNL,registry/w4b_polymarket_recensus_venue_events_v1.csv.gz,sports,4481,Who will win UFC 268: Namajunas vs Zhang?,,,ufc
PM_ALL_POLYMARKET_CONTRACT_PNL,registry/w4b_polymarket_recensus_venue_events_v1.csv.gz,sports,4482,NFL: Will the Bengals beat the Ravens by more than 2.5 points in their December 26 matchup?,,,nfl
PM_ALL_POLYMARKET_CONTRACT_PNL,registry/w4b_polymarket_recensus_venue_events_v1.csv.gz,crypto,4483,"Will $ETH be above $3,250 on April 13th, 2022?",,,eth
PM_ALL_POLYMARKET_CONTRACT_PNL,registry/w4b_polymarket_recensus_venue_events_v1.csv.gz,politics,4488,Which party will win Texas in the 2020 presidential election?,,,election;president;party
PM_ALL_POLYMARKET_CONTRACT_PNL,registry/w4b_polymarket_recensus_venue_events_v1.csv.gz,sports,4489,NHL: Will the Devils beat the Sabres by more than 1.5 goals in their December 29 matchup?,,,nhl
PM_ALL_POLYMARKET_CONTRACT_PNL,registry/w4b_polymarket_recensus_venue_events_v1.csv.gz,macro,4491,"Will Nancy Pelosi, Hillary Clinton, Bill Clinton, or Hunter Biden be charged with a federal crime by October 1?",,,fed
PM_ALL_POLYMARKET_CONTRACT_PNL,registry/w4b_polymarket_recensus_venue_events_v1.csv.gz,sports,4493,NFL: Will the sum of points in Chargers v Broncos be more than 47.5?,,,nfl
PM_ALL_POLYMARKET_CONTRACT_PNL,registry/w4b_polymarket_recensus_venue_events_v1.csv.gz,sports,4496,NFL: Will the Dolphins beat the Jets by more than 9.5 points in their December 19 matchup?,,,nfl
PM_ALL_POLYMARKET_CONTRACT_PNL,registry/w4b_polymarket_recensus_venue_events_v1.csv.gz,sports,4498,NBA: Will the Clippers beat the Pelicans by more than 8.5 points in their November 29th matchup?,,,nba
PM_ALL_POLYMARKET_CONTRACT_PNL,registry/w4b_polymarket_recensus_venue_events_v1.csv.gz,crypto,4499,"Will the price of $ETH be above $2,600 on March 15, 2022?",,,eth
PM_ALL_POLYMARKET_CONTRACT_PNL,registry/w4b_polymarket_recensus_venue_events_v1.csv.gz,macro,4504,Will Donald Trump be federally charged by June 1st?,,,fed
PM_ALL_POLYMARKET_CONTRACT_PNL,registry/w4b_polymarket_recensus_venue_events_v1.csv.gz,sports,4505,NBA: Will the Knicks beat the Pistons by more than 6.5 points in their December 29 matchup?,,,nba
PM_ALL_POLYMARKET_CONTRACT_PNL,registry/w4b_polymarket_recensus_venue_events_v1.csv.gz,sports,4506,NBA: Will the 76ers beat the Hornets by more than 6.5 points in their December 8 matchup?,,,nba
PM_ALL_POLYMARKET_CONTRACT_PNL,registry/w4b_polymarket_recensus_venue_events_v1.csv.gz,crypto,4507,Will Larva Lab’s 104 Cryptopunks sell for $25M or more at Sotheby’s?,,,crypto
PM_ALL_POLYMARKET_CONTRACT_PNL,registry/w4b_polymarket_recensus_venue_events_v1.csv.gz,macro,4508,Will weekly jobless claims exceed 260K for the week ending on November 27?,,,unemployment
PM_ALL_POLYMARKET_CONTRACT_PNL,registry/w4b_polymarket_recensus_venue_events_v1.csv.gz,sports,4509,NBA: Will the Knicks beat the Lakers by more than 4.5 points in their November 23rd matchup?,,,nba
PM_ALL_POLYMARKET_CONTRACT_PNL,registry/w4b_polymarket_recensus_venue_events_v1.csv.gz,sports,4511,NBA: Will the Jazz beat the Kings by more than 7.5 points in their November 20th matchup?,,,nba
PM_ALL_POLYMARKET_CONTRACT_PNL,registry/w4b_polymarket_recensus_venue_events_v1.csv.gz,sports,4512,"NBA: Will the Warriors beat the Mavericks by more than 6.5 points in their May 26, 9:00 PM ET matchup?",,,nba
PM_ALL_POLYMARKET_CONTRACT_PNL,registry/w4b_polymarket_recensus_venue_events_v1.csv.gz,sports,4513,Will the Suns or the Lakers win their Round 1 NBA Playoff Series?,,,nba
PM_ALL_POLYMARKET_CONTRACT_PNL,registry/w4b_polymarket_recensus_venue_events_v1.csv.gz,sports,4514,NBA: Will the Timberwolves beat the Pelicans by more than 3.5 points in their November 22 matchup?,,,nba
PM_ALL_POLYMARKET_CONTRACT_PNL,registry/w4b_polymarket_recensus_venue_events_v1.csv.gz,sports,4516,NBA: Will the Wizards beat the Timberwolves by more than 3.5 points in their December 1 matchup?,,,nba
PM_ALL_POLYMARKET_CONTRACT_PNL,registry/w4b_polymarket_recensus_venue_events_v1.csv.gz,crypto,4517,"Will the price of $ETH be above $2,600 on March 24, 2022?",,,eth
PM_ALL_POLYMARKET_CONTRACT_PNL,registry/w4b_polymarket_recensus_venue_events_v1.csv.gz,sports,4518,NFL: Will the 49ers beat the Cardinals by more than 2.5 points in their November 7th matchup?,,,nfl
PM_ALL_POLYMARKET_CONTRACT_PNL,registry/w4b_polymarket_recensus_venue_events_v1.csv.gz,macro,4519,Will weekly jobless claims exceed 373K for the week ending on July 10?,,,unemployment
PM_ALL_POLYMARKET_CONTRACT_PNL,registry/w4b_polymarket_recensus_venue_events_v1.csv.gz,politics,4520,Will the US have 200M total COVID-19 vaccines administered by Biden’s 100th day in office?,,,minister
PM_ALL_POLYMARKET_CONTRACT_PNL,registry/w4b_polymarket_recensus_venue_events_v1.csv.gz,sports,4521,NBA: Will the Nuggets beat the Hawks by more than 4.5 points in their November 12th matchup?,,,nba
PM_ALL_POLYMARKET_CONTRACT_PNL,registry/w4b_polymarket_recensus_venue_events_v1.csv.gz,sports,4523,Will the Suns or Clippers win the 2021 NBA Western Conference Finals?,,,nba
PM_ALL_POLYMARKET_CONTRACT_PNL,registry/w4b_polymarket_recensus_venue_events_v1.csv.gz,sports,4525,NHL: Will the Panthers beat the Sabres by more than 1.5 points in their December 2 matchup?,,,nhl
PM_ALL_POLYMARKET_CONTRACT_PNL,registry/w4b_polymarket_recensus_venue_events_v1.csv.gz,sports,4526,NBA: Will the Warriors beat the Suns by more than 6.5 points in their December 3 matchup?,,,nba
PM_ALL_POLYMARKET_CONTRACT_PNL,registry/w4b_polymarket_recensus_venue_events_v1.csv.gz,sports,4527,UEFA Champions League: Which group E team will qualify to the knockout phase?,,,champions
PM_ALL_POLYMARKET_CONTRACT_PNL,registry/w4b_polymarket_recensus_venue_events_v1.csv.gz,sports,4528,NBA: Will the Warriors beat the Grizzlies by more than 6.5 points in their December 23 matchup?,,,nba
PM_ALL_POLYMARKET_CONTRACT_PNL,registry/w4b_polymarket_recensus_venue_events_v1.csv.gz,sports,4529,NBA: Will the Clippers beat the Spurs by more than 6.5 points in their November 16th matchup?,,,nba
PM_ALL_POLYMARKET_CONTRACT_PNL,registry/w4b_polymarket_recensus_venue_events_v1.csv.gz,sports,4530,NBA: Will the Thunder beat the Rockets by more than 3.5 points in their December 1 matchup?,,,nba
PM_ALL_POLYMARKET_CONTRACT_PNL,registry/w4b_polymarket_recensus_venue_events_v1.csv.gz,sports,4532,NBA: Will the Raptors beat the Pistons by more than 8.5 points in their November 13th matchup?,,,nba
PM_ALL_POLYMARKET_CONTRACT_PNL,registry/w4b_polymarket_recensus_venue_events_v1.csv.gz,sports,4534,NBA: Will the Celtics beat the Bulls by more than 2.5 points in their November 1st matchup?,,,nba
PM_ALL_POLYMARKET_CONTRACT_PNL,registry/w4b_polymarket_recensus_venue_events_v1.csv.gz,crypto,4537,"Will Bitcoin (BTC) price be closer to $42,069 or $69,420 at noon on January 11?",,,bitcoin;btc
PM_ALL_POLYMARKET_CONTRACT_PNL,registry/w4b_polymarket_recensus_venue_events_v1.csv.gz,fda_biotech,4538,Will Joe Biden's disapproval rating be 41% or higher on June 17?,,,fda
PM_ALL_POLYMARKET_CONTRACT_PNL,registry/w4b_polymarket_recensus_venue_events_v1.csv.gz,sports,4539,NBA: Will the Hornets beat the Timberwolves by more than 2.5 points in their November 26th matchup?,,,nba
PM_ALL_POLYMARKET_CONTRACT_PNL,registry/w4b_polymarket_recensus_venue_events_v1.csv.gz,crypto,4540,"Will $ETH be above $1,700 on June 17?",,,eth
PM_ALL_POLYMARKET_CONTRACT_PNL,registry/w4b_polymarket_recensus_venue_events_v1.csv.gz,sports,4543,NBA: Will the Kings beat the Raptors by more than 3.5 points in their November 19th matchup?,,,nba
PM_ALL_POLYMARKET_CONTRACT_PNL,registry/w4b_polymarket_recensus_venue_events_v1.csv.gz,crypto,4548,Will Hikaru Nakamura get 9 or more points in the preliminaries of the FTX Crypto Cup?,,,crypto
PM_ALL_POLYMARKET_CONTRACT_PNL,registry/w4b_polymarket_recensus_venue_events_v1.csv.gz,sports,4550,"NHL: Who will win Avalanche vs. Blues, scheduled for May 25, 8:10 PM ET?",,,nhl
PM_ALL_POLYMARKET_CONTRACT_PNL,registry/w4b_polymarket_recensus_venue_events_v1.csv.gz,macro,4553,"Will the price of a barrel of crude oil be $115 or more on March 15, 2022?",,,oil
PM_ALL_POLYMARKET_CONTRACT_PNL,registry/w4b_polymarket_recensus_venue_events_v1.csv.gz,sports,4554,International soccer: Will there be 4 or more goals in Greece v. Spain game on November 11?,,,soccer
PM_ALL_POLYMARKET_CONTRACT_PNL,registry/w4b_polymarket_recensus_venue_events_v1.csv.gz,macro,4558,Will Ketanji Jackson Brown receive 53 or more votes in favor of her confirmation to the U.S. Supreme Court?,,,fed
PM_ALL_POLYMARKET_CONTRACT_PNL,registry/w4b_polymarket_recensus_venue_events_v1.csv.gz,crypto,4561,"Will the price of Bitcoin (BTC) be above $46,000 on April 14?",,,bitcoin;btc
PM_ALL_POLYMARKET_CONTRACT_PNL,registry/w4b_polymarket_recensus_venue_events_v1.csv.gz,sports,4562,NBA: Will the Hornets beat the Magic by more than 7.5 points in their 24th November matchup?,,,nba
PM_ALL_POLYMARKET_CONTRACT_PNL,registry/w4b_polymarket_recensus_venue_events_v1.csv.gz,sports,4565,NBA: Will the sum of points in Raptors v Wizards be an even or an odd number?,,,nba
PM_ALL_POLYMARKET_CONTRACT_PNL,registry/w4b_polymarket_recensus_venue_events_v1.csv.gz,politics,4567,Will President Biden’s first Joint Address have more viewers than President Trump’s?,,,president
PM_ALL_POLYMARKET_CONTRACT_PNL,registry/w4b_polymarket_recensus_venue_events_v1.csv.gz,sports,4569,Who will win Bucks v. Suns: NBA Finals Game 4?,,,nba
PM_ALL_POLYMARKET_CONTRACT_PNL,registry/w4b_polymarket_recensus_venue_events_v1.csv.gz,sports,4570,"MLB: Who will win San Francisco Giants vs. San Diego Padres, scheduled for May 21, 4:06 PM ET?",,,mlb
PM_ALL_POLYMARKET_CONTRACT_PNL,registry/w4b_polymarket_recensus_venue_events_v1.csv.gz,crypto,4572,"What will the ETH floor price of Bored Apes be on October 1, 2021?",,,eth
PM_ALL_POLYMARKET_CONTRACT_PNL,registry/w4b_polymarket_recensus_venue_events_v1.csv.gz,sports,4575,NBA: Will the sum of points in Pelicans v Clippers be an even or odd number?,,,nba
PM_ALL_POLYMARKET_CONTRACT_PNL,registry/w4b_polymarket_recensus_venue_events_v1.csv.gz,fda_biotech,4577,Formula 1: Who will finish ahead at the Bahrain Grand Prix: Max Verstappen or Lewis Hamilton?,,,fda
PM_ALL_POLYMARKET_CONTRACT_PNL,registry/w4b_polymarket_recensus_venue_events_v1.csv.gz,sports,4578,NFL: Will the sum of points in Vikings v. Steelers be more than 44.5?,,,nfl
PM_ALL_POLYMARKET_CONTRACT_PNL,registry/w4b_polymarket_recensus_venue_events_v1.csv.gz,politics,4579,"Will Vice President Harris cast a tie-breaking vote by May 15, 2021?",,,president
PM_ALL_POLYMARKET_CONTRACT_PNL,registry/w4b_polymarket_recensus_venue_events_v1.csv.gz,corporate,4581,Will 'Fantastic Beasts: The Secrets of Dumbledore' get a 80% or higher Tomatometer Score?,,,sec
PM_ALL_POLYMARKET_CONTRACT_PNL,registry/w4b_polymarket_recensus_venue_events_v1.csv.gz,crypto,4583,Will Ethereum's (ETH) price have a 10% or more daily change on any day in May 2022?,,,ethereum;eth
PM_ALL_POLYMARKET_CONTRACT_PNL,registry/w4b_polymarket_recensus_venue_events_v1.csv.gz,sports,4584,Who will win Nuggets vs. Trail Blazers: Game 3?,,,nba
PM_ALL_POLYMARKET_CONTRACT_PNL,registry/w4b_polymarket_recensus_venue_events_v1.csv.gz,macro,4585,"MLB: Who will win Chicago Cubs vs. Pittsburgh Pirates, scheduled for May 18, 7:40 PM ET?",,,rates;mlb
PM_ALL_POLYMARKET_CONTRACT_PNL,registry/w4b_polymarket_recensus_venue_events_v1.csv.gz,sports,4586,NFL: Will the Patriots beat the Panthers by more than 3.5 points in their November 7th matchup?,,,nfl
PM_ALL_POLYMARKET_CONTRACT_PNL,registry/w4b_polymarket_recensus_venue_events_v1.csv.gz,crypto,4588,Will Ethereum Name Service ($ENS) be listed for trading on Coinbase by November 18th?,,,nba;ethereum;eth
PM_ALL_POLYMARKET_CONTRACT_PNL,registry/w4b_polymarket_recensus_venue_events_v1.csv.gz,sports,4589,NBA: Will the Lakers beat the Kings by more than 4.5 points in their November 30th matchup?,,,nba
PM_ALL_POLYMARKET_CONTRACT_PNL,registry/w4b_polymarket_recensus_venue_events_v1.csv.gz,sports,4590,NFL: Will the Ravens beat the Browns by more than 3.5 points in their November 28th matchup?,,,nfl
PM_ALL_POLYMARKET_CONTRACT_PNL,registry/w4b_polymarket_recensus_venue_events_v1.csv.gz,crypto,4591,Will the average Ethereum gas price be below 170 Gwei on April 19?,,,ethereum;eth
PM_ALL_POLYMARKET_CONTRACT_PNL,registry/w4b_polymarket_recensus_venue_events_v1.csv.gz,sports,4593,NHL: Will the Islanders beat the Blackhawks by more than 1.5 points in their December 5 matchup?,,,nhl
PM_ALL_POLYMARKET_CONTRACT_PNL,registry/w4b_polymarket_recensus_venue_events_v1.csv.gz,sports,4594,Will Magnus Carlsen win the 2021 Fide World Cup?,,,world cup
PM_ALL_POLYMARKET_CONTRACT_PNL,registry/w4b_polymarket_recensus_venue_events_v1.csv.gz,politics,4597,"Will Joe Biden be President of the USA on March 1, 2021?",,,president
PM_ALL_POLYMARKET_CONTRACT_PNL,registry/w4b_polymarket_recensus_venue_events_v1.csv.gz,macro,4598,"Will there be 850,000 or more total ETH burned before November 10th, 2021?",,,fed;eth
PM_ALL_POLYMARKET_CONTRACT_PNL,registry/w4b_polymarket_recensus_venue_events_v1.csv.gz,sports,4599,UFC 271: Who will win - Israel Adesanya or Robert Whittaker?,,,ufc
PM_ALL_POLYMARKET_CONTRACT_PNL,registry/w4b_polymarket_recensus_venue_events_v1.csv.gz,sports,4601,NBA: Will the 76ers beat the Raptors by more than 2.5 points in their November 11th matchup?,,,nba
PM_ALL_POLYMARKET_CONTRACT_PNL,registry/w4b_polymarket_recensus_venue_events_v1.csv.gz,sports,4604,NBA: Will the Pelicans beat the Thunder by more than 4.5 points in their November 10th matchup?,,,nba
PM_ALL_POLYMARKET_CONTRACT_PNL,registry/w4b_polymarket_recensus_venue_events_v1.csv.gz,sports,4606,NBA: Will the Celtics beat the Bucks by more than 1.5 points in their December 13 matchup?,,,nba
PM_ALL_POLYMARKET_CONTRACT_PNL,registry/w4b_polymarket_recensus_venue_events_v1.csv.gz,sports,4607,NBA: Will the Nets beat the Hawks by more than 4.5 points in their November 3rd matchup?,,,nba
PM_ALL_POLYMARKET_CONTRACT_PNL,registry/w4b_polymarket_recensus_venue_events_v1.csv.gz,sports,4609,NBA: Will the Bucks beat the Celtics by more than 7.5 points in their December 25 matchup?,,,nba
PM_ALL_POLYMARKET_CONTRACT_PNL,registry/w4b_polymarket_recensus_venue_events_v1.csv.gz,sports,4613,NBA: Will the Kings beat the Pistons by more than 4.5 points in their November 15th matchup?,,,nba
PM_ALL_POLYMARKET_CONTRACT_PNL,registry/w4b_polymarket_recensus_venue_events_v1.csv.gz,sports,4614,Football Team (-1) v. Chargers Spread,,,football
PM_ALL_POLYMARKET_CONTRACT_PNL,registry/w4b_polymarket_recensus_venue_events_v1.csv.gz,sports,4616,NBA: Will the Wizards beat the Cavaliers by more than 3.5 points in their December 30 matchup?,,,nba
PM_ALL_POLYMARKET_CONTRACT_PNL,registry/w4b_polymarket_recensus_venue_events_v1.csv.gz,sports,4617,NBA: Who will win the Trail Blazers v. Raptors game on November 15th?,,,nba
PM_ALL_POLYMARKET_CONTRACT_PNL,registry/w4b_polymarket_recensus_venue_events_v1.csv.gz,crypto,4618,"Will the price of $BTC be above $39,000 on March 16, 2022?",,,btc
PM_ALL_POLYMARKET_CONTRACT_PNL,registry/w4b_polymarket_recensus_venue_events_v1.csv.gz,sports,4620,NBA: Will the Knicks beat the Magic by more than 11.5 points in their November 17th matchup?,,,nba
PM_ALL_POLYMARKET_CONTRACT_PNL,registry/w4b_polymarket_recensus_venue_events_v1.csv.gz,politics,4621,"Will Andrew Cuomo be Governor of New York on January 1, 2022?",,,governor
PM_ALL_POLYMARKET_CONTRACT_PNL,registry/w4b_polymarket_recensus_venue_events_v1.csv.gz,sports,4624,NBA: Will the sum of points in Kings v 76ers be greater than 222.5?,,,nba
PM_ALL_POLYMARKET_CONTRACT_PNL,registry/w4b_polymarket_recensus_venue_events_v1.csv.gz,sports,4625,NBA: Will the Lakers beat the Nets by more than 1.5 points in their December 25 matchup?,,,nba
PM_ALL_POLYMARKET_CONTRACT_PNL,registry/w4b_polymarket_recensus_venue_events_v1.csv.gz,sports,4626,NBA: Will the Mavericks beat the Lakers by more than 1.5 points in their December 15 matchup?,,,nba
PM_ALL_POLYMARKET_CONTRACT_PNL,registry/w4b_polymarket_recensus_venue_events_v1.csv.gz,crypto,4627,Will the floor price of CryptoPunks be above 52 ETH on May 26?,,,crypto;eth
PM_ALL_POLYMARKET_CONTRACT_PNL,registry/w4b_polymarket_recensus_venue_events_v1.csv.gz,crypto,4628,Will Crypto.com's $CRO price be above $0.60 at noon on January 11?,,,crypto
PM_ALL_POLYMARKET_CONTRACT_PNL,registry/w4b_polymarket_recensus_venue_events_v1.csv.gz,sports,4629,NFL: Will the Chiefs beat the Packers by more than 6.5 points in their November 7th matchup?,,,nfl
PM_ALL_POLYMARKET_CONTRACT_PNL,registry/w4b_polymarket_recensus_venue_events_v1.csv.gz,macro,4634,"Will the bipartisan infrastructure bill become law by Noon, November 15, 2021?",,,fed
PM_ALL_POLYMARKET_CONTRACT_PNL,registry/w4b_polymarket_recensus_venue_events_v1.csv.gz,macro,4638,"MLB: Who will win Colorado Rockies vs. Washington Nationals, scheduled for May 27, 7:06 PM ET?",,,fed;mlb
PM_ALL_POLYMARKET_CONTRACT_PNL,registry/w4b_polymarket_recensus_venue_events_v1.csv.gz,sports,4639,NFL: Will the Bengals beat the Chargers by more than 2.5 points in their December 5 matchup?,,,nfl
PM_ALL_POLYMARKET_CONTRACT_PNL,registry/w4b_polymarket_recensus_venue_events_v1.csv.gz,sports,4640,Who will win the 2022 NFL Pro Bowl?,,,nfl
PM_ALL_POLYMARKET_CONTRACT_PNL,registry/w4b_polymarket_recensus_venue_events_v1.csv.gz,crypto,4642,Who will win 3rd place in the FTX Crypto Cup: Ian Nepomniachtchi vs. Teimour Radjabov?,,,crypto
PM_ALL_POLYMARKET_CONTRACT_PNL,registry/w4b_polymarket_recensus_venue_events_v1.csv.gz,sports,4643,NBA: Will the Warriors beat the Rockets by more than 12.5 points in their November 7th matchup?,,,nba
PM_ALL_POLYMARKET_CONTRACT_PNL,registry/w4b_polymarket_recensus_venue_events_v1.csv.gz,sports,4645,NFL: Will the Buccaneers beat the Saints by more than 10.5 points in their December 19 matchup?,,,nfl
PM_ALL_POLYMARKET_CONTRACT_PNL,registry/w4b_polymarket_recensus_venue_events_v1.csv.gz,sports,4646,NBA: Will the 76ers beat the Magic by more than 15.5 points in their November 29th matchup?,,,nba
PM_ALL_POLYMARKET_CONTRACT_PNL,registry/w4b_polymarket_recensus_venue_events_v1.csv.gz,sports,4647,NFL: Will the Bills beat the Colts by more than 7.5 points in their November 21st matchup?,,,nfl
PM_ALL_POLYMARKET_CONTRACT_PNL,registry/w4b_polymarket_recensus_venue_events_v1.csv.gz,sports,4649,UEFA Champions League: Will the sum of goals in Chelsea v. Juventus be 3 or more?,,,champions
PM_ALL_POLYMARKET_CONTRACT_PNL,registry/w4b_polymarket_recensus_venue_events_v1.csv.gz,sports,4650,Will any NBA Conference Semifinal Series go to a Game 7?,,,nba
PM_ALL_POLYMARKET_CONTRACT_PNL,registry/w4b_polymarket_recensus_venue_events_v1.csv.gz,sports,4652,NBA: Will the Celtics beat the Timberwolves by more than 8.5 points in their December 27 matchup?,,,nba
PM_ALL_POLYMARKET_CONTRACT_PNL,registry/w4b_polymarket_recensus_venue_events_v1.csv.gz,sports,4661,Will the Nets or the Celtics win their Game 1 NBA Playoff matchup?,,,nba
PM_ALL_POLYMARKET_CONTRACT_PNL,registry/w4b_polymarket_recensus_venue_events_v1.csv.gz,macro,4662,Will year-to-year inflation in the European Union be 5.2% or more in November?,,,inflation;nfl
PM_ALL_POLYMARKET_CONTRACT_PNL,registry/w4b_polymarket_recensus_venue_events_v1.csv.gz,sports,4665,"NBA: Will the Celtics beat the Heat by more than 6.5 points in their May 21, 8:30 PM ET matchup?",,,nba
PM_ALL_POLYMARKET_CONTRACT_PNL,registry/w4b_polymarket_recensus_venue_events_v1.csv.gz,macro,4666,NFL: Will the Bills beat the Panthers by more than 10.5 points in their December 19 matchup?,,,fed;nfl
PM_ALL_POLYMARKET_CONTRACT_PNL,registry/w4b_polymarket_recensus_venue_events_v1.csv.gz,sports,4667,NBA: Will the Pacers beat the Pistons by more than 6.5 points in their November 17th matchup?,,,nba
PM_ALL_POLYMARKET_CONTRACT_PNL,registry/w4b_polymarket_recensus_venue_events_v1.csv.gz,macro,4671,"NHL: Who will win Avalanche vs. Oilers, scheduled for May 31, 8:00 PM ET?",,,oil;nhl
PM_ALL_POLYMARKET_CONTRACT_PNL,registry/w4b_polymarket_recensus_venue_events_v1.csv.gz,sports,4672,NBA: Will the Spurs beat the Pelicans by more than 2.5 points in their December 12 matchup?,,,nba
PM_ALL_POLYMARKET_CONTRACT_PNL,registry/w4b_polymarket_recensus_venue_events_v1.csv.gz,sports,4674,NBA: Will the Clippers beat the Pistons by more than 11.5 points in their November 26th matchup?,,,nba
PM_ALL_POLYMARKET_CONTRACT_PNL,registry/w4b_polymarket_recensus_venue_events_v1.csv.gz,sports,4675,NFL: Will the Patriots beat the Falcons by more than 5.5 points in their November 18th matchup?,,,nfl
PM_ALL_POLYMARKET_CONTRACT_PNL,registry/w4b_polymarket_recensus_venue_events_v1.csv.gz,sports,4677,Will the U.S. Women’s Soccer team win the Gold Medal at the 2020 Olympics?,,,soccer
PM_ALL_POLYMARKET_CONTRACT_PNL,registry/w4b_polymarket_recensus_venue_events_v1.csv.gz,sports,4678,World Chess Championship 2021: Will there be more or less than 12 draws?,,,champions
PM_ALL_POLYMARKET_CONTRACT_PNL,registry/w4b_polymarket_recensus_venue_events_v1.csv.gz,crypto,4679,"Will $ETH be above $3,000 on May 1, 2022?",,,eth
PM_ALL_POLYMARKET_CONTRACT_PNL,registry/w4b_polymarket_recensus_venue_events_v1.csv.gz,sports,4680,NBA: Will the Hawks beat the Magic by more than 10.5 points in their November 15th matchup?,,,nba
PM_ALL_POLYMARKET_CONTRACT_PNL,registry/w4b_polymarket_recensus_venue_events_v1.csv.gz,politics,4681,Will Donald Trump tweet announcing that he won the election before November 5th 2020?,,,election
PM_ALL_POLYMARKET_CONTRACT_PNL,registry/w4b_polymarket_recensus_venue_events_v1.csv.gz,sports,4685,NBA: Will the Pelicans beat the Thunder by more than 2.5 points in their December 15 matchup?,,,nba
PM_ALL_POLYMARKET_CONTRACT_PNL,registry/w4b_polymarket_recensus_venue_events_v1.csv.gz,sports,4686,NBA: Will the Pelicans beat the Trail Blazers by more than 1.5 points in their December 21 matchup?,,,nba
PM_ALL_POLYMARKET_CONTRACT_PNL,registry/w4b_polymarket_recensus_venue_events_v1.csv.gz,crypto,4687,What will the price of $ETH be on July 19?,,,eth
PM_ALL_POLYMARKET_CONTRACT_PNL,registry/w4b_polymarket_recensus_venue_events_v1.csv.gz,politics,4690,Will Joe Biden get Coronavirus before the election?,,,election
PM_ALL_POLYMARKET_CONTRACT_PNL,registry/w4b_polymarket_recensus_venue_events_v1.csv.gz,sports,4692,What will Coinbase’s market cap be 1 week after it starts publicly trading?,,,nba
PM_ALL_POLYMARKET_CONTRACT_PNL,registry/w4b_polymarket_recensus_venue_events_v1.csv.gz,fda_biotech,4694,Will any of the COVID vaccines be granted full FDA approval by September 1?,,,fda;pdufa
PM_ALL_POLYMARKET_CONTRACT_PNL,registry/w4b_polymarket_recensus_venue_events_v1.csv.gz,sports,4695,NBA: Will the Celtics beat the Cavaliers by more than 2.5 points in their November 13th matchup?,,,nba
PM_ALL_POLYMARKET_CONTRACT_PNL,registry/w4b_polymarket_recensus_venue_events_v1.csv.gz,politics,4697,Which party will win North Carolina in the 2020 presidential election?,,,election;president;party
PM_ALL_POLYMARKET_CONTRACT_PNL,registry/w4b_polymarket_recensus_venue_events_v1.csv.gz,sports,4699,NFL: Will the Raiders beat the Washington by more than 1.5 points in their December 5 matchup?,,,nfl
PM_ALL_POLYMARKET_CONTRACT_PNL,registry/w4b_polymarket_recensus_venue_events_v1.csv.gz,sports,4701,"NHL: Who will win Rangers vs. Hurricanes, scheduled for May 24, 7:00 PM ET?",,,nhl
PM_ALL_POLYMARKET_CONTRACT_PNL,registry/w4b_polymarket_recensus_venue_events_v1.csv.gz,sports,4702,Will the Jazz or the Grizzlies win their Round 1 NBA Playoff Series?,,,nba
PM_ALL_POLYMARKET_CONTRACT_PNL,registry/w4b_polymarket_recensus_venue_events_v1.csv.gz,sports,4704,NBA: Will the Bucks beat the Magic by more than 12.5 points in their November 22 matchup?,,,nba
PM_ALL_POLYMARKET_CONTRACT_PNL,registry/w4b_polymarket_recensus_venue_events_v1.csv.gz,sports,4705,Will Chelsea or Porto win the second leg of their Champions League quarter-final draw?,,,champions;sec
PM_ALL_POLYMARKET_CONTRACT_PNL,registry/w4b_polymarket_recensus_venue_events_v1.csv.gz,sports,4709,NBA: Will the Grizzlies beat the Kings by more than 5.5 points in their December 26 matchup?,,,nba
PM_ALL_POLYMARKET_CONTRACT_PNL,registry/w4b_polymarket_recensus_venue_events_v1.csv.gz,crypto,4710,"Will Bitcoin ($BTC) price be above $63,000 at noon on November 22, 2021?",,,bitcoin;btc
PM_ALL_POLYMARKET_CONTRACT_PNL,registry/w4b_polymarket_recensus_venue_events_v1.csv.gz,sports,4712,NBA: Will the Pelicans beat the Magic by more than 4.5 points in their December 23 matchup?,,,nba
PM_ALL_POLYMARKET_CONTRACT_PNL,registry/w4b_polymarket_recensus_venue_events_v1.csv.gz,sports,4714,NBA: Will the Wizards beat the Pistons by more than 5.5 points in their December 8 matchup?,,,nba
PM_ALL_POLYMARKET_CONTRACT_PNL,registry/w4b_polymarket_recensus_venue_events_v1.csv.gz,sports,4716,NBA: Will the Warriors beat the Trail Blazers by more than 13.5 points in their December 8 matchup?,,,nba
PM_ALL_POLYMARKET_CONTRACT_PNL,registry/w4b_polymarket_recensus_venue_events_v1.csv.gz,macro,4718,"Will Russia expand its number of federal subjects by July 1, 2022?",,,fed
PM_ALL_POLYMARKET_CONTRACT_PNL,registry/w4b_polymarket_recensus_venue_events_v1.csv.gz,crypto,4719,Will Joe Biden's FiveThirtyEight approval rating be 41.6% or higher on March 2?,,,eth
PM_ALL_POLYMARKET_CONTRACT_PNL,registry/w4b_polymarket_recensus_venue_events_v1.csv.gz,sports,4721,(NBA) Bucks in six?,,,nba
PM_ALL_POLYMARKET_CONTRACT_PNL,registry/w4b_polymarket_recensus_venue_events_v1.csv.gz,sports,4723,NFL: Will the Saints beat the Falcons by more than 5.5 points in their November 7th matchup?,,,nfl
PM_ALL_POLYMARKET_CONTRACT_PNL,registry/w4b_polymarket_recensus_venue_events_v1.csv.gz,crypto,4724,Will the floor price of Doodles be 22 ETH or more on May 17?,,,eth
PM_ALL_POLYMARKET_CONTRACT_PNL,registry/w4b_polymarket_recensus_venue_events_v1.csv.gz,sports,4726,NBA: Will the Mavericks beat the Pelicans by more than 8.5 points in their November 8th matchup?,,,nba
PM_ALL_POLYMARKET_CONTRACT_PNL,registry/w4b_polymarket_recensus_venue_events_v1.csv.gz,sports,4728,NBA: Will the Trail Blazers beat the Bulls by more than 2.5 points in their November 17th matchup?,,,nba
PM_ALL_POLYMARKET_CONTRACT_PNL,registry/w4b_polymarket_recensus_venue_events_v1.csv.gz,crypto,4729,Will the floor price of Moonbirds be 15 ETH or more on April 27?,,,eth
PM_ALL_POLYMARKET_CONTRACT_PNL,registry/w4b_polymarket_recensus_venue_events_v1.csv.gz,sports,4731,NBA: Will the Heat beat the Timberwolves by more than 2.5 points in their 24th November matchup?,,,nba
PM_ALL_POLYMARKET_CONTRACT_PNL,registry/w4b_polymarket_recensus_venue_events_v1.csv.gz,sports,4732,"NBA: Who will win Celtics vs. Heat, scheduled for May 23, 8:30 PM ET?",,,nba
PM_ALL_POLYMARKET_CONTRACT_PNL,registry/w4b_polymarket_recensus_venue_events_v1.csv.gz,sports,4735,UEFA Champions League: Will the sum of goals in Villareal CF v. Manchester United be 3 or more?,,,champions
PM_ALL_POLYMARKET_CONTRACT_PNL,registry/w4b_polymarket_recensus_venue_events_v1.csv.gz,sports,4739,NFL: Will the Buccaneers beat the Colts by more than 2.5 points in their November 28th matchup?,,,nfl
PM_ALL_POLYMARKET_CONTRACT_PNL,registry/w4b_polymarket_recensus_venue_events_v1.csv.gz,sports,4744,NFL: Will the Packers beat the Seahawks by more than 3.5 points in their November 14th matchup?,,,nfl
PM_ALL_POLYMARKET_CONTRACT_PNL,registry/w4b_polymarket_recensus_venue_events_v1.csv.gz,sports,4747,Will the 49ers beat the Raiders by more than 5.5 points in their NFL preseason matchup?,,,nfl
PM_ALL_POLYMARKET_CONTRACT_PNL,registry/w4b_polymarket_recensus_venue_events_v1.csv.gz,crypto,4751,"Will Crypto.com's $CRO price be above $0.80 at noon on January 1, 2022?",,,crypto
PM_ALL_POLYMARKET_CONTRACT_PNL,registry/w4b_polymarket_recensus_venue_events_v1.csv.gz,crypto,4753,"Will Ethereum be above $2500 on March 2, 2022?",,,ethereum;eth
PM_ALL_POLYMARKET_CONTRACT_PNL,registry/w4b_polymarket_recensus_venue_events_v1.csv.gz,macro,4755,Will Donald Trump be indicted for a federal or state crime by November 15?,,,fed
PM_ALL_POLYMARKET_CONTRACT_PNL,registry/w4b_polymarket_recensus_venue_events_v1.csv.gz,macro,4760,"Will more than 2.25 million people travel through a TSA checkpoint on Friday, October 15th?",,,fed
PM_ALL_POLYMARKET_CONTRACT_PNL,registry/w4b_polymarket_recensus_venue_events_v1.csv.gz,sports,4764,"NHL: Who will win Panthers vs. Lightning, scheduled for May 19, 7:00 PM ET?",,,nhl
PM_ALL_POLYMARKET_CONTRACT_PNL,registry/w4b_polymarket_recensus_venue_events_v1.csv.gz,politics,4766,Will Donald Trump file to run for president before 2023?,,,president
PM_ALL_POLYMARKET_CONTRACT_PNL,registry/w4b_polymarket_recensus_venue_events_v1.csv.gz,sports,4767,NBA: Will the Celtics beat the Cavaliers by more than 2.5 points in their November 15th matchup?,,,nba
PM_ALL_POLYMARKET_CONTRACT_PNL,registry/w4b_polymarket_recensus_venue_events_v1.csv.gz,sports,4768,Will teams from the AFC or NFC win more games in the 2021 NFL Preseason Week 1?,,,nfl
PM_ALL_POLYMARKET_CONTRACT_PNL,registry/w4b_polymarket_recensus_venue_events_v1.csv.gz,sports,4769,NFL: Will the Vikings beat the Cowboys by more than 2.5 points in their October 31st matchup?,,,nfl
PM_ALL_POLYMARKET_CONTRACT_PNL,registry/w4b_polymarket_recensus_venue_events_v1.csv.gz,crypto,4771,Will Magnus Carlsen or Daniil Dubov win in their FTX Crypto Cup preliminary game?,,,crypto
PM_ALL_POLYMARKET_CONTRACT_PNL,registry/w4b_polymarket_recensus_venue_events_v1.csv.gz,sports,4773,UEFA Champions League: Will the goal difference in Chelsea v. Juventus be greater than 1?,,,champions
PM_ALL_POLYMARKET_CONTRACT_PNL,registry/w4b_polymarket_recensus_venue_events_v1.csv.gz,crypto,4775,"Will $ETH be above $2,000 on May 20?",,,eth
PM_ALL_POLYMARKET_CONTRACT_PNL,registry/w4b_polymarket_recensus_venue_events_v1.csv.gz,macro,4777,Will Canada hold a federal election in 2021?,,,fed;election
PM_ALL_POLYMARKET_CONTRACT_PNL,registry/w4b_polymarket_recensus_venue_events_v1.csv.gz,fda_biotech,4778,NBA: Will the Heat beat the Wizards by more than 1.5 points in their November 20th matchup?,,,fda;nba
PM_ALL_POLYMARKET_CONTRACT_PNL,registry/w4b_polymarket_recensus_venue_events_v1.csv.gz,sports,4779,NBA: Will the Warriors beat the Pacers by more than 4.5 points in their December 13 matchup?,,,nba
PM_ALL_POLYMARKET_CONTRACT_PNL,registry/w4b_polymarket_recensus_venue_events_v1.csv.gz,macro,4782,Will inflation be 0.2% or more from March to April?,,,inflation;nfl
PM_ALL_POLYMARKET_CONTRACT_PNL,registry/w4b_polymarket_recensus_venue_events_v1.csv.gz,crypto,4783,Will $ENS (Ethereum Name Service) be above $40 on November 15?,,,ethereum;eth
PM_ALL_POLYMARKET_CONTRACT_PNL,registry/w4b_polymarket_recensus_venue_events_v1.csv.gz,sports,4787,Will Jalen Brunson join the Knicks for the 2022-23 NBA season?,,,nba
PM_ALL_POLYMARKET_CONTRACT_PNL,registry/w4b_polymarket_recensus_venue_events_v1.csv.gz,sports,4788,NFL: Will the Broncos beat the Eagles by more than 2.5 points in their November 14th matchup?,,,nfl
PM_ALL_POLYMARKET_CONTRACT_PNL,registry/w4b_polymarket_recensus_venue_events_v1.csv.gz,sports,4790,Will PSG or Manchester City win their Champions League match on September 28?,,,champions
PM_ALL_POLYMARKET_CONTRACT_PNL,registry/w4b_polymarket_recensus_venue_events_v1.csv.gz,politics,4792,2022 French Legislative Election: Will Macron's party win an outright majority?,,,election;party
PM_ALL_POLYMARKET_CONTRACT_PNL,registry/w4b_polymarket_recensus_venue_events_v1.csv.gz,sports,4794,NBA: Will the Celtics beat the Raptors by more than 2.5 points in their November 10th matchup?,,,nba
PM_ALL_POLYMARKET_CONTRACT_PNL,registry/w4b_polymarket_recensus_venue_events_v1.csv.gz,politics,4795,Will Trump win the 2020 U.S. presidential election?,,,election;president
PM_ALL_POLYMARKET_CONTRACT_PNL,registry/w4b_polymarket_recensus_venue_events_v1.csv.gz,crypto,4798,Will the floor price of Bored Apes be below 40 ETH on April 27?,,,eth
PM_ALL_POLYMARKET_CONTRACT_PNL,registry/w4b_polymarket_recensus_venue_events_v1.csv.gz,sports,4799,NFL: Will the Cowboys beat the Washington by more than 5.5 points in their December 12 matchup?,,,nfl
PM_ALL_POLYMARKET_CONTRACT_PNL,registry/w4b_polymarket_recensus_venue_events_v1.csv.gz,crypto,4800,"Will Tether lose its peg by November 30, 2021?",,,eth
PM_ALL_POLYMARKET_CONTRACT_PNL,registry/w4b_polymarket_recensus_venue_events_v1.csv.gz,sports,4801,Will Khabib win his UFC 254 Fight?,,,ufc
PM_ALL_POLYMARKET_CONTRACT_PNL,registry/w4b_polymarket_recensus_venue_events_v1.csv.gz,macro,4802,"[From Nate Silver] Will there be a federal mask requirement on US domestic flights on November 8, 2022?",,,fed
PM_ALL_POLYMARKET_CONTRACT_PNL,registry/w4b_polymarket_recensus_venue_events_v1.csv.gz,sports,4806,NBA: Will the Clippers beat the Timberwolves by more than 2.5 points in their November 5th matchup?,,,nba
PM_ALL_POLYMARKET_CONTRACT_PNL,registry/w4b_polymarket_recensus_venue_events_v1.csv.gz,fda_biotech,4810,Will any of the COVID vaccines be granted full FDA approval by December 1?,,,fda;pdufa
PM_ALL_POLYMARKET_CONTRACT_PNL,registry/w4b_polymarket_recensus_venue_events_v1.csv.gz,sports,4811,NFL: Will the Colts beat the Jaguars by more than 10.5 points in their November 14th matchup?,,,nfl
PM_ALL_POLYMARKET_CONTRACT_PNL,registry/w4b_polymarket_recensus_venue_events_v1.csv.gz,sports,4816,NFL: Will the Bills beat the Jaguars by more than 13.5 points in their November 7th matchup?,,,nfl
PM_ALL_POLYMARKET_CONTRACT_PNL,registry/w4b_polymarket_recensus_venue_events_v1.csv.gz,corporate,4817,Will Xi Jinping remain General Secretary of the CCP through 2022?,,,sec
PM_ALL_POLYMARKET_CONTRACT_PNL,registry/w4b_polymarket_recensus_venue_events_v1.csv.gz,politics,4819,Will 538 outperform The Economist in forecasting the 2020 Presidential Election?,,,election;president
PM_ALL_POLYMARKET_CONTRACT_PNL,registry/w4b_polymarket_recensus_venue_events_v1.csv.gz,sports,4821,NBA: Who will win the Clippers v. Grizzlies game on November 18th?,,,nba
PM_ALL_POLYMARKET_CONTRACT_PNL,registry/w4b_polymarket_recensus_venue_events_v1.csv.gz,sports,4822,Will Coinbase reach #1 in the Finance category on the US iOS App Store before 2021?,,,nba
PM_ALL_POLYMARKET_CONTRACT_PNL,registry/w4b_polymarket_recensus_venue_events_v1.csv.gz,sports,4823,Will the Knicks or the Hawks win their Game 1 NBA Playoff matchup?,,,nba
PM_ALL_POLYMARKET_CONTRACT_PNL,registry/w4b_polymarket_recensus_venue_events_v1.csv.gz,crypto,4824,"What will the price of Bitcoin be on November 4th, 2020?",,,bitcoin
PM_ALL_POLYMARKET_CONTRACT_PNL,registry/w4b_polymarket_recensus_venue_events_v1.csv.gz,sports,4825,NBA: Will the Jazz beat the Clippers by more than 9.5 points in their December 15 matchup?,,,nba
PM_ALL_POLYMARKET_CONTRACT_PNL,registry/w4b_polymarket_recensus_venue_events_v1.csv.gz,macro,4827,Will U.S. inflation be more than 0.7% from April to May 2022?,,,inflation;nfl
PM_ALL_POLYMARKET_CONTRACT_PNL,registry/w4b_polymarket_recensus_venue_events_v1.csv.gz,sports,4829,NHL: Will the Penguins beat the Blues by more than 1.5 goals in their January 5 matchup?,,,nhl
PM_ALL_POLYMARKET_CONTRACT_PNL,registry/w4b_polymarket_recensus_venue_events_v1.csv.gz,politics,4831,Will Blake Masters win the 2022 Arizona Republican Senate nomination?,,,senate
PM_ALL_POLYMARKET_CONTRACT_PNL,registry/w4b_polymarket_recensus_venue_events_v1.csv.gz,macro,4833,"Will Russia expand its number of federal subjects by October 1, 2022?",,,fed
PM_ALL_POLYMARKET_CONTRACT_PNL,registry/w4b_polymarket_recensus_venue_events_v1.csv.gz,sports,4836,NBA: Will the sum of points in Jazz v 76ers be greater than 216.5?,,,nba
PM_ALL_POLYMARKET_CONTRACT_PNL,registry/w4b_polymarket_recensus_venue_events_v1.csv.gz,sports,4837,NBA: Will the Mavericks beat the Cavaliers by more than 5.5 points in their November 29th matchup?,,,nba
PM_ALL_POLYMARKET_CONTRACT_PNL,registry/w4b_polymarket_recensus_venue_events_v1.csv.gz,sports,4838,NFL: Will the Bears beat the Lions by more than 2.5 points in their November 25th matchup?,,,nfl
PM_ALL_POLYMARKET_CONTRACT_PNL,registry/w4b_polymarket_recensus_venue_events_v1.csv.gz,sports,4839,Will the Jets beat the Eagles by more than 4 points in their NFL preseason matchup?,,,nfl
PM_ALL_POLYMARKET_CONTRACT_PNL,registry/w4b_polymarket_recensus_venue_events_v1.csv.gz,sports,4840,NBA: Will the Knicks beat the Pacers by more than 3.5 points in their January 4 matchup?,,,nba
PM_ALL_POLYMARKET_CONTRACT_PNL,registry/w4b_polymarket_recensus_venue_events_v1.csv.gz,sports,4843,NBA: Will the Pelicans beat the Thunder by more than 1.5 points in their December 26 matchup?,,,nba
PM_ALL_POLYMARKET_CONTRACT_PNL,registry/w4b_polymarket_recensus_venue_events_v1.csv.gz,sports,4844,Will the Bengals beat the Dolphins by more than 2 points in their NFL preseason matchup?,,,nfl
PM_ALL_POLYMARKET_CONTRACT_PNL,registry/w4b_polymarket_recensus_venue_events_v1.csv.gz,sports,4846,Will the Suns win the 2021 NBA Finals?,,,nba
PM_ALL_POLYMARKET_CONTRACT_PNL,registry/w4b_polymarket_recensus_venue_events_v1.csv.gz,macro,4847,"NBA: Who will win Heat vs. Celtics, scheduled for May 17, 8:30 PM ET?",,,fed;nba
PM_ALL_POLYMARKET_CONTRACT_PNL,registry/w4b_polymarket_recensus_venue_events_v1.csv.gz,crypto,4848,Will Maxime Vachier-Lagrave or Wesley So win their Quarterfinals Series of the FTX Crypto Cup?,,,crypto
PM_ALL_POLYMARKET_CONTRACT_PNL,registry/w4b_polymarket_recensus_venue_events_v1.csv.gz,sports,4849,NBA: Will the Mavericks beat the Celtics by more than 4.5 points in their November 6th matchup?,,,nba
PM_ALL_POLYMARKET_CONTRACT_PNL,registry/w4b_polymarket_recensus_venue_events_v1.csv.gz,fda_biotech,4853,Who will win the Raptors v. Wizards game on October 12th?,,,fda
PM_ALL_POLYMARKET_CONTRACT_PNL,registry/w4b_polymarket_recensus_venue_events_v1.csv.gz,crypto,4854,"Will Bored Ape Yacht Club (BAYC) flip CryptoPunks by January 10, 2022?",,,crypto
PM_ALL_POLYMARKET_CONTRACT_PNL,registry/w4b_polymarket_recensus_venue_events_v1.csv.gz,sports,4856,"MLB: Who will win New York Mets vs. Philadelphia Phillies, scheduled for May 29, 7:09 PM ET?",,,mlb
PM_ALL_POLYMARKET_CONTRACT_PNL,registry/w4b_polymarket_recensus_venue_events_v1.csv.gz,sports,4857,NBA: Will the Hawks beat the Rockets by more than 11.5 points in their December 13 matchup?,,,nba
PM_ALL_POLYMARKET_CONTRACT_PNL,registry/w4b_polymarket_recensus_venue_events_v1.csv.gz,sports,4858,NFL: Will the Chiefs beat the Steelers by more than 8.5 points in their December 26 matchup?,,,nfl
PM_ALL_POLYMARKET_CONTRACT_PNL,registry/w4b_polymarket_recensus_venue_events_v1.csv.gz,sports,4860,NBA: Will the Warriors beat the Knicks by more than 5.5 points in their December 14 matchup?,,,nba
PM_ALL_POLYMARKET_CONTRACT_PNL,registry/w4b_polymarket_recensus_venue_events_v1.csv.gz,sports,4863,Will the Clippers win the 2021 NBA Finals?,,,nba
PM_ALL_POLYMARKET_CONTRACT_PNL,registry/w4b_polymarket_recensus_venue_events_v1.csv.gz,corporate,4868,"Will more than 2 million people travel through a TSA checkpoint on 7 consecutive days before June 1, 2022?",,,sec
PM_ALL_POLYMARKET_CONTRACT_PNL,registry/w4b_polymarket_recensus_venue_events_v1.csv.gz,sports,4880,NBA: Will the Hawks beat the Knicks by more than 7.5 points in their November 27th matchup?,,,nba
PM_ALL_POLYMARKET_CONTRACT_PNL,registry/w4b_polymarket_recensus_venue_events_v1.csv.gz,sports,4881,NFL: Will the Chiefs beat the Cowboys by more than 2.5 points in their November 21st matchup?,,,nfl
PM_ALL_POLYMARKET_CONTRACT_PNL,registry/w4b_polymarket_recensus_venue_events_v1.csv.gz,sports,4884,NBA: Will the Heat beat the Celtics by more than 6.5 points in their November 4th matchup?,,,nba
PM_ALL_POLYMARKET_CONTRACT_PNL,registry/w4b_polymarket_recensus_venue_events_v1.csv.gz,politics,4886,Who will win the 2021 Chilean presidential elections?,,,election;president
PM_ALL_POLYMARKET_CONTRACT_PNL,registry/w4b_polymarket_recensus_venue_events_v1.csv.gz,crypto,4887,"Will EIP-1559 be implemented live on Ethereum mainnet by 10 AM ET on August 5, 2021?",,,ethereum;eth
PM_ALL_POLYMARKET_CONTRACT_PNL,registry/w4b_polymarket_recensus_venue_events_v1.csv.gz,crypto,4888,Will Bitcoin reach an all-time high by November 15th?,,,bitcoin
PM_ALL_POLYMARKET_CONTRACT_PNL,registry/w4b_polymarket_recensus_venue_events_v1.csv.gz,crypto,4889,"Will Bitcoin ($BTC) be above $55k on February 24, 2021?",,,fda;bitcoin;btc
PM_ALL_POLYMARKET_CONTRACT_PNL,registry/w4b_polymarket_recensus_venue_events_v1.csv.gz,sports,4890,NBA: Who will win the Lakers v. Bulls game on November 15th?,,,nba
PM_ALL_POLYMARKET_CONTRACT_PNL,registry/w4b_polymarket_recensus_venue_events_v1.csv.gz,sports,4895,Will the Bears beat the Titans by more than 2 points in their NFL preseason matchup?,,,nfl
PM_ALL_POLYMARKET_CONTRACT_PNL,registry/w4b_polymarket_recensus_venue_events_v1.csv.gz,sports,4897,Who will win the Argentina v. Brazil soccer game on November 16?,,,soccer
PM_ALL_POLYMARKET_CONTRACT_PNL,registry/w4b_polymarket_recensus_venue_events_v1.csv.gz,sports,4898,NFL: Who will win the Bengals v. Browns game on November 7th?,,,nfl
PM_ALL_POLYMARKET_CONTRACT_PNL,registry/w4b_polymarket_recensus_venue_events_v1.csv.gz,macro,4899,Will Labor win more seats than the Liberal-Nationals in the 2022 Australian Federal Election?,,,fed;election
PM_ALL_POLYMARKET_CONTRACT_PNL,registry/w4b_polymarket_recensus_venue_events_v1.csv.gz,sports,4900,NBA: Will the Bucks beat the Pistons by more than 4.5 points in their November 2nd matchup?,,,nba
PM_ALL_POLYMARKET_CONTRACT_PNL,registry/w4b_polymarket_recensus_venue_events_v1.csv.gz,sports,4902,NBA: Will the Bulls beat the Mavericks by more than 3.5 points in their November 10th matchup?,,,nba
PM_ALL_POLYMARKET_CONTRACT_PNL,registry/w4b_polymarket_recensus_venue_events_v1.csv.gz,sports,4903,NFL: Will the Eagles beat the Jets by more than 6.5 points in their December 5 matchup?,,,nfl
PM_ALL_POLYMARKET_CONTRACT_PNL,registry/w4b_polymarket_recensus_venue_events_v1.csv.gz,sports,4907,NBA: Will the Bucks beat the Pelicans by more than 10.5 points in their January 1 matchup?,,,nba
PM_ALL_POLYMARKET_CONTRACT_PNL,registry/w4b_polymarket_recensus_venue_events_v1.csv.gz,sports,4908,NHL: Will the Islanders beat the Senators by more than 1.5 points in their December 7 matchup?,,,nhl
PM_ALL_POLYMARKET_CONTRACT_PNL,registry/w4b_polymarket_recensus_venue_events_v1.csv.gz,sports,4913,NFL: Will the Chargers beat the Broncos by more than 2.5 points in their November 28th matchup?,,,nfl
PM_ALL_POLYMARKET_CONTRACT_PNL,registry/w4b_polymarket_recensus_venue_events_v1.csv.gz,crypto,4921,Will the Otherdeed floor price be above 3 ETH on May 20?,,,eth
PM_ALL_POLYMARKET_CONTRACT_PNL,registry/w4b_polymarket_recensus_venue_events_v1.csv.gz,politics,4923,"How many J&J vaccine doses will be administered by May 1, 2021?",,,minister
PM_ALL_POLYMARKET_CONTRACT_PNL,registry/w4b_polymarket_recensus_venue_events_v1.csv.gz,crypto,4925,Will the FTX Crypto Cup preliminary game between Anish Giri and Hikaru Nakamura end in a draw?,,,crypto
PM_ALL_POLYMARKET_CONTRACT_PNL,registry/w4b_polymarket_recensus_venue_events_v1.csv.gz,politics,4927,Will President Biden say “Trump” during his August 26 speech + Q&A?,,,president
PM_ALL_POLYMARKET_CONTRACT_PNL,registry/w4b_polymarket_recensus_venue_events_v1.csv.gz,sports,4928,World Chess Championship 2021: Will there be tiebreaks?,,,champions
PM_ALL_POLYMARKET_CONTRACT_PNL,registry/w4b_polymarket_recensus_venue_events_v1.csv.gz,crypto,4929,"What will the price of Ethereum ($ETH) be on March 10, 2022?",,,ethereum;eth
PM_ALL_POLYMARKET_CONTRACT_PNL,registry/w4b_polymarket_recensus_venue_events_v1.csv.gz,crypto,4930,"Will the floor price of Moonbirds be 30 ETH or more on May 15, 2022?",,,eth
PM_ALL_POLYMARKET_CONTRACT_PNL,registry/w4b_polymarket_recensus_venue_events_v1.csv.gz,fda_biotech,4934,Will Uniswap be live on Polygon before 2022?,,,fda
PM_ALL_POLYMARKET_CONTRACT_PNL,registry/w4b_polymarket_recensus_venue_events_v1.csv.gz,sports,4935,NFL: Will the Chargers beat the Vikings by more than 3.5 points in their November 14th matchup?,,,nfl
PM_ALL_POLYMARKET_CONTRACT_PNL,registry/w4b_polymarket_recensus_venue_events_v1.csv.gz,crypto,4936,"Will $ETH be above $2,900 on May 7, 2022?",,,eth
PM_ALL_POLYMARKET_CONTRACT_PNL,registry/w4b_polymarket_recensus_venue_events_v1.csv.gz,sports,4937,Will the 76ers or the Wizards win their Round 1 NBA Playoff Series?,,,nba
PM_ALL_POLYMARKET_CONTRACT_PNL,registry/w4b_polymarket_recensus_venue_events_v1.csv.gz,macro,4938,"Will UST (Terra USD) fall below 90 cents by July 30, 2022?",,,fed
PM_ALL_POLYMARKET_CONTRACT_PNL,registry/w4b_polymarket_recensus_venue_events_v1.csv.gz,sports,4939,(In-Game Trading) Will the Chiefs or the Ravens win their NFL week 2 matchup?,,,nfl
PM_ALL_POLYMARKET_CONTRACT_PNL,registry/w4b_polymarket_recensus_venue_events_v1.csv.gz,sports,4943,NHL: Will the Jets beat the Canadiens by more than 1.5 goals in their April 11 matchup (7 PM ET)?,,,nhl
PM_ALL_POLYMARKET_CONTRACT_PNL,registry/w4b_polymarket_recensus_venue_events_v1.csv.gz,sports,4944,NBA: Will the sum of points in 76ers v Kings be an even or an odd number?,,,nba
PM_ALL_POLYMARKET_CONTRACT_PNL,registry/w4b_polymarket_recensus_venue_events_v1.csv.gz,sports,4945,NBA: Will the Cavaliers beat the Pacers by more than 2.5 points in their January 2 matchup?,,,nba
PM_ALL_POLYMARKET_CONTRACT_PNL,registry/w4b_polymarket_recensus_venue_events_v1.csv.gz,sports,4946,NFL: Will the Vikings beat the Lions by more than 7.5 points in their December 5 matchup?,,,nfl
PM_ALL_POLYMARKET_CONTRACT_PNL,registry/w4b_polymarket_recensus_venue_events_v1.csv.gz,sports,4947,NFL: Will the Bills beat the Saints by more than 6.5 points in their November 25th matchup?,,,nfl
PM_ALL_POLYMARKET_CONTRACT_PNL,registry/w4b_polymarket_recensus_venue_events_v1.csv.gz,sports,4948,UFC 269: Who will win - Geoff Neal or Santiago Ponzinibbio?,,,ufc
PM_ALL_POLYMARKET_CONTRACT_PNL,registry/w4b_polymarket_recensus_venue_events_v1.csv.gz,crypto,4950,"Will the floor price of Bored Apes be over 100 ETH on April 1, 2022?",,,eth
PM_ALL_POLYMARKET_CONTRACT_PNL,registry/w4b_polymarket_recensus_venue_events_v1.csv.gz,sports,4951,Will the Seahawks or the Rams win their week 10 NFL matchup?,,,nfl
PM_ALL_POLYMARKET_CONTRACT_PNL,registry/w4b_polymarket_recensus_venue_events_v1.csv.gz,crypto,4952,Will Fabiano Caruana or Ian Nepomniachtchi win their Quarterfinals Series of the FTX Crypto Cup?,,,crypto
PM_ALL_POLYMARKET_CONTRACT_PNL,registry/w4b_polymarket_recensus_venue_events_v1.csv.gz,sports,4953,Will the Colts beat the Lions by more than 2 points in their NFL Preseason matchup?,,,nfl
PM_ALL_POLYMARKET_CONTRACT_PNL,registry/w4b_polymarket_recensus_venue_events_v1.csv.gz,crypto,4954,Will CMS Intern make it to the final table of the CryptOG Charity Poker Tournament?,,,crypto
PM_ALL_POLYMARKET_CONTRACT_PNL,registry/w4b_polymarket_recensus_venue_events_v1.csv.gz,sports,4955,NBA: Will the Grizzlies beat the Lakers by more than 4.5 points in their December 29 matchup?,,,nba
PM_ALL_POLYMARKET_CONTRACT_PNL,registry/w4b_polymarket_recensus_venue_events_v1.csv.gz,sports,4957,NBA: Will the Bucks beat the Raptors by more than 4.5 points in their December 2 matchup?,,,nba
PM_ALL_POLYMARKET_CONTRACT_PNL,registry/w4b_polymarket_recensus_venue_events_v1.csv.gz,sports,4958,Will the 76ers or the Hawks win their NBA Conference Semifinals Series?,,,nba
PM_ALL_POLYMARKET_CONTRACT_PNL,registry/w4b_polymarket_recensus_venue_events_v1.csv.gz,sports,4959,"MLB: Who will win Toronto Blue Jays vs. Cleveland Guardians, scheduled for May 5, 6:10 PM ET?",,,mlb
PM_ALL_POLYMARKET_CONTRACT_PNL,registry/w4b_polymarket_recensus_venue_events_v1.csv.gz,sports,4964,NBA: Will the Mavericks beat the Pelicans by more than 3.5 points in their December 1 matchup?,,,nba
PM_ALL_POLYMARKET_CONTRACT_PNL,registry/w4b_polymarket_recensus_venue_events_v1.csv.gz,sports,4967,NFL: Will the Chiefs beat the Chargers by more than 3.5 points in their December 16 matchup?,,,nfl
PM_ALL_POLYMARKET_CONTRACT_PNL,registry/w4b_polymarket_recensus_venue_events_v1.csv.gz,politics,4968,Will 225M COVID-19 vaccine doses have been administered in the US by Biden's 100th day in office?,,,minister
PM_ALL_POLYMARKET_CONTRACT_PNL,registry/w4b_polymarket_recensus_venue_events_v1.csv.gz,sports,4969,NBA: Will the Knicks beat the Pistons by more than 9.5 points in their December 21 matchup?,,,nba
PM_ALL_POLYMARKET_CONTRACT_PNL,registry/w4b_polymarket_recensus_venue_events_v1.csv.gz,sports,4971,NBA: Will the Mavericks beat the Kings by more than 1.5 points in their December 29 matchup?,,,nba
PM_ALL_POLYMARKET_CONTRACT_PNL,registry/w4b_polymarket_recensus_venue_events_v1.csv.gz,sports,4972,Who will win Bucks v. Suns: NBA Finals Game 6?,,,nba
PM_ALL_POLYMARKET_CONTRACT_PNL,registry/w4b_polymarket_recensus_venue_events_v1.csv.gz,sports,4975,UFC 272: Who will win - Edson Barboza or Bryce Mitchell?,,,ufc
PM_ALL_POLYMARKET_CONTRACT_PNL,registry/w4b_polymarket_recensus_venue_events_v1.csv.gz,sports,4976,Soccer: Who will win the United States vs. Uruguay international friendly game on June 5?,,,soccer
PM_ALL_POLYMARKET_CONTRACT_PNL,registry/w4b_polymarket_recensus_venue_events_v1.csv.gz,sports,4977,NBA: Will the Jazz beat the Kings by more than 9.5 points in their November 2nd matchup?,,,nba
PM_ALL_POLYMARKET_CONTRACT_PNL,registry/w4b_polymarket_recensus_venue_events_v1.csv.gz,sports,4979,"NHL: Who will win Hurricanes vs. Rangers, scheduled for May 28, 8:00 PM ET?",,,nhl
PM_ALL_POLYMARKET_CONTRACT_PNL,registry/w4b_polymarket_recensus_venue_events_v1.csv.gz,fda_biotech,4980,Will the Chiefs beat the Vikings by more than 4 points in their NFL preseason matchup?,,,fda;nfl
PM_ALL_POLYMARKET_CONTRACT_PNL,registry/w4b_polymarket_recensus_venue_events_v1.csv.gz,sports,4981,Will the Brooklyn Nets make the 2022 NBA playoffs?,,,nba
PM_ALL_POLYMARKET_CONTRACT_PNL,registry/w4b_polymarket_recensus_venue_events_v1.csv.gz,sports,4982,NBA: Will the Suns beat the Pelicans by more than 11.5 points in their November 2nd matchup?,,,nba
PM_ALL_POLYMARKET_CONTRACT_PNL,registry/w4b_polymarket_recensus_venue_events_v1.csv.gz,sports,4983,Will Brazil or Spain win gold in Men’s Soccer at the 2020 Olympics?,,,soccer
PM_ALL_POLYMARKET_CONTRACT_PNL,registry/w4b_polymarket_recensus_venue_events_v1.csv.gz,sports,4984,NBA: Will the Trail Blazers beat the Hornets by more than 1.5 points in their December 17 matchup?,,,nba
PM_ALL_POLYMARKET_CONTRACT_PNL,registry/w4b_polymarket_recensus_venue_events_v1.csv.gz,sports,4986,NFL: Will the Raiders beat the Broncos by more than 0.5 points in their December 26 matchup?,,,nfl
PM_ALL_POLYMARKET_CONTRACT_PNL,registry/w4b_polymarket_recensus_venue_events_v1.csv.gz,fda_biotech,4988,Will Caeleb Dressel win gold in the Men’s 100M freestyle at the 2020 Olympics?,,,fda
PM_ALL_POLYMARKET_CONTRACT_PNL,registry/w4b_polymarket_recensus_venue_events_v1.csv.gz,crypto,4990,"Will the floor price of Bored Apes be over 80 ETH on March 4, 2022?",,,eth
PM_ALL_POLYMARKET_CONTRACT_PNL,registry/w4b_polymarket_recensus_venue_events_v1.csv.gz,macro,4991,Will annual inflation in the USA be 7.0% or more in December 2021?,,,inflation;nfl
PM_ALL_POLYMARKET_CONTRACT_PNL,registry/w4b_polymarket_recensus_venue_events_v1.csv.gz,crypto,4993,Will Tom Dwan make it to the final table of the CryptOG Charity Poker Tournament?,,,crypto
PM_ALL_POLYMARKET_CONTRACT_PNL,registry/w4b_polymarket_recensus_venue_events_v1.csv.gz,crypto,4995,Will the floor price of CryptoPunks be above 85 ETH on November 15?,,,crypto;eth
PM_ALL_POLYMARKET_CONTRACT_PNL,registry/w4b_polymarket_recensus_venue_events_v1.csv.gz,sports,4996,NFL: Will the Bills beat the Dolphins by more than 13.5 points in their October 31st matchup?,,,nfl
PM_ALL_POLYMARKET_CONTRACT_PNL,registry/w4b_polymarket_recensus_venue_events_v1.csv.gz,crypto,4998,Which cryptocurrency will have higher market cap on November 18th: Cardano ($ADA) or Solana ($SOL)?,,,solana;crypto
PM_ALL_POLYMARKET_CONTRACT_PNL,registry/w4b_polymarket_recensus_venue_events_v1.csv.gz,sports,4999,"Will Coinbase’s NFT marketplace be live by April 1st, 2022?",,,nba
PM_ALL_POLYMARKET_CONTRACT_PNL,registry/w4b_polymarket_recensus_venue_events_v1.csv.gz,sports,5000,NFL: Will the 49ers beat the Vikings by more than 3.5 points in their November 28th matchup?,,,nfl
PM_ALL_POLYMARKET_CONTRACT_PNL,registry/w4b_polymarket_recensus_venue_events_v1.csv.gz,sports,5002,"MLB: Who will win Angels vs. Astros, scheduled for April 8 (9:38PM ET)?",,,mlb
PM_ALL_POLYMARKET_CONTRACT_PNL,registry/w4b_polymarket_recensus_venue_events_v1.csv.gz,sports,5003,Will Real Madrid or Chelsea advance to the Champions League final?,,,champions
PM_ALL_POLYMARKET_CONTRACT_PNL,registry/w4b_polymarket_recensus_venue_events_v1.csv.gz,sports,5007,NFL: Will the Dolphins beat the Jets by more than 3.5 points in their November 21st matchup?,,,nfl
PM_ALL_POLYMARKET_CONTRACT_PNL,registry/w4b_polymarket_recensus_venue_events_v1.csv.gz,crypto,5009,Will Sequoia Capital's Youtube memo sell for more than 100 ETH?,,,eth
PM_ALL_POLYMARKET_CONTRACT_PNL,registry/w4b_polymarket_recensus_venue_events_v1.csv.gz,crypto,5010,Will Magnus Carlsen or Teimour Radjabov win their Semifinals Series of the FTX Crypto Cup?,,,crypto
PM_ALL_POLYMARKET_CONTRACT_PNL,registry/w4b_polymarket_recensus_venue_events_v1.csv.gz,sports,5013,NFL: Will the 49ers beat the Bears by more than 3.5 points in their October 31st matchup?,,,nfl
PM_ALL_POLYMARKET_CONTRACT_PNL,registry/w4b_polymarket_recensus_venue_events_v1.csv.gz,sports,5014,NFL: Will the Saints beat the Jets by more than 5.5 points in their December 12 matchup?,,,nfl
PM_ALL_POLYMARKET_CONTRACT_PNL,registry/w4b_polymarket_recensus_venue_events_v1.csv.gz,sports,5016,NBA: Will the sum of points in Clippers v Kings be greater than 217.5?,,,nba
PM_ALL_POLYMARKET_CONTRACT_PNL,registry/w4b_polymarket_recensus_venue_events_v1.csv.gz,sports,5018,NHL: Will the Avalanche beat the Canadiens by more than 1.5 points in their December 2 matchup?,,,nhl
PM_ALL_POLYMARKET_CONTRACT_PNL,registry/w4b_polymarket_recensus_venue_events_v1.csv.gz,sports,5020,"MLB: Who will win San Diego Padres vs. Milwaukee Brewers, scheduled for May 25, 4:11 PM ET?",,,mlb
PM_ALL_POLYMARKET_CONTRACT_PNL,registry/w4b_polymarket_recensus_venue_events_v1.csv.gz,sports,5022,Who will win Bucks v. Suns: NBA Finals Game 5?,,,nba
PM_ALL_POLYMARKET_CONTRACT_PNL,registry/w4b_polymarket_recensus_venue_events_v1.csv.gz,sports,5023,NBA: Will the Nets beat the Grizzlies by more than 6.5 points in their January 3 matchup?,,,nba
PM_ALL_POLYMARKET_CONTRACT_PNL,registry/w4b_polymarket_recensus_venue_events_v1.csv.gz,sports,5025,NFL: Will the Bills beat the Patriots by more than 4.5 points in their December 6 matchup?,,,nfl
PM_ALL_POLYMARKET_CONTRACT_PNL,registry/w4b_polymarket_recensus_venue_events_v1.csv.gz,crypto,5026,Will the floor price of Bored Apes be above 93 ETH on May 30th?,,,eth
PM_ALL_POLYMARKET_CONTRACT_PNL,registry/w4b_polymarket_recensus_venue_events_v1.csv.gz,sports,5028,NBA: Will the Bucks beat the Lakers by more than 8.5 points in their November 17th matchup?,,,nba
PM_ALL_POLYMARKET_CONTRACT_PNL,registry/w4b_polymarket_recensus_venue_events_v1.csv.gz,sports,5030,NBA: Will the Bucks beat the Rockets by more than 8.5 points in their December 10 matchup?,,,nba
PM_ALL_POLYMARKET_CONTRACT_PNL,registry/w4b_polymarket_recensus_venue_events_v1.csv.gz,sports,5032,NFL: Will the Cowboys beat the Falcons by more than 9.5 points in their November 14th matchup?,,,nfl
PM_ALL_POLYMARKET_CONTRACT_PNL,registry/w4b_polymarket_recensus_venue_events_v1.csv.gz,politics,5033,Which party will win the U.S. Senate runoff in Georgia? (Ossoff - D vs. Perdue - R),,,senate;party
PM_ALL_POLYMARKET_CONTRACT_PNL,registry/w4b_polymarket_recensus_venue_events_v1.csv.gz,politics,5034,"Will Donald Trump be President of the USA on December 31, 2021?",,,president
PM_ALL_POLYMARKET_CONTRACT_PNL,registry/w4b_polymarket_recensus_venue_events_v1.csv.gz,macro,5035,Will France or Switzerland qualify for the Euro 2020 Quarterfinals?,,,fed;fda
PM_ALL_POLYMARKET_CONTRACT_PNL,registry/w4b_polymarket_recensus_venue_events_v1.csv.gz,crypto,5037,Will Magnus Carlsen or Hikaru Nakamura win in their FTX Crypto Cup preliminary match?,,,crypto
PM_ALL_POLYMARKET_CONTRACT_PNL,registry/w4b_polymarket_recensus_venue_events_v1.csv.gz,sports,5038,Will the Warriors or the Lakers win their NBA play-in tournament matchup?,,,nba
PM_ALL_POLYMARKET_CONTRACT_PNL,registry/w4b_polymarket_recensus_venue_events_v1.csv.gz,crypto,5039,"Will Binance Coin (BNB) have a higher market cap than Ethereum (ETH) at any time before July 1, 2021?",,,ethereum;eth
PM_ALL_POLYMARKET_CONTRACT_PNL,registry/w4b_polymarket_recensus_venue_events_v1.csv.gz,macro,5040,Will inflation be 0.6% or more from June to July?,,,inflation;nfl
PM_ALL_POLYMARKET_CONTRACT_PNL,registry/w4b_polymarket_recensus_venue_events_v1.csv.gz,sports,5043,UFC 269: Who will win - Charles Oliveira or Dustin Poirier?,,,ufc
PM_ALL_POLYMARKET_CONTRACT_PNL,registry/w4b_polymarket_recensus_venue_events_v1.csv.gz,crypto,5044,Will the English Opening be played during the FTX Crypto Cup Finals between Magnus Carlsen and Wesley So?,,,crypto
PM_ALL_POLYMARKET_CONTRACT_PNL,registry/w4b_polymarket_recensus_venue_events_v1.csv.gz,sports,5045,NBA: Will the Pacers beat the Hawks by more than 1.5 points in their December 1 matchup?,,,nba
PM_ALL_POLYMARKET_CONTRACT_PNL,registry/w4b_polymarket_recensus_venue_events_v1.csv.gz,sports,5048,NBA: Will the Raptors beat the Kings by more than 4.5 points in their December 13 matchup?,,,nba
PM_ALL_POLYMARKET_CONTRACT_PNL,registry/w4b_polymarket_recensus_venue_events_v1.csv.gz,sports,5050,"NBA: Who will win Celtics vs. Heat, scheduled for May 29, 8:30 PM ET?",,,nba
PM_ALL_POLYMARKET_CONTRACT_PNL,registry/w4b_polymarket_recensus_venue_events_v1.csv.gz,sports,5051,Who will win UFC 263: Adesanya vs. Vettori?,,,ufc
PM_ALL_POLYMARKET_CONTRACT_PNL,registry/w4b_polymarket_recensus_venue_events_v1.csv.gz,sports,5052,NBA: Will the Bucks beat the Pistons by more than 14.5 points in their 24th November matchup?,,,nba
PM_ALL_POLYMARKET_CONTRACT_PNL,registry/w4b_polymarket_recensus_venue_events_v1.csv.gz,sports,5053,NBA: Will the Warriors beat the Nuggets by more than 4.5 points in their December 30 matchup?,,,nba
PM_ALL_POLYMARKET_CONTRACT_PNL,registry/w4b_polymarket_recensus_venue_events_v1.csv.gz,crypto,5055,Will the floor price of Bored Apes be above 110 ETH on May 19?,,,eth
PM_ALL_POLYMARKET_CONTRACT_PNL,registry/w4b_polymarket_recensus_venue_events_v1.csv.gz,politics,5056,"Will President Biden visit Ukraine by June 1, 2022?",,,president
PM_ALL_POLYMARKET_CONTRACT_PNL,registry/w4b_polymarket_recensus_venue_events_v1.csv.gz,sports,5058,NBA: Who will win the Grizzlies v. Nuggets game on November 3rd?,,,nba
PM_ALL_POLYMARKET_CONTRACT_PNL,registry/w4b_polymarket_recensus_venue_events_v1.csv.gz,politics,5059,Will Bongbong Marcos be elected President of the Philippines in 2022?,,,president
PM_ALL_POLYMARKET_CONTRACT_PNL,registry/w4b_polymarket_recensus_venue_events_v1.csv.gz,crypto,5066,Will Hikaru Nakamura win 2 or more times during his May 24 FTX Crypto Cup preliminary games?,,,crypto
PM_ALL_POLYMARKET_CONTRACT_PNL,registry/w4b_polymarket_recensus_venue_events_v1.csv.gz,sports,5067,NBA: Will the Pacers beat the Pistons by more than 9.5 points in their December 16 matchup?,,,nba
PM_ALL_POLYMARKET_CONTRACT_PNL,registry/w4b_polymarket_recensus_venue_events_v1.csv.gz,crypto,5069,"Will the Ethereum 2.0 Genesis Event happen successfully on December 1st, 2020?",,,ethereum;eth
PM_ALL_POLYMARKET_CONTRACT_PNL,registry/w4b_polymarket_recensus_venue_events_v1.csv.gz,sports,5070,NBA: Will the Heat beat the Grizzlies by more than 4.5 points in their December 6 matchup?,,,nba
PM_ALL_POLYMARKET_CONTRACT_PNL,registry/w4b_polymarket_recensus_venue_events_v1.csv.gz,sports,5074,"MLB: Who will win Chicago Cubs vs. Cincinnati Reds, scheduled for May 23, 6:41 PM ET?",,,mlb
PM_ALL_POLYMARKET_CONTRACT_PNL,registry/w4b_polymarket_recensus_venue_events_v1.csv.gz,sports,5075,NBA: Will the Knicks beat the Rockets by more than 6.5 points in their December 16 matchup?,,,nba
PM_ALL_POLYMARKET_CONTRACT_PNL,registry/w4b_polymarket_recensus_venue_events_v1.csv.gz,crypto,5076,Will Benjamin Cowen or Matt Huang win in their CryptoChamps Semifinals chess match?,,,crypto
PM_ALL_POLYMARKET_CONTRACT_PNL,registry/w4b_polymarket_recensus_venue_events_v1.csv.gz,sports,5077,NHL: Will the Lightning beat the Senators by more than 1.5 goals in their December 16 matchup?,,,nhl
PM_ALL_POLYMARKET_CONTRACT_PNL,registry/w4b_polymarket_recensus_venue_events_v1.csv.gz,crypto,5078,Will the Netherlands be the Group C winner in the Euro 2020?,,,eth
PM_ALL_POLYMARKET_CONTRACT_PNL,registry/w4b_polymarket_recensus_venue_events_v1.csv.gz,sports,5082,NBA: Will the Timberwolves beat the Lakers by more than 1.5 points in their December 17 matchup?,,,nba
PM_ALL_POLYMARKET_CONTRACT_PNL,registry/w4b_polymarket_recensus_venue_events_v1.csv.gz,crypto,5083,Will Alireza Firouzja or Anish Giri win in their FTX Crypto Cup preliminary game?,,,crypto
PM_ALL_POLYMARKET_CONTRACT_PNL,registry/w4b_polymarket_recensus_venue_events_v1.csv.gz,sports,5084,Who will win Nets vs. Celtics: Game 3?,,,nba
PM_ALL_POLYMARKET_CONTRACT_PNL,registry/w4b_polymarket_recensus_venue_events_v1.csv.gz,crypto,5085,Will $CRO (Crypto.com Coin) be above $1 on December 1?,,,crypto
PM_ALL_POLYMARKET_CONTRACT_PNL,registry/w4b_polymarket_recensus_venue_events_v1.csv.gz,politics,5086,Will Madison Cawthorn win the Republican nomination for the NC-11 House election?,,,election;house
PM_ALL_POLYMARKET_CONTRACT_PNL,registry/w4b_polymarket_recensus_venue_events_v1.csv.gz,sports,5088,NBA: Will the Spurs beat the Pistons by more than 11.5 points in their December 26 matchup?,,,nba
PM_ALL_POLYMARKET_CONTRACT_PNL,registry/w4b_polymarket_recensus_venue_events_v1.csv.gz,sports,5089,NBA: Will the Grizzlies beat the Raptors by more than 3.5 points in their 24th November matchup?,,,nba
PM_ALL_POLYMARKET_CONTRACT_PNL,registry/w4b_polymarket_recensus_venue_events_v1.csv.gz,sports,5090,"NHL: Who will win Avalanche vs. Blues, scheduled for May 17, 9:30 PM ET?",,,nhl
PM_ALL_POLYMARKET_CONTRACT_PNL,registry/w4b_polymarket_recensus_venue_events_v1.csv.gz,sports,5092,NBA: Will the Rockets beat the Thunder by more than 2.5 points in their November 29th matchup?,,,nba
PM_ALL_POLYMARKET_CONTRACT_PNL,registry/w4b_polymarket_recensus_venue_events_v1.csv.gz,macro,5093,NFL: Will the Vikings beat the Bears by more than 4.5 points in their December 20 matchup?,,,fed;nfl
PM_ALL_POLYMARKET_CONTRACT_PNL,registry/w4b_polymarket_recensus_venue_events_v1.csv.gz,sports,5096,"Will Coinbase begin publicly trading before Jan 1, 2021?",,,nba
PM_ALL_POLYMARKET_CONTRACT_PNL,registry/w4b_polymarket_recensus_venue_events_v1.csv.gz,sports,5097,Who will win the 2021 NBA Finals?,,,nba
PM_ALL_POLYMARKET_CONTRACT_PNL,registry/w4b_polymarket_recensus_venue_events_v1.csv.gz,macro,5101,Will U.S. inflation be more than 0.5% from April to May 2022?,,,inflation;nfl
PM_ALL_POLYMARKET_CONTRACT_PNL,registry/w4b_polymarket_recensus_venue_events_v1.csv.gz,politics,5102,Will President Biden visit Saudi Arabia before July 2022?,,,president
PM_ALL_POLYMARKET_CONTRACT_PNL,registry/w4b_polymarket_recensus_venue_events_v1.csv.gz,macro,5103,Will annual inflation in the European Union be 8.8% or more in May?,,,inflation;nfl
PM_ALL_POLYMARKET_CONTRACT_PNL,registry/w4b_polymarket_recensus_venue_events_v1.csv.gz,sports,5111,"NHL: Who will win Hurricanes vs. Rangers, scheduled for May 22, 3:30 PM ET?",,,nhl
PM_ALL_POLYMARKET_CONTRACT_PNL,registry/w4b_polymarket_recensus_venue_events_v1.csv.gz,crypto,5113,"Will $ETH hit $1,500 or $2,500 first?",,,eth
PM_ALL_POLYMARKET_CONTRACT_PNL,registry/w4b_polymarket_recensus_venue_events_v1.csv.gz,sports,5114,NBA: Will the Nets beat the Knicks by more than 5.5 points in their November 30th matchup?,,,nba
PM_ALL_POLYMARKET_CONTRACT_PNL,registry/w4b_polymarket_recensus_venue_events_v1.csv.gz,sports,5115,NFL: Will the Bengals beat the Steelers by more than 3.5 points in their November 28th matchup?,,,nfl
PM_ALL_POLYMARKET_CONTRACT_PNL,registry/w4b_polymarket_recensus_venue_events_v1.csv.gz,sports,5116,(In-Game Trading) Who will win Bucks v. Suns: NBA Finals Game 5?,,,nba
PM_ALL_POLYMARKET_CONTRACT_PNL,registry/w4b_polymarket_recensus_venue_events_v1.csv.gz,sports,5119,NBA: Will the Nets beat the Pelicans by more than 7.5 points in their November 12th matchup?,,,nba
PM_ALL_POLYMARKET_CONTRACT_PNL,registry/w4b_polymarket_recensus_venue_events_v1.csv.gz,sports,5121,"NHL: Who will win Avalanche vs. Blues, scheduled for May 21, 8:00 PM ET?",,,nhl
PM_ALL_POLYMARKET_CONTRACT_PNL,registry/w4b_polymarket_recensus_venue_events_v1.csv.gz,politics,5122,Will Clubhouse officially announce they’ve been acquired in 2021?,,,house
PM_ALL_POLYMARKET_CONTRACT_PNL,registry/w4b_polymarket_recensus_venue_events_v1.csv.gz,sports,5125,NFL: Will the Texans beat the Jets by more than 4.5 points in their November 28th matchup?,,,nfl
PM_ALL_POLYMARKET_CONTRACT_PNL,registry/w4b_polymarket_recensus_venue_events_v1.csv.gz,sports,5126,FIFA World Cup Qualifier: Who will win USA vs. Costa Rica on March 30?,,,world cup
PM_ALL_POLYMARKET_CONTRACT_PNL,registry/w4b_polymarket_recensus_venue_events_v1.csv.gz,sports,5128,Will PSG or Bayern advance to the semi-final of the Champions League?,,,champions
PM_ALL_POLYMARKET_CONTRACT_PNL,registry/w4b_polymarket_recensus_venue_events_v1.csv.gz,sports,5130,NHL: Will the Senators beat the Devils by more than 1.5 goals in their February 7 matchup (7 PM ET)?,,,nhl
PM_ALL_POLYMARKET_CONTRACT_PNL,registry/w4b_polymarket_recensus_venue_events_v1.csv.gz,sports,5131,NBA: Will the Lakers beat the Thunder by more than 5.5 points in their December 10 matchup?,,,nba
PM_ALL_POLYMARKET_CONTRACT_PNL,registry/w4b_polymarket_recensus_venue_events_v1.csv.gz,sports,5133,"NHL: Who will win Lightning vs. Rangers, scheduled for June 3, 8:10 PM ET?",,,nhl
PM_ALL_POLYMARKET_CONTRACT_PNL,registry/w4b_polymarket_recensus_venue_events_v1.csv.gz,sports,5135,NBA: Will the Bucks beat the Magic by more than 11.5 points in their November 20th matchup?,,,nba
PM_ALL_POLYMARKET_CONTRACT_PNL,registry/w4b_polymarket_recensus_venue_events_v1.csv.gz,sports,5137,NFL: Will the Cardinals beat the Bears by more than 6.5 points in their December 5 matchup?,,,nfl
PM_ALL_POLYMARKET_CONTRACT_PNL,registry/w4b_polymarket_recensus_venue_events_v1.csv.gz,sports,5139,Will Juventus or Chelsea win their Champions League match on September 29?,,,champions
PM_ALL_POLYMARKET_CONTRACT_PNL,registry/w4b_polymarket_recensus_venue_events_v1.csv.gz,macro,5140,"How many more tweets will be on the @mtgreenee account on March 30, 2021?",,,fed
PM_ALL_POLYMARKET_CONTRACT_PNL,registry/w4b_polymarket_recensus_venue_events_v1.csv.gz,sports,5141,Will the Jazz or the Clippers win their NBA Conference Semifinals Series?,,,nba
PM_ALL_POLYMARKET_CONTRACT_PNL,registry/w4b_polymarket_recensus_venue_events_v1.csv.gz,macro,5142,"Will Cardano ($ADA) break $3 before January 1, 2022?",,,dollar
PM_ALL_POLYMARKET_CONTRACT_PNL,registry/w4b_polymarket_recensus_venue_events_v1.csv.gz,sports,5143,NFL: Will the Dolphins beat the Texans by more than 5.5 points in their November 7th matchup?,,,nfl
PM_ALL_POLYMARKET_CONTRACT_PNL,registry/w4b_polymarket_recensus_venue_events_v1.csv.gz,crypto,5144,"Will $ETH (Ethereum) be above $4,000 on January 12, 12pm ET?",,,ethereum;eth
PM_ALL_POLYMARKET_CONTRACT_PNL,registry/w4b_polymarket_recensus_venue_events_v1.csv.gz,sports,5145,NBA: Will the Timberwolves beat the Magic by more than 8.5 points in their November 1st matchup?,,,nba
PM_ALL_POLYMARKET_CONTRACT_PNL,registry/w4b_polymarket_recensus_venue_events_v1.csv.gz,sports,5146,NFL: Will the Buccaneers beat the Saints by more than 4.5 points in their October 31st matchup?,,,nfl
PM_ALL_POLYMARKET_CONTRACT_PNL,registry/w4b_polymarket_recensus_venue_events_v1.csv.gz,sports,5147,"NHL: Who will win Panthers vs. Lightning, scheduled for May 17, 7:00 PM ET?",,,nhl
PM_ALL_POLYMARKET_CONTRACT_PNL,registry/w4b_polymarket_recensus_venue_events_v1.csv.gz,macro,5149,Will weekly jobless claims exceed 650K for the week ending on April 3?,,,unemployment
PM_ALL_POLYMARKET_CONTRACT_PNL,registry/w4b_polymarket_recensus_venue_events_v1.csv.gz,macro,5150,Who will win UFC 264: McGregor vs. Poirier?,,,fed;ufc
PM_ALL_POLYMARKET_CONTRACT_PNL,registry/w4b_polymarket_recensus_venue_events_v1.csv.gz,sports,5152,NHL: Will the Lightning beat the Flyers by more than 1.5 points in their December 5 matchup?,,,nhl
PM_ALL_POLYMARKET_CONTRACT_PNL,registry/w4b_polymarket_recensus_venue_events_v1.csv.gz,politics,5153,"Will Joe Biden be President of the USA on April 30, 2021?",,,president
PM_ALL_POLYMARKET_CONTRACT_PNL,registry/w4b_polymarket_recensus_venue_events_v1.csv.gz,sports,5154,NBA: Will the Knicks beat the Cavaliers by more than 7.5 points in their November 7th matchup?,,,nba
PM_ALL_POLYMARKET_CONTRACT_PNL,registry/w4b_polymarket_recensus_venue_events_v1.csv.gz,sports,5155,Will Man City or PSG advance to the finals of the Champions League?,,,champions
PM_ALL_POLYMARKET_CONTRACT_PNL,registry/w4b_polymarket_recensus_venue_events_v1.csv.gz,sports,5157,Who will win Knicks vs. Hawks: Game 4?,,,nba
PM_ALL_POLYMARKET_CONTRACT_PNL,registry/w4b_polymarket_recensus_venue_events_v1.csv.gz,sports,5159,Who will win the Canada v. Mexico soccer game on November 16?,,,soccer
PM_ALL_POLYMARKET_CONTRACT_PNL,registry/w4b_polymarket_recensus_venue_events_v1.csv.gz,sports,5163,NFL: Will the Colts beat the Titans by more than 2.5 points in their October 31st matchup?,,,nfl
PM_ALL_POLYMARKET_CONTRACT_PNL,registry/w4b_polymarket_recensus_venue_events_v1.csv.gz,sports,5164,Will Conor McGregor win his UFC 257 match on January 23?,,,ufc
PM_ALL_POLYMARKET_CONTRACT_PNL,registry/w4b_polymarket_recensus_venue_events_v1.csv.gz,crypto,5165,Will the Otherdeed floor price be above 3.5 ETH on June 6?,,,eth
PM_ALL_POLYMARKET_CONTRACT_PNL,registry/w4b_polymarket_recensus_venue_events_v1.csv.gz,sports,5166,NBA: Will the Bucks beat the Heat by more than 5.5 points in their December 4 matchup?,,,nba
PM_ALL_POLYMARKET_CONTRACT_PNL,registry/w4b_polymarket_recensus_venue_events_v1.csv.gz,sports,5167,NBA: Will the Trail Blazers beat the Rockets by more than 6.5 points in their November 12th matchup?,,,nba
PM_ALL_POLYMARKET_CONTRACT_PNL,registry/w4b_polymarket_recensus_venue_events_v1.csv.gz,sports,5168,Will Alexander Volkanovski or Brian Ortega win their UFC fight on September 25th?,,,ufc
PM_ALL_POLYMARKET_CONTRACT_PNL,registry/w4b_polymarket_recensus_venue_events_v1.csv.gz,sports,5170,Will there be another (1072nd) NFL Scorigami in December 2021?,,,nfl
PM_ALL_POLYMARKET_CONTRACT_PNL,registry/w4b_polymarket_recensus_venue_events_v1.csv.gz,sports,5173,NFL: Will the Titans beat the Jaguars by more than 8.5 points in their December 12 matchup?,,,nfl
PM_ALL_POLYMARKET_CONTRACT_PNL,registry/w4b_polymarket_recensus_venue_events_v1.csv.gz,fda_biotech,5174,Will England or Scotland win their Euro 2020 match?,,,fda
PM_ALL_POLYMARKET_CONTRACT_PNL,registry/w4b_polymarket_recensus_venue_events_v1.csv.gz,sports,5176,NBA: Will the Wizards beat the Cavaliers by more than 3.5 points in their November 10th matchup?,,,nba
PM_ALL_POLYMARKET_CONTRACT_PNL,registry/w4b_polymarket_recensus_venue_events_v1.csv.gz,macro,5182,Will there be a federal charge filed against Hunter Biden before 2021?,,,fed
PM_ALL_POLYMARKET_CONTRACT_PNL,registry/w4b_polymarket_recensus_venue_events_v1.csv.gz,sports,5183,NBA: Will the Jazz beat the Pelicans by more than 11.5 points in their November 26th matchup?,,,nba
PM_ALL_POLYMARKET_CONTRACT_PNL,registry/w4b_polymarket_recensus_venue_events_v1.csv.gz,sports,5185,NBA: Will the Nets beat the 76ers by more than 5.5 points in their December 30 matchup?,,,nba
PM_ALL_POLYMARKET_CONTRACT_PNL,registry/w4b_polymarket_recensus_venue_events_v1.csv.gz,sports,5191,"NBA: Who will win Grizzlies vs. Timberwolves, scheduled for April 29, 9:05 PM ET?",,,nba
PM_ALL_POLYMARKET_CONTRACT_PNL,registry/w4b_polymarket_recensus_venue_events_v1.csv.gz,crypto,5192,"What will the ETH floor price of CryptoPunks be on September 21, 2021?",,,crypto;eth
PM_ALL_POLYMARKET_CONTRACT_PNL,registry/w4b_polymarket_recensus_venue_events_v1.csv.gz,sports,5193,Will the Patriots beat the Giants by more than 3 points in their NFL preseason matchup?,,,nfl
PM_ALL_POLYMARKET_CONTRACT_PNL,registry/w4b_polymarket_recensus_venue_events_v1.csv.gz,macro,5194,"MLB: Who will win Pittsburgh Pirates vs. Cincinnati Reds, scheduled for May 12, 6:36 PM ET?",,,rates;mlb
PM_ALL_POLYMARKET_CONTRACT_PNL,registry/w4b_polymarket_recensus_venue_events_v1.csv.gz,sports,5197,UFC 273: Who will win — Aljamain Sterling or Petr Yan?,,,ufc
PM_ALL_POLYMARKET_CONTRACT_PNL,registry/w4b_polymarket_recensus_venue_events_v1.csv.gz,sports,5199,NFL: Who will win the Chargers v. Eagles game on November 7th?,,,nfl
PM_ALL_POLYMARKET_CONTRACT_PNL,registry/w4b_polymarket_recensus_venue_events_v1.csv.gz,sports,5200,NBA: Will the Jazz beat the Grizzlies by more than 10.5 points in their November 22 matchup?,,,nba
PM_ALL_POLYMARKET_CONTRACT_PNL,registry/w4b_polymarket_recensus_venue_events_v1.csv.gz,sports,5201,NFL: Will the Eagles beat the Saints by more than 1.5 points in their November 21st matchup?,,,nfl
PM_ALL_POLYMARKET_CONTRACT_PNL,registry/w4b_polymarket_recensus_venue_events_v1.csv.gz,sports,5202,NFL: Will the Panthers beat Washington by more than 3.5 points in their November 21st matchup?,,,nfl
PM_ALL_POLYMARKET_CONTRACT_PNL,registry/w4b_polymarket_recensus_venue_events_v1.csv.gz,sports,5203,"NBA: Who will win Heat vs. Celtics, scheduled for May 19, 8:30 PM ET?",,,nba
PM_ALL_POLYMARKET_CONTRACT_PNL,registry/w4b_polymarket_recensus_venue_events_v1.csv.gz,sports,5205,NBA: Will the Bucks beat the Hornets by more than 8.5 points in their December 1 matchup?,,,nba
PM_ALL_POLYMARKET_CONTRACT_PNL,registry/w4b_polymarket_recensus_venue_events_v1.csv.gz,sports,5208,Will the Nets or the Celtics win their Round 1 NBA Playoff Series?,,,nba
PM_ALL_POLYMARKET_CONTRACT_PNL,registry/w4b_polymarket_recensus_venue_events_v1.csv.gz,macro,5209,Will Hikaru Nakamura draw 3 or more times during his May 24 FTX Crypto Cup preliminary games?,,,fed;crypto
PM_ALL_POLYMARKET_CONTRACT_PNL,registry/w4b_polymarket_recensus_venue_events_v1.csv.gz,fda_biotech,5212,Will President Biden say “Trump” during his August 24 speech + Q&A?,,,fda;president
PM_ALL_POLYMARKET_CONTRACT_PNL,registry/w4b_polymarket_recensus_venue_events_v1.csv.gz,sports,5213,NBA: Will the Heat beat the Nuggets by more than 2.5 points in their November 8th matchup?,,,nba
PM_ALL_POLYMARKET_CONTRACT_PNL,registry/w4b_polymarket_recensus_venue_events_v1.csv.gz,sports,5216,NBA: Will the Raptors beat the Knicks by more than 1.5 points in their December 10 matchup?,,,nba
PM_ALL_POLYMARKET_CONTRACT_PNL,registry/w4b_polymarket_recensus_venue_events_v1.csv.gz,sports,5219,Will the Wizards or the Celtics win their NBA play-in tournament matchup?,,,nba
PM_ALL_POLYMARKET_CONTRACT_PNL,registry/w4b_polymarket_recensus_venue_events_v1.csv.gz,sports,5221,NBA: Will the Trail Blazers beat the Pistons by more than 9.5 points in their November 30th matchup?,,,nba
PM_ALL_POLYMARKET_CONTRACT_PNL,registry/w4b_polymarket_recensus_venue_events_v1.csv.gz,sports,5223,NBA: Will the Hawks beat the Magic by more than 7.5 points in their December 15 matchup?,,,nba
PM_ALL_POLYMARKET_CONTRACT_PNL,registry/w4b_polymarket_recensus_venue_events_v1.csv.gz,macro,5228,"MLB: Who will win Los Angeles Dodgers vs. Pittsburgh Pirates, scheduled for May 9, 6:36 PM ET?",,,rates;mlb
PM_ALL_POLYMARKET_CONTRACT_PNL,registry/w4b_polymarket_recensus_venue_events_v1.csv.gz,sports,5230,NFL: Will the 49ers beat the Seahawks by more than 3.5 points in their December 5 matchup?,,,nfl
PM_ALL_POLYMARKET_CONTRACT_PNL,registry/w4b_polymarket_recensus_venue_events_v1.csv.gz,sports,5233,"Will any NBA Topshot sell for more than $300,000 by March 20, 2021?",,,nba
PM_ALL_POLYMARKET_CONTRACT_PNL,registry/w4b_polymarket_recensus_venue_events_v1.csv.gz,sports,5234,NBA: Will the Bulls beat the Magic by more than 8.5 points in their November 26th matchup?,,,nba
PM_ALL_POLYMARKET_CONTRACT_PNL,registry/w4b_polymarket_recensus_venue_events_v1.csv.gz,sports,5238,NBA: Will the Timberwolves beat the Hawks by more than 2.5 points in their December 6 matchup?,,,nba
PM_ALL_POLYMARKET_CONTRACT_PNL,registry/w4b_polymarket_recensus_venue_events_v1.csv.gz,sports,5240,NBA: Will the Heat beat the Nuggets by more than 7.5 points in their November 29th matchup?,,,nba
PM_ALL_POLYMARKET_CONTRACT_PNL,registry/w4b_polymarket_recensus_venue_events_v1.csv.gz,crypto,5242,Will Ethereum reach $4500 by November 11th?,,,ethereum;eth
PM_ALL_POLYMARKET_CONTRACT_PNL,registry/w4b_polymarket_recensus_venue_events_v1.csv.gz,fda_biotech,5243,Who will win Bucks v. Hawks: Eastern Conference Finals Game 2?,,,fda
PM_ALL_POLYMARKET_CONTRACT_PNL,registry/w4b_polymarket_recensus_venue_events_v1.csv.gz,politics,5247,Will the US Senate pass the Build Back Better Act by Christmas Eve?,,,senate
PM_ALL_POLYMARKET_CONTRACT_PNL,registry/w4b_polymarket_recensus_venue_events_v1.csv.gz,macro,5248,NHL: Will the Blues beat the Oilers by more than 1.5 goals in their December 29 matchup?,,,oil;fda;nhl
PM_ALL_POLYMARKET_CONTRACT_PNL,registry/w4b_polymarket_recensus_venue_events_v1.csv.gz,sports,5249,NFL: Will the Cowboys beat the Raiders by more than 7.5 points in their November 25th matchup?,,,nfl
PM_ALL_POLYMARKET_CONTRACT_PNL,registry/w4b_polymarket_recensus_venue_events_v1.csv.gz,sports,5250,NFL: Will the Browns beat the Ravens by more than 3.5 points in their December 12 matchup?,,,nfl
PM_ALL_POLYMARKET_CONTRACT_PNL,registry/w4b_polymarket_recensus_venue_events_v1.csv.gz,fda_biotech,5256,"Will any of SuperRare, Zora, Foundation, OpenSea, or NiftyGateway have a live token by April 30th, 2021?",,,fda
PM_ALL_POLYMARKET_CONTRACT_PNL,registry/w4b_polymarket_recensus_venue_events_v1.csv.gz,sports,5259,NFL: Will the Cowboys beat the Saints by more than 3.5 points in their December 2nd matchup?,,,nfl
PM_ALL_POLYMARKET_CONTRACT_PNL,registry/w4b_polymarket_recensus_venue_events_v1.csv.gz,macro,5260,NFL: Will the Raiders beat the Giants by more than 2.5 points in their November 7th matchup?,,,fed;nfl
PM_ALL_POLYMARKET_CONTRACT_PNL,registry/w4b_polymarket_recensus_venue_events_v1.csv.gz,macro,5262,"NHL: Who will win Flames vs. Oilers, scheduled for May 18, 9:30 PM ET?",,,oil;nhl
PM_ALL_POLYMARKET_CONTRACT_PNL,registry/w4b_polymarket_recensus_venue_events_v1.csv.gz,sports,5265,NBA: Will the Lakers beat the Kings by more than 6.5 points in their January 4 matchup?,,,nba
PM_ALL_POLYMARKET_CONTRACT_PNL,registry/w4b_polymarket_recensus_venue_events_v1.csv.gz,sports,5266,"MLB: Who will win New York Mets vs. Washington Nationals, scheduled for May 30, 7:11 PM ET?",,,mlb
PM_ALL_POLYMARKET_CONTRACT_PNL,registry/w4b_polymarket_recensus_venue_events_v1.csv.gz,sports,5267,Will the Bucks win the 2021 NBA Finals?,,,nba
PM_ALL_POLYMARKET_CONTRACT_PNL,registry/w4b_polymarket_recensus_venue_events_v1.csv.gz,sports,5269,Who will win UFC 268: Covington vs Usman?,,,ufc
PM_ALL_POLYMARKET_CONTRACT_PNL,registry/w4b_polymarket_recensus_venue_events_v1.csv.gz,sports,5270,NBA: Will the Bulls beat the Nuggets by more than 4.5 points in their December 6 matchup?,,,nba
PM_ALL_POLYMARKET_CONTRACT_PNL,registry/w4b_polymarket_recensus_venue_events_v1.csv.gz,crypto,5271,Will it be possible to shop on Amazon using Bitcoin in the US before 2022?,,,bitcoin
PM_ALL_POLYMARKET_CONTRACT_PNL,registry/w4b_polymarket_recensus_venue_events_v1.csv.gz,sports,5275,NBA: Will the Knicks beat the Bucks by more than 2.5 points in their November 10th matchup?,,,nba
PM_ALL_POLYMARKET_CONTRACT_PNL,registry/w4b_polymarket_recensus_venue_events_v1.csv.gz,sports,5277,NFL: Will the Panthers beat the Dolphins by more than 1.5 points in their November 28th matchup?,,,nfl
PM_ALL_POLYMARKET_CONTRACT_PNL,registry/w4b_polymarket_recensus_venue_events_v1.csv.gz,sports,5278,NFL: Will the Cardinals beat the Colts by more than 1.5 points in their December 25 matchup?,,,nfl
PM_ALL_POLYMARKET_CONTRACT_PNL,registry/w4b_polymarket_recensus_venue_events_v1.csv.gz,crypto,5283,"Will ETH be above $1750 on March 22nd, 2021?",,,eth
PM_ALL_POLYMARKET_CONTRACT_PNL,registry/w4b_polymarket_recensus_venue_events_v1.csv.gz,crypto,5286,Will Anish Giri or Teimour Radjabov win their Quarterfinals Series of the FTX Crypto Cup?,,,crypto
PM_ALL_POLYMARKET_CONTRACT_PNL,registry/w4b_polymarket_recensus_venue_events_v1.csv.gz,sports,5288,NBA: Will the Warriors beat the Hornets by more than 5.5 points in their November 3rd matchup?,,,nba
PM_ALL_POLYMARKET_CONTRACT_PNL,registry/w4b_polymarket_recensus_venue_events_v1.csv.gz,sports,5290,Will Juventus or Zenit St. Petersburg win their Champions League match on October 20th?,,,champions
PM_ALL_POLYMARKET_CONTRACT_PNL,registry/w4b_polymarket_recensus_venue_events_v1.csv.gz,sports,5291,NBA: Will the 76ers beat the Heat by more than 4.5 points in their December 15 matchup?,,,nba
PM_ALL_POLYMARKET_CONTRACT_PNL,registry/w4b_polymarket_recensus_venue_events_v1.csv.gz,sports,5295,NBA: Will the Bucks beat the Nuggets by more than 3.5 points in their November 26th matchup?,,,nba
PM_ALL_POLYMARKET_CONTRACT_PNL,registry/w4b_polymarket_recensus_venue_events_v1.csv.gz,fda_biotech,5296,Will Hikaru Nakamura or Ian Nepomniachtchi win in their FTX Crypto Cup preliminary match?,,,fda;crypto
PM_ALL_POLYMARKET_CONTRACT_PNL,registry/w4b_polymarket_recensus_venue_events_v1.csv.gz,sports,5297,NBA: Will the Nuggets beat the Wizards by more than 4.5 points in their December 13 matchup?,,,nba
PM_ALL_POLYMARKET_CONTRACT_PNL,registry/w4b_polymarket_recensus_venue_events_v1.csv.gz,crypto,5298,Will the floor price of CryptoPunks be below 19.5 ETH on August 10?,,,crypto;eth
PM_ALL_POLYMARKET_CONTRACT_PNL,registry/w4b_polymarket_recensus_venue_events_v1.csv.gz,crypto,5302,"Will Vitalik Buterin have a CryptoPunk Twitter profile picture before September 1, 2021?",,,crypto
PM_ALL_POLYMARKET_CONTRACT_PNL,registry/w4b_polymarket_recensus_venue_events_v1.csv.gz,sports,5304,Who will win Clippers vs. Mavericks: Game 3?,,,nba
PM_ALL_POLYMARKET_CONTRACT_PNL,registry/w4b_polymarket_recensus_venue_events_v1.csv.gz,fda_biotech,5305,Will Nancy Pelosi visit Taiwan before June 2022?,,,fda
PM_ALL_POLYMARKET_CONTRACT_PNL,registry/w4b_polymarket_recensus_venue_events_v1.csv.gz,sports,5307,NBA: Will the Heat beat the Pistons by more than 10.5 points in their December 23 matchup?,,,nba
PM_ALL_POLYMARKET_CONTRACT_PNL,registry/w4b_polymarket_recensus_venue_events_v1.csv.gz,sports,5309,NBA: Who will win the Spurs v. Mavericks game on November 3rd?,,,nba
PM_ALL_POLYMARKET_CONTRACT_PNL,registry/w4b_polymarket_recensus_venue_events_v1.csv.gz,sports,5310,NBA: Will the Suns beat the Wizards by more than 8.5 points in their December 16 matchup?,,,nba
PM_ALL_POLYMARKET_CONTRACT_PNL,registry/w4b_polymarket_recensus_venue_events_v1.csv.gz,sports,5313,NBA: Will the sum of points in Rockets v. Thunder be greater than 216.5?,,,nba
PM_ALL_POLYMARKET_CONTRACT_PNL,registry/w4b_polymarket_recensus_venue_events_v1.csv.gz,sports,5315,NBA: Will the Timberwolves beat the Grizzlies by more than 1.5 points in their November 20th matchup?,,,nba
PM_ALL_POLYMARKET_CONTRACT_PNL,registry/w4b_polymarket_recensus_venue_events_v1.csv.gz,sports,5316,"NBA: Will the Heat beat the 76ers by more than 8.5 points in their May 4, 7:30 PM ET matchup?",,,nba
PM_ALL_POLYMARKET_CONTRACT_PNL,registry/w4b_polymarket_recensus_venue_events_v1.csv.gz,sports,5318,NBA: Will the Grizzlies beat the Kings by more than 4.5 points in their December 17 matchup?,,,nba
PM_ALL_POLYMARKET_CONTRACT_PNL,registry/w4b_polymarket_recensus_venue_events_v1.csv.gz,sports,5319,NBA: Will the Jazz beat the Magic by more than 11.5 points in their November 7th matchup?,,,nba
PM_ALL_POLYMARKET_CONTRACT_PNL,registry/w4b_polymarket_recensus_venue_events_v1.csv.gz,politics,5320,"Will Andrew Cuomo be Governor of New York on June 1, 2021?",,,governor
PM_ALL_POLYMARKET_CONTRACT_PNL,registry/w4b_polymarket_recensus_venue_events_v1.csv.gz,sports,5326,"NBA: Who will win Celtics vs. Heat, scheduled for May 25, 8:30 PM ET?",,,nba
PM_ALL_POLYMARKET_CONTRACT_PNL,registry/w4b_polymarket_recensus_venue_events_v1.csv.gz,crypto,5328,Will the Berlin Defense be played during the FTX Crypto Cup Finals between Magnus Carlsen and Wesley So?,,,crypto
PM_ALL_POLYMARKET_CONTRACT_PNL,registry/w4b_polymarket_recensus_venue_events_v1.csv.gz,sports,5329,Will any Knicks game have greater than 20% attendance before the NBA season ends?,,,nba
PM_ALL_POLYMARKET_CONTRACT_PNL,registry/w4b_polymarket_recensus_venue_events_v1.csv.gz,fda_biotech,5330,Serie A: Will the goal difference in Roma v. Inter Milan be more or less than 1?,,,fda
PM_ALL_POLYMARKET_CONTRACT_PNL,registry/w4b_polymarket_recensus_venue_events_v1.csv.gz,sports,5332,NBA: Will the Nets beat the Warriors by more than 2.5 points in their November 16th matchup?,,,nba
PM_ALL_POLYMARKET_CONTRACT_PNL,registry/w4b_polymarket_recensus_venue_events_v1.csv.gz,sports,5333,NBA: Will the Warriors beat the Cavaliers by more than 8.5 points in their November 18th matchup?,,,nba
PM_ALL_POLYMARKET_CONTRACT_PNL,registry/w4b_polymarket_recensus_venue_events_v1.csv.gz,politics,5334,"Will President Biden say ""resign"" during his August 3 speech + Q&A?",,,president
PM_ALL_POLYMARKET_CONTRACT_PNL,registry/w4b_polymarket_recensus_venue_events_v1.csv.gz,sports,5339,NBA: Will the Nets beat the Pistons by more than 8.5 points in their December 12 matchup?,,,nba
PM_ALL_POLYMARKET_CONTRACT_PNL,registry/w4b_polymarket_recensus_venue_events_v1.csv.gz,sports,5340,NBA: Will the 76ers beat the Hawks by more than 7.5 points in their December 23 matchup?,,,nba
PM_ALL_POLYMARKET_CONTRACT_PNL,registry/w4b_polymarket_recensus_venue_events_v1.csv.gz,sports,5341,NBA: Will the Heat beat the Cavaliers by more than 7.5 points in their December 1 matchup?,,,nba
PM_ALL_POLYMARKET_CONTRACT_PNL,registry/w4b_polymarket_recensus_venue_events_v1.csv.gz,sports,5344,NBA: Will the Cavaliers beat the Rockets by more than 10.5 points in their December 15 matchup?,,,nba
PM_ALL_POLYMARKET_CONTRACT_PNL,registry/w4b_polymarket_recensus_venue_events_v1.csv.gz,crypto,5345,"Will Tesla announce a Bitcoin purchase before March 1, 2021?",,,bitcoin
PM_ALL_POLYMARKET_CONTRACT_PNL,registry/w4b_polymarket_recensus_venue_events_v1.csv.gz,sports,5346,NFL: Will the Eagles beat the Giants by more than 9.5 points in their December 26 matchup?,,,nfl
PM_ALL_POLYMARKET_CONTRACT_PNL,registry/w4b_polymarket_recensus_venue_events_v1.csv.gz,sports,5347,"MLB: Who will win New York Yankees vs. Los Angeles Angels, scheduled for May 31, 7:05 PM ET?",,,mlb
PM_ALL_POLYMARKET_CONTRACT_PNL,registry/w4b_polymarket_recensus_venue_events_v1.csv.gz,sports,5348,NFL: Will the Seahawks beat the Jaguars by more than 3.5 points in their October 31st matchup?,,,nfl
PM_ALL_POLYMARKET_CONTRACT_PNL,registry/w4b_polymarket_recensus_venue_events_v1.csv.gz,sports,5349,NBA: Will the Nuggets beat the Pelicans by more than 2.5 points in their December 8 matchup?,,,nba
PM_ALL_POLYMARKET_CONTRACT_PNL,registry/w4b_polymarket_recensus_venue_events_v1.csv.gz,sports,5350,NBA: Will the Heat beat the Jazz by more than 3.5 points in their November 6th matchup?,,,nba
PM_ALL_POLYMARKET_CONTRACT_PNL,registry/w4b_polymarket_recensus_venue_events_v1.csv.gz,politics,5351,Will the US Senate pass the Build Back Better Act by January 9?,,,senate
PM_ALL_POLYMARKET_CONTRACT_PNL,registry/w4b_polymarket_recensus_venue_events_v1.csv.gz,sports,5352,NBA: Will the Jazz beat the Timberwolves by more than 10.5 points in their December 23 matchup?,,,nba
PM_ALL_POLYMARKET_CONTRACT_PNL,registry/w4b_polymarket_recensus_venue_events_v1.csv.gz,crypto,5354,"Will $ETH be above $3,000 on April 20, 2022?",,,eth
PM_ALL_POLYMARKET_CONTRACT_PNL,registry/w4b_polymarket_recensus_venue_events_v1.csv.gz,sports,5357,NBA: Will the Suns beat the Mavericks by more than 8.5 points in their November 17th matchup?,,,nba
PM_ALL_POLYMARKET_CONTRACT_PNL,registry/w4b_polymarket_recensus_venue_events_v1.csv.gz,sports,5360,NBA: Will the Warriors beat the Blazers by more than 6.5 points in their November 26th matchup?,,,nba
PM_ALL_POLYMARKET_CONTRACT_PNL,registry/w4b_polymarket_recensus_venue_events_v1.csv.gz,sports,5361,NBA: Will the Kings beat the Wizards by more than 1.5 points in their December 15 matchup?,,,nba
PM_ALL_POLYMARKET_CONTRACT_PNL,registry/w4b_polymarket_recensus_venue_events_v1.csv.gz,sports,5362,"MLB: Who will win Houston Astros vs. Boston Red Sox, scheduled for May 17, 7:10 PM ET?",,,mlb
PM_ALL_POLYMARKET_CONTRACT_PNL,registry/w4b_polymarket_recensus_venue_events_v1.csv.gz,sports,5363,NBA: Will the Cavaliers beat the Magic by more than 9.5 points in their November 27th matchup?,,,nba
PM_ALL_POLYMARKET_CONTRACT_PNL,registry/w4b_polymarket_recensus_venue_events_v1.csv.gz,sports,5367,NBA: Will the Suns beat the Clippers by more than 3.5 points in their December 13 matchup?,,,nba
PM_ALL_POLYMARKET_CONTRACT_PNL,registry/w4b_polymarket_recensus_venue_events_v1.csv.gz,sports,5368,Will the Browns beat the Falcons by more than 6 points in their NFL preseason matchup?,,,nfl
PM_ALL_POLYMARKET_CONTRACT_PNL,registry/w4b_polymarket_recensus_venue_events_v1.csv.gz,sports,5370,"MLB: Who will win Boston Red Sox vs. Chicago White Sox, scheduled for May 6, 7:11 PM ET?",,,mlb
PM_ALL_POLYMARKET_CONTRACT_PNL,registry/w4b_polymarket_recensus_venue_events_v1.csv.gz,sports,5371,NBA: Will the Bucks beat the Rockets by more than 9.5 points in their December 22 matchup?,,,nba
PM_ALL_POLYMARKET_CONTRACT_PNL,registry/w4b_polymarket_recensus_venue_events_v1.csv.gz,sports,5375,NBA: Will the Pacers beat the Heat by more than 2.5 points in their December 21 matchup?,,,nba
PM_ALL_POLYMARKET_CONTRACT_PNL,registry/w4b_polymarket_recensus_venue_events_v1.csv.gz,politics,5378,Which party will win Arizona in the 2020 Presidential Election?,,,election;president;party
PM_ALL_POLYMARKET_CONTRACT_PNL,registry/w4b_polymarket_recensus_venue_events_v1.csv.gz,sports,5380,Who will win UFC 261: Hall vs. Weidman?,,,ufc
PM_ALL_POLYMARKET_CONTRACT_PNL,registry/w4b_polymarket_recensus_venue_events_v1.csv.gz,crypto,5381,"Will Bitcoin ($BTC) be above $55k on March 15, 2021?",,,bitcoin;btc
PM_ALL_POLYMARKET_CONTRACT_PNL,registry/w4b_polymarket_recensus_venue_events_v1.csv.gz,crypto,5382,"What will the price of Ethereum Name Service ($ENS) be at noon on November 16, 2021?",,,ethereum;eth
PM_ALL_POLYMARKET_CONTRACT_PNL,registry/w4b_polymarket_recensus_venue_events_v1.csv.gz,sports,5384,NBA: Who will win the Knicks v. Hornets game on November 12th?,,,nba
PM_ALL_POLYMARKET_CONTRACT_PNL,registry/w4b_polymarket_recensus_venue_events_v1.csv.gz,sports,5385,NBA: Will the Lakers beat the Magic by more than 10.5 points in their December 12 matchup?,,,nba
PM_ALL_POLYMARKET_CONTRACT_PNL,registry/w4b_polymarket_recensus_venue_events_v1.csv.gz,sports,5386,NBA: Who will win the Bulls v. Nets game on November 8th?,,,nba
PM_ALL_POLYMARKET_CONTRACT_PNL,registry/w4b_polymarket_recensus_venue_events_v1.csv.gz,sports,5387,NBA: Will the Trail Blazers beat the 76ers by more than 6.5 points in their November 20th matchup?,,,nba
PM_ALL_POLYMARKET_CONTRACT_PNL,registry/w4b_polymarket_recensus_venue_events_v1.csv.gz,politics,5388,"Will The Build Back Better Act pass the House of Representatives by November 19, 2021?",,,house
PM_ALL_POLYMARKET_CONTRACT_PNL,registry/w4b_polymarket_recensus_venue_events_v1.csv.gz,sports,5389,"NHL: Who will win Hurricanes vs. Rangers, scheduled for May 20, 8:00 PM ET?",,,nhl
PM_ALL_POLYMARKET_CONTRACT_PNL,registry/w4b_polymarket_recensus_venue_events_v1.csv.gz,sports,5394,NBA: Will the Hawks beat the Nuggets by more than 4.5 points in their December 17 matchup?,,,nba
PM_ALL_POLYMARKET_CONTRACT_PNL,registry/w4b_polymarket_recensus_venue_events_v1.csv.gz,sports,5404,NBA: Will the Jazz beat the Nuggets by more than 2.5 points in their January 5 matchup?,,,nba
PM_ALL_POLYMARKET_CONTRACT_PNL,registry/w4b_polymarket_recensus_venue_events_v1.csv.gz,macro,5411,Will the federal minimum wage be $9.50 per hour or higher by April 1?,,,fed
PM_ALL_POLYMARKET_CONTRACT_PNL,registry/w4b_polymarket_recensus_venue_events_v1.csv.gz,fda_biotech,5414,NBA: Will the Suns beat the Cavaliers by more than 6.5 points in their 24th November matchup?,,,fda;nba
PM_ALL_POLYMARKET_CONTRACT_PNL,registry/w4b_polymarket_recensus_venue_events_v1.csv.gz,sports,5415,NBA: Will the Celtics beat the Trail Blazers by more than 1.5 points in their December 4 matchup?,,,nba
PM_ALL_POLYMARKET_CONTRACT_PNL,registry/w4b_polymarket_recensus_venue_events_v1.csv.gz,sports,5416,NBA: Will the Jazz beat the Hawks by more than 7.5 points in their November 9th matchup?,,,nba
PM_ALL_POLYMARKET_CONTRACT_PNL,registry/w4b_polymarket_recensus_venue_events_v1.csv.gz,crypto,5420,"Will EIP-1559 be implemented on the Ethereum mainnet before August 5, 2021?",,,ethereum;eth
PM_ALL_POLYMARKET_CONTRACT_PNL,registry/w4b_polymarket_recensus_venue_events_v1.csv.gz,sports,5427,NBA: Who will win the Rockets v. Pistons game on November 10th?,,,nba
PM_ALL_POLYMARKET_CONTRACT_PNL,registry/w4b_polymarket_recensus_venue_events_v1.csv.gz,sports,5428,NBA: Will the Heat beat the Pelicans by more than 7.5 points in their November 17th matchup?,,,nba
PM_ALL_POLYMARKET_CONTRACT_PNL,registry/w4b_polymarket_recensus_venue_events_v1.csv.gz,sports,5429,Will Deiveson Figueiredo win his UFC 255 match?,,,ufc
PM_ALL_POLYMARKET_CONTRACT_PNL,registry/w4b_polymarket_recensus_venue_events_v1.csv.gz,politics,5430,Which party will win the U.S. House in the 2022 elections?,,,election;house;party
PM_ALL_POLYMARKET_CONTRACT_PNL,registry/w4b_polymarket_recensus_venue_events_v1.csv.gz,sports,5431,Who will win UFC 259: Blachowicz vs. Adesanya?,,,ufc
PM_ALL_POLYMARKET_CONTRACT_PNL,registry/w4b_polymarket_recensus_venue_events_v1.csv.gz,fda_biotech,5433,Will the FDA give emergency use authorization or otherwise approve Molnupiravir before 2022?,,,fda;pdufa
PM_ALL_POLYMARKET_CONTRACT_PNL,registry/w4b_polymarket_recensus_venue_events_v1.csv.gz,crypto,5434,"Will ETH be above $1500 on February 3rd, 2021?",,,eth
PM_ALL_POLYMARKET_CONTRACT_PNL,registry/w4b_polymarket_recensus_venue_events_v1.csv.gz,fda_biotech,5437,Will ApeCoin (APE) reach $20 by May 4?,,,fda
PM_ALL_POLYMARKET_CONTRACT_PNL,registry/w4b_polymarket_recensus_venue_events_v1.csv.gz,sports,5438,"MLB: Who will win San Francisco Giants vs. San Diego Padres, scheduled for May 22, 4:06 PM ET?",,,mlb
PM_ALL_POLYMARKET_CONTRACT_PNL,registry/w4b_polymarket_recensus_venue_events_v1.csv.gz,sports,5442,NFL: Will the Browns beat the Steelers by more than 4.5 points in their October 31st matchup?,,,nfl
PM_ALL_POLYMARKET_CONTRACT_PNL,registry/w4b_polymarket_recensus_venue_events_v1.csv.gz,sports,5443,NFL: Will the Buccaneers beat the Falcons by more than 12.5 points in their December 5 matchup?,,,nfl
PM_ALL_POLYMARKET_CONTRACT_PNL,registry/w4b_polymarket_recensus_venue_events_v1.csv.gz,sports,5445,NBA: Will the Suns beat the Spurs by more than 5.5 points in their November 22 matchup?,,,nba
PM_ALL_POLYMARKET_CONTRACT_PNL,registry/w4b_polymarket_recensus_venue_events_v1.csv.gz,crypto,5447,"Will ETH be above $1500 on March 7th, 2021?",,,eth
PM_ALL_POLYMARKET_CONTRACT_PNL,registry/w4b_polymarket_recensus_venue_events_v1.csv.gz,sports,5448,NBA: Will the Suns beat the Knicks by more than 2.5 points in their November 26th matchup?,,,nba
PM_ALL_POLYMARKET_CONTRACT_PNL,registry/w4b_polymarket_recensus_venue_events_v1.csv.gz,sports,5449,NBA: Will the Suns beat the Hawks by more than 4.5 points in their November 6th matchup?,,,nba
PM_ALL_POLYMARKET_CONTRACT_PNL,registry/w4b_polymarket_recensus_venue_events_v1.csv.gz,sports,5451,NBA: Will the Warriors beat the Pistons by more than 14.5 points in their January 18 matchup?,,,nba
PM_ALL_POLYMARKET_CONTRACT_PNL,registry/w4b_polymarket_recensus_venue_events_v1.csv.gz,sports,5457,NBA: Who will win the Kings v. Pacers game on November 7th?,,,nba
PM_ALL_POLYMARKET_CONTRACT_PNL,registry/w4b_polymarket_recensus_venue_events_v1.csv.gz,sports,5458,NBA: Will the Cavaliers beat the Raptors by more than 8.5 points in their December 26 matchup?,,,nba
PM_ALL_POLYMARKET_CONTRACT_PNL,registry/w4b_polymarket_recensus_venue_events_v1.csv.gz,sports,5459,NBA: Will the Hawks beat the 76ers by more than 1.5 points in their December 3 matchup?,,,nba
PM_ALL_POLYMARKET_CONTRACT_PNL,registry/w4b_polymarket_recensus_venue_events_v1.csv.gz,politics,5460,Will President Biden say “Trump” during his August 16 speech + Q&A?,,,president
PM_ALL_POLYMARKET_CONTRACT_PNL,registry/w4b_polymarket_recensus_venue_events_v1.csv.gz,sports,5461,Will Mac Jones be the 3rd pick in the NFL draft?,,,nfl
PM_ALL_POLYMARKET_CONTRACT_PNL,registry/w4b_polymarket_recensus_venue_events_v1.csv.gz,sports,5463,Who will win UFC 261: Zhang vs. Namajunas?,,,ufc
PM_ALL_POLYMARKET_CONTRACT_PNL,registry/w4b_polymarket_recensus_venue_events_v1.csv.gz,sports,5464,(In-Game Trading) Who will win Bucks v. Suns: NBA Finals Game 3?,,,nba
PM_ALL_POLYMARKET_CONTRACT_PNL,registry/w4b_polymarket_recensus_venue_events_v1.csv.gz,sports,5465,"NBA: Will the Suns beat the Mavericks by more than 6.5 points in their May 4, 10:00 PM ET matchup?",,,nba
PM_ALL_POLYMARKET_CONTRACT_PNL,registry/w4b_polymarket_recensus_venue_events_v1.csv.gz,sports,5467,NBA: Will the Hawks beat the Kings by more than 2.5 points in their January 5 matchup?,,,nba
PM_ALL_POLYMARKET_CONTRACT_PNL,registry/w4b_polymarket_recensus_venue_events_v1.csv.gz,sports,5468,(In-Game Trading) Who will win Bucks v. Suns: NBA Finals Game 4?,,,nba
PM_ALL_POLYMARKET_CONTRACT_PNL,registry/w4b_polymarket_recensus_venue_events_v1.csv.gz,politics,5470,What will the Margin of Victory be in the 2021 Peruvian Presidential Election?,,,election;president
PM_ALL_POLYMARKET_CONTRACT_PNL,registry/w4b_polymarket_recensus_venue_events_v1.csv.gz,politics,5471,Will the Associated Press publish a tweet calling the 2020 US presidential election before November 6?,,,election;president
PM_ALL_POLYMARKET_CONTRACT_PNL,registry/w4b_polymarket_recensus_venue_events_v1.csv.gz,crypto,5513,"What will the floor price of CryptoPunks be on January 13, 2022?",,,crypto
PM_ALL_POLYMARKET_CONTRACT_PNL,registry/w4b_polymarket_recensus_venue_events_v1.csv.gz,sports,5514,NHL: February 2nd,,,nhl
PM_ALL_POLYMARKET_CONTRACT_PNL,registry/w4b_polymarket_recensus_venue_events_v1.csv.gz,sports,5515,NHL: February 15th,,,nhl
PM_ALL_POLYMARKET_CONTRACT_PNL,registry/w4b_polymarket_recensus_venue_events_v1.csv.gz,sports,5516,NHL: January 29th,,,nhl
PM_ALL_POLYMARKET_CONTRACT_PNL,registry/w4b_polymarket_recensus_venue_events_v1.csv.gz,sports,5517,UFC 270: Who will win...?,,,ufc
PM_ALL_POLYMARKET_CONTRACT_PNL,registry/w4b_polymarket_recensus_venue_events_v1.csv.gz,sports,5519,NHL: March 17th,,,nhl
PM_ALL_POLYMARKET_CONTRACT_PNL,registry/w4b_polymarket_recensus_venue_events_v1.csv.gz,sports,5520,NHL: February 21st,,,nhl
PM_ALL_POLYMARKET_CONTRACT_PNL,registry/w4b_polymarket_recensus_venue_events_v1.csv.gz,sports,5521,NBA: January 16th,,,nba
PM_ALL_POLYMARKET_CONTRACT_PNL,registry/w4b_polymarket_recensus_venue_events_v1.csv.gz,sports,5522,NBA: March 4th,,,nba
PM_ALL_POLYMARKET_CONTRACT_PNL,registry/w4b_polymarket_recensus_venue_events_v1.csv.gz,sports,5523,NHL: February 17th,,,nhl
PM_ALL_POLYMARKET_CONTRACT_PNL,registry/w4b_polymarket_recensus_venue_events_v1.csv.gz,sports,5524,NHL: February 20th,,,nhl
PM_ALL_POLYMARKET_CONTRACT_PNL,registry/w4b_polymarket_recensus_venue_events_v1.csv.gz,sports,5525,NHL: March 28th,,,nhl
PM_ALL_POLYMARKET_CONTRACT_PNL,registry/w4b_polymarket_recensus_venue_events_v1.csv.gz,sports,5526,NBA: February 28th,,,nba
PM_ALL_POLYMARKET_CONTRACT_PNL,registry/w4b_polymarket_recensus_venue_events_v1.csv.gz,macro,5527,What will the EU annual inflation be in January 2022?,,,inflation;nfl
PM_ALL_POLYMARKET_CONTRACT_PNL,registry/w4b_polymarket_recensus_venue_events_v1.csv.gz,sports,5528,NBA: February 12th,,,nba
PM_ALL_POLYMARKET_CONTRACT_PNL,registry/w4b_polymarket_recensus_venue_events_v1.csv.gz,sports,5529,NHL: February 9th,,,nhl
PM_ALL_POLYMARKET_CONTRACT_PNL,registry/w4b_polymarket_recensus_venue_events_v1.csv.gz,sports,5530,NHL: January 15th,,,nhl
PM_ALL_POLYMARKET_CONTRACT_PNL,registry/w4b_polymarket_recensus_venue_events_v1.csv.gz,sports,5532,NBA: January 15th,,,nba
PM_ALL_POLYMARKET_CONTRACT_PNL,registry/w4b_polymarket_recensus_venue_events_v1.csv.gz,sports,5533,NBA: February 24th,,,nba
PM_ALL_POLYMARKET_CONTRACT_PNL,registry/w4b_polymarket_recensus_venue_events_v1.csv.gz,sports,5535,NHL: April 7th,,,nhl
PM_ALL_POLYMARKET_CONTRACT_PNL,registry/w4b_polymarket_recensus_venue_events_v1.csv.gz,sports,5536,NHL: February 12th,,,nhl
PM_ALL_POLYMARKET_CONTRACT_PNL,registry/w4b_polymarket_recensus_venue_events_v1.csv.gz,sports,5537,NBA: March 11th,,,nba
PM_ALL_POLYMARKET_CONTRACT_PNL,registry/w4b_polymarket_recensus_venue_events_v1.csv.gz,sports,5538,NBA: January 23rd,,,nba
PM_ALL_POLYMARKET_CONTRACT_PNL,registry/w4b_polymarket_recensus_venue_events_v1.csv.gz,sports,5539,NHL: January 24th,,,nhl
PM_ALL_POLYMARKET_CONTRACT_PNL,registry/w4b_polymarket_recensus_venue_events_v1.csv.gz,sports,5540,NBA: March 13th,,,nba
PM_ALL_POLYMARKET_CONTRACT_PNL,registry/w4b_polymarket_recensus_venue_events_v1.csv.gz,sports,5541,NHL: March 9th,,,nhl
PM_ALL_POLYMARKET_CONTRACT_PNL,registry/w4b_polymarket_recensus_venue_events_v1.csv.gz,sports,5542,NHL: April 8th,,,nhl
PM_ALL_POLYMARKET_CONTRACT_PNL,registry/w4b_polymarket_recensus_venue_events_v1.csv.gz,sports,5543,NFL Conference Championships,,,nfl;champions
PM_ALL_POLYMARKET_CONTRACT_PNL,registry/w4b_polymarket_recensus_venue_events_v1.csv.gz,sports,5544,NBA: March 6th,,,nba
PM_ALL_POLYMARKET_CONTRACT_PNL,registry/w4b_polymarket_recensus_venue_events_v1.csv.gz,sports,5545,NBA: February 5th,,,nba
PM_ALL_POLYMARKET_CONTRACT_PNL,registry/w4b_polymarket_recensus_venue_events_v1.csv.gz,sports,5546,NHL: March 21st,,,nhl
PM_ALL_POLYMARKET_CONTRACT_PNL,registry/w4b_polymarket_recensus_venue_events_v1.csv.gz,sports,5547,NBA: March 17th,,,nba
PM_ALL_POLYMARKET_CONTRACT_PNL,registry/w4b_polymarket_recensus_venue_events_v1.csv.gz,sports,5548,NBA: February 15th,,,nba
PM_ALL_POLYMARKET_CONTRACT_PNL,registry/w4b_polymarket_recensus_venue_events_v1.csv.gz,macro,5549,NBA: February 17th,,,fed;nba
PM_ALL_POLYMARKET_CONTRACT_PNL,registry/w4b_polymarket_recensus_venue_events_v1.csv.gz,sports,5550,NHL: February 18th,,,nhl
PM_ALL_POLYMARKET_CONTRACT_PNL,registry/w4b_polymarket_recensus_venue_events_v1.csv.gz,sports,5551,NHL: January 28th,,,nhl
PM_ALL_POLYMARKET_CONTRACT_PNL,registry/w4b_polymarket_recensus_venue_events_v1.csv.gz,sports,5552,NBA: March 14th,,,nba
PM_ALL_POLYMARKET_CONTRACT_PNL,registry/w4b_polymarket_recensus_venue_events_v1.csv.gz,sports,5553,NBA: April 9th,,,nba
PM_ALL_POLYMARKET_CONTRACT_PNL,registry/w4b_polymarket_recensus_venue_events_v1.csv.gz,sports,5554,NHL: March 12th,,,nhl
PM_ALL_POLYMARKET_CONTRACT_PNL,registry/w4b_polymarket_recensus_venue_events_v1.csv.gz,sports,5555,NBA: February 6th,,,nba
PM_ALL_POLYMARKET_CONTRACT_PNL,registry/w4b_polymarket_recensus_venue_events_v1.csv.gz,sports,5556,NHL: January 14th,,,nhl
PM_ALL_POLYMARKET_CONTRACT_PNL,registry/w4b_polymarket_recensus_venue_events_v1.csv.gz,sports,5557,NHL: January 13th,,,nhl
PM_ALL_POLYMARKET_CONTRACT_PNL,registry/w4b_polymarket_recensus_venue_events_v1.csv.gz,sports,5558,NBA: March 18th,,,nba
PM_ALL_POLYMARKET_CONTRACT_PNL,registry/w4b_polymarket_recensus_venue_events_v1.csv.gz,fda_biotech,5559,NBA: February 16th,,,fda;nba
PM_ALL_POLYMARKET_CONTRACT_PNL,registry/w4b_polymarket_recensus_venue_events_v1.csv.gz,sports,5560,NBA: March 12th,,,nba
PM_ALL_POLYMARKET_CONTRACT_PNL,registry/w4b_polymarket_recensus_venue_events_v1.csv.gz,sports,5562,NHL: February 8th,,,nhl
PM_ALL_POLYMARKET_CONTRACT_PNL,registry/w4b_polymarket_recensus_venue_events_v1.csv.gz,sports,5563,NBA: 1/12/2022,,,nba
PM_ALL_POLYMARKET_CONTRACT_PNL,registry/w4b_polymarket_recensus_venue_events_v1.csv.gz,sports,5564,NHL: February 19th,,,nhl
PM_ALL_POLYMARKET_CONTRACT_PNL,registry/w4b_polymarket_recensus_venue_events_v1.csv.gz,fda_biotech,5565,NHL: March 13th,,,fda;nhl
PM_ALL_POLYMARKET_CONTRACT_PNL,registry/w4b_polymarket_recensus_venue_events_v1.csv.gz,sports,5566,NHL: January 21st,,,nhl
PM_ALL_POLYMARKET_CONTRACT_PNL,registry/w4b_polymarket_recensus_venue_events_v1.csv.gz,sports,5567,NBA: February 9th,,,nba
PM_ALL_POLYMARKET_CONTRACT_PNL,registry/w4b_polymarket_recensus_venue_events_v1.csv.gz,sports,5568,NHL: January 20th,,,nhl
PM_ALL_POLYMARKET_CONTRACT_PNL,registry/w4b_polymarket_recensus_venue_events_v1.csv.gz,sports,5569,NBA: 1/13/2022,,,nba
PM_ALL_POLYMARKET_CONTRACT_PNL,registry/w4b_polymarket_recensus_venue_events_v1.csv.gz,sports,5570,NFL: 2021–22 Wildcard playoffs,,,nfl
PM_ALL_POLYMARKET_CONTRACT_PNL,registry/w4b_polymarket_recensus_venue_events_v1.csv.gz,sports,5571,NBA: January 29th,,,nba
PM_ALL_POLYMARKET_CONTRACT_PNL,registry/w4b_polymarket_recensus_venue_events_v1.csv.gz,sports,5572,NBA: March 1st,,,nba
PM_ALL_POLYMARKET_CONTRACT_PNL,registry/w4b_polymarket_recensus_venue_events_v1.csv.gz,sports,5573,NHL: January 23rd,,,nhl
PM_ALL_POLYMARKET_CONTRACT_PNL,registry/w4b_polymarket_recensus_venue_events_v1.csv.gz,sports,5574,NHL: March 10th,,,nhl
PM_ALL_POLYMARKET_CONTRACT_PNL,registry/w4b_polymarket_recensus_venue_events_v1.csv.gz,sports,5575,NHL: March 15th,,,nhl
PM_ALL_POLYMARKET_CONTRACT_PNL,registry/w4b_polymarket_recensus_venue_events_v1.csv.gz,sports,5576,NHL: March 6th,,,nhl
PM_ALL_POLYMARKET_CONTRACT_PNL,registry/w4b_polymarket_recensus_venue_events_v1.csv.gz,fda_biotech,5577,NBA: March 5th,,,fda;nba
PM_ALL_POLYMARKET_CONTRACT_PNL,registry/w4b_polymarket_recensus_venue_events_v1.csv.gz,sports,5579,NBA All-Star 2022,,,nba
PM_ALL_POLYMARKET_CONTRACT_PNL,registry/w4b_polymarket_recensus_venue_events_v1.csv.gz,sports,5580,NBA: Memphis Grizzlies' winning streak length?,,,nba
PM_ALL_POLYMARKET_CONTRACT_PNL,registry/w4b_polymarket_recensus_venue_events_v1.csv.gz,sports,5581,NHL: February 22nd,,,nhl
PM_ALL_POLYMARKET_CONTRACT_PNL,registry/w4b_polymarket_recensus_venue_events_v1.csv.gz,sports,5582,NBA: March 19th,,,nba
PM_ALL_POLYMARKET_CONTRACT_PNL,registry/w4b_polymarket_recensus_venue_events_v1.csv.gz,sports,5583,NBA: April 8th,,,nba
PM_ALL_POLYMARKET_CONTRACT_PNL,registry/w4b_polymarket_recensus_venue_events_v1.csv.gz,sports,5584,NHL: March 11th,,,nhl
PM_ALL_POLYMARKET_CONTRACT_PNL,registry/w4b_polymarket_recensus_venue_events_v1.csv.gz,sports,5586,NHL: April 6th,,,nhl
PM_ALL_POLYMARKET_CONTRACT_PNL,registry/w4b_polymarket_recensus_venue_events_v1.csv.gz,sports,5587,NHL: March 3rd,,,nhl
PM_ALL_POLYMARKET_CONTRACT_PNL,registry/w4b_polymarket_recensus_venue_events_v1.csv.gz,sports,5588,NBA: January 28th,,,nba
PM_ALL_POLYMARKET_CONTRACT_PNL,registry/w4b_polymarket_recensus_venue_events_v1.csv.gz,sports,5589,NBA: January 24th,,,nba
PM_ALL_POLYMARKET_CONTRACT_PNL,registry/w4b_polymarket_recensus_venue_events_v1.csv.gz,sports,5591,NHL: March 16th,,,nhl
PM_ALL_POLYMARKET_CONTRACT_PNL,registry/w4b_polymarket_recensus_venue_events_v1.csv.gz,sports,5592,NBA: February 7th,,,nba
PM_ALL_POLYMARKET_CONTRACT_PNL,registry/w4b_polymarket_recensus_venue_events_v1.csv.gz,sports,5593,NHL: April 15th,,,nhl
PM_ALL_POLYMARKET_CONTRACT_PNL,registry/w4b_polymarket_recensus_venue_events_v1.csv.gz,sports,5594,NHL: March 18th,,,nhl
PM_ALL_POLYMARKET_CONTRACT_PNL,registry/w4b_polymarket_recensus_venue_events_v1.csv.gz,sports,5595,NBA: March 15th,,,nba
PM_ALL_POLYMARKET_CONTRACT_PNL,registry/w4b_polymarket_recensus_venue_events_v1.csv.gz,sports,5596,NBA: March 9th,,,nba
PM_ALL_POLYMARKET_CONTRACT_PNL,registry/w4b_polymarket_recensus_venue_events_v1.csv.gz,sports,5597,NHL: March 19th,,,nhl
PM_ALL_POLYMARKET_CONTRACT_PNL,registry/w4b_polymarket_recensus_venue_events_v1.csv.gz,sports,5598,NHL: April 24th,,,nhl
PM_ALL_POLYMARKET_CONTRACT_PNL,registry/w4b_polymarket_recensus_venue_events_v1.csv.gz,sports,5599,NHL: March 20th,,,nhl
PM_ALL_POLYMARKET_CONTRACT_PNL,registry/w4b_polymarket_recensus_venue_events_v1.csv.gz,sports,5600,NBA: January 19th,,,nba
PM_ALL_POLYMARKET_CONTRACT_PNL,registry/w4b_polymarket_recensus_venue_events_v1.csv.gz,sports,5601,NBA: January 14th,,,nba
PM_ALL_POLYMARKET_CONTRACT_PNL,registry/w4b_polymarket_recensus_venue_events_v1.csv.gz,sports,5603,NHL: February 16th,,,nhl
PM_ALL_POLYMARKET_CONTRACT_PNL,registry/w4b_polymarket_recensus_venue_events_v1.csv.gz,sports,5604,NBA: March 21st,,,nba
PM_ALL_POLYMARKET_CONTRACT_PNL,registry/w4b_polymarket_recensus_venue_events_v1.csv.gz,sports,5605,NHL: 1/12/2022,,,nhl
PM_ALL_POLYMARKET_CONTRACT_PNL,registry/w4b_polymarket_recensus_venue_events_v1.csv.gz,fda_biotech,5606,NBA: March 23rd,,,fda;nba
PM_ALL_POLYMARKET_CONTRACT_PNL,registry/w4b_polymarket_recensus_venue_events_v1.csv.gz,crypto,5607,"[Head to Head] Which Cryptocurrency will have a higher market cap on March 1st, 2022?",,,crypto
PM_ALL_POLYMARKET_CONTRACT_PNL,registry/w4b_polymarket_recensus_venue_events_v1.csv.gz,sports,5608,NHL: March 22nd,,,nhl
PM_ALL_POLYMARKET_CONTRACT_PNL,registry/w4b_polymarket_recensus_venue_events_v1.csv.gz,sports,5609,NHL: April 5th,,,nhl
PM_ALL_POLYMARKET_CONTRACT_PNL,registry/w4b_polymarket_recensus_venue_events_v1.csv.gz,crypto,5612,"What will the floor price of CryptoPunks be on February 1st, 2022?",,,crypto
PM_ALL_POLYMARKET_CONTRACT_PNL,registry/w4b_polymarket_recensus_venue_events_v1.csv.gz,sports,5613,NBA: March 22nd,,,nba
PM_ALL_POLYMARKET_CONTRACT_PNL,registry/w4b_polymarket_recensus_venue_events_v1.csv.gz,sports,5614,NHL: March 8th,,,nhl
PM_ALL_POLYMARKET_CONTRACT_PNL,registry/w4b_polymarket_recensus_venue_events_v1.csv.gz,sports,5615,NBA: March 27th,,,nba
PM_ALL_POLYMARKET_CONTRACT_PNL,registry/w4b_polymarket_recensus_venue_events_v1.csv.gz,sports,5616,NBA: February 8th,,,nba
PM_ALL_POLYMARKET_CONTRACT_PNL,registry/w4b_polymarket_recensus_venue_events_v1.csv.gz,sports,5617,NBA: April 10th,,,nba
PM_ALL_POLYMARKET_CONTRACT_PNL,registry/w4b_polymarket_recensus_venue_events_v1.csv.gz,sports,5618,NBA: April 7th,,,nba
PM_ALL_POLYMARKET_CONTRACT_PNL,registry/w4b_polymarket_recensus_venue_events_v1.csv.gz,sports,5619,MLB: April 11th,,,mlb
PM_ALL_POLYMARKET_CONTRACT_PNL,registry/w4b_polymarket_recensus_venue_events_v1.csv.gz,sports,5620,NBA: February 13th,,,nba
PM_ALL_POLYMARKET_CONTRACT_PNL,registry/w4b_polymarket_recensus_venue_events_v1.csv.gz,sports,5621,2022 NBA Playoffs: April 19th,,,nba
PM_ALL_POLYMARKET_CONTRACT_PNL,registry/w4b_polymarket_recensus_venue_events_v1.csv.gz,sports,5622,NBA: February 25th,,,nba
PM_ALL_POLYMARKET_CONTRACT_PNL,registry/w4b_polymarket_recensus_venue_events_v1.csv.gz,sports,5623,NBA: March 16th,,,nba
PM_ALL_POLYMARKET_CONTRACT_PNL,registry/w4b_polymarket_recensus_venue_events_v1.csv.gz,sports,5624,NHL: March 23rd,,,nhl
PM_ALL_POLYMARKET_CONTRACT_PNL,registry/w4b_polymarket_recensus_venue_events_v1.csv.gz,sports,5626,NHL: March 4th,,,nhl
PM_ALL_POLYMARKET_CONTRACT_PNL,registry/w4b_polymarket_recensus_venue_events_v1.csv.gz,sports,5627,MLB,,,mlb
PM_ALL_POLYMARKET_CONTRACT_PNL,registry/w4b_polymarket_recensus_venue_events_v1.csv.gz,sports,5628,NHL: March 2nd,,,nhl
PM_ALL_POLYMARKET_CONTRACT_PNL,registry/w4b_polymarket_recensus_venue_events_v1.csv.gz,sports,5629,NHL: March 5th,,,nhl
PM_ALL_POLYMARKET_CONTRACT_PNL,registry/w4b_polymarket_recensus_venue_events_v1.csv.gz,sports,5633,NFL: 2021–22 Divisional playoffs,,,nfl
PM_ALL_POLYMARKET_CONTRACT_PNL,registry/w4b_polymarket_recensus_venue_events_v1.csv.gz,sports,5634,NHL: February 14th,,,nhl
PM_ALL_POLYMARKET_CONTRACT_PNL,registry/w4b_polymarket_recensus_venue_events_v1.csv.gz,sports,5636,NBA: March 2nd,,,nba
PM_ALL_POLYMARKET_CONTRACT_PNL,registry/w4b_polymarket_recensus_venue_events_v1.csv.gz,fda_biotech,5637,2022 NBA Playoffs: April 22nd,,,fda;nba
PM_ALL_POLYMARKET_CONTRACT_PNL,registry/w4b_polymarket_recensus_venue_events_v1.csv.gz,sports,5638,NBA: April 3rd,,,nba
PM_ALL_POLYMARKET_CONTRACT_PNL,registry/w4b_polymarket_recensus_venue_events_v1.csv.gz,sports,5639,MLB: April 12th,,,mlb
PM_ALL_POLYMARKET_CONTRACT_PNL,registry/w4b_polymarket_recensus_venue_events_v1.csv.gz,sports,5640,NBA: February 4th,,,nba
PM_ALL_POLYMARKET_CONTRACT_PNL,registry/w4b_polymarket_recensus_venue_events_v1.csv.gz,sports,5641,NBA: January 21st,,,nba
PM_ALL_POLYMARKET_CONTRACT_PNL,registry/w4b_polymarket_recensus_venue_events_v1.csv.gz,sports,5643,NHL: January 25th,,,nhl
PM_ALL_POLYMARKET_CONTRACT_PNL,registry/w4b_polymarket_recensus_venue_events_v1.csv.gz,sports,5644,NHL: March 1st,,,nhl
PM_ALL_POLYMARKET_CONTRACT_PNL,registry/w4b_polymarket_recensus_venue_events_v1.csv.gz,sports,5645,NBA: February 27th,,,nba
PM_ALL_POLYMARKET_CONTRACT_PNL,registry/w4b_polymarket_recensus_venue_events_v1.csv.gz,sports,5647,NBA: March 25th,,,nba
PM_ALL_POLYMARKET_CONTRACT_PNL,registry/w4b_polymarket_recensus_venue_events_v1.csv.gz,sports,5648,MLB: April 14th,,,mlb
PM_ALL_POLYMARKET_CONTRACT_PNL,registry/w4b_polymarket_recensus_venue_events_v1.csv.gz,macro,5649,NCAA March Madness: March 18,,,fed
PM_ALL_POLYMARKET_CONTRACT_PNL,registry/w4b_polymarket_recensus_venue_events_v1.csv.gz,sports,5653,NBA: March 20th,,,nba
PM_ALL_POLYMARKET_CONTRACT_PNL,registry/w4b_polymarket_recensus_venue_events_v1.csv.gz,sports,5654,NBA: March 26th,,,nba
PM_ALL_POLYMARKET_CONTRACT_PNL,registry/w4b_polymarket_recensus_venue_events_v1.csv.gz,sports,5656,NHL: April 10th,,,nhl
PM_ALL_POLYMARKET_CONTRACT_PNL,registry/w4b_polymarket_recensus_venue_events_v1.csv.gz,sports,5657,NBA: April 5th,,,nba
PM_ALL_POLYMARKET_CONTRACT_PNL,registry/w4b_polymarket_recensus_venue_events_v1.csv.gz,sports,5658,MLB: April 17th,,,mlb
PM_ALL_POLYMARKET_CONTRACT_PNL,registry/w4b_polymarket_recensus_venue_events_v1.csv.gz,sports,5659,NHL: January 27th,,,nhl
PM_ALL_POLYMARKET_CONTRACT_PNL,registry/w4b_polymarket_recensus_venue_events_v1.csv.gz,sports,5661,NBA: March 28th,,,nba
PM_ALL_POLYMARKET_CONTRACT_PNL,registry/w4b_polymarket_recensus_venue_events_v1.csv.gz,sports,5662,MLB: April 13th,,,mlb
PM_ALL_POLYMARKET_CONTRACT_PNL,registry/w4b_polymarket_recensus_venue_events_v1.csv.gz,sports,5663,NBA: February 1st,,,nba
PM_ALL_POLYMARKET_CONTRACT_PNL,registry/w4b_polymarket_recensus_venue_events_v1.csv.gz,sports,5664,NHL: March 30th,,,nhl
PM_ALL_POLYMARKET_CONTRACT_PNL,registry/w4b_polymarket_recensus_venue_events_v1.csv.gz,sports,5665,NHL: April 4th,,,nhl
PM_ALL_POLYMARKET_CONTRACT_PNL,registry/w4b_polymarket_recensus_venue_events_v1.csv.gz,sports,5666,NHL: April 9th,,,nhl
PM_ALL_POLYMARKET_CONTRACT_PNL,registry/w4b_polymarket_recensus_venue_events_v1.csv.gz,sports,5667,MLB: April 29th,,,mlb
PM_ALL_POLYMARKET_CONTRACT_PNL,registry/w4b_polymarket_recensus_venue_events_v1.csv.gz,sports,5668,NHL: March 29th,,,nhl
PM_ALL_POLYMARKET_CONTRACT_PNL,registry/w4b_polymarket_recensus_venue_events_v1.csv.gz,sports,5669,NHL: January 19th,,,nhl
PM_ALL_POLYMARKET_CONTRACT_PNL,registry/w4b_polymarket_recensus_venue_events_v1.csv.gz,sports,5670,NBA: March 31st,,,nba
PM_ALL_POLYMARKET_CONTRACT_PNL,registry/w4b_polymarket_recensus_venue_events_v1.csv.gz,sports,5673,NHL: January 26th,,,nhl
PM_ALL_POLYMARKET_CONTRACT_PNL,registry/w4b_polymarket_recensus_venue_events_v1.csv.gz,sports,5674,NHL: March 27th,,,nhl
PM_ALL_POLYMARKET_CONTRACT_PNL,registry/w4b_polymarket_recensus_venue_events_v1.csv.gz,sports,5675,NBA: March 29th,,,nba
PM_ALL_POLYMARKET_CONTRACT_PNL,registry/w4b_polymarket_recensus_venue_events_v1.csv.gz,sports,5676,2022 NBA Playoffs: May 2nd,,,nba
PM_ALL_POLYMARKET_CONTRACT_PNL,registry/w4b_polymarket_recensus_venue_events_v1.csv.gz,sports,5677,NBA: March 8th,,,nba
PM_ALL_POLYMARKET_CONTRACT_PNL,registry/w4b_polymarket_recensus_venue_events_v1.csv.gz,sports,5678,NHL: April 22nd,,,nhl
PM_ALL_POLYMARKET_CONTRACT_PNL,registry/w4b_polymarket_recensus_venue_events_v1.csv.gz,sports,5679,MLB: April 15th,,,mlb
PM_ALL_POLYMARKET_CONTRACT_PNL,registry/w4b_polymarket_recensus_venue_events_v1.csv.gz,sports,5680,NBA: April 6th,,,nba
PM_ALL_POLYMARKET_CONTRACT_PNL,registry/w4b_polymarket_recensus_venue_events_v1.csv.gz,politics,5681,President Biden's Jan 19 press conference: Will he mention... ?,,,president
PM_ALL_POLYMARKET_CONTRACT_PNL,registry/w4b_polymarket_recensus_venue_events_v1.csv.gz,sports,5682,NHL: March 26th,,,nhl
PM_ALL_POLYMARKET_CONTRACT_PNL,registry/w4b_polymarket_recensus_venue_events_v1.csv.gz,sports,5683,NBA: March 10th,,,nba
PM_ALL_POLYMARKET_CONTRACT_PNL,registry/w4b_polymarket_recensus_venue_events_v1.csv.gz,sports,5684,2022 NBA Playoffs: May 1st,,,nba
PM_ALL_POLYMARKET_CONTRACT_PNL,registry/w4b_polymarket_recensus_venue_events_v1.csv.gz,sports,5685,NHL: April 23rd,,,nhl
PM_ALL_POLYMARKET_CONTRACT_PNL,registry/w4b_polymarket_recensus_venue_events_v1.csv.gz,sports,5686,NHL: March 25th,,,nhl
PM_ALL_POLYMARKET_CONTRACT_PNL,registry/w4b_polymarket_recensus_venue_events_v1.csv.gz,crypto,5687,"What will Joe Biden's FiveThirtyEight approval rating be on January 26, 2022?",,,eth
PM_ALL_POLYMARKET_CONTRACT_PNL,registry/w4b_polymarket_recensus_venue_events_v1.csv.gz,sports,5688,NBA: January 20th,,,nba
PM_ALL_POLYMARKET_CONTRACT_PNL,registry/w4b_polymarket_recensus_venue_events_v1.csv.gz,sports,5689,NBA: April 1st,,,nba
PM_ALL_POLYMARKET_CONTRACT_PNL,registry/w4b_polymarket_recensus_venue_events_v1.csv.gz,sports,5690,NBA: March 24th,,,nba
PM_ALL_POLYMARKET_CONTRACT_PNL,registry/w4b_polymarket_recensus_venue_events_v1.csv.gz,sports,5691,NBA: March 3rd,,,nba
PM_ALL_POLYMARKET_CONTRACT_PNL,registry/w4b_polymarket_recensus_venue_events_v1.csv.gz,sports,5692,2022 NBA Playoffs: April 23rd,,,nba
PM_ALL_POLYMARKET_CONTRACT_PNL,registry/w4b_polymarket_recensus_venue_events_v1.csv.gz,sports,5693,NHL: March 31st,,,nhl
PM_ALL_POLYMARKET_CONTRACT_PNL,registry/w4b_polymarket_recensus_venue_events_v1.csv.gz,fda_biotech,5694,NHL: April 13th,,,fda;nhl
PM_ALL_POLYMARKET_CONTRACT_PNL,registry/w4b_polymarket_recensus_venue_events_v1.csv.gz,sports,5695,2022 NBA Play-In Tournament Finals,,,nba
PM_ALL_POLYMARKET_CONTRACT_PNL,registry/w4b_polymarket_recensus_venue_events_v1.csv.gz,sports,5696,2022 NHL Playoffs: May 6th,,,nhl
PM_ALL_POLYMARKET_CONTRACT_PNL,registry/w4b_polymarket_recensus_venue_events_v1.csv.gz,sports,5698,2022 NFL Draft,,,nfl
PM_ALL_POLYMARKET_CONTRACT_PNL,registry/w4b_polymarket_recensus_venue_events_v1.csv.gz,sports,5699,2022 NHL Playoffs: May 7th,,,nhl
PM_ALL_POLYMARKET_CONTRACT_PNL,registry/w4b_polymarket_recensus_venue_events_v1.csv.gz,sports,5700,2022 NBA Play-In Tournament,,,nba
PM_ALL_POLYMARKET_CONTRACT_PNL,registry/w4b_polymarket_recensus_venue_events_v1.csv.gz,sports,5701,MLB: April 21st,,,mlb
PM_ALL_POLYMARKET_CONTRACT_PNL,registry/w4b_polymarket_recensus_venue_events_v1.csv.gz,crypto,5702,"What will the price of this Layer 1 cryptocurrency be on March 1st, 2022? (Scalars)",,,crypto
PM_ALL_POLYMARKET_CONTRACT_PNL,registry/w4b_polymarket_recensus_venue_events_v1.csv.gz,sports,5703,2022 NBA Playoffs: Game 1,,,nba
PM_ALL_POLYMARKET_CONTRACT_PNL,registry/w4b_polymarket_recensus_venue_events_v1.csv.gz,sports,5704,NHL: April 19th,,,nhl
PM_ALL_POLYMARKET_CONTRACT_PNL,registry/w4b_polymarket_recensus_venue_events_v1.csv.gz,sports,5706,NHL: March 24th,,,nhl
PM_ALL_POLYMARKET_CONTRACT_PNL,registry/w4b_polymarket_recensus_venue_events_v1.csv.gz,sports,5707,NHL: February 1st,,,nhl
PM_ALL_POLYMARKET_CONTRACT_PNL,registry/w4b_polymarket_recensus_venue_events_v1.csv.gz,sports,5708,NBA: March 30th,,,nba
PM_ALL_POLYMARKET_CONTRACT_PNL,registry/w4b_polymarket_recensus_venue_events_v1.csv.gz,sports,5709,2022 NBA Playoffs: April 21st,,,nba
PM_ALL_POLYMARKET_CONTRACT_PNL,registry/w4b_polymarket_recensus_venue_events_v1.csv.gz,sports,5710,UFC Fight Night London,,,ufc
PM_ALL_POLYMARKET_CONTRACT_PNL,registry/w4b_polymarket_recensus_venue_events_v1.csv.gz,sports,5712,MLB: April 22nd,,,mlb
PM_ALL_POLYMARKET_CONTRACT_PNL,registry/w4b_polymarket_recensus_venue_events_v1.csv.gz,sports,5713,NHL Playoffs: May 2nd,,,nhl
PM_ALL_POLYMARKET_CONTRACT_PNL,registry/w4b_polymarket_recensus_venue_events_v1.csv.gz,sports,5715,NHL: April 3rd,,,nhl
PM_ALL_POLYMARKET_CONTRACT_PNL,registry/w4b_polymarket_recensus_venue_events_v1.csv.gz,sports,5716,2022 NBA Playoffs: Game 2 (April 18th),,,nba
PM_ALL_POLYMARKET_CONTRACT_PNL,registry/w4b_polymarket_recensus_venue_events_v1.csv.gz,sports,5717,NHL: April 21st,,,nhl
PM_ALL_POLYMARKET_CONTRACT_PNL,registry/w4b_polymarket_recensus_venue_events_v1.csv.gz,sports,5718,NHL: April 17th,,,nhl
PM_ALL_POLYMARKET_CONTRACT_PNL,registry/w4b_polymarket_recensus_venue_events_v1.csv.gz,sports,5719,MLB: April 30th,,,mlb
PM_ALL_POLYMARKET_CONTRACT_PNL,registry/w4b_polymarket_recensus_venue_events_v1.csv.gz,sports,5720,"2022 NHL Stanley Cup playoffs, Round 1: Who will win each matchup?",,,nhl
PM_ALL_POLYMARKET_CONTRACT_PNL,registry/w4b_polymarket_recensus_venue_events_v1.csv.gz,sports,5721,MLB: April 23rd,,,mlb
PM_ALL_POLYMARKET_CONTRACT_PNL,registry/w4b_polymarket_recensus_venue_events_v1.csv.gz,sports,5722,NHL: April 18th,,,nhl
PM_ALL_POLYMARKET_CONTRACT_PNL,registry/w4b_polymarket_recensus_venue_events_v1.csv.gz,sports,5723,MLB: April 28th,,,mlb
PM_ALL_POLYMARKET_CONTRACT_PNL,registry/w4b_polymarket_recensus_venue_events_v1.csv.gz,sports,5725,2022 NBA Playoffs: April 24th,,,nba
PM_ALL_POLYMARKET_CONTRACT_PNL,registry/w4b_polymarket_recensus_venue_events_v1.csv.gz,sports,5726,2022 NBA Playoffs: May 3rd,,,nba
PM_ALL_POLYMARKET_CONTRACT_PNL,registry/w4b_polymarket_recensus_venue_events_v1.csv.gz,sports,5727,MLB: April 25th,,,mlb
PM_ALL_POLYMARKET_CONTRACT_PNL,registry/w4b_polymarket_recensus_venue_events_v1.csv.gz,sports,5728,2022 NBA Playoffs: April 25th,,,nba
PM_ALL_POLYMARKET_CONTRACT_PNL,registry/w4b_polymarket_recensus_venue_events_v1.csv.gz,sports,5729,MLB: May 4th,,,mlb
PM_ALL_POLYMARKET_CONTRACT_PNL,registry/w4b_polymarket_recensus_venue_events_v1.csv.gz,sports,5730,Golf: 2022 Open Championship,,,champions
PM_ALL_POLYMARKET_CONTRACT_PNL,registry/w4b_polymarket_recensus_venue_events_v1.csv.gz,sports,5731,NHL: April 26th,,,nhl
PM_ALL_POLYMARKET_CONTRACT_PNL,registry/w4b_polymarket_recensus_venue_events_v1.csv.gz,sports,5732,2022 NHL Playoffs: May 11th,,,nhl
PM_ALL_POLYMARKET_CONTRACT_PNL,registry/w4b_polymarket_recensus_venue_events_v1.csv.gz,sports,5733,NHL: April 29th,,,nhl
PM_ALL_POLYMARKET_CONTRACT_PNL,registry/w4b_polymarket_recensus_venue_events_v1.csv.gz,sports,5734,MLB: April 24th,,,mlb
PM_ALL_POLYMARKET_CONTRACT_PNL,registry/w4b_polymarket_recensus_venue_events_v1.csv.gz,sports,5735,2022 NHL Playoffs: May 14th,,,nhl
PM_ALL_POLYMARKET_CONTRACT_PNL,registry/w4b_polymarket_recensus_venue_events_v1.csv.gz,sports,5736,UFC 274,,,ufc
PM_ALL_POLYMARKET_CONTRACT_PNL,registry/w4b_polymarket_recensus_venue_events_v1.csv.gz,sports,5738,MLB: April 18th,,,mlb
PM_ALL_POLYMARKET_CONTRACT_PNL,registry/w4b_polymarket_recensus_venue_events_v1.csv.gz,sports,5739,NHL: April 16th,,,nhl
PM_ALL_POLYMARKET_CONTRACT_PNL,registry/w4b_polymarket_recensus_venue_events_v1.csv.gz,sports,5740,2022 NBA Playoffs: Game 1 (Day 2),,,nba
PM_ALL_POLYMARKET_CONTRACT_PNL,registry/w4b_polymarket_recensus_venue_events_v1.csv.gz,macro,5741,2022 NBA Playoffs: May 11th,,,fed;nba
PM_ALL_POLYMARKET_CONTRACT_PNL,registry/w4b_polymarket_recensus_venue_events_v1.csv.gz,sports,5742,2022 NBA Playoffs: May 13th,,,nba
PM_ALL_POLYMARKET_CONTRACT_PNL,registry/w4b_polymarket_recensus_venue_events_v1.csv.gz,sports,5743,UFC 276,,,ufc
PM_ALL_POLYMARKET_CONTRACT_PNL,registry/w4b_polymarket_recensus_venue_events_v1.csv.gz,sports,5744,MLB: April 19th,,,mlb
PM_ALL_POLYMARKET_CONTRACT_PNL,registry/w4b_polymarket_recensus_venue_events_v1.csv.gz,sports,5745,2022 NBA Playoffs: April 28th,,,nba
PM_ALL_POLYMARKET_CONTRACT_PNL,registry/w4b_polymarket_recensus_venue_events_v1.csv.gz,sports,5748,2022 NBA Playoffs: April 26th,,,nba
PM_ALL_POLYMARKET_CONTRACT_PNL,registry/w4b_polymarket_recensus_venue_events_v1.csv.gz,sports,5749,2022 NBA Playoffs: May 9th,,,nba
PM_ALL_POLYMARKET_CONTRACT_PNL,registry/w4b_polymarket_recensus_venue_events_v1.csv.gz,sports,5751,MLB: April 20th,,,mlb
PM_ALL_POLYMARKET_CONTRACT_PNL,registry/w4b_polymarket_recensus_venue_events_v1.csv.gz,macro,5753,NHL: April 28th,,,fed;nhl
PM_ALL_POLYMARKET_CONTRACT_PNL,registry/w4b_polymarket_recensus_venue_events_v1.csv.gz,sports,5754,2022 NBA Playoffs: April 27th,,,nba
PM_ALL_POLYMARKET_CONTRACT_PNL,registry/w4b_polymarket_recensus_venue_events_v1.csv.gz,sports,5756,2022 NBA Playoffs: May 6th,,,nba
PM_ALL_POLYMARKET_CONTRACT_PNL,registry/w4b_polymarket_recensus_venue_events_v1.csv.gz,macro,5757,What will U.S. inflation be from June to July 2022?,,,inflation;nfl
PM_ALL_POLYMARKET_CONTRACT_PNL,registry/w4b_polymarket_recensus_venue_events_v1.csv.gz,sports,5758,2022 NBA Playoffs: Who will win the Western Conference?,,,nba
PM_ALL_POLYMARKET_CONTRACT_PNL,registry/w4b_polymarket_recensus_venue_events_v1.csv.gz,sports,5759,MLB: April 16th,,,mlb
PM_ALL_POLYMARKET_CONTRACT_PNL,registry/w4b_polymarket_recensus_venue_events_v1.csv.gz,sports,5760,2022 NHL Playoffs: May 8th,,,nhl
PM_ALL_POLYMARKET_CONTRACT_PNL,registry/w4b_polymarket_recensus_venue_events_v1.csv.gz,sports,5761,NHL: April 27th,,,nhl
PM_ALL_POLYMARKET_CONTRACT_PNL,registry/w4b_polymarket_recensus_venue_events_v1.csv.gz,sports,5763,MLB: April 27th,,,mlb
PM_ALL_POLYMARKET_CONTRACT_PNL,registry/w4b_polymarket_recensus_venue_events_v1.csv.gz,sports,5764,NHL Playoffs: May 3rd,,,nhl
PM_ALL_POLYMARKET_CONTRACT_PNL,registry/w4b_polymarket_recensus_venue_events_v1.csv.gz,sports,5766,2022 NBA Playoffs: Who will win the Eastern Conference?,,,nba
PM_ALL_POLYMARKET_CONTRACT_PNL,registry/w4b_polymarket_recensus_venue_events_v1.csv.gz,crypto,5772,Stablecoin Depegs,,,stablecoin
PM_ALL_POLYMARKET_CONTRACT_PNL,registry/w4b_polymarket_recensus_venue_events_v1.csv.gz,sports,5774,NHL: April 14th,,,nhl
PM_ALL_POLYMARKET_CONTRACT_PNL,registry/w4b_polymarket_recensus_venue_events_v1.csv.gz,sports,5775,2022 NHL Playoffs: May 15th,,,nhl
PM_ALL_POLYMARKET_CONTRACT_PNL,registry/w4b_polymarket_recensus_venue_events_v1.csv.gz,sports,5776,2022 NBA Playoffs: May 8th,,,nba
PM_ALL_POLYMARKET_CONTRACT_PNL,registry/w4b_polymarket_recensus_venue_events_v1.csv.gz,sports,5777,2022 NHL Playoffs: May 10th,,,nhl
PM_ALL_POLYMARKET_CONTRACT_PNL,registry/w4b_polymarket_recensus_venue_events_v1.csv.gz,sports,5780,2022 NHL Playoffs: May 4th,,,nhl
PM_ALL_POLYMARKET_CONTRACT_PNL,registry/w4b_polymarket_recensus_venue_events_v1.csv.gz,sports,5782,2022 NBA Playoffs: May 12th,,,nba
PM_ALL_POLYMARKET_CONTRACT_PNL,registry/w4b_polymarket_recensus_venue_events_v1.csv.gz,sports,5785,2022 NHL Playoffs: May 12th,,,nhl
PM_ALL_POLYMARKET_CONTRACT_PNL,registry/w4b_polymarket_recensus_venue_events_v1.csv.gz,sports,5786,2022 NHL Playoffs: May 5th,,,nhl
PM_ALL_POLYMARKET_CONTRACT_PNL,registry/w4b_polymarket_recensus_venue_events_v1.csv.gz,politics,5787,Who will win the 2022 French presidential election?,,,election;president
PM_ALL_POLYMARKET_CONTRACT_PNL,registry/w4b_polymarket_recensus_venue_events_v1.csv.gz,sports,5791,NBA: March 7th,,,nba
PM_ALL_POLYMARKET_CONTRACT_PNL,registry/w4b_polymarket_recensus_venue_events_v1.csv.gz,sports,5792,2022 NBA Playoffs: May 7th,,,nba
PM_ALL_POLYMARKET_CONTRACT_PNL,registry/w4b_polymarket_recensus_venue_events_v1.csv.gz,sports,5793,NHL: April 20th,,,nhl
PM_ALL_POLYMARKET_CONTRACT_PNL,registry/w4b_polymarket_recensus_venue_events_v1.csv.gz,macro,5795,What will the U.S. inflation be from March to April 2022?,,,inflation;nfl
PM_ALL_POLYMARKET_CONTRACT_PNL,registry/w4b_polymarket_recensus_venue_events_v1.csv.gz,politics,5796,Who will win the 2022 Brazilian presidential election?,,,election;president
PM_ALL_POLYMARKET_CONTRACT_PNL,registry/w4b_polymarket_recensus_venue_events_v1.csv.gz,sports,5797,2022 NBA Playoffs: May 15th,,,nba
PM_ALL_POLYMARKET_CONTRACT_PNL,registry/w4b_polymarket_recensus_venue_events_v1.csv.gz,sports,5799,2022 NHL Playoffs: May 9th,,,nhl
PM_ALL_POLYMARKET_CONTRACT_PNL,registry/w4b_polymarket_recensus_venue_events_v1.csv.gz,sports,5801,MLB: May 3rd,,,mlb
PM_ALL_POLYMARKET_CONTRACT_PNL,registry/w4b_polymarket_recensus_venue_events_v1.csv.gz,sports,5802,NHL: March 7th,,,nhl
PM_ALL_POLYMARKET_CONTRACT_PNL,registry/w4b_polymarket_recensus_venue_events_v1.csv.gz,sports,5803,2022 NBA Playoffs: April 20th,,,nba
PM_ALL_POLYMARKET_CONTRACT_PNL,registry/w4b_polymarket_recensus_venue_events_v1.csv.gz,sports,5804,Will Coinbase’s NFT marketplace be live by...?,,,nba
PM_ALL_POLYMARKET_CONTRACT_PNL,registry/w4b_polymarket_recensus_venue_events_v1.csv.gz,sports,5805,"2022 NBA Playoffs, Round 1: Who will win each series?",,,nba
PM_ALL_POLYMARKET_CONTRACT_PNL,registry/w4b_polymarket_recensus_venue_events_v1.csv.gz,politics,5808,2022 U.S. Senate elections: Will a Democrat or Republican win this state?,,,election;senate
PM_ALL_POLYMARKET_CONTRACT_PNL,registry/w4b_polymarket_recensus_venue_events_v1.csv.gz,crypto,5809,Will Bored Apes or CryptoPunks have a higher floor price on...?,,,crypto
PM_ALL_POLYMARKET_CONTRACT_PNL,registry/w4b_polymarket_recensus_venue_events_v1.csv.gz,sports,5813,2022 NBA Playoffs: May 10th,,,nba
PM_ALL_POLYMARKET_CONTRACT_PNL,registry/w4b_polymarket_recensus_venue_events_v1.csv.gz,politics,5814,Who will win the 2022 Missouri Republican Senate nomination?,,,senate
PM_ALL_POLYMARKET_CONTRACT_PNL,registry/w4b_polymarket_recensus_venue_events_v1.csv.gz,crypto,5816,When will Ethereum Merge to Proof-of-Stake?,,,ethereum;eth
PM_ALL_POLYMARKET_CONTRACT_PNL,registry/w4b_polymarket_recensus_venue_events_v1.csv.gz,sports,5818,Who will win the NHL ‘21-22 Stanley Cup?,,,nhl
PM_ALL_POLYMARKET_CONTRACT_PNL,registry/w4b_polymarket_recensus_venue_events_v1.csv.gz,politics,5821,Will Donald Trump be President of the USA on...?,,,president
PM_ALL_POLYMARKET_CONTRACT_PNL,registry/w4b_polymarket_recensus_venue_events_v1.csv.gz,politics,5822,Who will win the 2022 Colombian presidential election?,,,election;president
PM_ALL_POLYMARKET_CONTRACT_PNL,registry/w4b_polymarket_recensus_venue_events_v1.csv.gz,crypto,5823,Will Bitcoin or Ethereum perform better in...?,,,bitcoin;ethereum;btc;eth
PM_ALL_POLYMARKET_CONTRACT_PNL,registry/w4b_polymarket_recensus_venue_events_v1.csv.gz,sports,5826,Who will win the ‘21-22 UEFA Champions League?,,,champions
PM_ALL_POLYMARKET_CONTRACT_PNL,registry/w4b_polymarket_recensus_venue_events_v1.csv.gz,sports,5827,NBA: February 11th,,,nba
PM_ALL_POLYMARKET_CONTRACT_PNL,registry/w4b_polymarket_recensus_venue_events_v1.csv.gz,politics,5828,[Single Markets] Republican Nominee 2024,,,president
PM_ALL_POLYMARKET_CONTRACT_PNL,registry/w4b_polymarket_recensus_venue_events_v1.csv.gz,sports,5829,NHL: February 10th,,,nhl
PM_ALL_POLYMARKET_CONTRACT_PNL,registry/w4b_polymarket_recensus_venue_events_v1.csv.gz,sports,5831,NBA: February 10th,,,nba
PM_ALL_POLYMARKET_CONTRACT_PNL,registry/w4b_polymarket_recensus_venue_events_v1.csv.gz,macro,5833,NBA: February 14th,,,fed;nba
PM_ALL_POLYMARKET_CONTRACT_PNL,registry/w4b_polymarket_recensus_venue_events_v1.csv.gz,sports,5834,NHL: February 11th,,,nhl
PM_ALL_POLYMARKET_CONTRACT_PNL,registry/w4b_polymarket_recensus_venue_events_v1.csv.gz,sports,5835,2022 NBA Finals,,,nba
PM_ALL_POLYMARKET_CONTRACT_PNL,registry/w4b_polymarket_recensus_venue_events_v1.csv.gz,sports,5836,NBA: February 3rd,,,nba
PM_ALL_POLYMARKET_CONTRACT_PNL,registry/w4b_polymarket_recensus_venue_events_v1.csv.gz,fda_biotech,5838,NBA: February 2nd,,,fda;nba
PM_ALL_POLYMARKET_CONTRACT_PNL,registry/w4b_polymarket_recensus_venue_events_v1.csv.gz,sports,5839,Who will win the NFL ‘21-22 Superbowl?,,,nfl
PM_ALL_POLYMARKET_CONTRACT_PNL,registry/w4b_polymarket_recensus_venue_events_v1.csv.gz,macro,5840,What will the U.S. annual inflation be on January 2022?,,,inflation;nfl
PM_ALL_POLYMARKET_CONTRACT_PNL,registry/w4b_polymarket_recensus_venue_events_v1.csv.gz,crypto,5841,"What will the price of $BTC be on February 1st, 2022?",,,btc
PM_ALL_POLYMARKET_CONTRACT_PNL,registry/w4b_polymarket_recensus_venue_events_v1.csv.gz,macro,5843,What will be the U-3 unemployment rate in January?,,,unemployment
PM_ALL_POLYMARKET_CONTRACT_PNL,registry/w4b_polymarket_recensus_venue_events_v1.csv.gz,sports,5845,NBA: January 25th,,,nba
PM_ALL_POLYMARKET_CONTRACT_PNL,registry/w4b_polymarket_recensus_venue_events_v1.csv.gz,sports,5847,NHL: April 1st,,,nhl
PM_ALL_POLYMARKET_CONTRACT_PNL,registry/w4b_polymarket_recensus_venue_events_v1.csv.gz,politics,5848,Will Boris Johnson be prime minister of the UK...?,,,minister
PM_ALL_POLYMARKET_CONTRACT_PNL,registry/w4b_polymarket_recensus_venue_events_v1.csv.gz,sports,5851,NBA: April 2nd,,,nba
PM_ALL_POLYMARKET_CONTRACT_PNL,registry/w4b_polymarket_recensus_venue_events_v1.csv.gz,macro,5852,When will the next recession happen in the US?,,,recession
PM_ALL_POLYMARKET_CONTRACT_PNL,registry/w4b_polymarket_recensus_venue_events_v1.csv.gz,politics,5853,[Single Markets] Democratic Nominee 2024,,,president
PM_ALL_POLYMARKET_CONTRACT_PNL,registry/w4b_polymarket_recensus_venue_events_v1.csv.gz,politics,5854,Who will win the Republican nomination for the 2022 United States Senate election in Ohio?,,,election;senate
PM_ALL_POLYMARKET_CONTRACT_PNL,registry/w4b_polymarket_recensus_venue_events_v1.csv.gz,politics,5855,Who will win the Democratic nomination for the 2022 United States Senate election in Pennsylvania?,,,election;senate
PM_ALL_POLYMARKET_CONTRACT_PNL,registry/w4b_polymarket_recensus_venue_events_v1.csv.gz,sports,5856,Who will be the NBA ‘21-22 MVP?,,,nba
PM_ALL_POLYMARKET_CONTRACT_PNL,registry/w4b_polymarket_recensus_venue_events_v1.csv.gz,sports,5857,NHL: April 2nd,,,nhl
PM_ALL_POLYMARKET_CONTRACT_PNL,registry/w4b_polymarket_recensus_venue_events_v1.csv.gz,sports,5858,Who will win the NBA ‘21-22 Championship?,,,nba;champions
PM_ALL_POLYMARKET_CONTRACT_PNL,registry/w4b_polymarket_recensus_venue_events_v1.csv.gz,sports,5860,NHL: January 17th,,,nhl
PM_ALL_POLYMARKET_CONTRACT_PNL,registry/w4b_polymarket_recensus_venue_events_v1.csv.gz,crypto,5861,"Will this crypto project airdrop a native token by March 31st, 2022?",,,crypto
PM_ALL_POLYMARKET_CONTRACT_PNL,registry/w4b_polymarket_recensus_venue_events_v1.csv.gz,politics,5862,Who will win the Republican nomination for the 2022 United States Senate election in Pennsylvania?,,,election;senate
PM_ALL_POLYMARKET_CONTRACT_PNL,registry/w4b_polymarket_recensus_venue_events_v1.csv.gz,politics,5863,2022 U.S. Gubernatorial elections: Will a Democrat or Republican win this state?,,,election
PM_ALL_POLYMARKET_CONTRACT_PNL,registry/w4b_polymarket_recensus_venue_events_v1.csv.gz,sports,5864,NHL: January 18th,,,nhl
PM_ALL_POLYMARKET_CONTRACT_PNL,registry/w4b_polymarket_recensus_venue_events_v1.csv.gz,sports,5866,NBA: January 27th,,,nba
PM_ALL_POLYMARKET_CONTRACT_PNL,registry/w4b_polymarket_recensus_venue_events_v1.csv.gz,sports,5867,NBA: January 17th,,,nba
PM_ALL_POLYMARKET_CONTRACT_PNL,registry/w4b_polymarket_recensus_venue_events_v1.csv.gz,sports,5868,NBA: January 26th,,,nba
PM_ALL_POLYMARKET_CONTRACT_PNL,registry/w4b_polymarket_recensus_venue_events_v1.csv.gz,sports,5870,NBA: February 26th,,,nba
PM_ALL_POLYMARKET_CONTRACT_PNL,registry/w4b_polymarket_recensus_venue_events_v1.csv.gz,sports,5874,NHL: January 31st,,,nhl
PM_ALL_POLYMARKET_CONTRACT_PNL,registry/w4b_polymarket_recensus_venue_events_v1.csv.gz,sports,5876,NBA: January 31st,,,nba
PM_ALL_POLYMARKET_CONTRACT_PNL,registry/w4b_polymarket_recensus_venue_events_v1.csv.gz,sports,5877,Will Brian Armstrong remain CEO of Coinbase through 2022?,,,nba
PM_ALL_POLYMARKET_CONTRACT_PNL,registry/w4b_polymarket_recensus_venue_events_v1.csv.gz,crypto,5887,Will Joe Biden's FiveThirtyEight approval rating be 39.0% or higher on August 4?,,,eth
PM_ALL_POLYMARKET_CONTRACT_PNL,registry/w4b_polymarket_recensus_venue_events_v1.csv.gz,sports,5889,UFC 277: Who will win - Lewis vs Pavlovich,,,ufc
PM_ALL_POLYMARKET_CONTRACT_PNL,registry/w4b_polymarket_recensus_venue_events_v1.csv.gz,macro,5890,UFC 277: Who will win - Moreno vs Kara-France,,,fed;ufc
PM_ALL_POLYMARKET_CONTRACT_PNL,registry/w4b_polymarket_recensus_venue_events_v1.csv.gz,sports,5897,UFC 277: Who will win - Pena vs Nunes,,,ufc
PM_ALL_POLYMARKET_CONTRACT_PNL,registry/w4b_polymarket_recensus_venue_events_v1.csv.gz,sports,5898,UFC 277: Will Nunes KO/TKO Pena?,,,ufc
PM_ALL_POLYMARKET_CONTRACT_PNL,registry/w4b_polymarket_recensus_venue_events_v1.csv.gz,macro,5900,"Will the price of a barrel of crude oil be $100 or more on August 8, 2022?",,,oil
PM_ALL_POLYMARKET_CONTRACT_PNL,registry/w4b_polymarket_recensus_venue_events_v1.csv.gz,crypto,5901,"Will $ETH be above $1,700 on August 5?",,,eth
PM_ALL_POLYMARKET_CONTRACT_PNL,registry/w4b_polymarket_recensus_venue_events_v1.csv.gz,sports,5902,UFC 277,,,ufc
PM_ALL_POLYMARKET_CONTRACT_PNL,registry/w4b_polymarket_recensus_venue_events_v1.csv.gz,sports,5907,"MLB: Who will win Toronto Blue Jays v. Tampa Bay Rays, scheduled for August 2, 7:10 PM ET?",,,mlb
PM_ALL_POLYMARKET_CONTRACT_PNL,registry/w4b_polymarket_recensus_venue_events_v1.csv.gz,sports,5935,"NFL Preseason: Who will win Jacksonville Jaguars v. Las Vegas Raiders, scheduled for August 4, 8:00 PM ET?",,,nfl
PM_ALL_POLYMARKET_CONTRACT_PNL,registry/w4b_polymarket_recensus_venue_events_v1.csv.gz,crypto,5937,"Will $ETH be above $1,700 on August 12?",,,eth
PM_ALL_POLYMARKET_CONTRACT_PNL,registry/w4b_polymarket_recensus_venue_events_v1.csv.gz,macro,5938,"Will the price of a barrel of crude oil be $90 or more on August 15, 2022?",,,oil
PM_ALL_POLYMARKET_CONTRACT_PNL,registry/w4b_polymarket_recensus_venue_events_v1.csv.gz,crypto,5940,Will Joe Biden's FiveThirtyEight approval rating be 39.0% or higher on August 11?,,,eth
PM_ALL_POLYMARKET_CONTRACT_PNL,registry/w4b_polymarket_recensus_venue_events_v1.csv.gz,politics,5948,Who will win the Democratic nomination for the NY-10 House election?,,,election;house
PM_ALL_POLYMARKET_CONTRACT_PNL,registry/w4b_polymarket_recensus_venue_events_v1.csv.gz,sports,5950,"MLB: Who will win Atlanta Braves v. Boston Red Sox, scheduled for August 9, 7:10 PM ET?",,,mlb
PM_ALL_POLYMARKET_CONTRACT_PNL,registry/w4b_polymarket_recensus_venue_events_v1.csv.gz,sports,5951,"MLB: Who will win Minnesota Twins v. Los Angeles Dodgers, scheduled for August 10, 10:10 PM ET?",,,mlb
PM_ALL_POLYMARKET_CONTRACT_PNL,registry/w4b_polymarket_recensus_venue_events_v1.csv.gz,sports,5953,"MLB: Who will win Chicago Cubs v. Cincinnati Reds, scheduled for August 11, 7:15 PM ET?",,,mlb
PM_ALL_POLYMARKET_CONTRACT_PNL,registry/w4b_polymarket_recensus_venue_events_v1.csv.gz,sports,5956,"MLB: Who will win New York Yankees v. Boston Red Sox, scheduled for August 14, 7:08 PM ET?",,,mlb
PM_ALL_POLYMARKET_CONTRACT_PNL,registry/w4b_polymarket_recensus_venue_events_v1.csv.gz,sports,5957,"NFL Preseason: Who will win New York Giants v. New England Patriots, scheduled for August 11, 7:00 PM ET?",,,nfl
PM_ALL_POLYMARKET_CONTRACT_PNL,registry/w4b_polymarket_recensus_venue_events_v1.csv.gz,sports,5960,"NFL Preseason: Who will win Minnesota Vikings v. Las Vegas Raiders, scheduled for August 14, 4:25 PM ET?",,,nfl
PM_ALL_POLYMARKET_CONTRACT_PNL,registry/w4b_polymarket_recensus_venue_events_v1.csv.gz,sports,5961,UFC Fight San Diego: Who will win - Vera vs. Cruz?,,,ufc
PM_ALL_POLYMARKET_CONTRACT_PNL,registry/w4b_polymarket_recensus_venue_events_v1.csv.gz,macro,5962,"Will U.S. 30 year Treasury bond yield close above 3% on August 19, 2022?",,,treasury;yield
PM_ALL_POLYMARKET_CONTRACT_PNL,registry/w4b_polymarket_recensus_venue_events_v1.csv.gz,crypto,5963,Will the floor price of CryptoPunks be 75 ETH or above on August 19?,,,crypto;eth
PM_ALL_POLYMARKET_CONTRACT_PNL,registry/w4b_polymarket_recensus_venue_events_v1.csv.gz,crypto,5968,Will Joe Biden's FiveThirtyEight approval rating be 40.0% or higher on August 18?,,,eth
PM_ALL_POLYMARKET_CONTRACT_PNL,registry/w4b_polymarket_recensus_venue_events_v1.csv.gz,crypto,5970,Will ETH hit $2000 by August 19?,,,eth
PM_ALL_POLYMARKET_CONTRACT_PNL,registry/w4b_polymarket_recensus_venue_events_v1.csv.gz,sports,5984,UFC 278,,,ufc
PM_ALL_POLYMARKET_CONTRACT_PNL,registry/w4b_polymarket_recensus_venue_events_v1.csv.gz,macro,5985,What will U.S. inflation be from July to August 2022?,,,inflation;nfl
PM_ALL_POLYMARKET_CONTRACT_PNL,registry/w4b_polymarket_recensus_venue_events_v1.csv.gz,macro,5987,Will weekly jobless claims exceed 265k for the week ending on August 13?,,,unemployment
PM_ALL_POLYMARKET_CONTRACT_PNL,registry/w4b_polymarket_recensus_venue_events_v1.csv.gz,crypto,5990,"Will $ETH be above $1,900 on August 19?",,,eth
PM_ALL_POLYMARKET_CONTRACT_PNL,registry/w4b_polymarket_recensus_venue_events_v1.csv.gz,macro,5993,"Will the price of a barrel of crude oil be $92.50 or more on August 22, 2022? (OCT 2022 future)",,,oil
PM_ALL_POLYMARKET_CONTRACT_PNL,registry/w4b_polymarket_recensus_venue_events_v1.csv.gz,sports,5997,"MLB: Who will win San Diego Padres v. Miami Marlins, scheduled for August 15, 6:40 PM ET?",,,mlb
PM_ALL_POLYMARKET_CONTRACT_PNL,registry/w4b_polymarket_recensus_venue_events_v1.csv.gz,sports,5998,"MLB: Who will win New York Mets v. Atlanta Braves, scheduled for August 16, 7:20 PM ET?",,,mlb
PM_ALL_POLYMARKET_CONTRACT_PNL,registry/w4b_polymarket_recensus_venue_events_v1.csv.gz,sports,6017,UFC 278: Will Usman KO/TKO Edwards?,,,ufc
PM_ALL_POLYMARKET_CONTRACT_PNL,registry/w4b_polymarket_recensus_venue_events_v1.csv.gz,sports,6035,Will the Bucks or Hawks win the 2021 NBA Eastern Conference Finals?,,,nba
PM_ALL_POLYMARKET_CONTRACT_PNL,registry/w4b_polymarket_recensus_venue_events_v1.csv.gz,politics,6037,"Will Donald Trump formally concede the 2020 US Election before December 1st, 2020?",,,election
PM_ALL_POLYMARKET_CONTRACT_PNL,registry/w4b_polymarket_recensus_venue_events_v1.csv.gz,politics,6038,Will Fratelli D'italia or Partito Democratico win more seats in the Italian Chamber in the 2022 election?,,,election
PM_ALL_POLYMARKET_CONTRACT_PNL,registry/w4b_polymarket_recensus_venue_events_v1.csv.gz,politics,6056,Will India Walton win the general election for Mayor of Buffalo in 2021?,,,election
PM_ALL_POLYMARKET_CONTRACT_PNL,registry/w4b_polymarket_recensus_venue_events_v1.csv.gz,macro,6060,Will weekly jobless claims exceed 348K for the week ending on August 21?,,,unemployment
PM_ALL_POLYMARKET_CONTRACT_PNL,registry/w4b_polymarket_recensus_venue_events_v1.csv.gz,politics,6061,"Who will get more votes in the 2021 California recall election: Paffrath, Faulconer, or Cox?",,,election
PM_ALL_POLYMARKET_CONTRACT_PNL,registry/w4b_polymarket_recensus_venue_events_v1.csv.gz,sports,6075,Will the Buffalo Bills or the Kansas City Chiefs win the AFC Championship?,,,champions
PM_ALL_POLYMARKET_CONTRACT_PNL,registry/w4b_polymarket_recensus_venue_events_v1.csv.gz,politics,6078,"Will President Trump be suspended from Twitter before April 1, 2021?",,,president
PM_ALL_POLYMARKET_CONTRACT_PNL,registry/w4b_polymarket_recensus_venue_events_v1.csv.gz,crypto,6079,"Will Apple, Amazon, or Twitter announce a Bitcoin purchase before April 1, 2021?",,,bitcoin
PM_ALL_POLYMARKET_CONTRACT_PNL,registry/w4b_polymarket_recensus_venue_events_v1.csv.gz,politics,6081,Which party will control the senate?,,,senate;party
PM_ALL_POLYMARKET_CONTRACT_PNL,registry/w4b_polymarket_recensus_venue_events_v1.csv.gz,crypto,6086,Will Ethereum dip below $2000 by March 1?,,,ethereum;eth
PM_ALL_POLYMARKET_CONTRACT_PNL,registry/w4b_polymarket_recensus_venue_events_v1.csv.gz,fda_biotech,6089,Will Pfizer's COVID-19 vaccine be the first to receive FDA approval or Emergency Use Authorization (EUA)?,,,fda;pdufa
PM_ALL_POLYMARKET_CONTRACT_PNL,registry/w4b_polymarket_recensus_venue_events_v1.csv.gz,politics,6091,"Will Donald Trump be President of the USA on March 31, 2021?",,,president
PM_ALL_POLYMARKET_CONTRACT_PNL,registry/w4b_polymarket_recensus_venue_events_v1.csv.gz,politics,6092,Who will come in 2nd place in the 2021 California recall election?,,,election
PM_ALL_POLYMARKET_CONTRACT_PNL,registry/w4b_polymarket_recensus_venue_events_v1.csv.gz,crypto,6095,"Will ETH be above $1,500 on January 27th?",,,eth
PM_ALL_POLYMARKET_CONTRACT_PNL,registry/w4b_polymarket_recensus_venue_events_v1.csv.gz,politics,6097,Will the Liberal Party win the most seats in the 2021 Canadian federal election?,,,fed;election;party
PM_ALL_POLYMARKET_CONTRACT_PNL,registry/w4b_polymarket_recensus_venue_events_v1.csv.gz,politics,6099,What will the margin be in Newsom’s recall election?,,,election
PM_ALL_POLYMARKET_CONTRACT_PNL,registry/w4b_polymarket_recensus_venue_events_v1.csv.gz,sports,6100,Will the Titans or the Ravens win their January 10th NFL Wild Card matchup?,,,nfl
PM_ALL_POLYMARKET_CONTRACT_PNL,registry/w4b_polymarket_recensus_venue_events_v1.csv.gz,corporate,6101,Will Maya Wiley win second place in the 2021 NYC Democratic Primary?,,,sec
PM_ALL_POLYMARKET_CONTRACT_PNL,registry/w4b_polymarket_recensus_venue_events_v1.csv.gz,sports,6102,Will the Green Bay Packers or the Tampa Bay Buccaneers win the NFC Championship?,,,champions
PM_ALL_POLYMARKET_CONTRACT_PNL,registry/w4b_polymarket_recensus_venue_events_v1.csv.gz,sports,6104,Will Coinbase delist Ripple (XRP) before they begin publicly trading?,,,nba
PM_ALL_POLYMARKET_CONTRACT_PNL,registry/w4b_polymarket_recensus_venue_events_v1.csv.gz,crypto,6105,Will Theranos executive Elizabeth Holmes be found guilty of fraud?,,,eth
PM_ALL_POLYMARKET_CONTRACT_PNL,registry/w4b_polymarket_recensus_venue_events_v1.csv.gz,crypto,6106,"Will ETH be above $2000 on March 1st, 2021?",,,eth
PM_ALL_POLYMARKET_CONTRACT_PNL,registry/w4b_polymarket_recensus_venue_events_v1.csv.gz,politics,6107,"Will Joe Biden be inaugurated as President of the USA on January 20th, 2021?",,,president
PM_ALL_POLYMARKET_CONTRACT_PNL,registry/w4b_polymarket_recensus_venue_events_v1.csv.gz,politics,6108,Will Donald Trump be the 2024 Republican presidential nominee?,,,president
PM_ALL_POLYMARKET_CONTRACT_PNL,registry/w4b_polymarket_recensus_venue_events_v1.csv.gz,politics,6111,"Will Donald Trump be inaugurated for his second term as President of the USA on Inauguration Day, January 20th, 2021?",,,president;sec
PM_ALL_POLYMARKET_CONTRACT_PNL,registry/w4b_polymarket_recensus_venue_events_v1.csv.gz,crypto,6114,"Will Bitcoin or Tesla have a higher market cap on March 1, 2021?",,,bitcoin
PM_ALL_POLYMARKET_CONTRACT_PNL,registry/w4b_polymarket_recensus_venue_events_v1.csv.gz,crypto,6115,"Will Apple, Amazon, or Twitter announce a Bitcoin purchase before July 1, 2021?",,,bitcoin
PM_ALL_POLYMARKET_CONTRACT_PNL,registry/w4b_polymarket_recensus_venue_events_v1.csv.gz,crypto,6116,Will BTC break $15k before 2021?,,,btc
PM_ALL_POLYMARKET_CONTRACT_PNL,registry/w4b_polymarket_recensus_venue_events_v1.csv.gz,crypto,6124,Will $BTC break $20k before Thanksgiving?,,,btc
PM_ALL_POLYMARKET_CONTRACT_PNL,registry/w4b_polymarket_recensus_venue_events_v1.csv.gz,crypto,6126,Will $BTC break $20k before 2021?,,,btc
PM_ALL_POLYMARKET_CONTRACT_PNL,registry/w4b_polymarket_recensus_venue_events_v1.csv.gz,macro,6127,Will LaMelo Ball be the first pick in the 2020 NBA draft?,,,fed;nba
PM_ALL_POLYMARKET_CONTRACT_PNL,registry/w4b_polymarket_recensus_venue_events_v1.csv.gz,crypto,6130,"Will ETH be above $2000 on April 1st, 2021?",,,eth
PM_ALL_POLYMARKET_CONTRACT_PNL,registry/w4b_polymarket_recensus_venue_events_v1.csv.gz,crypto,6134,"Will $BTC break $50k before April 1st, 2021?",,,btc
PM_ALL_POLYMARKET_CONTRACT_PNL,registry/w4b_polymarket_recensus_venue_events_v1.csv.gz,crypto,6135,"Will $ETH be above $1,600 on August 26?",,,eth
PM_ALL_POLYMARKET_CONTRACT_PNL,registry/w4b_polymarket_recensus_venue_events_v1.csv.gz,crypto,6137,Will Joe Biden's FiveThirtyEight approval rating be 41.0% or higher on August 31?,,,eth
PM_ALL_POLYMARKET_CONTRACT_PNL,registry/w4b_polymarket_recensus_venue_events_v1.csv.gz,macro,6138,"Will the price of a barrel of crude oil be $90 or more on August 29, 2022? (OCT 2022 Future)",,,oil
PM_ALL_POLYMARKET_CONTRACT_PNL,registry/w4b_polymarket_recensus_venue_events_v1.csv.gz,crypto,6140,Will the floor price of Bored Apes be 70 ETH or above on Aug 31?,,,eth
PM_ALL_POLYMARKET_CONTRACT_PNL,registry/w4b_polymarket_recensus_venue_events_v1.csv.gz,crypto,6141,Will $ETH hit $2000 again before the merge?,,,eth
PM_ALL_POLYMARKET_CONTRACT_PNL,registry/w4b_polymarket_recensus_venue_events_v1.csv.gz,crypto,6142,Will the price of $ETH be higher or lower 1 week post-merge?,,,eth
PM_ALL_POLYMARKET_CONTRACT_PNL,registry/w4b_polymarket_recensus_venue_events_v1.csv.gz,politics,10018,Nevada Senate Election Winner,,,election;senate
PM_ALL_POLYMARKET_CONTRACT_PNL,registry/w4b_polymarket_recensus_venue_events_v1.csv.gz,politics,10019,Pennsylvania Senate Election Winner,,,election;senate
PM_ALL_POLYMARKET_CONTRACT_PNL,registry/w4b_polymarket_recensus_venue_events_v1.csv.gz,politics,10020,Wisconsin Senate Election Winner,,,election;senate
PM_ALL_POLYMARKET_CONTRACT_PNL,registry/w4b_polymarket_recensus_venue_events_v1.csv.gz,politics,10021,Montana Senate Election Winner,,,election;senate
PM_ALL_POLYMARKET_CONTRACT_PNL,registry/w4b_polymarket_recensus_venue_events_v1.csv.gz,politics,10022,Ohio Senate Election Winner,,,election;senate
PM_ALL_POLYMARKET_CONTRACT_PNL,registry/w4b_polymarket_recensus_venue_events_v1.csv.gz,sports,10031,NFL Draft: Top 5 Picks Scenarios,,,nfl
PM_ALL_POLYMARKET_CONTRACT_PNL,registry/w4b_polymarket_recensus_venue_events_v1.csv.gz,crypto,10035,Will ETH or SOL reach all-time high first?,,,eth
PM_ALL_POLYMARKET_CONTRACT_PNL,registry/w4b_polymarket_recensus_venue_events_v1.csv.gz,macro,10041,Pornhub restores access in Texas by March 31?,,,fed
PM_ALL_POLYMARKET_CONTRACT_PNL,registry/w4b_polymarket_recensus_venue_events_v1.csv.gz,crypto,10057,"Bitcoin above $70,000 on Friday?",,,bitcoin
PM_ALL_POLYMARKET_CONTRACT_PNL,registry/w4b_polymarket_recensus_venue_events_v1.csv.gz,crypto,10058,"ETH above $4,000 on Friday?",,,eth
PM_ALL_POLYMARKET_CONTRACT_PNL,registry/w4b_polymarket_recensus_venue_events_v1.csv.gz,politics,10076,Who will win California Special Election to replace McCarthy?,,,election
PM_ALL_POLYMARKET_CONTRACT_PNL,registry/w4b_polymarket_recensus_venue_events_v1.csv.gz,sports,10088,NBA MVP,,,nba
PM_ALL_POLYMARKET_CONTRACT_PNL,registry/w4b_polymarket_recensus_venue_events_v1.csv.gz,crypto,10089,"Will ETH dip below $3,000 by Friday?",,,eth
PM_ALL_POLYMARKET_CONTRACT_PNL,registry/w4b_polymarket_recensus_venue_events_v1.csv.gz,sports,10093,2024 NFL Draft: 3rd Pick,,,nfl
PM_ALL_POLYMARKET_CONTRACT_PNL,registry/w4b_polymarket_recensus_venue_events_v1.csv.gz,macro,10098,Fed Interest Rates: May 2024,,,fed;fomc;interest rate;rates
PM_ALL_POLYMARKET_CONTRACT_PNL,registry/w4b_polymarket_recensus_venue_events_v1.csv.gz,politics,10115,Trump convicted of felony before Election?,,,election
PM_ALL_POLYMARKET_CONTRACT_PNL,registry/w4b_polymarket_recensus_venue_events_v1.csv.gz,macro,10118,"Bitcoin above $65,000 on Mar 29?",,,fed;bitcoin
PM_ALL_POLYMARKET_CONTRACT_PNL,registry/w4b_polymarket_recensus_venue_events_v1.csv.gz,crypto,10119,"ETH above $3,500 on Mar 29?",,,eth
PM_ALL_POLYMARKET_CONTRACT_PNL,registry/w4b_polymarket_recensus_venue_events_v1.csv.gz,fda_biotech,10125,Muslim group responsible for Moscow attack?,,,fda
PM_ALL_POLYMARKET_CONTRACT_PNL,registry/w4b_polymarket_recensus_venue_events_v1.csv.gz,politics,10140,Will Putin remain President of Russia through 2024?,,,president
PM_ALL_POLYMARKET_CONTRACT_PNL,registry/w4b_polymarket_recensus_venue_events_v1.csv.gz,sports,10142,Will Isaiah Thomas be signed by an NBA team?,,,nba
PM_ALL_POLYMARKET_CONTRACT_PNL,registry/w4b_polymarket_recensus_venue_events_v1.csv.gz,macro,10152,Feds raid Jay-Z in March?,,,fed
PM_ALL_POLYMARKET_CONTRACT_PNL,registry/w4b_polymarket_recensus_venue_events_v1.csv.gz,crypto,10161,Ethena market cap (FDV) one day after launch?,,,eth
PM_ALL_POLYMARKET_CONTRACT_PNL,registry/w4b_polymarket_recensus_venue_events_v1.csv.gz,politics,10164,Nebraska's 1st Congressional District Presidential Election Winner,,,election;president
PM_ALL_POLYMARKET_CONTRACT_PNL,registry/w4b_polymarket_recensus_venue_events_v1.csv.gz,politics,10166,Delaware Presidential Election Winner,,,election;president
PM_ALL_POLYMARKET_CONTRACT_PNL,registry/w4b_polymarket_recensus_venue_events_v1.csv.gz,politics,10169,New Mexico Presidential Election Winner,,,election;president
PM_ALL_POLYMARKET_CONTRACT_PNL,registry/w4b_polymarket_recensus_venue_events_v1.csv.gz,politics,10170,New York Presidential Election Winner,,,election;president
PM_ALL_POLYMARKET_CONTRACT_PNL,registry/w4b_polymarket_recensus_venue_events_v1.csv.gz,politics,10172,Nebraska's 2nd Congressional District Presidential Election Winner,,,election;president
PM_ALL_POLYMARKET_CONTRACT_PNL,registry/w4b_polymarket_recensus_venue_events_v1.csv.gz,politics,10173,Nebraska's 3rd Congressional District Presidential Election Winner,,,election;president
PM_ALL_POLYMARKET_CONTRACT_PNL,registry/w4b_polymarket_recensus_venue_events_v1.csv.gz,politics,10174,Maine's 1st Congressional District Presidential Election Winner,,,election;president
PM_ALL_POLYMARKET_CONTRACT_PNL,registry/w4b_polymarket_recensus_venue_events_v1.csv.gz,politics,10175,Maine's 2nd Congressional District Presidential Election Winner,,,fed;election;president
PM_ALL_POLYMARKET_CONTRACT_PNL,registry/w4b_polymarket_recensus_venue_events_v1.csv.gz,crypto,10178,What price will $BTC reach in April?,,,btc
PM_ALL_POLYMARKET_CONTRACT_PNL,registry/w4b_polymarket_recensus_venue_events_v1.csv.gz,crypto,10179,"Ethereum above $3,500 on April 5?",,,ethereum;eth
PM_ALL_POLYMARKET_CONTRACT_PNL,registry/w4b_polymarket_recensus_venue_events_v1.csv.gz,crypto,10180,"Bitcoin above $70,000 on April 5?",,,bitcoin
PM_ALL_POLYMARKET_CONTRACT_PNL,registry/w4b_polymarket_recensus_venue_events_v1.csv.gz,crypto,10198,Ethena crash in 2024?,,,eth
PM_ALL_POLYMARKET_CONTRACT_PNL,registry/w4b_polymarket_recensus_venue_events_v1.csv.gz,macro,10208,Feds raid Jennifer Lopez by April 15?,,,fed
PM_ALL_POLYMARKET_CONTRACT_PNL,registry/w4b_polymarket_recensus_venue_events_v1.csv.gz,crypto,10211,Bitcoin all time high in April?,,,bitcoin
PM_ALL_POLYMARKET_CONTRACT_PNL,registry/w4b_polymarket_recensus_venue_events_v1.csv.gz,politics,10214,Arizona Senate Election Winner,,,election;senate
PM_ALL_POLYMARKET_CONTRACT_PNL,registry/w4b_polymarket_recensus_venue_events_v1.csv.gz,politics,10218,Texas Senate Election Winner,,,election;senate
PM_ALL_POLYMARKET_CONTRACT_PNL,registry/w4b_polymarket_recensus_venue_events_v1.csv.gz,politics,10219,Maryland Senate Election Winner,,,election;senate
PM_ALL_POLYMARKET_CONTRACT_PNL,registry/w4b_polymarket_recensus_venue_events_v1.csv.gz,politics,10223,Balance of Power: 2024 Election,,,election
PM_ALL_POLYMARKET_CONTRACT_PNL,registry/w4b_polymarket_recensus_venue_events_v1.csv.gz,crypto,10225,Ethena USDe flips USDC market cap in 2024?,,,eth
PM_ALL_POLYMARKET_CONTRACT_PNL,registry/w4b_polymarket_recensus_venue_events_v1.csv.gz,politics,10229,Maryland Senate Democratic Primary Winner,,,senate
PM_ALL_POLYMARKET_CONTRACT_PNL,registry/w4b_polymarket_recensus_venue_events_v1.csv.gz,politics,10231,Florida Senate Election Winner,,,election;senate
PM_ALL_POLYMARKET_CONTRACT_PNL,registry/w4b_polymarket_recensus_venue_events_v1.csv.gz,politics,10232,California Senate Election Winner,,,election;senate
PM_ALL_POLYMARKET_CONTRACT_PNL,registry/w4b_polymarket_recensus_venue_events_v1.csv.gz,politics,10234,Washington Senate Election Winner,,,election;senate
PM_ALL_POLYMARKET_CONTRACT_PNL,registry/w4b_polymarket_recensus_venue_events_v1.csv.gz,politics,10235,Utah Senate Election Winner,,,election;senate
PM_ALL_POLYMARKET_CONTRACT_PNL,registry/w4b_polymarket_recensus_venue_events_v1.csv.gz,politics,10236,Wyoming Senate Election Winner,,,election;senate
PM_ALL_POLYMARKET_CONTRACT_PNL,registry/w4b_polymarket_recensus_venue_events_v1.csv.gz,politics,10238,New Mexico Senate Election Winner,,,election;senate
PM_ALL_POLYMARKET_CONTRACT_PNL,registry/w4b_polymarket_recensus_venue_events_v1.csv.gz,politics,10240,North Dakota Senate Election Winner,,,election;senate
PM_ALL_POLYMARKET_CONTRACT_PNL,registry/w4b_polymarket_recensus_venue_events_v1.csv.gz,politics,10241,Nebraska Senate Election Winner,,,election;senate
PM_ALL_POLYMARKET_CONTRACT_PNL,registry/w4b_polymarket_recensus_venue_events_v1.csv.gz,politics,10242,Minnesota Senate Election Winner,,,election;senate
PM_ALL_POLYMARKET_CONTRACT_PNL,registry/w4b_polymarket_recensus_venue_events_v1.csv.gz,politics,10243,Missouri Senate Election Winner,,,election;senate
PM_ALL_POLYMARKET_CONTRACT_PNL,registry/w4b_polymarket_recensus_venue_events_v1.csv.gz,politics,10244,Tennessee Senate Election Winner,,,election;senate
PM_ALL_POLYMARKET_CONTRACT_PNL,registry/w4b_polymarket_recensus_venue_events_v1.csv.gz,politics,10245,Mississippi Senate Election Winner,,,election;senate
PM_ALL_POLYMARKET_CONTRACT_PNL,registry/w4b_polymarket_recensus_venue_events_v1.csv.gz,politics,10246,Indiana Senate Election Winner,,,election;senate
PM_ALL_POLYMARKET_CONTRACT_PNL,registry/w4b_polymarket_recensus_venue_events_v1.csv.gz,politics,10247,West Virginia Senate Election Winner,,,election;senate
PM_ALL_POLYMARKET_CONTRACT_PNL,registry/w4b_polymarket_recensus_venue_events_v1.csv.gz,politics,10249,Virginia Senate Election Winner,,,election;senate
PM_ALL_POLYMARKET_CONTRACT_PNL,registry/w4b_polymarket_recensus_venue_events_v1.csv.gz,politics,10250,Delaware Senate Election Winner,,,election;senate
PM_ALL_POLYMARKET_CONTRACT_PNL,registry/w4b_polymarket_recensus_venue_events_v1.csv.gz,politics,10251,New Jersey Senate Election Winner,,,election;senate
PM_ALL_POLYMARKET_CONTRACT_PNL,registry/w4b_polymarket_recensus_venue_events_v1.csv.gz,politics,10253,New York Senate Election Winner,,,election;senate
PM_ALL_POLYMARKET_CONTRACT_PNL,registry/w4b_polymarket_recensus_venue_events_v1.csv.gz,politics,10254,Connecticut Senate Election Winner,,,election;senate
PM_ALL_POLYMARKET_CONTRACT_PNL,registry/w4b_polymarket_recensus_venue_events_v1.csv.gz,politics,10255,Rhode Island Senate Election Winner,,,election;senate
PM_ALL_POLYMARKET_CONTRACT_PNL,registry/w4b_polymarket_recensus_venue_events_v1.csv.gz,politics,10257,Massachusetts Senate Election Winner,,,election;senate
PM_ALL_POLYMARKET_CONTRACT_PNL,registry/w4b_polymarket_recensus_venue_events_v1.csv.gz,politics,10258,Vermont Senate Election Winner,,,election;senate
PM_ALL_POLYMARKET_CONTRACT_PNL,registry/w4b_polymarket_recensus_venue_events_v1.csv.gz,politics,10260,Maine Senate Election Winner,,,election;senate
PM_ALL_POLYMARKET_CONTRACT_PNL,registry/w4b_polymarket_recensus_venue_events_v1.csv.gz,politics,10261,Hawaii Senate Election Winner,,,election;senate
PM_ALL_POLYMARKET_CONTRACT_PNL,registry/w4b_polymarket_recensus_venue_events_v1.csv.gz,macro,10262,U.S. Recession in 2024?,,,recession
PM_ALL_POLYMARKET_CONTRACT_PNL,registry/w4b_polymarket_recensus_venue_events_v1.csv.gz,sports,10263,2024 NFL Draft: 2nd Pick,,,nfl
PM_ALL_POLYMARKET_CONTRACT_PNL,registry/w4b_polymarket_recensus_venue_events_v1.csv.gz,crypto,10270,"Bitcoin above $70,000 on April 12?",,,bitcoin
PM_ALL_POLYMARKET_CONTRACT_PNL,registry/w4b_polymarket_recensus_venue_events_v1.csv.gz,crypto,10271,"Ethereum above $3,500 on April 12?",,,ethereum;eth
PM_ALL_POLYMARKET_CONTRACT_PNL,registry/w4b_polymarket_recensus_venue_events_v1.csv.gz,crypto,10272,Solana above $175 on April 12?,,,solana
PM_ALL_POLYMARKET_CONTRACT_PNL,registry/w4b_polymarket_recensus_venue_events_v1.csv.gz,macro,10273,US inflation >0.2% from Feb to March 2024?,,,inflation;nfl
PM_ALL_POLYMARKET_CONTRACT_PNL,registry/w4b_polymarket_recensus_venue_events_v1.csv.gz,macro,10274,How many Jobs added in April?,,,payroll
PM_ALL_POLYMARKET_CONTRACT_PNL,registry/w4b_polymarket_recensus_venue_events_v1.csv.gz,sports,10276,UFC 300,,,ufc
PM_ALL_POLYMARKET_CONTRACT_PNL,registry/w4b_polymarket_recensus_venue_events_v1.csv.gz,sports,10282,Will Billy Football win NY-3 Republican Primary?,,,football
PM_ALL_POLYMARKET_CONTRACT_PNL,registry/w4b_polymarket_recensus_venue_events_v1.csv.gz,crypto,10288,Ansem FriendTech keys >10 ETH by Friday?,,,eth
PM_ALL_POLYMARKET_CONTRACT_PNL,registry/w4b_polymarket_recensus_venue_events_v1.csv.gz,sports,10294,Champions League: Arsenal vs Bayern Munich,,,champions
PM_ALL_POLYMARKET_CONTRACT_PNL,registry/w4b_polymarket_recensus_venue_events_v1.csv.gz,sports,10296,Champions League: Man City vs Real Madrid,,,champions
PM_ALL_POLYMARKET_CONTRACT_PNL,registry/w4b_polymarket_recensus_venue_events_v1.csv.gz,fda_biotech,10299,Justin & Hailey Bieber split in April?,,,fda
PM_ALL_POLYMARKET_CONTRACT_PNL,registry/w4b_polymarket_recensus_venue_events_v1.csv.gz,politics,10301,Indian Election: NDA Margin of Victory,,,election
PM_ALL_POLYMARKET_CONTRACT_PNL,registry/w4b_polymarket_recensus_venue_events_v1.csv.gz,politics,10303,Indian Election: Will BJP win a majority of seats?,,,election
PM_ALL_POLYMARKET_CONTRACT_PNL,registry/w4b_polymarket_recensus_venue_events_v1.csv.gz,politics,10304,Panama Presidential Election Winner,,,election;president
PM_ALL_POLYMARKET_CONTRACT_PNL,registry/w4b_polymarket_recensus_venue_events_v1.csv.gz,sports,10306,How many QBs drafted in 1st round of NFL Draft?,,,nfl
PM_ALL_POLYMARKET_CONTRACT_PNL,registry/w4b_polymarket_recensus_venue_events_v1.csv.gz,macro,10319,US inflation >0.3% from March to April 2024?,,,inflation;nfl
PM_ALL_POLYMARKET_CONTRACT_PNL,registry/w4b_polymarket_recensus_venue_events_v1.csv.gz,sports,10326,$PEPE spot listed on Coinbase in April?,,,nba
PM_ALL_POLYMARKET_CONTRACT_PNL,registry/w4b_polymarket_recensus_venue_events_v1.csv.gz,sports,10327,$MOG spot listed on Coinbase in April?,,,nba
PM_ALL_POLYMARKET_CONTRACT_PNL,registry/w4b_polymarket_recensus_venue_events_v1.csv.gz,sports,10328,$BITCOIN spot listed on Coinbase in April?,,,nba;bitcoin
PM_ALL_POLYMARKET_CONTRACT_PNL,registry/w4b_polymarket_recensus_venue_events_v1.csv.gz,politics,10330,South Africa Election: Will ANC win a majority of seats?,,,election
PM_ALL_POLYMARKET_CONTRACT_PNL,registry/w4b_polymarket_recensus_venue_events_v1.csv.gz,politics,10336,South Africa Presidential Election Winner,,,election;president
PM_ALL_POLYMARKET_CONTRACT_PNL,registry/w4b_polymarket_recensus_venue_events_v1.csv.gz,macro,10344,Who will advance: Dortmund or Atletico Madrid?,,,fed
PM_ALL_POLYMARKET_CONTRACT_PNL,registry/w4b_polymarket_recensus_venue_events_v1.csv.gz,sports,10345,Champions League: Dortmund vs Atletico Madrid,,,champions
PM_ALL_POLYMARKET_CONTRACT_PNL,registry/w4b_polymarket_recensus_venue_events_v1.csv.gz,sports,10346,Champions League: Barcelona vs PSG,,,champions
PM_ALL_POLYMARKET_CONTRACT_PNL,registry/w4b_polymarket_recensus_venue_events_v1.csv.gz,crypto,10347,"Bitcoin above $60,000 on April 19?",,,bitcoin
PM_ALL_POLYMARKET_CONTRACT_PNL,registry/w4b_polymarket_recensus_venue_events_v1.csv.gz,crypto,10348,"Ethereum above $3,000 on April 19?",,,ethereum;eth
PM_ALL_POLYMARKET_CONTRACT_PNL,registry/w4b_polymarket_recensus_venue_events_v1.csv.gz,fda_biotech,10349,Israel military action against Iran by Friday?,,,fda
PM_ALL_POLYMARKET_CONTRACT_PNL,registry/w4b_polymarket_recensus_venue_events_v1.csv.gz,sports,10354,NBA Play-In: Lakers vs Pelicans,,,nba
PM_ALL_POLYMARKET_CONTRACT_PNL,registry/w4b_polymarket_recensus_venue_events_v1.csv.gz,sports,10355,NBA Play-In: Warriors vs Kings,,,nba
PM_ALL_POLYMARKET_CONTRACT_PNL,registry/w4b_polymarket_recensus_venue_events_v1.csv.gz,sports,10356,NBA Play-In: Heat vs 76ers,,,nba
PM_ALL_POLYMARKET_CONTRACT_PNL,registry/w4b_polymarket_recensus_venue_events_v1.csv.gz,sports,10357,NBA Play-In: Hawks vs Bulls,,,nba
PM_ALL_POLYMARKET_CONTRACT_PNL,registry/w4b_polymarket_recensus_venue_events_v1.csv.gz,crypto,10359,Bitcoin price 24 hours after halving?,,,bitcoin
PM_ALL_POLYMARKET_CONTRACT_PNL,registry/w4b_polymarket_recensus_venue_events_v1.csv.gz,sports,10363,NHL Champion,,,nhl
PM_ALL_POLYMARKET_CONTRACT_PNL,registry/w4b_polymarket_recensus_venue_events_v1.csv.gz,sports,10365,NBA,,,nba
PM_ALL_POLYMARKET_CONTRACT_PNL,registry/w4b_polymarket_recensus_venue_events_v1.csv.gz,sports,10366,NBA,,,nba
PM_ALL_POLYMARKET_CONTRACT_PNL,registry/w4b_polymarket_recensus_venue_events_v1.csv.gz,politics,10373,Kamala Harris wins a solid red state?,,,election;president
PM_ALL_POLYMARKET_CONTRACT_PNL,registry/w4b_polymarket_recensus_venue_events_v1.csv.gz,politics,10382,Washington DC Presidential Election Winner,,,election;president
PM_ALL_POLYMARKET_CONTRACT_PNL,registry/w4b_polymarket_recensus_venue_events_v1.csv.gz,fda_biotech,10384,Indian election: NDA wins 400+ seats?,,,fda;election
PM_ALL_POLYMARKET_CONTRACT_PNL,registry/w4b_polymarket_recensus_venue_events_v1.csv.gz,crypto,10390,"Bitcoin above $60,000 on April 30?",,,bitcoin
PM_ALL_POLYMARKET_CONTRACT_PNL,registry/w4b_polymarket_recensus_venue_events_v1.csv.gz,crypto,10391,"Ethereum above $3,000 on April 30?",,,ethereum;eth
PM_ALL_POLYMARKET_CONTRACT_PNL,registry/w4b_polymarket_recensus_venue_events_v1.csv.gz,sports,10393,NBA,,,nba
PM_ALL_POLYMARKET_CONTRACT_PNL,registry/w4b_polymarket_recensus_venue_events_v1.csv.gz,sports,10394,NBA Play-In: Pelicans vs. Kings,,,nba
PM_ALL_POLYMARKET_CONTRACT_PNL,registry/w4b_polymarket_recensus_venue_events_v1.csv.gz,sports,10399,NBA Play-In: Heat vs Bulls,,,nba
PM_ALL_POLYMARKET_CONTRACT_PNL,registry/w4b_polymarket_recensus_venue_events_v1.csv.gz,politics,10407,Indian Election: How many seats will the NDA win?,,,election
PM_ALL_POLYMARKET_CONTRACT_PNL,registry/w4b_polymarket_recensus_venue_events_v1.csv.gz,politics,10415,Trump wins a solid blue state?,,,election;president
PM_ALL_POLYMARKET_CONTRACT_PNL,registry/w4b_polymarket_recensus_venue_events_v1.csv.gz,politics,10420,Palestine a UN member state before U.S. election?,,,election
PM_ALL_POLYMARKET_CONTRACT_PNL,registry/w4b_polymarket_recensus_venue_events_v1.csv.gz,sports,10423,NBA Playoffs: How many 1st round sweeps?,,,nba;eps
PM_ALL_POLYMARKET_CONTRACT_PNL,registry/w4b_polymarket_recensus_venue_events_v1.csv.gz,politics,10432,Shafik out as Columbia President in April?,,,president
PM_ALL_POLYMARKET_CONTRACT_PNL,registry/w4b_polymarket_recensus_venue_events_v1.csv.gz,crypto,10435,Derivatives_Ape/Prometheus arrested this year?,,,eth
PM_ALL_POLYMARKET_CONTRACT_PNL,registry/w4b_polymarket_recensus_venue_events_v1.csv.gz,sports,10436,NBA,,,nba
PM_ALL_POLYMARKET_CONTRACT_PNL,registry/w4b_polymarket_recensus_venue_events_v1.csv.gz,politics,10438,Peter Salovey out as Yale President in April?,,,president
PM_ALL_POLYMARKET_CONTRACT_PNL,registry/w4b_polymarket_recensus_venue_events_v1.csv.gz,sports,10444,Ding Liren plays in 2024 World Chess Championship?,,,champions
PM_ALL_POLYMARKET_CONTRACT_PNL,registry/w4b_polymarket_recensus_venue_events_v1.csv.gz,sports,10446,Which NFL Teams will draft a QB in 1st round?,,,nfl
PM_ALL_POLYMARKET_CONTRACT_PNL,registry/w4b_polymarket_recensus_venue_events_v1.csv.gz,politics,10451,Israel and Saudi Arabia normalize relations before U.S. election?,,,election
PM_ALL_POLYMARKET_CONTRACT_PNL,registry/w4b_polymarket_recensus_venue_events_v1.csv.gz,sports,10456,NBA,,,nba
PM_ALL_POLYMARKET_CONTRACT_PNL,registry/w4b_polymarket_recensus_venue_events_v1.csv.gz,sports,10468,NBA,,,nba
PM_ALL_POLYMARKET_CONTRACT_PNL,registry/w4b_polymarket_recensus_venue_events_v1.csv.gz,politics,10471,Unrealized gains tax passed before election day?,,,election
PM_ALL_POLYMARKET_CONTRACT_PNL,registry/w4b_polymarket_recensus_venue_events_v1.csv.gz,politics,10472,Capital gains tax increase before election day?,,,election
PM_ALL_POLYMARKET_CONTRACT_PNL,registry/w4b_polymarket_recensus_venue_events_v1.csv.gz,sports,10476,NBA,,,nba
PM_ALL_POLYMARKET_CONTRACT_PNL,registry/w4b_polymarket_recensus_venue_events_v1.csv.gz,crypto,10480,What price will $BTC dip below before June?,,,btc
PM_ALL_POLYMARKET_CONTRACT_PNL,registry/w4b_polymarket_recensus_venue_events_v1.csv.gz,sports,10482,NFL Draft: Will any team trade into top 5?,,,nfl
PM_ALL_POLYMARKET_CONTRACT_PNL,registry/w4b_polymarket_recensus_venue_events_v1.csv.gz,macro,10483,Fed rate hike in 2024?,,,fed;fomc;rate hike;fda
PM_ALL_POLYMARKET_CONTRACT_PNL,registry/w4b_polymarket_recensus_venue_events_v1.csv.gz,sports,10492,NBA,,,nba
PM_ALL_POLYMARKET_CONTRACT_PNL,registry/w4b_polymarket_recensus_venue_events_v1.csv.gz,sports,10495,NBA,,,nba
PM_ALL_POLYMARKET_CONTRACT_PNL,registry/w4b_polymarket_recensus_venue_events_v1.csv.gz,sports,10497,NBA,,,nba
PM_ALL_POLYMARKET_CONTRACT_PNL,registry/w4b_polymarket_recensus_venue_events_v1.csv.gz,politics,10499,North Macedonia Presidential Election Winner,,,election;president
PM_ALL_POLYMARKET_CONTRACT_PNL,registry/w4b_polymarket_recensus_venue_events_v1.csv.gz,sports,10509,NBA,,,nba
PM_ALL_POLYMARKET_CONTRACT_PNL,registry/w4b_polymarket_recensus_venue_events_v1.csv.gz,politics,10511,When will UK election be held?,,,election
PM_ALL_POLYMARKET_CONTRACT_PNL,registry/w4b_polymarket_recensus_venue_events_v1.csv.gz,politics,10515,Labour wins a majority of seats in UK election?,,,election
PM_ALL_POLYMARKET_CONTRACT_PNL,registry/w4b_polymarket_recensus_venue_events_v1.csv.gz,politics,10516,Which party wins the most seats after UK Election?,,,election;party
PM_ALL_POLYMARKET_CONTRACT_PNL,registry/w4b_polymarket_recensus_venue_events_v1.csv.gz,politics,10518,Rishi Sunak out before next UK election?,,,election
PM_ALL_POLYMARKET_CONTRACT_PNL,registry/w4b_polymarket_recensus_venue_events_v1.csv.gz,crypto,10520,"Bitcoin above $60,000 on May 10?",,,bitcoin
PM_ALL_POLYMARKET_CONTRACT_PNL,registry/w4b_polymarket_recensus_venue_events_v1.csv.gz,politics,10521,Shafik out as Columbia President by May 31?,,,president
PM_ALL_POLYMARKET_CONTRACT_PNL,registry/w4b_polymarket_recensus_venue_events_v1.csv.gz,crypto,10522,"Ethereum above $3,000 on May 10?",,,ethereum;eth
PM_ALL_POLYMARKET_CONTRACT_PNL,registry/w4b_polymarket_recensus_venue_events_v1.csv.gz,sports,10523,NBA,,,nba
PM_ALL_POLYMARKET_CONTRACT_PNL,registry/w4b_polymarket_recensus_venue_events_v1.csv.gz,crypto,10525,What price will $BTC reach in May?,,,btc
PM_ALL_POLYMARKET_CONTRACT_PNL,registry/w4b_polymarket_recensus_venue_events_v1.csv.gz,macro,10535,Fed Interest Rates: June 2024,,,fed;fomc;interest rate;rates;fda
PM_ALL_POLYMARKET_CONTRACT_PNL,registry/w4b_polymarket_recensus_venue_events_v1.csv.gz,sports,10542,NBA,,,nba
PM_ALL_POLYMARKET_CONTRACT_PNL,registry/w4b_polymarket_recensus_venue_events_v1.csv.gz,crypto,10551,BitBoy vs. Smic - Crypto Fight Night,,,crypto
PM_ALL_POLYMARKET_CONTRACT_PNL,registry/w4b_polymarket_recensus_venue_events_v1.csv.gz,sports,10555,NBA,,,nba
PM_ALL_POLYMARKET_CONTRACT_PNL,registry/w4b_polymarket_recensus_venue_events_v1.csv.gz,sports,10560,NBA,,,nba
PM_ALL_POLYMARKET_CONTRACT_PNL,registry/w4b_polymarket_recensus_venue_events_v1.csv.gz,politics,10565,Will Todd Fine win the 2024 US Presidential Election?,,,election;president
PM_ALL_POLYMARKET_CONTRACT_PNL,registry/w4b_polymarket_recensus_venue_events_v1.csv.gz,politics,10568,EU Election: Which party will win the most seats?,,,election;party
PM_ALL_POLYMARKET_CONTRACT_PNL,registry/w4b_polymarket_recensus_venue_events_v1.csv.gz,sports,10573,NBA,,,nba
PM_ALL_POLYMARKET_CONTRACT_PNL,registry/w4b_polymarket_recensus_venue_events_v1.csv.gz,sports,10577,NBA,,,nba
PM_ALL_POLYMARKET_CONTRACT_PNL,registry/w4b_polymarket_recensus_venue_events_v1.csv.gz,corporate,10583,Real Madrid vs Bayern Munich - UCL Semis Second Leg,,,sec
PM_ALL_POLYMARKET_CONTRACT_PNL,registry/w4b_polymarket_recensus_venue_events_v1.csv.gz,sports,10585,Will Coinbase list $WIF in May?,,,nba
PM_ALL_POLYMARKET_CONTRACT_PNL,registry/w4b_polymarket_recensus_venue_events_v1.csv.gz,politics,10586,Lithuania Presidential Election Winner,,,election;president
PM_ALL_POLYMARKET_CONTRACT_PNL,registry/w4b_polymarket_recensus_venue_events_v1.csv.gz,corporate,10587,Drake's secret daughter confirmed by May 31?,,,sec
PM_ALL_POLYMARKET_CONTRACT_PNL,registry/w4b_polymarket_recensus_venue_events_v1.csv.gz,sports,10589,NBA,,,nba
PM_ALL_POLYMARKET_CONTRACT_PNL,registry/w4b_polymarket_recensus_venue_events_v1.csv.gz,crypto,10590,Ethereum ETF approved in 2024?,,,ethereum;eth
PM_ALL_POLYMARKET_CONTRACT_PNL,registry/w4b_polymarket_recensus_venue_events_v1.csv.gz,sports,10596,NBA,,,nba
PM_ALL_POLYMARKET_CONTRACT_PNL,registry/w4b_polymarket_recensus_venue_events_v1.csv.gz,politics,10597,# of Labour seats after UK Election? (325-450),,,election
PM_ALL_POLYMARKET_CONTRACT_PNL,registry/w4b_polymarket_recensus_venue_events_v1.csv.gz,politics,10598,Belgian Election: Which party wins the most seats?,,,fed;election;party
PM_ALL_POLYMARKET_CONTRACT_PNL,registry/w4b_polymarket_recensus_venue_events_v1.csv.gz,fda_biotech,10599,Will Jersey Jerry complete the marathon?,,,fda
PM_ALL_POLYMARKET_CONTRACT_PNL,registry/w4b_polymarket_recensus_venue_events_v1.csv.gz,politics,10600,Zelensky remains President of Ukraine through September?,,,president
PM_ALL_POLYMARKET_CONTRACT_PNL,registry/w4b_polymarket_recensus_venue_events_v1.csv.gz,corporate,10602,Will RFK Jr. place second in any state?,,,sec
PM_ALL_POLYMARKET_CONTRACT_PNL,registry/w4b_polymarket_recensus_venue_events_v1.csv.gz,sports,10604,NBA,,,nba
PM_ALL_POLYMARKET_CONTRACT_PNL,registry/w4b_polymarket_recensus_venue_events_v1.csv.gz,politics,10606,Delaware Governor Election Winner,,,election;governor
PM_ALL_POLYMARKET_CONTRACT_PNL,registry/w4b_polymarket_recensus_venue_events_v1.csv.gz,politics,10607,Vermont Governor Election Winner,,,election;governor
PM_ALL_POLYMARKET_CONTRACT_PNL,registry/w4b_polymarket_recensus_venue_events_v1.csv.gz,sports,10608,Real Madrid vs. Dortmund: Champions League Final,,,champions
PM_ALL_POLYMARKET_CONTRACT_PNL,registry/w4b_polymarket_recensus_venue_events_v1.csv.gz,fda_biotech,10609,Will OG Anunoby return for Game 3 vs. Pacers?,,,fda
PM_ALL_POLYMARKET_CONTRACT_PNL,registry/w4b_polymarket_recensus_venue_events_v1.csv.gz,sports,10610,NBA,,,nba
PM_ALL_POLYMARKET_CONTRACT_PNL,registry/w4b_polymarket_recensus_venue_events_v1.csv.gz,crypto,10617,Etherfi airdrop by June 30?,,,eth
PM_ALL_POLYMARKET_CONTRACT_PNL,registry/w4b_polymarket_recensus_venue_events_v1.csv.gz,crypto,10618,Ethena airdrop by June 30?,,,eth
PM_ALL_POLYMARKET_CONTRACT_PNL,registry/w4b_polymarket_recensus_venue_events_v1.csv.gz,crypto,10619,Solana flips ETH in daily fees in May?,,,solana;eth
PM_ALL_POLYMARKET_CONTRACT_PNL,registry/w4b_polymarket_recensus_venue_events_v1.csv.gz,politics,10621,EU Election: How many seats will the EPP win?,,,election
PM_ALL_POLYMARKET_CONTRACT_PNL,registry/w4b_polymarket_recensus_venue_events_v1.csv.gz,macro,10630,Drake drops new track by Friday?,,,fed
PM_ALL_POLYMARKET_CONTRACT_PNL,registry/w4b_polymarket_recensus_venue_events_v1.csv.gz,crypto,10632,"Ethereum above $3,000 on May 17?",,,ethereum;eth
PM_ALL_POLYMARKET_CONTRACT_PNL,registry/w4b_polymarket_recensus_venue_events_v1.csv.gz,crypto,10633,"Bitcoin above $60,000 on May 17?",,,bitcoin
PM_ALL_POLYMARKET_CONTRACT_PNL,registry/w4b_polymarket_recensus_venue_events_v1.csv.gz,sports,10635,NBA,,,nba
PM_ALL_POLYMARKET_CONTRACT_PNL,registry/w4b_polymarket_recensus_venue_events_v1.csv.gz,sports,10636,Which Soccer Managers will be Sacked?,,,soccer
PM_ALL_POLYMARKET_CONTRACT_PNL,registry/w4b_polymarket_recensus_venue_events_v1.csv.gz,sports,10637,NBA,,,nba
PM_ALL_POLYMARKET_CONTRACT_PNL,registry/w4b_polymarket_recensus_venue_events_v1.csv.gz,sports,10644,NBA,,,nba
PM_ALL_POLYMARKET_CONTRACT_PNL,registry/w4b_polymarket_recensus_venue_events_v1.csv.gz,sports,10651,NBA,,,nba
PM_ALL_POLYMARKET_CONTRACT_PNL,registry/w4b_polymarket_recensus_venue_events_v1.csv.gz,politics,10652,Germany EU Election,,,election
PM_ALL_POLYMARKET_CONTRACT_PNL,registry/w4b_polymarket_recensus_venue_events_v1.csv.gz,politics,10655,Dominican Republic Presidential Election Winner,,,election;president
PM_ALL_POLYMARKET_CONTRACT_PNL,registry/w4b_polymarket_recensus_venue_events_v1.csv.gz,politics,10656,Who wins Presidency + Popular Vote?,,,party
PM_ALL_POLYMARKET_CONTRACT_PNL,registry/w4b_polymarket_recensus_venue_events_v1.csv.gz,sports,10657,NBA,,,nba
PM_ALL_POLYMARKET_CONTRACT_PNL,registry/w4b_polymarket_recensus_venue_events_v1.csv.gz,sports,10658,NBA,,,nba
PM_ALL_POLYMARKET_CONTRACT_PNL,registry/w4b_polymarket_recensus_venue_events_v1.csv.gz,sports,10662,PGA Championship Winner 2024,,,champions
PM_ALL_POLYMARKET_CONTRACT_PNL,registry/w4b_polymarket_recensus_venue_events_v1.csv.gz,sports,10675,NBA,,,nba
PM_ALL_POLYMARKET_CONTRACT_PNL,registry/w4b_polymarket_recensus_venue_events_v1.csv.gz,sports,10676,NBA,,,nba
PM_ALL_POLYMARKET_CONTRACT_PNL,registry/w4b_polymarket_recensus_venue_events_v1.csv.gz,crypto,10680,Biden vetos Bill repealing crypto accounting rule?,,,crypto
PM_ALL_POLYMARKET_CONTRACT_PNL,registry/w4b_polymarket_recensus_venue_events_v1.csv.gz,crypto,10686,"Bitcoin above $65,000 on May 24?",,,bitcoin
PM_ALL_POLYMARKET_CONTRACT_PNL,registry/w4b_polymarket_recensus_venue_events_v1.csv.gz,crypto,10687,"Ethereum above $3,000 on May 24?",,,ethereum;eth
PM_ALL_POLYMARKET_CONTRACT_PNL,registry/w4b_polymarket_recensus_venue_events_v1.csv.gz,sports,10702,NBA,,,nba
PM_ALL_POLYMARKET_CONTRACT_PNL,registry/w4b_polymarket_recensus_venue_events_v1.csv.gz,macro,10706,Ben Affleck and Jennifer Lopez divorce in May?,,,fed
PM_ALL_POLYMARKET_CONTRACT_PNL,registry/w4b_polymarket_recensus_venue_events_v1.csv.gz,politics,10707,Will Iran President Raisi be found today?,,,president
PM_ALL_POLYMARKET_CONTRACT_PNL,registry/w4b_polymarket_recensus_venue_events_v1.csv.gz,politics,10708,New Iranian President by Friday?,,,president
PM_ALL_POLYMARKET_CONTRACT_PNL,registry/w4b_polymarket_recensus_venue_events_v1.csv.gz,macro,10711,How many Jobs added in May?,,,payroll
PM_ALL_POLYMARKET_CONTRACT_PNL,registry/w4b_polymarket_recensus_venue_events_v1.csv.gz,sports,10713,NBA,,,nba
PM_ALL_POLYMARKET_CONTRACT_PNL,registry/w4b_polymarket_recensus_venue_events_v1.csv.gz,sports,10714,NBA,,,nba
PM_ALL_POLYMARKET_CONTRACT_PNL,registry/w4b_polymarket_recensus_venue_events_v1.csv.gz,politics,10717,# of Republican Senate seats after Election?,,,election;senate
PM_ALL_POLYMARKET_CONTRACT_PNL,registry/w4b_polymarket_recensus_venue_events_v1.csv.gz,politics,10719,Next President of Iran?,,,president
PM_ALL_POLYMARKET_CONTRACT_PNL,registry/w4b_polymarket_recensus_venue_events_v1.csv.gz,crypto,10720,Will ETH hit $4k by Friday?,,,ethereum;eth
PM_ALL_POLYMARKET_CONTRACT_PNL,registry/w4b_polymarket_recensus_venue_events_v1.csv.gz,crypto,10723,Bitcoin all time high by Friday?,,,bitcoin
PM_ALL_POLYMARKET_CONTRACT_PNL,registry/w4b_polymarket_recensus_venue_events_v1.csv.gz,crypto,10725,Ethereum all time high in May?,,,ethereum;eth
PM_ALL_POLYMARKET_CONTRACT_PNL,registry/w4b_polymarket_recensus_venue_events_v1.csv.gz,crypto,10734,Biden campaign accepts crypto donations in May?,,,crypto
PM_ALL_POLYMARKET_CONTRACT_PNL,registry/w4b_polymarket_recensus_venue_events_v1.csv.gz,politics,10740,Next UK prime minister?,,,election;minister
PM_ALL_POLYMARKET_CONTRACT_PNL,registry/w4b_polymarket_recensus_venue_events_v1.csv.gz,macro,10741,UK Election: Labour % of the vote?,,,fed;election
PM_ALL_POLYMARKET_CONTRACT_PNL,registry/w4b_polymarket_recensus_venue_events_v1.csv.gz,politics,10743,Will Biden be on Ohio Presidential Ballot?,,,president
PM_ALL_POLYMARKET_CONTRACT_PNL,registry/w4b_polymarket_recensus_venue_events_v1.csv.gz,politics,10744,Will UK Election on July 4 be cancelled?,,,election
PM_ALL_POLYMARKET_CONTRACT_PNL,registry/w4b_polymarket_recensus_venue_events_v1.csv.gz,macro,10749,US inflation >0.1% from April to May 2024?,,,inflation;nfl
PM_ALL_POLYMARKET_CONTRACT_PNL,registry/w4b_polymarket_recensus_venue_events_v1.csv.gz,sports,10750,NBA,,,nba
PM_ALL_POLYMARKET_CONTRACT_PNL,registry/w4b_polymarket_recensus_venue_events_v1.csv.gz,politics,10755,# of Conservative seats after UK Election? (125-200),,,election
PM_ALL_POLYMARKET_CONTRACT_PNL,registry/w4b_polymarket_recensus_venue_events_v1.csv.gz,sports,10757,NBA,,,nba
PM_ALL_POLYMARKET_CONTRACT_PNL,registry/w4b_polymarket_recensus_venue_events_v1.csv.gz,crypto,10759,"Ethereum above $3,700 on May 31?",,,ethereum;eth
PM_ALL_POLYMARKET_CONTRACT_PNL,registry/w4b_polymarket_recensus_venue_events_v1.csv.gz,crypto,10760,"Bitcoin above $68,000 on May 31?",,,bitcoin
PM_ALL_POLYMARKET_CONTRACT_PNL,registry/w4b_polymarket_recensus_venue_events_v1.csv.gz,sports,10761,NBA,,,nba
PM_ALL_POLYMARKET_CONTRACT_PNL,registry/w4b_polymarket_recensus_venue_events_v1.csv.gz,sports,10763,NBA,,,nba
PM_ALL_POLYMARKET_CONTRACT_PNL,registry/w4b_polymarket_recensus_venue_events_v1.csv.gz,politics,10765,Jeremy Corbyn elected to parliament in UK election?,,,election
PM_ALL_POLYMARKET_CONTRACT_PNL,registry/w4b_polymarket_recensus_venue_events_v1.csv.gz,sports,10772,NBA,,,nba
PM_ALL_POLYMARKET_CONTRACT_PNL,registry/w4b_polymarket_recensus_venue_events_v1.csv.gz,sports,10773,NBA,,,nba
PM_ALL_POLYMARKET_CONTRACT_PNL,registry/w4b_polymarket_recensus_venue_events_v1.csv.gz,macro,10774,Biggest Winner - Million Dollar Game Day 4,,,dollar
PM_ALL_POLYMARKET_CONTRACT_PNL,registry/w4b_polymarket_recensus_venue_events_v1.csv.gz,crypto,10783,Will ETH hit $4k by Friday?,,,eth
PM_ALL_POLYMARKET_CONTRACT_PNL,registry/w4b_polymarket_recensus_venue_events_v1.csv.gz,crypto,10785,Ethereum ETF begins trading by July 4?,,,ethereum;eth
PM_ALL_POLYMARKET_CONTRACT_PNL,registry/w4b_polymarket_recensus_venue_events_v1.csv.gz,macro,10786,Will Alan Keating finish up? - Million Dollar Game Day 4,,,dollar
PM_ALL_POLYMARKET_CONTRACT_PNL,registry/w4b_polymarket_recensus_venue_events_v1.csv.gz,macro,10787,Alan Keating VPIP above 70%? - Million Dollar Game Day 4,,,dollar
PM_ALL_POLYMARKET_CONTRACT_PNL,registry/w4b_polymarket_recensus_venue_events_v1.csv.gz,macro,10789,Largest pot over $3 million? - Million Dollar Game Day 4,,,dollar
PM_ALL_POLYMARKET_CONTRACT_PNL,registry/w4b_polymarket_recensus_venue_events_v1.csv.gz,sports,10797,NBA,,,nba
PM_ALL_POLYMARKET_CONTRACT_PNL,registry/w4b_polymarket_recensus_venue_events_v1.csv.gz,macro,10801,Will Stanley Tang lose all his chips? - Million Dollar Game Day 4,,,dollar
PM_ALL_POLYMARKET_CONTRACT_PNL,registry/w4b_polymarket_recensus_venue_events_v1.csv.gz,macro,10802,Will any player lose all their chips? - Million Dollar Game Day 4,,,dollar
PM_ALL_POLYMARKET_CONTRACT_PNL,registry/w4b_polymarket_recensus_venue_events_v1.csv.gz,macro,10804,Israel military action against Iran by end of 2024?,,,fed
PM_ALL_POLYMARKET_CONTRACT_PNL,registry/w4b_polymarket_recensus_venue_events_v1.csv.gz,sports,10805,UFC 302,,,ufc
PM_ALL_POLYMARKET_CONTRACT_PNL,registry/w4b_polymarket_recensus_venue_events_v1.csv.gz,politics,10806,Iceland Presidential Election Winner,,,election;president
PM_ALL_POLYMARKET_CONTRACT_PNL,registry/w4b_polymarket_recensus_venue_events_v1.csv.gz,politics,10810,Will Trump mention $MAGA before Election?,,,election
PM_ALL_POLYMARKET_CONTRACT_PNL,registry/w4b_polymarket_recensus_venue_events_v1.csv.gz,macro,10812,Biggest Loser - Million Dollar Game Day 4,,,dollar
PM_ALL_POLYMARKET_CONTRACT_PNL,registry/w4b_polymarket_recensus_venue_events_v1.csv.gz,macro,10814,Will Peter play Thursday? - Million Dollar Game Day 3,,,dollar
PM_ALL_POLYMARKET_CONTRACT_PNL,registry/w4b_polymarket_recensus_venue_events_v1.csv.gz,crypto,10821,Will Trump talk about crypto by next Friday?,,,crypto
PM_ALL_POLYMARKET_CONTRACT_PNL,registry/w4b_polymarket_recensus_venue_events_v1.csv.gz,crypto,10822,"Ethereum above $3,800 on June 7?",,,ethereum;eth
PM_ALL_POLYMARKET_CONTRACT_PNL,registry/w4b_polymarket_recensus_venue_events_v1.csv.gz,crypto,10823,"Bitcoin above $69,000 on June 7?",,,bitcoin
PM_ALL_POLYMARKET_CONTRACT_PNL,registry/w4b_polymarket_recensus_venue_events_v1.csv.gz,crypto,10824,Solana flips ETH in daily fees in June?,,,solana;eth
PM_ALL_POLYMARKET_CONTRACT_PNL,registry/w4b_polymarket_recensus_venue_events_v1.csv.gz,politics,10827,Trump sentenced to prison in NY case before election?,,,election
PM_ALL_POLYMARKET_CONTRACT_PNL,registry/w4b_polymarket_recensus_venue_events_v1.csv.gz,politics,10828,Trump conviction overturned before election?,,,election
PM_ALL_POLYMARKET_CONTRACT_PNL,registry/w4b_polymarket_recensus_venue_events_v1.csv.gz,politics,10831,Trump Hush Money sentence before election?,,,election
PM_ALL_POLYMARKET_CONTRACT_PNL,registry/w4b_polymarket_recensus_venue_events_v1.csv.gz,politics,10832,Trump eligible to vote in the election?,,,election
PM_ALL_POLYMARKET_CONTRACT_PNL,registry/w4b_polymarket_recensus_venue_events_v1.csv.gz,politics,10833,Will Trump drop out of presidential race?,,,president
PM_ALL_POLYMARKET_CONTRACT_PNL,registry/w4b_polymarket_recensus_venue_events_v1.csv.gz,politics,10834,Donald & Melania Trump divorce before election?,,,election
PM_ALL_POLYMARKET_CONTRACT_PNL,registry/w4b_polymarket_recensus_venue_events_v1.csv.gz,sports,10835,NBA Finals Winner: Celtics vs. Mavericks,,,nba
PM_ALL_POLYMARKET_CONTRACT_PNL,registry/w4b_polymarket_recensus_venue_events_v1.csv.gz,sports,10836,NBA Finals MVP,,,nba
PM_ALL_POLYMARKET_CONTRACT_PNL,registry/w4b_polymarket_recensus_venue_events_v1.csv.gz,politics,10842,Trump prison time in NY case before election?,,,election
PM_ALL_POLYMARKET_CONTRACT_PNL,registry/w4b_polymarket_recensus_venue_events_v1.csv.gz,crypto,10847,What price will $BTC reach in June?,,,btc
PM_ALL_POLYMARKET_CONTRACT_PNL,registry/w4b_polymarket_recensus_venue_events_v1.csv.gz,crypto,10848,Ethereum all time high in June?,,,ethereum;eth
PM_ALL_POLYMARKET_CONTRACT_PNL,registry/w4b_polymarket_recensus_venue_events_v1.csv.gz,sports,10854,NBA Finals Game 1: Celtics vs. Mavericks,,,nba
PM_ALL_POLYMARKET_CONTRACT_PNL,registry/w4b_polymarket_recensus_venue_events_v1.csv.gz,politics,10857,Venezuela Presidential Election Winner,,,election;president
PM_ALL_POLYMARKET_CONTRACT_PNL,registry/w4b_polymarket_recensus_venue_events_v1.csv.gz,politics,10874,Will Andy Kim win New Jersey Dem Senate Primary?,,,senate
PM_ALL_POLYMARKET_CONTRACT_PNL,registry/w4b_polymarket_recensus_venue_events_v1.csv.gz,politics,10880,Hunter Biden sentenced to prison before election?,,,election
PM_ALL_POLYMARKET_CONTRACT_PNL,registry/w4b_polymarket_recensus_venue_events_v1.csv.gz,politics,10881,Hunter Biden in jail before election day?,,,election
PM_ALL_POLYMARKET_CONTRACT_PNL,registry/w4b_polymarket_recensus_venue_events_v1.csv.gz,politics,10885,Will Nigel Farage win election to UK parliament?,,,election
PM_ALL_POLYMARKET_CONTRACT_PNL,registry/w4b_polymarket_recensus_venue_events_v1.csv.gz,fda_biotech,10886,Trump 10M TikTok followers by Friday?,,,fda
PM_ALL_POLYMARKET_CONTRACT_PNL,registry/w4b_polymarket_recensus_venue_events_v1.csv.gz,fda_biotech,10889,Trump’s first TikTok >100M views by Friday?,,,fda
PM_ALL_POLYMARKET_CONTRACT_PNL,registry/w4b_polymarket_recensus_venue_events_v1.csv.gz,macro,10895,Stanley Cup: Game 7,,,oil
PM_ALL_POLYMARKET_CONTRACT_PNL,registry/w4b_polymarket_recensus_venue_events_v1.csv.gz,politics,10896,Will Joe Manchin run for West Virginia Governor?,,,governor
PM_ALL_POLYMARKET_CONTRACT_PNL,registry/w4b_polymarket_recensus_venue_events_v1.csv.gz,macro,10900,Top Rebounder - NBA Finals,,,fed;nba
PM_ALL_POLYMARKET_CONTRACT_PNL,registry/w4b_polymarket_recensus_venue_events_v1.csv.gz,sports,10901,How many games reach OT in NBA Finals?,,,nba
PM_ALL_POLYMARKET_CONTRACT_PNL,registry/w4b_polymarket_recensus_venue_events_v1.csv.gz,sports,10902,Top Scorer - NBA Finals,,,nba
PM_ALL_POLYMARKET_CONTRACT_PNL,registry/w4b_polymarket_recensus_venue_events_v1.csv.gz,sports,10903,Luka Doncic 30+ points in every game of NBA Finals?,,,nba
PM_ALL_POLYMARKET_CONTRACT_PNL,registry/w4b_polymarket_recensus_venue_events_v1.csv.gz,sports,10904,Luka Doncic 50+ points in a NBA Finals game?,,,nba
PM_ALL_POLYMARKET_CONTRACT_PNL,registry/w4b_polymarket_recensus_venue_events_v1.csv.gz,sports,10905,Jayson Tatum 25+ points in every game of NBA Finals?,,,nba
PM_ALL_POLYMARKET_CONTRACT_PNL,registry/w4b_polymarket_recensus_venue_events_v1.csv.gz,sports,10906,Jayson Tatum 50+ points in a NBA Finals game?,,,nba
PM_ALL_POLYMARKET_CONTRACT_PNL,registry/w4b_polymarket_recensus_venue_events_v1.csv.gz,sports,10907,Kyrie Irving 30+ points in every game of NBA Finals?,,,nba
PM_ALL_POLYMARKET_CONTRACT_PNL,registry/w4b_polymarket_recensus_venue_events_v1.csv.gz,sports,10909,Series Outcome - NBA Finals,,,nba
PM_ALL_POLYMARKET_CONTRACT_PNL,registry/w4b_polymarket_recensus_venue_events_v1.csv.gz,sports,10912,Most Assists - NBA Finals,,,nba
PM_ALL_POLYMARKET_CONTRACT_PNL,registry/w4b_polymarket_recensus_venue_events_v1.csv.gz,sports,10913,Most 3PTs made - NBA Finals,,,nba
PM_ALL_POLYMARKET_CONTRACT_PNL,registry/w4b_polymarket_recensus_venue_events_v1.csv.gz,macro,10915,Stanley Cup Finals: Game 1,,,oil;fda
PM_ALL_POLYMARKET_CONTRACT_PNL,registry/w4b_polymarket_recensus_venue_events_v1.csv.gz,crypto,10919,Bitcoin all time high in June?,,,bitcoin
PM_ALL_POLYMARKET_CONTRACT_PNL,registry/w4b_polymarket_recensus_venue_events_v1.csv.gz,crypto,10922,Solana above $170 on Friday?,,,solana
PM_ALL_POLYMARKET_CONTRACT_PNL,registry/w4b_polymarket_recensus_venue_events_v1.csv.gz,politics,10925,Trump ineligible to run for President?,,,president
PM_ALL_POLYMARKET_CONTRACT_PNL,registry/w4b_polymarket_recensus_venue_events_v1.csv.gz,sports,10932,Kyrie Irving 20+ points in every game of NBA Finals?,,,nba
PM_ALL_POLYMARKET_CONTRACT_PNL,registry/w4b_polymarket_recensus_venue_events_v1.csv.gz,crypto,10935,Will Ethereum hit $10k in 2024?,,,ethereum;eth
PM_ALL_POLYMARKET_CONTRACT_PNL,registry/w4b_polymarket_recensus_venue_events_v1.csv.gz,politics,10937,Italy EU Election,,,election
PM_ALL_POLYMARKET_CONTRACT_PNL,registry/w4b_polymarket_recensus_venue_events_v1.csv.gz,politics,10938,France EU Election,,,election
PM_ALL_POLYMARKET_CONTRACT_PNL,registry/w4b_polymarket_recensus_venue_events_v1.csv.gz,politics,10939,Poland EU Election,,,election
PM_ALL_POLYMARKET_CONTRACT_PNL,registry/w4b_polymarket_recensus_venue_events_v1.csv.gz,politics,10942,Nevada Senate Democratic Primary Winner,,,senate
PM_ALL_POLYMARKET_CONTRACT_PNL,registry/w4b_polymarket_recensus_venue_events_v1.csv.gz,politics,10943,Nevada Senate Republican Primary Winner,,,senate
PM_ALL_POLYMARKET_CONTRACT_PNL,registry/w4b_polymarket_recensus_venue_events_v1.csv.gz,politics,10945,NYC congestion pricing before election?,,,election
PM_ALL_POLYMARKET_CONTRACT_PNL,registry/w4b_polymarket_recensus_venue_events_v1.csv.gz,sports,10948,NBA Finals Game 1: Celtics -6.5,,,nba
PM_ALL_POLYMARKET_CONTRACT_PNL,registry/w4b_polymarket_recensus_venue_events_v1.csv.gz,sports,10949,NBA Finals Game 1: Over/Under 215.5 Points,,,nba
PM_ALL_POLYMARKET_CONTRACT_PNL,registry/w4b_polymarket_recensus_venue_events_v1.csv.gz,sports,10952,NBA Finals Game 1: Player Props,,,nba
PM_ALL_POLYMARKET_CONTRACT_PNL,registry/w4b_polymarket_recensus_venue_events_v1.csv.gz,crypto,10959,Roaring Kitty says Solana in livestream?,,,solana
PM_ALL_POLYMARKET_CONTRACT_PNL,registry/w4b_polymarket_recensus_venue_events_v1.csv.gz,sports,10966,# of games - NBA Finals,,,nba
PM_ALL_POLYMARKET_CONTRACT_PNL,registry/w4b_polymarket_recensus_venue_events_v1.csv.gz,crypto,10975,Will Andrew Tate buy another crypto today?,,,crypto
PM_ALL_POLYMARKET_CONTRACT_PNL,registry/w4b_polymarket_recensus_venue_events_v1.csv.gz,crypto,10981,Jenner (SOL) vs. Jenner (ETH) market cap on June 30?,,,eth
PM_ALL_POLYMARKET_CONTRACT_PNL,registry/w4b_polymarket_recensus_venue_events_v1.csv.gz,sports,10982,USA vs. India - Cricket T20 World Cup,,,world cup
PM_ALL_POLYMARKET_CONTRACT_PNL,registry/w4b_polymarket_recensus_venue_events_v1.csv.gz,macro,10985,How many Jobs added in June?,,,payroll
PM_ALL_POLYMARKET_CONTRACT_PNL,registry/w4b_polymarket_recensus_venue_events_v1.csv.gz,crypto,10988,"Bitcoin above $71,000 on June 14?",,,bitcoin
PM_ALL_POLYMARKET_CONTRACT_PNL,registry/w4b_polymarket_recensus_venue_events_v1.csv.gz,crypto,10989,"Ethereum above $3,800 on June 14?",,,ethereum;eth
PM_ALL_POLYMARKET_CONTRACT_PNL,registry/w4b_polymarket_recensus_venue_events_v1.csv.gz,sports,10996,NBA Finals Game 2: Celtics vs Mavericks,,,nba
PM_ALL_POLYMARKET_CONTRACT_PNL,registry/w4b_polymarket_recensus_venue_events_v1.csv.gz,politics,10997,Virginia Senate Republican Primary Winner,,,senate
PM_ALL_POLYMARKET_CONTRACT_PNL,registry/w4b_polymarket_recensus_venue_events_v1.csv.gz,crypto,10998,Next Ethereum hard fork live by end of 2024?,,,ethereum;eth
PM_ALL_POLYMARKET_CONTRACT_PNL,registry/w4b_polymarket_recensus_venue_events_v1.csv.gz,politics,10999,Trump convicted of another felony before election?,,,election
PM_ALL_POLYMARKET_CONTRACT_PNL,registry/w4b_polymarket_recensus_venue_events_v1.csv.gz,sports,11003,South Africa vs. Bangladesh - Cricket T20 World Cup,,,world cup
PM_ALL_POLYMARKET_CONTRACT_PNL,registry/w4b_polymarket_recensus_venue_events_v1.csv.gz,sports,11004,Pakistan vs. Canada - Cricket T20 World Cup,,,world cup
PM_ALL_POLYMARKET_CONTRACT_PNL,registry/w4b_polymarket_recensus_venue_events_v1.csv.gz,sports,11005,Sri Lanka vs. Nepal - Cricket T20 World Cup,,,world cup
PM_ALL_POLYMARKET_CONTRACT_PNL,registry/w4b_polymarket_recensus_venue_events_v1.csv.gz,sports,11006,Australia vs. Namibia - Cricket T20 World Cup,,,world cup
PM_ALL_POLYMARKET_CONTRACT_PNL,registry/w4b_polymarket_recensus_venue_events_v1.csv.gz,sports,11007,West Indies vs. New Zealand - Cricket T20 World Cup,,,world cup
PM_ALL_POLYMARKET_CONTRACT_PNL,registry/w4b_polymarket_recensus_venue_events_v1.csv.gz,sports,11008,Bangladesh vs. Netherlands  - Cricket T20 World Cup,,,world cup;eth
PM_ALL_POLYMARKET_CONTRACT_PNL,registry/w4b_polymarket_recensus_venue_events_v1.csv.gz,sports,11009,England vs. Oman  - Cricket T20 World Cup,,,world cup
PM_ALL_POLYMARKET_CONTRACT_PNL,registry/w4b_polymarket_recensus_venue_events_v1.csv.gz,sports,11010,Afghanistan vs. New Guinea  - Cricket T20 World Cup,,,world cup
PM_ALL_POLYMARKET_CONTRACT_PNL,registry/w4b_polymarket_recensus_venue_events_v1.csv.gz,politics,11011,Israel election called before July?,,,election
PM_ALL_POLYMARKET_CONTRACT_PNL,registry/w4b_polymarket_recensus_venue_events_v1.csv.gz,politics,11015,Ursula von der Leyen reelected as EU president?,,,president
PM_ALL_POLYMARKET_CONTRACT_PNL,registry/w4b_polymarket_recensus_venue_events_v1.csv.gz,politics,11020,Will Stancil wins Minnesota House Democratic Primary?,,,house
PM_ALL_POLYMARKET_CONTRACT_PNL,registry/w4b_polymarket_recensus_venue_events_v1.csv.gz,politics,11023,Malawi Vice President's plane found today?,,,president
PM_ALL_POLYMARKET_CONTRACT_PNL,registry/w4b_polymarket_recensus_venue_events_v1.csv.gz,politics,11024,Which party wins second most seats in UK Election?,,,election;party;sec
PM_ALL_POLYMARKET_CONTRACT_PNL,registry/w4b_polymarket_recensus_venue_events_v1.csv.gz,crypto,11029,What price will $BTC dip below before August?,,,btc
PM_ALL_POLYMARKET_CONTRACT_PNL,registry/w4b_polymarket_recensus_venue_events_v1.csv.gz,sports,11031,NBA Finals Game 3: Mavericks - Celtics,,,nba
PM_ALL_POLYMARKET_CONTRACT_PNL,registry/w4b_polymarket_recensus_venue_events_v1.csv.gz,politics,11034,Which party wins the most seats in French Election?,,,election;party
PM_ALL_POLYMARKET_CONTRACT_PNL,registry/w4b_polymarket_recensus_venue_events_v1.csv.gz,politics,11036,Malawi Vice President's plane found by Tuesday?,,,president
PM_ALL_POLYMARKET_CONTRACT_PNL,registry/w4b_polymarket_recensus_venue_events_v1.csv.gz,crypto,11042,"Will ETH dip below $3,000 by Friday?",,,ethereum;eth
PM_ALL_POLYMARKET_CONTRACT_PNL,registry/w4b_polymarket_recensus_venue_events_v1.csv.gz,politics,11043,National Rally coalition wins majority of seats in French Election?,,,election
PM_ALL_POLYMARKET_CONTRACT_PNL,registry/w4b_polymarket_recensus_venue_events_v1.csv.gz,sports,11049,NBA Finals Game 3: Luka Doncic triple-double?,,,nba
PM_ALL_POLYMARKET_CONTRACT_PNL,registry/w4b_polymarket_recensus_venue_events_v1.csv.gz,sports,11050,Will Porzingis return by end of NBA Finals?,,,nba
PM_ALL_POLYMARKET_CONTRACT_PNL,registry/w4b_polymarket_recensus_venue_events_v1.csv.gz,politics,11052,Next French Prime Minister,,,minister
PM_ALL_POLYMARKET_CONTRACT_PNL,registry/w4b_polymarket_recensus_venue_events_v1.csv.gz,corporate,11053,Will Kevin Spacey declare bankruptcy?,,,bankruptcy
PM_ALL_POLYMARKET_CONTRACT_PNL,registry/w4b_polymarket_recensus_venue_events_v1.csv.gz,macro,11073,US inflation >0.0% from May to June 2024?,,,inflation;nfl
PM_ALL_POLYMARKET_CONTRACT_PNL,registry/w4b_polymarket_recensus_venue_events_v1.csv.gz,macro,11074,Fed Interest Rates: July 2024,,,fed;fomc;interest rate;rates
PM_ALL_POLYMARKET_CONTRACT_PNL,registry/w4b_polymarket_recensus_venue_events_v1.csv.gz,crypto,11082,Biden accepts crypto donations by Friday?,,,crypto
PM_ALL_POLYMARKET_CONTRACT_PNL,registry/w4b_polymarket_recensus_venue_events_v1.csv.gz,sports,11083,USA vs. Ireland - Cricket T20 World Cup,,,world cup
PM_ALL_POLYMARKET_CONTRACT_PNL,registry/w4b_polymarket_recensus_venue_events_v1.csv.gz,sports,11084,South Africa vs. Nepal  - Cricket T20 World Cup,,,world cup
PM_ALL_POLYMARKET_CONTRACT_PNL,registry/w4b_polymarket_recensus_venue_events_v1.csv.gz,sports,11085,New Zealand vs. Uganda  - Cricket T20 World Cup,,,world cup
PM_ALL_POLYMARKET_CONTRACT_PNL,registry/w4b_polymarket_recensus_venue_events_v1.csv.gz,sports,11086,India vs. Canada  - Cricket T20 World Cup,,,world cup
PM_ALL_POLYMARKET_CONTRACT_PNL,registry/w4b_polymarket_recensus_venue_events_v1.csv.gz,sports,11087,Namibia vs. England  - Cricket T20 World Cup,,,world cup
PM_ALL_POLYMARKET_CONTRACT_PNL,registry/w4b_polymarket_recensus_venue_events_v1.csv.gz,sports,11088,Australia vs. Scotland - Cricket T20 World Cup,,,world cup
PM_ALL_POLYMARKET_CONTRACT_PNL,registry/w4b_polymarket_recensus_venue_events_v1.csv.gz,sports,11090,NBA Finals Game 4: Mavericks - Celtics,,,nba
PM_ALL_POLYMARKET_CONTRACT_PNL,registry/w4b_polymarket_recensus_venue_events_v1.csv.gz,politics,11093,Utah Senate Republican Primary Winner,,,senate
PM_ALL_POLYMARKET_CONTRACT_PNL,registry/w4b_polymarket_recensus_venue_events_v1.csv.gz,crypto,11094,Lil Pump Solana face tattoo real?,,,solana
PM_ALL_POLYMARKET_CONTRACT_PNL,registry/w4b_polymarket_recensus_venue_events_v1.csv.gz,fda_biotech,11095,Mike Johnson out as Speaker before Election?,,,fda;election
PM_ALL_POLYMARKET_CONTRACT_PNL,registry/w4b_polymarket_recensus_venue_events_v1.csv.gz,crypto,11105,"Bitcoin above $65,000 on June 21?",,,bitcoin
PM_ALL_POLYMARKET_CONTRACT_PNL,registry/w4b_polymarket_recensus_venue_events_v1.csv.gz,crypto,11107,"Ethereum above $3,400 on June 21?",,,ethereum;eth
PM_ALL_POLYMARKET_CONTRACT_PNL,registry/w4b_polymarket_recensus_venue_events_v1.csv.gz,crypto,11112,"Will ETH dip below $3,000 in June?",,,eth
PM_ALL_POLYMARKET_CONTRACT_PNL,registry/w4b_polymarket_recensus_venue_events_v1.csv.gz,sports,11115,NBA Finals Game 5: Celtics - Mavericks,,,nba
PM_ALL_POLYMARKET_CONTRACT_PNL,registry/w4b_polymarket_recensus_venue_events_v1.csv.gz,crypto,11117,Euro 2024: Poland  vs. Netherlands,,,eth
PM_ALL_POLYMARKET_CONTRACT_PNL,registry/w4b_polymarket_recensus_venue_events_v1.csv.gz,sports,11129,West Indies vs. Afghanistan - Cricket T20 World Cup,,,world cup
PM_ALL_POLYMARKET_CONTRACT_PNL,registry/w4b_polymarket_recensus_venue_events_v1.csv.gz,sports,11130,United States vs. South Africa - Cricket T20 World Cup,,,world cup
PM_ALL_POLYMARKET_CONTRACT_PNL,registry/w4b_polymarket_recensus_venue_events_v1.csv.gz,sports,11132,England vs. West Indies - Cricket T20 World Cup,,,world cup
PM_ALL_POLYMARKET_CONTRACT_PNL,registry/w4b_polymarket_recensus_venue_events_v1.csv.gz,politics,11135,Will Reform win 7+ seats in UK Election?,,,election
PM_ALL_POLYMARKET_CONTRACT_PNL,registry/w4b_polymarket_recensus_venue_events_v1.csv.gz,politics,11139,Will the Presidential election be called on Nov 4?,,,election;president
PM_ALL_POLYMARKET_CONTRACT_PNL,registry/w4b_polymarket_recensus_venue_events_v1.csv.gz,politics,11143,Will Trump launch a coin before the election?,,,election
PM_ALL_POLYMARKET_CONTRACT_PNL,registry/w4b_polymarket_recensus_venue_events_v1.csv.gz,politics,11145,Reform share of votes in UK election?,,,election
PM_ALL_POLYMARKET_CONTRACT_PNL,registry/w4b_polymarket_recensus_venue_events_v1.csv.gz,fda_biotech,11148,Euro 2024: Croatia vs. Albania,,,fda
PM_ALL_POLYMARKET_CONTRACT_PNL,registry/w4b_polymarket_recensus_venue_events_v1.csv.gz,corporate,11153,Biden closes eyes for 3+ seconds during the debate?,,,sec
PM_ALL_POLYMARKET_CONTRACT_PNL,registry/w4b_polymarket_recensus_venue_events_v1.csv.gz,macro,11176,Euro 2024: Spain vs. Italy,,,fed
PM_ALL_POLYMARKET_CONTRACT_PNL,registry/w4b_polymarket_recensus_venue_events_v1.csv.gz,sports,11177,ICC T20 Cricket World Cup Winner,,,world cup
PM_ALL_POLYMARKET_CONTRACT_PNL,registry/w4b_polymarket_recensus_venue_events_v1.csv.gz,fda_biotech,11186,Biggest Loser - HCL Celeb Game,,,fda
PM_ALL_POLYMARKET_CONTRACT_PNL,registry/w4b_polymarket_recensus_venue_events_v1.csv.gz,crypto,11187,Euro 2024: Netherlands vs. France,,,eth
PM_ALL_POLYMARKET_CONTRACT_PNL,registry/w4b_polymarket_recensus_venue_events_v1.csv.gz,politics,11188,How many seats will the Lib Dems win in UK Election?,,,election
PM_ALL_POLYMARKET_CONTRACT_PNL,registry/w4b_polymarket_recensus_venue_events_v1.csv.gz,politics,11195,Faithless elector in US election?,,,election
PM_ALL_POLYMARKET_CONTRACT_PNL,registry/w4b_polymarket_recensus_venue_events_v1.csv.gz,politics,11202,Will the election be called on Nov 5?,,,election;president
PM_ALL_POLYMARKET_CONTRACT_PNL,registry/w4b_polymarket_recensus_venue_events_v1.csv.gz,sports,11203,UFC Fight Night: Saudi Arabia,,,ufc
PM_ALL_POLYMARKET_CONTRACT_PNL,registry/w4b_polymarket_recensus_venue_events_v1.csv.gz,sports,11204,UFC 303,,,ufc
PM_ALL_POLYMARKET_CONTRACT_PNL,registry/w4b_polymarket_recensus_venue_events_v1.csv.gz,macro,11205,Oakland mayor Sheng Thao indicted before August?,,,fed
PM_ALL_POLYMARKET_CONTRACT_PNL,registry/w4b_polymarket_recensus_venue_events_v1.csv.gz,macro,11206,Elon Musk # of tweets June 21-28?,,,fed
PM_ALL_POLYMARKET_CONTRACT_PNL,registry/w4b_polymarket_recensus_venue_events_v1.csv.gz,politics,11209,Who will win San Francisco Mayor Election?,,,election
PM_ALL_POLYMARKET_CONTRACT_PNL,registry/w4b_polymarket_recensus_venue_events_v1.csv.gz,crypto,11210,"Bitcoin above $65,000 on June 28?",,,bitcoin
PM_ALL_POLYMARKET_CONTRACT_PNL,registry/w4b_polymarket_recensus_venue_events_v1.csv.gz,crypto,11211,"Ethereum above $3,500 on June 28?",,,ethereum;eth
PM_ALL_POLYMARKET_CONTRACT_PNL,registry/w4b_polymarket_recensus_venue_events_v1.csv.gz,politics,11214,How many seats will the Ensemble coalition win in the French election?,,,election
PM_ALL_POLYMARKET_CONTRACT_PNL,registry/w4b_polymarket_recensus_venue_events_v1.csv.gz,politics,11219,Ruto out as President of Kenya in June?,,,president
PM_ALL_POLYMARKET_CONTRACT_PNL,registry/w4b_polymarket_recensus_venue_events_v1.csv.gz,sports,11221,NBA Draft: 1st Pick,,,nba
PM_ALL_POLYMARKET_CONTRACT_PNL,registry/w4b_polymarket_recensus_venue_events_v1.csv.gz,politics,11231,Which coalition wins most seats in French Election?,,,election
PM_ALL_POLYMARKET_CONTRACT_PNL,registry/w4b_polymarket_recensus_venue_events_v1.csv.gz,crypto,11233,Biden campaign accepts crypto donations before August?,,,crypto
PM_ALL_POLYMARKET_CONTRACT_PNL,registry/w4b_polymarket_recensus_venue_events_v1.csv.gz,crypto,11234,Solana investigation made public by June 30?,,,solana
PM_ALL_POLYMARKET_CONTRACT_PNL,registry/w4b_polymarket_recensus_venue_events_v1.csv.gz,sports,11237,Afghanistan vs. Bangladesh - Cricket T20 World Cup,,,world cup
PM_ALL_POLYMARKET_CONTRACT_PNL,registry/w4b_polymarket_recensus_venue_events_v1.csv.gz,crypto,11240,Trump to speak at Bitcoin 2024 conference?,,,bitcoin
PM_ALL_POLYMARKET_CONTRACT_PNL,registry/w4b_polymarket_recensus_venue_events_v1.csv.gz,politics,11241,How many seats will National Rally coalition win in French Election?,,,election
PM_ALL_POLYMARKET_CONTRACT_PNL,registry/w4b_polymarket_recensus_venue_events_v1.csv.gz,crypto,11249,Euro 2024: Netherlands  vs. Austria,,,eth
PM_ALL_POLYMARKET_CONTRACT_PNL,registry/w4b_polymarket_recensus_venue_events_v1.csv.gz,sports,11256,Will Zach Edey be a lottery pick in the 2024 NBA Draft?,,,nba
PM_ALL_POLYMARKET_CONTRACT_PNL,registry/w4b_polymarket_recensus_venue_events_v1.csv.gz,politics,11269,How many seats will New Popular Front coalition win in French Election?,,,election
PM_ALL_POLYMARKET_CONTRACT_PNL,registry/w4b_polymarket_recensus_venue_events_v1.csv.gz,macro,11270,Will Trump announce VP pick before the debate?,,,fed
PM_ALL_POLYMARKET_CONTRACT_PNL,registry/w4b_polymarket_recensus_venue_events_v1.csv.gz,politics,11290,Will Trump + Biden 2nd debate happen as scheduled?,,,president;sec
PM_ALL_POLYMARKET_CONTRACT_PNL,registry/w4b_polymarket_recensus_venue_events_v1.csv.gz,crypto,11303,"Ethereum above $3,500 on July 5?",,,ethereum;eth
PM_ALL_POLYMARKET_CONTRACT_PNL,registry/w4b_polymarket_recensus_venue_events_v1.csv.gz,crypto,11305,"Bitcoin above $61,000 on July 5?",,,bitcoin
PM_ALL_POLYMARKET_CONTRACT_PNL,registry/w4b_polymarket_recensus_venue_events_v1.csv.gz,crypto,11306,Solana above $140 on July 5?,,,solana
PM_ALL_POLYMARKET_CONTRACT_PNL,registry/w4b_polymarket_recensus_venue_events_v1.csv.gz,fda_biotech,11313,Biden stumbles by Friday?,,,fda
PM_ALL_POLYMARKET_CONTRACT_PNL,registry/w4b_polymarket_recensus_venue_events_v1.csv.gz,politics,11314,Democratic candidates announce run for president before DNC?,,,president
PM_ALL_POLYMARKET_CONTRACT_PNL,registry/w4b_polymarket_recensus_venue_events_v1.csv.gz,politics,11316,Gretchen Whitmer Democratic Presidential Nominee?,,,president
PM_ALL_POLYMARKET_CONTRACT_PNL,registry/w4b_polymarket_recensus_venue_events_v1.csv.gz,politics,11322,Will Biden finish his term?,,,president
PM_ALL_POLYMARKET_CONTRACT_PNL,registry/w4b_polymarket_recensus_venue_events_v1.csv.gz,crypto,11331,Romania vs. Netherlands - Who will advance?,,,eth
PM_ALL_POLYMARKET_CONTRACT_PNL,registry/w4b_polymarket_recensus_venue_events_v1.csv.gz,crypto,11333,Euro 2024: Romania vs. Netherlands,,,eth
PM_ALL_POLYMARKET_CONTRACT_PNL,registry/w4b_polymarket_recensus_venue_events_v1.csv.gz,politics,11337,Will Trump be president by September 1?,,,president
PM_ALL_POLYMARKET_CONTRACT_PNL,registry/w4b_polymarket_recensus_venue_events_v1.csv.gz,crypto,11341,Ethereum ETF begins trading by July 26?,,,ethereum;eth
PM_ALL_POLYMARKET_CONTRACT_PNL,registry/w4b_polymarket_recensus_venue_events_v1.csv.gz,politics,11349,Jamie Dimon Democratic Presidential Nominee?,,,president
PM_ALL_POLYMARKET_CONTRACT_PNL,registry/w4b_polymarket_recensus_venue_events_v1.csv.gz,macro,11351,What price will $BTC reach in July?,,,fed;btc
PM_ALL_POLYMARKET_CONTRACT_PNL,registry/w4b_polymarket_recensus_venue_events_v1.csv.gz,crypto,11353,What price will $ETH reach in July?,,,eth
PM_ALL_POLYMARKET_CONTRACT_PNL,registry/w4b_polymarket_recensus_venue_events_v1.csv.gz,politics,11354,# of Conservative seats after UK Election? (0-125),,,election
PM_ALL_POLYMARKET_CONTRACT_PNL,registry/w4b_polymarket_recensus_venue_events_v1.csv.gz,politics,11355,# of Labour seats after UK Election? (450-525),,,election
PM_ALL_POLYMARKET_CONTRACT_PNL,registry/w4b_polymarket_recensus_venue_events_v1.csv.gz,macro,11368,Will a Dem senator endorse Kamala Harris by tomorrow?,,,fed
PM_ALL_POLYMARKET_CONTRACT_PNL,registry/w4b_polymarket_recensus_venue_events_v1.csv.gz,politics,11370,Another Dem House member calls for Biden to drop out by Friday?,,,house
PM_ALL_POLYMARKET_CONTRACT_PNL,registry/w4b_polymarket_recensus_venue_events_v1.csv.gz,fda_biotech,11371,Copa America 2024: Brazil vs. Colombia,,,fda
PM_ALL_POLYMARKET_CONTRACT_PNL,registry/w4b_polymarket_recensus_venue_events_v1.csv.gz,politics,11390,Will a Democratic Governor call on Biden to drop out?,,,governor
PM_ALL_POLYMARKET_CONTRACT_PNL,registry/w4b_polymarket_recensus_venue_events_v1.csv.gz,crypto,11394,Netherlands vs. Turkey - Who will advance?,,,eth
PM_ALL_POLYMARKET_CONTRACT_PNL,registry/w4b_polymarket_recensus_venue_events_v1.csv.gz,crypto,11395,Euro 2024: Netherlands vs. Turkey,,,eth
PM_ALL_POLYMARKET_CONTRACT_PNL,registry/w4b_polymarket_recensus_venue_events_v1.csv.gz,politics,11402,Biden removed via 25th Amendment?,,,election
PM_ALL_POLYMARKET_CONTRACT_PNL,registry/w4b_polymarket_recensus_venue_events_v1.csv.gz,crypto,11406,"Ethereum above $3,000 on July 12?",,,ethereum;eth
PM_ALL_POLYMARKET_CONTRACT_PNL,registry/w4b_polymarket_recensus_venue_events_v1.csv.gz,crypto,11408,"Bitcoin above $57,000 on July 12?",,,bitcoin
PM_ALL_POLYMARKET_CONTRACT_PNL,registry/w4b_polymarket_recensus_venue_events_v1.csv.gz,crypto,11409,Solana above $135 on July 12?,,,solana
PM_ALL_POLYMARKET_CONTRACT_PNL,registry/w4b_polymarket_recensus_venue_events_v1.csv.gz,sports,11414,UFC Fight Night: July 13,,,ufc
PM_ALL_POLYMARKET_CONTRACT_PNL,registry/w4b_polymarket_recensus_venue_events_v1.csv.gz,crypto,11420,Netherlands vs. England - Who will advance?,,,eth
PM_ALL_POLYMARKET_CONTRACT_PNL,registry/w4b_polymarket_recensus_venue_events_v1.csv.gz,politics,11425,15+ Dem House reps call Biden to drop out by Friday?,,,house;eps
PM_ALL_POLYMARKET_CONTRACT_PNL,registry/w4b_polymarket_recensus_venue_events_v1.csv.gz,crypto,11426,Solana flips ETH in daily fees in July?,,,solana;eth
PM_ALL_POLYMARKET_CONTRACT_PNL,registry/w4b_polymarket_recensus_venue_events_v1.csv.gz,corporate,11427,Will Circle IPO in 2024?,,,ipo
PM_ALL_POLYMARKET_CONTRACT_PNL,registry/w4b_polymarket_recensus_venue_events_v1.csv.gz,crypto,11429,Euro 2024: Netherlands vs. England,,,eth
PM_ALL_POLYMARKET_CONTRACT_PNL,registry/w4b_polymarket_recensus_venue_events_v1.csv.gz,fda_biotech,11432,New French government formed in July?,,,fda
PM_ALL_POLYMARKET_CONTRACT_PNL,registry/w4b_polymarket_recensus_venue_events_v1.csv.gz,politics,11433,House overturns Biden's SAB 121 veto?,,,house
PM_ALL_POLYMARKET_CONTRACT_PNL,registry/w4b_polymarket_recensus_venue_events_v1.csv.gz,politics,11435,Democrat other than Biden wins the Election?,,,election;president
PM_ALL_POLYMARKET_CONTRACT_PNL,registry/w4b_polymarket_recensus_venue_events_v1.csv.gz,corporate,11436,Karine Jean-Pierre out as Press Secretary by July 31?,,,sec
PM_ALL_POLYMARKET_CONTRACT_PNL,registry/w4b_polymarket_recensus_venue_events_v1.csv.gz,corporate,11438,RFK Jr. Secret Service protection by Friday?,,,sec
PM_ALL_POLYMARKET_CONTRACT_PNL,registry/w4b_polymarket_recensus_venue_events_v1.csv.gz,crypto,11474,"Trump says ""mog"" at Bitcoin Conference?",,,bitcoin
PM_ALL_POLYMARKET_CONTRACT_PNL,registry/w4b_polymarket_recensus_venue_events_v1.csv.gz,politics,11476,50+ Dem house reps call Biden to drop out by Friday?,,,house;eps
PM_ALL_POLYMARKET_CONTRACT_PNL,registry/w4b_polymarket_recensus_venue_events_v1.csv.gz,crypto,11480,"Bitcoin above $58,000 on July 19?",,,bitcoin
PM_ALL_POLYMARKET_CONTRACT_PNL,registry/w4b_polymarket_recensus_venue_events_v1.csv.gz,crypto,11481,"Ethereum above $3,100 on July 19?",,,ethereum;eth
PM_ALL_POLYMARKET_CONTRACT_PNL,registry/w4b_polymarket_recensus_venue_events_v1.csv.gz,crypto,11482,Solana above $140 on July 19?,,,solana
PM_ALL_POLYMARKET_CONTRACT_PNL,registry/w4b_polymarket_recensus_venue_events_v1.csv.gz,crypto,11483,Will $BTC hit $50k or $70k first?,,,btc
PM_ALL_POLYMARKET_CONTRACT_PNL,registry/w4b_polymarket_recensus_venue_events_v1.csv.gz,crypto,11484,US government Bitcoin reserves in 2024?,,,bitcoin
PM_ALL_POLYMARKET_CONTRACT_PNL,registry/w4b_polymarket_recensus_venue_events_v1.csv.gz,macro,11506,Will Trump attend tonight's UFC?,,,fed;ufc
PM_ALL_POLYMARKET_CONTRACT_PNL,registry/w4b_polymarket_recensus_venue_events_v1.csv.gz,corporate,11511,Will the Director of Secret Service be fired/resign?,,,sec
PM_ALL_POLYMARKET_CONTRACT_PNL,registry/w4b_polymarket_recensus_venue_events_v1.csv.gz,sports,11518,Will China unban Bitcoin in 2024?,,,nba;bitcoin
PM_ALL_POLYMARKET_CONTRACT_PNL,registry/w4b_polymarket_recensus_venue_events_v1.csv.gz,politics,11524,Tipping Point State in 2024 Election?,,,election
PM_ALL_POLYMARKET_CONTRACT_PNL,registry/w4b_polymarket_recensus_venue_events_v1.csv.gz,politics,11526,Kamala Harris and JD Vance debate before election?,,,election
PM_ALL_POLYMARKET_CONTRACT_PNL,registry/w4b_polymarket_recensus_venue_events_v1.csv.gz,sports,11529,MLB All Star Game Winner,,,mlb
PM_ALL_POLYMARKET_CONTRACT_PNL,registry/w4b_polymarket_recensus_venue_events_v1.csv.gz,politics,11556,Trump post about a memecoin before election?,,,election
PM_ALL_POLYMARKET_CONTRACT_PNL,registry/w4b_polymarket_recensus_venue_events_v1.csv.gz,sports,11559,Men's Soccer Winner,,,soccer
PM_ALL_POLYMARKET_CONTRACT_PNL,registry/w4b_polymarket_recensus_venue_events_v1.csv.gz,corporate,11560,Will Kraken IPO in 2024?,,,ipo
PM_ALL_POLYMARKET_CONTRACT_PNL,registry/w4b_polymarket_recensus_venue_events_v1.csv.gz,sports,11562,Women's Soccer Winner,,,soccer
PM_ALL_POLYMARKET_CONTRACT_PNL,registry/w4b_polymarket_recensus_venue_events_v1.csv.gz,fda_biotech,11563,"Biden diagnosed with ""medical condition"" before DNC?",,,fda
PM_ALL_POLYMARKET_CONTRACT_PNL,registry/w4b_polymarket_recensus_venue_events_v1.csv.gz,macro,11567,Trump wins and picks Dimon for Treasury Secretary?,,,treasury;sec
PM_ALL_POLYMARKET_CONTRACT_PNL,registry/w4b_polymarket_recensus_venue_events_v1.csv.gz,crypto,11580,Will Trump announce strategic Bitcoin reserve?,,,bitcoin
PM_ALL_POLYMARKET_CONTRACT_PNL,registry/w4b_polymarket_recensus_venue_events_v1.csv.gz,politics,11599,Biden D-Nom replacement?,,,president
PM_ALL_POLYMARKET_CONTRACT_PNL,registry/w4b_polymarket_recensus_venue_events_v1.csv.gz,sports,11607,UFC Fight Night: July 20,,,ufc
PM_ALL_POLYMARKET_CONTRACT_PNL,registry/w4b_polymarket_recensus_venue_events_v1.csv.gz,crypto,11608,"Bitcoin above $65,000 on July 26?",,,bitcoin
PM_ALL_POLYMARKET_CONTRACT_PNL,registry/w4b_polymarket_recensus_venue_events_v1.csv.gz,crypto,11609,Solana above $165 on July 26?,,,solana
PM_ALL_POLYMARKET_CONTRACT_PNL,registry/w4b_polymarket_recensus_venue_events_v1.csv.gz,crypto,11610,"Ethereum above $3,500 on July 26?",,,ethereum;eth
PM_ALL_POLYMARKET_CONTRACT_PNL,registry/w4b_polymarket_recensus_venue_events_v1.csv.gz,politics,11627,When will Democratic Nominee be chosen?,,,president
PM_ALL_POLYMARKET_CONTRACT_PNL,registry/w4b_polymarket_recensus_venue_events_v1.csv.gz,politics,11637,Will Trump and Harris debate before election?,,,election
PM_ALL_POLYMARKET_CONTRACT_PNL,registry/w4b_polymarket_recensus_venue_events_v1.csv.gz,politics,11639,Will Biden resign before the election?,,,election
PM_ALL_POLYMARKET_CONTRACT_PNL,registry/w4b_polymarket_recensus_venue_events_v1.csv.gz,crypto,11644,Will Elon Musk give a speech at Bitcoin conference?,,,bitcoin
PM_ALL_POLYMARKET_CONTRACT_PNL,registry/w4b_polymarket_recensus_venue_events_v1.csv.gz,corporate,11650,JD Vance replaced as Republican VP nominee?,,,eps
PM_ALL_POLYMARKET_CONTRACT_PNL,registry/w4b_polymarket_recensus_venue_events_v1.csv.gz,politics,11652,VP debate before election?,,,election
PM_ALL_POLYMARKET_CONTRACT_PNL,registry/w4b_polymarket_recensus_venue_events_v1.csv.gz,sports,11654,UFC 304,,,ufc
PM_ALL_POLYMARKET_CONTRACT_PNL,registry/w4b_polymarket_recensus_venue_events_v1.csv.gz,fda_biotech,11656,MrBeast fires Kris in July?,,,fda
PM_ALL_POLYMARKET_CONTRACT_PNL,registry/w4b_polymarket_recensus_venue_events_v1.csv.gz,politics,11669,Kamala president by Friday?,,,president
PM_ALL_POLYMARKET_CONTRACT_PNL,registry/w4b_polymarket_recensus_venue_events_v1.csv.gz,politics,11675,Will Trump post on X again before election?,,,election
PM_ALL_POLYMARKET_CONTRACT_PNL,registry/w4b_polymarket_recensus_venue_events_v1.csv.gz,corporate,11680,Biden appoints a man as Secret Service Director?,,,sec
PM_ALL_POLYMARKET_CONTRACT_PNL,registry/w4b_polymarket_recensus_venue_events_v1.csv.gz,crypto,11683,Will Kamala speak at Bitcoin conference?,,,bitcoin
PM_ALL_POLYMARKET_CONTRACT_PNL,registry/w4b_polymarket_recensus_venue_events_v1.csv.gz,politics,11693,JD & Usha Vance divorce before election?,,,election
PM_ALL_POLYMARKET_CONTRACT_PNL,registry/w4b_polymarket_recensus_venue_events_v1.csv.gz,macro,11696,Fed Interest Rates: September 2024,,,fed;fomc;interest rate;rates
PM_ALL_POLYMARKET_CONTRACT_PNL,registry/w4b_polymarket_recensus_venue_events_v1.csv.gz,macro,11701,200m Individual Medley Winner (W),,,fed
PM_ALL_POLYMARKET_CONTRACT_PNL,registry/w4b_polymarket_recensus_venue_events_v1.csv.gz,politics,11703,Will a presidential candidate say Mog at BTC conference?,,,president;btc
PM_ALL_POLYMARKET_CONTRACT_PNL,registry/w4b_polymarket_recensus_venue_events_v1.csv.gz,crypto,11722,"Bitcoin above $68,000 on August 2?",,,bitcoin
PM_ALL_POLYMARKET_CONTRACT_PNL,registry/w4b_polymarket_recensus_venue_events_v1.csv.gz,crypto,11723,"Ethereum above $3,300 on August 2?",,,ethereum;eth
PM_ALL_POLYMARKET_CONTRACT_PNL,registry/w4b_polymarket_recensus_venue_events_v1.csv.gz,crypto,11724,Solana above $180 on August 2?,,,solana
PM_ALL_POLYMARKET_CONTRACT_PNL,registry/w4b_polymarket_recensus_venue_events_v1.csv.gz,crypto,11727,What will Trump say during his Bitcoin Conference speech?,,,bitcoin
PM_ALL_POLYMARKET_CONTRACT_PNL,registry/w4b_polymarket_recensus_venue_events_v1.csv.gz,crypto,11736,What price will $BTC reach before September?,,,btc
PM_ALL_POLYMARKET_CONTRACT_PNL,registry/w4b_polymarket_recensus_venue_events_v1.csv.gz,crypto,11737,What price will $BTC dip below before September?,,,btc
PM_ALL_POLYMARKET_CONTRACT_PNL,registry/w4b_polymarket_recensus_venue_events_v1.csv.gz,crypto,11739,Kamala campaign accepts crypto donations before September?,,,crypto
PM_ALL_POLYMARKET_CONTRACT_PNL,registry/w4b_polymarket_recensus_venue_events_v1.csv.gz,macro,11743,US inflation >0.1% from June to July 2024?,,,inflation;nfl
PM_ALL_POLYMARKET_CONTRACT_PNL,registry/w4b_polymarket_recensus_venue_events_v1.csv.gz,macro,11744,How many Jobs added in July?,,,payroll
PM_ALL_POLYMARKET_CONTRACT_PNL,registry/w4b_polymarket_recensus_venue_events_v1.csv.gz,politics,11747,Will US sell Silk Road BTC before election?,,,election;btc
PM_ALL_POLYMARKET_CONTRACT_PNL,registry/w4b_polymarket_recensus_venue_events_v1.csv.gz,fda_biotech,11750,Golf Winner (W),,,fda
PM_ALL_POLYMARKET_CONTRACT_PNL,registry/w4b_polymarket_recensus_venue_events_v1.csv.gz,politics,11754,Ben Gvir out as Israel Minister of National Security by August 31?,,,minister;sec
PM_ALL_POLYMARKET_CONTRACT_PNL,registry/w4b_polymarket_recensus_venue_events_v1.csv.gz,macro,11757,NFL: Houston Texans vs. Chicago Bears,,,fed;nfl
PM_ALL_POLYMARKET_CONTRACT_PNL,registry/w4b_polymarket_recensus_venue_events_v1.csv.gz,politics,11763,Kari Lake wins Arizona Senate Primary?,,,senate
PM_ALL_POLYMARKET_CONTRACT_PNL,registry/w4b_polymarket_recensus_venue_events_v1.csv.gz,sports,11778,UFC Fight Night: August 3,,,ufc
PM_ALL_POLYMARKET_CONTRACT_PNL,registry/w4b_polymarket_recensus_venue_events_v1.csv.gz,crypto,11779,Bitcoin all time high in August?,,,bitcoin
PM_ALL_POLYMARKET_CONTRACT_PNL,registry/w4b_polymarket_recensus_venue_events_v1.csv.gz,crypto,11780,Ethereum all time high in August?,,,ethereum;eth
PM_ALL_POLYMARKET_CONTRACT_PNL,registry/w4b_polymarket_recensus_venue_events_v1.csv.gz,crypto,11781,Solana all time high in August?,,,solana
PM_ALL_POLYMARKET_CONTRACT_PNL,registry/w4b_polymarket_recensus_venue_events_v1.csv.gz,politics,11798,Will Kamala Harris drop out of presidential race?,,,election;president
PM_ALL_POLYMARKET_CONTRACT_PNL,registry/w4b_polymarket_recensus_venue_events_v1.csv.gz,crypto,11812,Donald & Melania Trump seen together in August?,,,eth
PM_ALL_POLYMARKET_CONTRACT_PNL,registry/w4b_polymarket_recensus_venue_events_v1.csv.gz,politics,11815,Ukraine election scheduled in 2024?,,,election
PM_ALL_POLYMARKET_CONTRACT_PNL,registry/w4b_polymarket_recensus_venue_events_v1.csv.gz,macro,11821,Fed emergency rate cut in 2024?,,,fed;fomc;rate cut
PM_ALL_POLYMARKET_CONTRACT_PNL,registry/w4b_polymarket_recensus_venue_events_v1.csv.gz,crypto,11823,"Ethereum above $3,000 on August 9?",,,ethereum;eth
PM_ALL_POLYMARKET_CONTRACT_PNL,registry/w4b_polymarket_recensus_venue_events_v1.csv.gz,crypto,11824,"Bitcoin above $65,000 on August 9?",,,bitcoin
PM_ALL_POLYMARKET_CONTRACT_PNL,registry/w4b_polymarket_recensus_venue_events_v1.csv.gz,crypto,11825,Solana above $160 on August 9?,,,solana
PM_ALL_POLYMARKET_CONTRACT_PNL,registry/w4b_polymarket_recensus_venue_events_v1.csv.gz,macro,11827,Fed Interest Rates: November 2024,,,fed;fomc;interest rate;rates
PM_ALL_POLYMARKET_CONTRACT_PNL,registry/w4b_polymarket_recensus_venue_events_v1.csv.gz,macro,11828,How many Jobs added in August?,,,payroll
PM_ALL_POLYMARKET_CONTRACT_PNL,registry/w4b_polymarket_recensus_venue_events_v1.csv.gz,fda_biotech,11840,5k Winner (W),,,fda
PM_ALL_POLYMARKET_CONTRACT_PNL,registry/w4b_polymarket_recensus_venue_events_v1.csv.gz,crypto,11842,$BTC dips below $50k by Friday?,,,btc
PM_ALL_POLYMARKET_CONTRACT_PNL,registry/w4b_polymarket_recensus_venue_events_v1.csv.gz,macro,11851,Bank of Japan emergency rate cut in August?,,,rate cut
PM_ALL_POLYMARKET_CONTRACT_PNL,registry/w4b_polymarket_recensus_venue_events_v1.csv.gz,crypto,11858,"$ETH dips below $2,000 by Friday?",,,eth
PM_ALL_POLYMARKET_CONTRACT_PNL,registry/w4b_polymarket_recensus_venue_events_v1.csv.gz,macro,11862,Fed cuts rates by 75 basis points in Sept meeting?,,,fed;fomc;rates
PM_ALL_POLYMARKET_CONTRACT_PNL,registry/w4b_polymarket_recensus_venue_events_v1.csv.gz,macro,11864,Fed emergency rate cut in August?,,,fed;fomc;rate cut
PM_ALL_POLYMARKET_CONTRACT_PNL,registry/w4b_polymarket_recensus_venue_events_v1.csv.gz,macro,11872,US GDP declines in Q3 2024?,,,gdp
PM_ALL_POLYMARKET_CONTRACT_PNL,registry/w4b_polymarket_recensus_venue_events_v1.csv.gz,macro,11878,Fed decision in December?,,,fed;fomc;rates
PM_ALL_POLYMARKET_CONTRACT_PNL,registry/w4b_polymarket_recensus_venue_events_v1.csv.gz,sports,11881,NFL Thursday,,,nfl
PM_ALL_POLYMARKET_CONTRACT_PNL,registry/w4b_polymarket_recensus_venue_events_v1.csv.gz,crypto,11882,"Will Bitcoin reach $65,000 before September?",,,bitcoin
PM_ALL_POLYMARKET_CONTRACT_PNL,registry/w4b_polymarket_recensus_venue_events_v1.csv.gz,crypto,11883,"Will Ethereum reach $3,000 before September?",,,ethereum;eth
PM_ALL_POLYMARKET_CONTRACT_PNL,registry/w4b_polymarket_recensus_venue_events_v1.csv.gz,macro,11887,Tim Walz replaced as Democratic VP nominee?,,,fed
PM_ALL_POLYMARKET_CONTRACT_PNL,registry/w4b_polymarket_recensus_venue_events_v1.csv.gz,politics,11888,Trump-Vance Republican ticket on election day?,,,election
PM_ALL_POLYMARKET_CONTRACT_PNL,registry/w4b_polymarket_recensus_venue_events_v1.csv.gz,politics,11889,Harris-Walz Democratic ticket on election day?,,,election
PM_ALL_POLYMARKET_CONTRACT_PNL,registry/w4b_polymarket_recensus_venue_events_v1.csv.gz,sports,11896,Olympic Men's Soccer Final: Spain vs. France,,,soccer
PM_ALL_POLYMARKET_CONTRACT_PNL,registry/w4b_polymarket_recensus_venue_events_v1.csv.gz,politics,11910,Popular Vote Margin of Victory?,,,election;president
PM_ALL_POLYMARKET_CONTRACT_PNL,registry/w4b_polymarket_recensus_venue_events_v1.csv.gz,crypto,11911,Will $ETH hit $2000 or $4000 first?,,,eth
PM_ALL_POLYMARKET_CONTRACT_PNL,registry/w4b_polymarket_recensus_venue_events_v1.csv.gz,politics,11912,Will Michelle Obama become Dem Nominee?,,,president
PM_ALL_POLYMARKET_CONTRACT_PNL,registry/w4b_polymarket_recensus_venue_events_v1.csv.gz,macro,11922,Who will speak at the DNC?,,,fed
PM_ALL_POLYMARKET_CONTRACT_PNL,registry/w4b_polymarket_recensus_venue_events_v1.csv.gz,politics,11924,WA-03 election: Glusenkamp Perez (D) vs. Kent (R),,,election;house
PM_ALL_POLYMARKET_CONTRACT_PNL,registry/w4b_polymarket_recensus_venue_events_v1.csv.gz,sports,11925,NFL Friday,,,nfl
PM_ALL_POLYMARKET_CONTRACT_PNL,registry/w4b_polymarket_recensus_venue_events_v1.csv.gz,sports,11926,NFL Saturday,,,nfl
PM_ALL_POLYMARKET_CONTRACT_PNL,registry/w4b_polymarket_recensus_venue_events_v1.csv.gz,sports,11943,Olympic Women's Soccer Final: USA vs. Brazil,,,soccer
PM_ALL_POLYMARKET_CONTRACT_PNL,registry/w4b_polymarket_recensus_venue_events_v1.csv.gz,crypto,11950,"Ethereum above $2,500 on August 16?",,,ethereum;eth
PM_ALL_POLYMARKET_CONTRACT_PNL,registry/w4b_polymarket_recensus_venue_events_v1.csv.gz,crypto,11951,"Bitcoin above $60,000 on August 16?",,,bitcoin
PM_ALL_POLYMARKET_CONTRACT_PNL,registry/w4b_polymarket_recensus_venue_events_v1.csv.gz,crypto,11952,Solana above $150 on August 16?,,,solana
PM_ALL_POLYMARKET_CONTRACT_PNL,registry/w4b_polymarket_recensus_venue_events_v1.csv.gz,sports,11957,NFL Sunday,,,nfl
PM_ALL_POLYMARKET_CONTRACT_PNL,registry/w4b_polymarket_recensus_venue_events_v1.csv.gz,sports,11959,Speed Chess Championship Winner 2024,,,champions
PM_ALL_POLYMARKET_CONTRACT_PNL,registry/w4b_polymarket_recensus_venue_events_v1.csv.gz,politics,11960,Election certified on January 6?,,,election;president
PM_ALL_POLYMARKET_CONTRACT_PNL,registry/w4b_polymarket_recensus_venue_events_v1.csv.gz,politics,11968,Democratic VP nominee on election day?,,,election
PM_ALL_POLYMARKET_CONTRACT_PNL,registry/w4b_polymarket_recensus_venue_events_v1.csv.gz,sports,11979,Fantasy Football: Top QB 2024,,,football
PM_ALL_POLYMARKET_CONTRACT_PNL,registry/w4b_polymarket_recensus_venue_events_v1.csv.gz,sports,11980,Fantasy Football: Top WR 2024,,,football
PM_ALL_POLYMARKET_CONTRACT_PNL,registry/w4b_polymarket_recensus_venue_events_v1.csv.gz,sports,11985,NFL Thursday,,,nfl
PM_ALL_POLYMARKET_CONTRACT_PNL,registry/w4b_polymarket_recensus_venue_events_v1.csv.gz,sports,11986,NFL Saturday,,,nfl
PM_ALL_POLYMARKET_CONTRACT_PNL,registry/w4b_polymarket_recensus_venue_events_v1.csv.gz,sports,11988,NFL Sunday,,,nfl
PM_ALL_POLYMARKET_CONTRACT_PNL,registry/w4b_polymarket_recensus_venue_events_v1.csv.gz,crypto,11992,Swan Bitcoin insolvent by August 31?,,,bitcoin
PM_ALL_POLYMARKET_CONTRACT_PNL,registry/w4b_polymarket_recensus_venue_events_v1.csv.gz,sports,11997,Fantasy Football: Top RB 2024,,,football
PM_ALL_POLYMARKET_CONTRACT_PNL,registry/w4b_polymarket_recensus_venue_events_v1.csv.gz,sports,12007,Fantasy Football: Top Tight End 2024,,,football
PM_ALL_POLYMARKET_CONTRACT_PNL,registry/w4b_polymarket_recensus_venue_events_v1.csv.gz,sports,12008,Fantasy Football: Top Flex 2024,,,football
PM_ALL_POLYMARKET_CONTRACT_PNL,registry/w4b_polymarket_recensus_venue_events_v1.csv.gz,crypto,12009,Serena and Cordell together during Love Island reunion?,,,eth
PM_ALL_POLYMARKET_CONTRACT_PNL,registry/w4b_polymarket_recensus_venue_events_v1.csv.gz,sports,12027,College Football Champion 2025,,,football
PM_ALL_POLYMARKET_CONTRACT_PNL,registry/w4b_polymarket_recensus_venue_events_v1.csv.gz,politics,12029,NY-17 election: Jones (D) vs. Lawler (R),,,election
PM_ALL_POLYMARKET_CONTRACT_PNL,registry/w4b_polymarket_recensus_venue_events_v1.csv.gz,politics,12030,OR-05 election: Bynum (D) vs. Chavez-DeRemer (R),,,election
PM_ALL_POLYMARKET_CONTRACT_PNL,registry/w4b_polymarket_recensus_venue_events_v1.csv.gz,politics,12031,NY-19 election: Riley (D) vs. Molinaro (R),,,election
PM_ALL_POLYMARKET_CONTRACT_PNL,registry/w4b_polymarket_recensus_venue_events_v1.csv.gz,politics,12032,NY-04 election: Gillen (D) vs. D'Esposito (R),,,election
PM_ALL_POLYMARKET_CONTRACT_PNL,registry/w4b_polymarket_recensus_venue_events_v1.csv.gz,politics,12035,# of Republican House seats after Election? (brackets),,,election;house
PM_ALL_POLYMARKET_CONTRACT_PNL,registry/w4b_polymarket_recensus_venue_events_v1.csv.gz,politics,12037,Trump fires campaign manager?,,,election
PM_ALL_POLYMARKET_CONTRACT_PNL,registry/w4b_polymarket_recensus_venue_events_v1.csv.gz,macro,12040,US inflation >0.1% from July to August 2024?,,,inflation;nfl
PM_ALL_POLYMARKET_CONTRACT_PNL,registry/w4b_polymarket_recensus_venue_events_v1.csv.gz,sports,12052,UFC 305,,,ufc
PM_ALL_POLYMARKET_CONTRACT_PNL,registry/w4b_polymarket_recensus_venue_events_v1.csv.gz,politics,12056,CA-22 election: Salas (D) vs. Valadao (R),,,election
PM_ALL_POLYMARKET_CONTRACT_PNL,registry/w4b_polymarket_recensus_venue_events_v1.csv.gz,macro,12057,CA-13 election: Gray (D) vs. Duarte (R),,,fed;election
PM_ALL_POLYMARKET_CONTRACT_PNL,registry/w4b_polymarket_recensus_venue_events_v1.csv.gz,politics,12058,CA-41 election: Rollins (D) vs. Calvert (R),,,election
PM_ALL_POLYMARKET_CONTRACT_PNL,registry/w4b_polymarket_recensus_venue_events_v1.csv.gz,politics,12059,CA-27 election: Whitesides (D) vs. Garcia (R),,,election
PM_ALL_POLYMARKET_CONTRACT_PNL,registry/w4b_polymarket_recensus_venue_events_v1.csv.gz,macro,12060,Iran military response by Friday?,,,fed
PM_ALL_POLYMARKET_CONTRACT_PNL,registry/w4b_polymarket_recensus_venue_events_v1.csv.gz,politics,12061,AZ-01 election: Shah (D) vs. Schweikert (R),,,election
PM_ALL_POLYMARKET_CONTRACT_PNL,registry/w4b_polymarket_recensus_venue_events_v1.csv.gz,politics,12063,AZ-06 election: Engel (D) vs. Ciscomani (R),,,election
PM_ALL_POLYMARKET_CONTRACT_PNL,registry/w4b_polymarket_recensus_venue_events_v1.csv.gz,macro,12064,Annual inflation under 3% in August?,,,inflation;nfl
PM_ALL_POLYMARKET_CONTRACT_PNL,registry/w4b_polymarket_recensus_venue_events_v1.csv.gz,crypto,12076,"Bitcoin above $60,000 on August 23?",,,bitcoin
PM_ALL_POLYMARKET_CONTRACT_PNL,registry/w4b_polymarket_recensus_venue_events_v1.csv.gz,crypto,12077,"Ethereum above $2,500 on August 23?",,,ethereum;eth
PM_ALL_POLYMARKET_CONTRACT_PNL,registry/w4b_polymarket_recensus_venue_events_v1.csv.gz,fda_biotech,12078,Solana above $140 on August 23?,,,fda;solana
PM_ALL_POLYMARKET_CONTRACT_PNL,registry/w4b_polymarket_recensus_venue_events_v1.csv.gz,politics,12086,Will 538 correctly call the Presidential Election?,,,election;president
PM_ALL_POLYMARKET_CONTRACT_PNL,registry/w4b_polymarket_recensus_venue_events_v1.csv.gz,politics,12087,Kamala Harris wins the election but loses Michigan?,,,election
PM_ALL_POLYMARKET_CONTRACT_PNL,registry/w4b_polymarket_recensus_venue_events_v1.csv.gz,macro,12108,Annual inflation above 2.5% in August?,,,inflation;nfl
PM_ALL_POLYMARKET_CONTRACT_PNL,registry/w4b_polymarket_recensus_venue_events_v1.csv.gz,sports,12109,NFL Thursday,,,nfl
PM_ALL_POLYMARKET_CONTRACT_PNL,registry/w4b_polymarket_recensus_venue_events_v1.csv.gz,sports,12110,NFL Friday,,,nfl
PM_ALL_POLYMARKET_CONTRACT_PNL,registry/w4b_polymarket_recensus_venue_events_v1.csv.gz,sports,12111,NFL Saturday,,,nfl
PM_ALL_POLYMARKET_CONTRACT_PNL,registry/w4b_polymarket_recensus_venue_events_v1.csv.gz,politics,12120,Favorite to win on Polymarket day before election?,,,election
PM_ALL_POLYMARKET_CONTRACT_PNL,registry/w4b_polymarket_recensus_venue_events_v1.csv.gz,politics,12121,Will Nate Silver correctly call the Presidential Election?,,,election;president
PM_ALL_POLYMARKET_CONTRACT_PNL,registry/w4b_polymarket_recensus_venue_events_v1.csv.gz,politics,12152,Will Trump go on Joe Rogan before election?,,,election
PM_ALL_POLYMARKET_CONTRACT_PNL,registry/w4b_polymarket_recensus_venue_events_v1.csv.gz,sports,12168,2025 NFL Offensive Rookie of the Year,,,nfl
PM_ALL_POLYMARKET_CONTRACT_PNL,registry/w4b_polymarket_recensus_venue_events_v1.csv.gz,macro,12171,Trump vs. Harris RCP polling margin on Aug 30?,,,fed
PM_ALL_POLYMARKET_CONTRACT_PNL,registry/w4b_polymarket_recensus_venue_events_v1.csv.gz,crypto,12178,Will Ex-Amazon VP reveal who seduced his wife?,,,eth
PM_ALL_POLYMARKET_CONTRACT_PNL,registry/w4b_polymarket_recensus_venue_events_v1.csv.gz,sports,12185,UFC Fight Night: Cannonier vs. Borralho,,,ufc
PM_ALL_POLYMARKET_CONTRACT_PNL,registry/w4b_polymarket_recensus_venue_events_v1.csv.gz,crypto,12188,"Bitcoin above $60,000 on August 30?",,,bitcoin
PM_ALL_POLYMARKET_CONTRACT_PNL,registry/w4b_polymarket_recensus_venue_events_v1.csv.gz,crypto,12189,Solana above $145 on August 30?,,,solana
PM_ALL_POLYMARKET_CONTRACT_PNL,registry/w4b_polymarket_recensus_venue_events_v1.csv.gz,crypto,12190,"Ethereum above $2,500 on August 30?",,,ethereum;eth
PM_ALL_POLYMARKET_CONTRACT_PNL,registry/w4b_polymarket_recensus_venue_events_v1.csv.gz,sports,12195,NFL Sunday,,,nfl
PM_ALL_POLYMARKET_CONTRACT_PNL,registry/w4b_polymarket_recensus_venue_events_v1.csv.gz,macro,12214,CFB: North Carolina vs. Minnesota,,,fed
PM_ALL_POLYMARKET_CONTRACT_PNL,registry/w4b_polymarket_recensus_venue_events_v1.csv.gz,sports,12233,NFL Thursday,,,nfl
PM_ALL_POLYMARKET_CONTRACT_PNL,registry/w4b_polymarket_recensus_venue_events_v1.csv.gz,sports,12235,NFL Friday,,,nfl
PM_ALL_POLYMARKET_CONTRACT_PNL,registry/w4b_polymarket_recensus_venue_events_v1.csv.gz,sports,12236,NFL Sunday,,,nfl
PM_ALL_POLYMARKET_CONTRACT_PNL,registry/w4b_polymarket_recensus_venue_events_v1.csv.gz,sports,12237,NFL Monday,,,nfl
PM_ALL_POLYMARKET_CONTRACT_PNL,registry/w4b_polymarket_recensus_venue_events_v1.csv.gz,politics,12246,AK-1 election: Peltola (D) vs. Begich (R),,,election
PM_ALL_POLYMARKET_CONTRACT_PNL,registry/w4b_polymarket_recensus_venue_events_v1.csv.gz,politics,12250,PA-10 election: Stelson (D) vs. Perry (R),,,election
PM_ALL_POLYMARKET_CONTRACT_PNL,registry/w4b_polymarket_recensus_venue_events_v1.csv.gz,politics,12251,Macron out as president of France in 2024?,,,president
PM_ALL_POLYMARKET_CONTRACT_PNL,registry/w4b_polymarket_recensus_venue_events_v1.csv.gz,crypto,12266,"Ethereum dips below $2,000 by Sept 30?",,,ethereum;eth
PM_ALL_POLYMARKET_CONTRACT_PNL,registry/w4b_polymarket_recensus_venue_events_v1.csv.gz,sports,12269,F1 Constructors Champion,,,champions
PM_ALL_POLYMARKET_CONTRACT_PNL,registry/w4b_polymarket_recensus_venue_events_v1.csv.gz,fda_biotech,12273,Trump vs. Harris polling margin on Sept. 6?,,,fda
PM_ALL_POLYMARKET_CONTRACT_PNL,registry/w4b_polymarket_recensus_venue_events_v1.csv.gz,macro,12279,NFC Champion,,,fed
PM_ALL_POLYMARKET_CONTRACT_PNL,registry/w4b_polymarket_recensus_venue_events_v1.csv.gz,fda_biotech,12282,Pavel Durov leaves France in 2024?,,,fda
PM_ALL_POLYMARKET_CONTRACT_PNL,registry/w4b_polymarket_recensus_venue_events_v1.csv.gz,sports,12289,2024 Tour Championship Winner,,,champions
PM_ALL_POLYMARKET_CONTRACT_PNL,registry/w4b_polymarket_recensus_venue_events_v1.csv.gz,sports,12297,NFL MVP,,,nfl
PM_ALL_POLYMARKET_CONTRACT_PNL,registry/w4b_polymarket_recensus_venue_events_v1.csv.gz,politics,12299,São Paulo mayoral election 2024,,,election
PM_ALL_POLYMARKET_CONTRACT_PNL,registry/w4b_polymarket_recensus_venue_events_v1.csv.gz,macro,12304,Will George W. Bush endorse Kamala Harris?,,,fed;election
PM_ALL_POLYMARKET_CONTRACT_PNL,registry/w4b_polymarket_recensus_venue_events_v1.csv.gz,corporate,12307,Pershing Square IPO in 2024?,,,ipo
PM_ALL_POLYMARKET_CONTRACT_PNL,registry/w4b_polymarket_recensus_venue_events_v1.csv.gz,crypto,12308,"Bitcoin above $60,000 on September 6?",,,bitcoin
PM_ALL_POLYMARKET_CONTRACT_PNL,registry/w4b_polymarket_recensus_venue_events_v1.csv.gz,crypto,12309,"Ethereum above $2,500 on September 6?",,,ethereum;eth
PM_ALL_POLYMARKET_CONTRACT_PNL,registry/w4b_polymarket_recensus_venue_events_v1.csv.gz,crypto,12310,Solana above $140 on September 6?,,,solana
PM_ALL_POLYMARKET_CONTRACT_PNL,registry/w4b_polymarket_recensus_venue_events_v1.csv.gz,crypto,12317,What price will $BTC dip below before October?,,,btc
PM_ALL_POLYMARKET_CONTRACT_PNL,registry/w4b_polymarket_recensus_venue_events_v1.csv.gz,crypto,12318,What price will $BTC reach before October?,,,btc
PM_ALL_POLYMARKET_CONTRACT_PNL,registry/w4b_polymarket_recensus_venue_events_v1.csv.gz,crypto,12319,"Will Ethereum reach $3,000 before October?",,,ethereum;eth
PM_ALL_POLYMARKET_CONTRACT_PNL,registry/w4b_polymarket_recensus_venue_events_v1.csv.gz,sports,12323,Will Brazil unban X before October?,,,nba
PM_ALL_POLYMARKET_CONTRACT_PNL,registry/w4b_polymarket_recensus_venue_events_v1.csv.gz,politics,12358,SAVE act becomes law before election?,,,election
PM_ALL_POLYMARKET_CONTRACT_PNL,registry/w4b_polymarket_recensus_venue_events_v1.csv.gz,sports,12364,WNBA Champion,,,nba
PM_ALL_POLYMARKET_CONTRACT_PNL,registry/w4b_polymarket_recensus_venue_events_v1.csv.gz,politics,12366,Starmer out as UK prime minister in 2024?,,,minister
PM_ALL_POLYMARKET_CONTRACT_PNL,registry/w4b_polymarket_recensus_venue_events_v1.csv.gz,crypto,12368,"Bitcoin above $60,000 on October 1?",,,bitcoin
PM_ALL_POLYMARKET_CONTRACT_PNL,registry/w4b_polymarket_recensus_venue_events_v1.csv.gz,macro,12373,Unemployment rate over 4.2% in August?,,,unemployment
PM_ALL_POLYMARKET_CONTRACT_PNL,registry/w4b_polymarket_recensus_venue_events_v1.csv.gz,sports,12383,NFL Kickoff Parlay: Taylor Swift Special,,,nfl
PM_ALL_POLYMARKET_CONTRACT_PNL,registry/w4b_polymarket_recensus_venue_events_v1.csv.gz,sports,12386,NFL Week 1: Highest scoring game,,,nfl
PM_ALL_POLYMARKET_CONTRACT_PNL,registry/w4b_polymarket_recensus_venue_events_v1.csv.gz,sports,12390,NFL Week 1: How many points?,,,nfl
PM_ALL_POLYMARKET_CONTRACT_PNL,registry/w4b_polymarket_recensus_venue_events_v1.csv.gz,sports,12391,NFL Kickoff: Chiefs vs. Ravens,,,nfl
PM_ALL_POLYMARKET_CONTRACT_PNL,registry/w4b_polymarket_recensus_venue_events_v1.csv.gz,sports,12392,Scorigami in NFL Week 1?,,,nfl
PM_ALL_POLYMARKET_CONTRACT_PNL,registry/w4b_polymarket_recensus_venue_events_v1.csv.gz,sports,12394,Polymarket Parlay - NFL Week 1,,,nfl
PM_ALL_POLYMARKET_CONTRACT_PNL,registry/w4b_polymarket_recensus_venue_events_v1.csv.gz,macro,12411,Trump's NY sentencing delayed past election?,,,fed;election
PM_ALL_POLYMARKET_CONTRACT_PNL,registry/w4b_polymarket_recensus_venue_events_v1.csv.gz,crypto,12419,"Bitcoin above $55,000 on September 13?",,,bitcoin
PM_ALL_POLYMARKET_CONTRACT_PNL,registry/w4b_polymarket_recensus_venue_events_v1.csv.gz,crypto,12420,"Ethereum above $2,400 on September 13?",,,fda;ethereum;eth
PM_ALL_POLYMARKET_CONTRACT_PNL,registry/w4b_polymarket_recensus_venue_events_v1.csv.gz,crypto,12421,Solana above $130 on September 13?,,,solana
PM_ALL_POLYMARKET_CONTRACT_PNL,registry/w4b_polymarket_recensus_venue_events_v1.csv.gz,macro,12425,How many jobs added in September?,,,payroll
PM_ALL_POLYMARKET_CONTRACT_PNL,registry/w4b_polymarket_recensus_venue_events_v1.csv.gz,fda_biotech,12426,CFB: Iowa vs. Iowa St,,,fda
PM_ALL_POLYMARKET_CONTRACT_PNL,registry/w4b_polymarket_recensus_venue_events_v1.csv.gz,sports,12443,NFL: Eagles vs. Packers,,,nfl
PM_ALL_POLYMARKET_CONTRACT_PNL,registry/w4b_polymarket_recensus_venue_events_v1.csv.gz,sports,12448,UFC Fight Night: Burns vs. Brady,,,ufc
PM_ALL_POLYMARKET_CONTRACT_PNL,registry/w4b_polymarket_recensus_venue_events_v1.csv.gz,sports,12449,NFL Week 1: Spreads,,,nfl
PM_ALL_POLYMARKET_CONTRACT_PNL,registry/w4b_polymarket_recensus_venue_events_v1.csv.gz,sports,12451,NFL Week 1: Totals,,,nfl
PM_ALL_POLYMARKET_CONTRACT_PNL,registry/w4b_polymarket_recensus_venue_events_v1.csv.gz,sports,12452,NFL Wk 1: The Free Tyreek Special,,,nfl
PM_ALL_POLYMARKET_CONTRACT_PNL,registry/w4b_polymarket_recensus_venue_events_v1.csv.gz,sports,12453,NFL Thursday,,,nfl
PM_ALL_POLYMARKET_CONTRACT_PNL,registry/w4b_polymarket_recensus_venue_events_v1.csv.gz,sports,12454,NFL Sunday,,,nfl
PM_ALL_POLYMARKET_CONTRACT_PNL,registry/w4b_polymarket_recensus_venue_events_v1.csv.gz,politics,12470,Delaware Governor Democratic Primary Winner,,,governor
PM_ALL_POLYMARKET_CONTRACT_PNL,registry/w4b_polymarket_recensus_venue_events_v1.csv.gz,crypto,12472,UEFA Nations League: Netherlands vs. Germany,,,eth
PM_ALL_POLYMARKET_CONTRACT_PNL,registry/w4b_polymarket_recensus_venue_events_v1.csv.gz,politics,12474,Delaware Governor Republican Primary Winner,,,governor
PM_ALL_POLYMARKET_CONTRACT_PNL,registry/w4b_polymarket_recensus_venue_events_v1.csv.gz,politics,12476,FL-13 election: Fox (D) vs. Luna (R),,,election
PM_ALL_POLYMARKET_CONTRACT_PNL,registry/w4b_polymarket_recensus_venue_events_v1.csv.gz,sports,12507,UFC 306: O'Malley vs. Dvalishvili,,,ufc
PM_ALL_POLYMARKET_CONTRACT_PNL,registry/w4b_polymarket_recensus_venue_events_v1.csv.gz,sports,12525,NFL Monday,,,nfl
PM_ALL_POLYMARKET_CONTRACT_PNL,registry/w4b_polymarket_recensus_venue_events_v1.csv.gz,macro,12526,Shannon Sharpe fired from ESPN?,,,fed
PM_ALL_POLYMARKET_CONTRACT_PNL,registry/w4b_polymarket_recensus_venue_events_v1.csv.gz,sports,12530,DOTA 2: The International Champions,,,champions
PM_ALL_POLYMARKET_CONTRACT_PNL,registry/w4b_polymarket_recensus_venue_events_v1.csv.gz,sports,12536,NFL Week 2: Highest Scoring Game,,,nfl
PM_ALL_POLYMARKET_CONTRACT_PNL,registry/w4b_polymarket_recensus_venue_events_v1.csv.gz,macro,12542,European Central Bank cuts rates in Oct meeting?,,,rates
PM_ALL_POLYMARKET_CONTRACT_PNL,registry/w4b_polymarket_recensus_venue_events_v1.csv.gz,sports,12545,NFL Week 2: How many points?,,,nfl
PM_ALL_POLYMARKET_CONTRACT_PNL,registry/w4b_polymarket_recensus_venue_events_v1.csv.gz,fda_biotech,12546,Caroline Ellison prison time?,,,fda
PM_ALL_POLYMARKET_CONTRACT_PNL,registry/w4b_polymarket_recensus_venue_events_v1.csv.gz,macro,12548,Annual inflation above 2.2% in September?,,,inflation;nfl
PM_ALL_POLYMARKET_CONTRACT_PNL,registry/w4b_polymarket_recensus_venue_events_v1.csv.gz,crypto,12564,"Bitcoin above $60,000 on September 20?",,,bitcoin
PM_ALL_POLYMARKET_CONTRACT_PNL,registry/w4b_polymarket_recensus_venue_events_v1.csv.gz,crypto,12565,"Ethereum above $2,400 on September 20?",,,ethereum;eth
PM_ALL_POLYMARKET_CONTRACT_PNL,registry/w4b_polymarket_recensus_venue_events_v1.csv.gz,crypto,12566,Solana above $135 on September 20?,,,solana
PM_ALL_POLYMARKET_CONTRACT_PNL,registry/w4b_polymarket_recensus_venue_events_v1.csv.gz,sports,12575,NFL Thursday,,,nfl
PM_ALL_POLYMARKET_CONTRACT_PNL,registry/w4b_polymarket_recensus_venue_events_v1.csv.gz,sports,12576,Scorigami in NFL Week 2?,,,nfl
PM_ALL_POLYMARKET_CONTRACT_PNL,registry/w4b_polymarket_recensus_venue_events_v1.csv.gz,sports,12579,NFL Week 2: Spreads,,,nfl
PM_ALL_POLYMARKET_CONTRACT_PNL,registry/w4b_polymarket_recensus_venue_events_v1.csv.gz,politics,12580,Which party wins the most seats in Lithuanian Election?,,,election;party
PM_ALL_POLYMARKET_CONTRACT_PNL,registry/w4b_polymarket_recensus_venue_events_v1.csv.gz,sports,12582,NFL Week 2: Totals,,,nfl
PM_ALL_POLYMARKET_CONTRACT_PNL,registry/w4b_polymarket_recensus_venue_events_v1.csv.gz,politics,12584,Sri Lanka Presidential Election Winner,,,election;president
PM_ALL_POLYMARKET_CONTRACT_PNL,registry/w4b_polymarket_recensus_venue_events_v1.csv.gz,sports,12585,Champions League Winner,,,champions
PM_ALL_POLYMARKET_CONTRACT_PNL,registry/w4b_polymarket_recensus_venue_events_v1.csv.gz,sports,12587,Polymarket Parlay: NFL Week 2,,,nfl
PM_ALL_POLYMARKET_CONTRACT_PNL,registry/w4b_polymarket_recensus_venue_events_v1.csv.gz,sports,12597,NFL: Texans vs. Bears,,,nfl
PM_ALL_POLYMARKET_CONTRACT_PNL,registry/w4b_polymarket_recensus_venue_events_v1.csv.gz,macro,12612,Will Powell wear a purple tie at FOMC?,,,fomc
PM_ALL_POLYMARKET_CONTRACT_PNL,registry/w4b_polymarket_recensus_venue_events_v1.csv.gz,sports,12619,NFL Sunday,,,nfl
PM_ALL_POLYMARKET_CONTRACT_PNL,registry/w4b_polymarket_recensus_venue_events_v1.csv.gz,sports,12620,NFL: Eagles vs. Falcons,,,nfl
PM_ALL_POLYMARKET_CONTRACT_PNL,registry/w4b_polymarket_recensus_venue_events_v1.csv.gz,crypto,12628,ETHBTC above 0.04 on September 30?,,,btc;eth
PM_ALL_POLYMARKET_CONTRACT_PNL,registry/w4b_polymarket_recensus_venue_events_v1.csv.gz,macro,12632,Unemployment rate over 4.2% in September?,,,unemployment
PM_ALL_POLYMARKET_CONTRACT_PNL,registry/w4b_polymarket_recensus_venue_events_v1.csv.gz,macro,12636,Will Diddy plead guilty to any charges?,,,fed
PM_ALL_POLYMARKET_CONTRACT_PNL,registry/w4b_polymarket_recensus_venue_events_v1.csv.gz,macro,12642,Bank of England rate cut in September meeting?,,,rate cut
PM_ALL_POLYMARKET_CONTRACT_PNL,registry/w4b_polymarket_recensus_venue_events_v1.csv.gz,politics,12647,Will there be a 269-269 tie in Electoral College?,,,election;president
PM_ALL_POLYMARKET_CONTRACT_PNL,registry/w4b_polymarket_recensus_venue_events_v1.csv.gz,politics,12648,Who wins most votes in Brandenburg election?,,,election
PM_ALL_POLYMARKET_CONTRACT_PNL,registry/w4b_polymarket_recensus_venue_events_v1.csv.gz,politics,12657,Which party wins the most seats Austrian legislative election?,,,election;party
PM_ALL_POLYMARKET_CONTRACT_PNL,registry/w4b_polymarket_recensus_venue_events_v1.csv.gz,macro,12678,"Powell says ""inflation"" 15+ times in FOMC statement?",,,inflation;fomc;nfl
PM_ALL_POLYMARKET_CONTRACT_PNL,registry/w4b_polymarket_recensus_venue_events_v1.csv.gz,macro,12679,"Powell says ""unemployment"" 5+ times in FOMC statement?",,,fomc;unemployment
PM_ALL_POLYMARKET_CONTRACT_PNL,registry/w4b_polymarket_recensus_venue_events_v1.csv.gz,politics,12682,IA-03 election: Baccam (D) vs. Nunn (R),,,election
PM_ALL_POLYMARKET_CONTRACT_PNL,registry/w4b_polymarket_recensus_venue_events_v1.csv.gz,politics,12683,IA-01 election: Bohannan (D) vs. Miller-Meeks (R),,,election
PM_ALL_POLYMARKET_CONTRACT_PNL,registry/w4b_polymarket_recensus_venue_events_v1.csv.gz,politics,12685,30-year mortgage rate below 5% before election?,,,election
PM_ALL_POLYMARKET_CONTRACT_PNL,registry/w4b_polymarket_recensus_venue_events_v1.csv.gz,politics,12686,"Will Trump say ""skibidi"" before the election?",,,election
PM_ALL_POLYMARKET_CONTRACT_PNL,registry/w4b_polymarket_recensus_venue_events_v1.csv.gz,crypto,12696,Ansem vs. Bitboy - Crypto Fight Night,,,crypto
PM_ALL_POLYMARKET_CONTRACT_PNL,registry/w4b_polymarket_recensus_venue_events_v1.csv.gz,sports,12697,NFL: Jets vs. Patriots,,,nfl
PM_ALL_POLYMARKET_CONTRACT_PNL,registry/w4b_polymarket_recensus_venue_events_v1.csv.gz,sports,12698,Scorigami in Week 3?,,,nfl
PM_ALL_POLYMARKET_CONTRACT_PNL,registry/w4b_polymarket_recensus_venue_events_v1.csv.gz,sports,12699,NFL Week 3: Highest scoring game?,,,nfl
PM_ALL_POLYMARKET_CONTRACT_PNL,registry/w4b_polymarket_recensus_venue_events_v1.csv.gz,sports,12703,NFL Week 3: How many points?,,,nfl
PM_ALL_POLYMARKET_CONTRACT_PNL,registry/w4b_polymarket_recensus_venue_events_v1.csv.gz,politics,12706,Which party wins the most seats in British Columbia election?,,,election;party
PM_ALL_POLYMARKET_CONTRACT_PNL,registry/w4b_polymarket_recensus_venue_events_v1.csv.gz,politics,12711,Which party wins most seats in New Brunswick election?,,,election;party
PM_ALL_POLYMARKET_CONTRACT_PNL,registry/w4b_polymarket_recensus_venue_events_v1.csv.gz,politics,12713,Which party wins most seats in in Saskatchewan election?,,,election;party
PM_ALL_POLYMARKET_CONTRACT_PNL,registry/w4b_polymarket_recensus_venue_events_v1.csv.gz,politics,12719,Nebraska Senate Special Election,,,election;senate
PM_ALL_POLYMARKET_CONTRACT_PNL,registry/w4b_polymarket_recensus_venue_events_v1.csv.gz,politics,12722,Mark Robinson divorce before the Election?,,,election
PM_ALL_POLYMARKET_CONTRACT_PNL,registry/w4b_polymarket_recensus_venue_events_v1.csv.gz,crypto,12723,"Ethereum above $2,500 on September 27?",,,ethereum;eth
PM_ALL_POLYMARKET_CONTRACT_PNL,registry/w4b_polymarket_recensus_venue_events_v1.csv.gz,crypto,12724,"Bitcoin above $63,000 on September 27?",,,bitcoin
PM_ALL_POLYMARKET_CONTRACT_PNL,registry/w4b_polymarket_recensus_venue_events_v1.csv.gz,crypto,12725,Solana above $150 on September 27?,,,solana
PM_ALL_POLYMARKET_CONTRACT_PNL,registry/w4b_polymarket_recensus_venue_events_v1.csv.gz,crypto,12727,SOLETH above 0.058 on September 30?,,,eth
PM_ALL_POLYMARKET_CONTRACT_PNL,registry/w4b_polymarket_recensus_venue_events_v1.csv.gz,crypto,12733,Bitcoin new all time high in 2024?,,,bitcoin
PM_ALL_POLYMARKET_CONTRACT_PNL,registry/w4b_polymarket_recensus_venue_events_v1.csv.gz,sports,12734,NFL Week 3: Spreads,,,nfl
PM_ALL_POLYMARKET_CONTRACT_PNL,registry/w4b_polymarket_recensus_venue_events_v1.csv.gz,sports,12735,NFL Week 3: Totals,,,nfl
PM_ALL_POLYMARKET_CONTRACT_PNL,registry/w4b_polymarket_recensus_venue_events_v1.csv.gz,politics,12737,Mozambique Presidential Election Winner,,,election;president
PM_ALL_POLYMARKET_CONTRACT_PNL,registry/w4b_polymarket_recensus_venue_events_v1.csv.gz,fda_biotech,12739,Lynx vs. Mercury Series Winner,,,fda
PM_ALL_POLYMARKET_CONTRACT_PNL,registry/w4b_polymarket_recensus_venue_events_v1.csv.gz,macro,12747,Did Biden campaign use info from Iran hack?,,,fed
PM_ALL_POLYMARKET_CONTRACT_PNL,registry/w4b_polymarket_recensus_venue_events_v1.csv.gz,sports,12749,NFL Monday,,,nfl
PM_ALL_POLYMARKET_CONTRACT_PNL,registry/w4b_polymarket_recensus_venue_events_v1.csv.gz,sports,12750,WNBA: Liberty vs. Dream Game 1,,,nba
PM_ALL_POLYMARKET_CONTRACT_PNL,registry/w4b_polymarket_recensus_venue_events_v1.csv.gz,sports,12751,WNBA: Sun vs. Fever Game 1,,,nba
PM_ALL_POLYMARKET_CONTRACT_PNL,registry/w4b_polymarket_recensus_venue_events_v1.csv.gz,sports,12752,WNBA: Lynx vs. Mercury Game 1,,,nba
PM_ALL_POLYMARKET_CONTRACT_PNL,registry/w4b_polymarket_recensus_venue_events_v1.csv.gz,sports,12753,WNBA: Aces vs. Storm Game 1,,,nba
PM_ALL_POLYMARKET_CONTRACT_PNL,registry/w4b_polymarket_recensus_venue_events_v1.csv.gz,sports,12759,Polymarket Parlay: NFL Week 3,,,nfl
PM_ALL_POLYMARKET_CONTRACT_PNL,registry/w4b_polymarket_recensus_venue_events_v1.csv.gz,sports,12761,NFL: Chiefs vs. Falcons,,,nfl
PM_ALL_POLYMARKET_CONTRACT_PNL,registry/w4b_polymarket_recensus_venue_events_v1.csv.gz,macro,12762,NFL: Bills vs. Jaguars,,,fed;nfl
PM_ALL_POLYMARKET_CONTRACT_PNL,registry/w4b_polymarket_recensus_venue_events_v1.csv.gz,sports,12763,NFL: Bengals vs. Commanders,,,nfl
PM_ALL_POLYMARKET_CONTRACT_PNL,registry/w4b_polymarket_recensus_venue_events_v1.csv.gz,macro,12769,Hoffman vs. Warwick,,,fed
PM_ALL_POLYMARKET_CONTRACT_PNL,registry/w4b_polymarket_recensus_venue_events_v1.csv.gz,fda_biotech,12779,U.S. military action against Iran before November?,,,fda
PM_ALL_POLYMARKET_CONTRACT_PNL,registry/w4b_polymarket_recensus_venue_events_v1.csv.gz,crypto,12785,Crypto Boxing,,,crypto
PM_ALL_POLYMARKET_CONTRACT_PNL,registry/w4b_polymarket_recensus_venue_events_v1.csv.gz,fda_biotech,12791,EPL: Arsenal vs. Leicester City,,,fda
PM_ALL_POLYMARKET_CONTRACT_PNL,registry/w4b_polymarket_recensus_venue_events_v1.csv.gz,sports,12801,WNBA: Aces vs. Storm Game 2,,,nba
PM_ALL_POLYMARKET_CONTRACT_PNL,registry/w4b_polymarket_recensus_venue_events_v1.csv.gz,sports,12802,WNBA: Liberty vs. Dream Game 2,,,nba
PM_ALL_POLYMARKET_CONTRACT_PNL,registry/w4b_polymarket_recensus_venue_events_v1.csv.gz,sports,12803,WNBA: Sun vs. Fever Game 2,,,nba
PM_ALL_POLYMARKET_CONTRACT_PNL,registry/w4b_polymarket_recensus_venue_events_v1.csv.gz,sports,12804,WNBA: Lynx vs. Mercury Game 2,,,nba
PM_ALL_POLYMARKET_CONTRACT_PNL,registry/w4b_polymarket_recensus_venue_events_v1.csv.gz,sports,12814,First NFL coach fired?,,,nfl
PM_ALL_POLYMARKET_CONTRACT_PNL,registry/w4b_polymarket_recensus_venue_events_v1.csv.gz,sports,12815,NBA Champion,,,nba
PM_ALL_POLYMARKET_CONTRACT_PNL,registry/w4b_polymarket_recensus_venue_events_v1.csv.gz,sports,12817,NBA MVP,,,nba
PM_ALL_POLYMARKET_CONTRACT_PNL,registry/w4b_polymarket_recensus_venue_events_v1.csv.gz,sports,12833,Scorigami in NFL Week 4?,,,nfl
PM_ALL_POLYMARKET_CONTRACT_PNL,registry/w4b_polymarket_recensus_venue_events_v1.csv.gz,sports,12841,WNBA: Liberty vs. Aces Series Winner,,,nba
PM_ALL_POLYMARKET_CONTRACT_PNL,registry/w4b_polymarket_recensus_venue_events_v1.csv.gz,politics,12846,Presidents Cup Top Points Scorer,,,president
PM_ALL_POLYMARKET_CONTRACT_PNL,registry/w4b_polymarket_recensus_venue_events_v1.csv.gz,politics,12857,Which states will move to the right in Presidential Election?,,,election;president
PM_ALL_POLYMARKET_CONTRACT_PNL,registry/w4b_polymarket_recensus_venue_events_v1.csv.gz,sports,12861,MLB: Which teams will make the playoffs?,,,mlb
PM_ALL_POLYMARKET_CONTRACT_PNL,registry/w4b_polymarket_recensus_venue_events_v1.csv.gz,macro,12862,U.S. recession before May 2025?,,,recession
PM_ALL_POLYMARKET_CONTRACT_PNL,registry/w4b_polymarket_recensus_venue_events_v1.csv.gz,politics,12865,Will NY governor remove Eric Adams from office?,,,governor
PM_ALL_POLYMARKET_CONTRACT_PNL,registry/w4b_polymarket_recensus_venue_events_v1.csv.gz,sports,12867,UFC Fight Night: Moicano vs. Saint Denis,,,ufc
PM_ALL_POLYMARKET_CONTRACT_PNL,registry/w4b_polymarket_recensus_venue_events_v1.csv.gz,politics,12869,NYC mayoral special election in 2024?,,,election
PM_ALL_POLYMARKET_CONTRACT_PNL,registry/w4b_polymarket_recensus_venue_events_v1.csv.gz,sports,12873,NFL: Cowboys vs. Giants,,,nfl
PM_ALL_POLYMARKET_CONTRACT_PNL,registry/w4b_polymarket_recensus_venue_events_v1.csv.gz,sports,12875,MLB: Dodgers vs. Padres,,,mlb
PM_ALL_POLYMARKET_CONTRACT_PNL,registry/w4b_polymarket_recensus_venue_events_v1.csv.gz,macro,12896,CFB: Oregon vs. UCLA,,,fed
PM_ALL_POLYMARKET_CONTRACT_PNL,registry/w4b_polymarket_recensus_venue_events_v1.csv.gz,sports,12897,Giants vs. Cowboys,,,nfl
PM_ALL_POLYMARKET_CONTRACT_PNL,registry/w4b_polymarket_recensus_venue_events_v1.csv.gz,sports,12898,Bears vs. Rams,,,nfl
PM_ALL_POLYMARKET_CONTRACT_PNL,registry/w4b_polymarket_recensus_venue_events_v1.csv.gz,sports,12902,Cardinals vs. Commanders,,,nfl
PM_ALL_POLYMARKET_CONTRACT_PNL,registry/w4b_polymarket_recensus_venue_events_v1.csv.gz,sports,12903,Chargers vs. Chiefs,,,nfl
PM_ALL_POLYMARKET_CONTRACT_PNL,registry/w4b_polymarket_recensus_venue_events_v1.csv.gz,sports,12904,49ers vs. Patriots,,,nfl
PM_ALL_POLYMARKET_CONTRACT_PNL,registry/w4b_polymarket_recensus_venue_events_v1.csv.gz,sports,12905,Raiders vs. Browns,,,nfl
PM_ALL_POLYMARKET_CONTRACT_PNL,registry/w4b_polymarket_recensus_venue_events_v1.csv.gz,sports,12906,Texans vs. Jaguars,,,nfl
PM_ALL_POLYMARKET_CONTRACT_PNL,registry/w4b_polymarket_recensus_venue_events_v1.csv.gz,sports,12907,Buccaneers vs. Eagles,,,nfl
PM_ALL_POLYMARKET_CONTRACT_PNL,registry/w4b_polymarket_recensus_venue_events_v1.csv.gz,sports,12908,Jets vs. Broncos,,,nfl
PM_ALL_POLYMARKET_CONTRACT_PNL,registry/w4b_polymarket_recensus_venue_events_v1.csv.gz,sports,12909,Panthers vs. Bengals,,,nfl
PM_ALL_POLYMARKET_CONTRACT_PNL,registry/w4b_polymarket_recensus_venue_events_v1.csv.gz,sports,12910,Ravens vs. Bills,,,nfl
PM_ALL_POLYMARKET_CONTRACT_PNL,registry/w4b_polymarket_recensus_venue_events_v1.csv.gz,sports,12911,Falcons vs. Saints,,,nfl
PM_ALL_POLYMARKET_CONTRACT_PNL,registry/w4b_polymarket_recensus_venue_events_v1.csv.gz,sports,12912,Colts vs. Steelers,,,nfl
PM_ALL_POLYMARKET_CONTRACT_PNL,registry/w4b_polymarket_recensus_venue_events_v1.csv.gz,sports,12913,Packers vs. Vikings,,,nfl
PM_ALL_POLYMARKET_CONTRACT_PNL,registry/w4b_polymarket_recensus_venue_events_v1.csv.gz,crypto,12914,"Bitcoin above $65,000 on October 4?",,,bitcoin
PM_ALL_POLYMARKET_CONTRACT_PNL,registry/w4b_polymarket_recensus_venue_events_v1.csv.gz,crypto,12915,"Ethereum above $2,600 on October 4?",,,ethereum;eth
PM_ALL_POLYMARKET_CONTRACT_PNL,registry/w4b_polymarket_recensus_venue_events_v1.csv.gz,crypto,12916,Solana above $155 on October 4?,,,solana
PM_ALL_POLYMARKET_CONTRACT_PNL,registry/w4b_polymarket_recensus_venue_events_v1.csv.gz,sports,12920,WNBA: Lynx vs. Sun Series Winner,,,nba
PM_ALL_POLYMARKET_CONTRACT_PNL,registry/w4b_polymarket_recensus_venue_events_v1.csv.gz,sports,12923,WNBA: Liberty vs. Aces Game 1,,,nba
PM_ALL_POLYMARKET_CONTRACT_PNL,registry/w4b_polymarket_recensus_venue_events_v1.csv.gz,sports,12924,WNBA: Lynx vs. Sun Series Game 1,,,nba
PM_ALL_POLYMARKET_CONTRACT_PNL,registry/w4b_polymarket_recensus_venue_events_v1.csv.gz,sports,12926,NFL Week 4: Spreads,,,nfl
PM_ALL_POLYMARKET_CONTRACT_PNL,registry/w4b_polymarket_recensus_venue_events_v1.csv.gz,sports,12927,NFL Week 4: Totals,,,nfl
PM_ALL_POLYMARKET_CONTRACT_PNL,registry/w4b_polymarket_recensus_venue_events_v1.csv.gz,sports,12929,NFL Week 4: Dirty Bird Special,,,nfl
PM_ALL_POLYMARKET_CONTRACT_PNL,registry/w4b_polymarket_recensus_venue_events_v1.csv.gz,sports,12930,MLB: Braves vs. Mets Doubleheader,,,mlb
PM_ALL_POLYMARKET_CONTRACT_PNL,registry/w4b_polymarket_recensus_venue_events_v1.csv.gz,sports,12932,NFL: Dolphins vs. Titans,,,nfl
PM_ALL_POLYMARKET_CONTRACT_PNL,registry/w4b_polymarket_recensus_venue_events_v1.csv.gz,sports,12933,NFL: Lions vs. Seahawks,,,nfl
PM_ALL_POLYMARKET_CONTRACT_PNL,registry/w4b_polymarket_recensus_venue_events_v1.csv.gz,sports,12936,Titans vs. Dolphins,,,nfl
PM_ALL_POLYMARKET_CONTRACT_PNL,registry/w4b_polymarket_recensus_venue_events_v1.csv.gz,sports,12937,Seahawks vs. Lions,,,nfl
PM_ALL_POLYMARKET_CONTRACT_PNL,registry/w4b_polymarket_recensus_venue_events_v1.csv.gz,politics,12939,Tunisia Presidential Election Winner,,,election;president
PM_ALL_POLYMARKET_CONTRACT_PNL,registry/w4b_polymarket_recensus_venue_events_v1.csv.gz,fda_biotech,12945,Crimean bridge hit before November?,,,fda
PM_ALL_POLYMARKET_CONTRACT_PNL,registry/w4b_polymarket_recensus_venue_events_v1.csv.gz,macro,12946,Ukraine strike on Moscow before November?,,,fed
PM_ALL_POLYMARKET_CONTRACT_PNL,registry/w4b_polymarket_recensus_venue_events_v1.csv.gz,politics,12966,Trump flips Kamala on Silver Bulletin before the election?,,,election
PM_ALL_POLYMARKET_CONTRACT_PNL,registry/w4b_polymarket_recensus_venue_events_v1.csv.gz,macro,12970,Will Israeli troops enter Bint Jbeil by October 15?,,,fed
PM_ALL_POLYMARKET_CONTRACT_PNL,registry/w4b_polymarket_recensus_venue_events_v1.csv.gz,sports,12971,WNBA: Lynx vs. Sun Series Game 2,,,nba
PM_ALL_POLYMARKET_CONTRACT_PNL,registry/w4b_polymarket_recensus_venue_events_v1.csv.gz,sports,12972,WNBA: Liberty vs. Aces Game 2,,,nba
PM_ALL_POLYMARKET_CONTRACT_PNL,registry/w4b_polymarket_recensus_venue_events_v1.csv.gz,sports,13006,Chargers vs. Seahawks,,,nfl
PM_ALL_POLYMARKET_CONTRACT_PNL,registry/w4b_polymarket_recensus_venue_events_v1.csv.gz,sports,13007,Cardinals vs. Saints,,,nfl
PM_ALL_POLYMARKET_CONTRACT_PNL,registry/w4b_polymarket_recensus_venue_events_v1.csv.gz,sports,13008,Jets vs. Commanders,,,nfl
PM_ALL_POLYMARKET_CONTRACT_PNL,registry/w4b_polymarket_recensus_venue_events_v1.csv.gz,sports,13009,Bills vs. Bears,,,nfl
PM_ALL_POLYMARKET_CONTRACT_PNL,registry/w4b_polymarket_recensus_venue_events_v1.csv.gz,sports,13010,Titans vs. 49ers,,,nfl
PM_ALL_POLYMARKET_CONTRACT_PNL,registry/w4b_polymarket_recensus_venue_events_v1.csv.gz,sports,13011,Vikings vs. Raiders,,,nfl
PM_ALL_POLYMARKET_CONTRACT_PNL,registry/w4b_polymarket_recensus_venue_events_v1.csv.gz,sports,13012,Browns vs. Packers,,,nfl
PM_ALL_POLYMARKET_CONTRACT_PNL,registry/w4b_polymarket_recensus_venue_events_v1.csv.gz,sports,13013,Jaguars vs. Chiefs,,,nfl
PM_ALL_POLYMARKET_CONTRACT_PNL,registry/w4b_polymarket_recensus_venue_events_v1.csv.gz,sports,13014,Bengals vs. Buccaneers,,,nfl
PM_ALL_POLYMARKET_CONTRACT_PNL,registry/w4b_polymarket_recensus_venue_events_v1.csv.gz,sports,13015,Panthers vs. Jets,,,nfl
PM_ALL_POLYMARKET_CONTRACT_PNL,registry/w4b_polymarket_recensus_venue_events_v1.csv.gz,sports,13016,Titans vs. Seahawks,,,nfl
PM_ALL_POLYMARKET_CONTRACT_PNL,registry/w4b_polymarket_recensus_venue_events_v1.csv.gz,sports,13017,Dolphins vs. Commanders,,,nfl
PM_ALL_POLYMARKET_CONTRACT_PNL,registry/w4b_polymarket_recensus_venue_events_v1.csv.gz,sports,13018,Steelers vs. Bills,,,nfl
PM_ALL_POLYMARKET_CONTRACT_PNL,registry/w4b_polymarket_recensus_venue_events_v1.csv.gz,sports,13019,Chargers vs. Rams,,,nfl
PM_ALL_POLYMARKET_CONTRACT_PNL,registry/w4b_polymarket_recensus_venue_events_v1.csv.gz,sports,13020,Jaguars vs. Buccaneers,,,nfl
PM_ALL_POLYMARKET_CONTRACT_PNL,registry/w4b_polymarket_recensus_venue_events_v1.csv.gz,sports,13021,Raiders vs. Cowboys,,,nfl
PM_ALL_POLYMARKET_CONTRACT_PNL,registry/w4b_polymarket_recensus_venue_events_v1.csv.gz,sports,13022,Ravens vs. Falcons,,,nfl
PM_ALL_POLYMARKET_CONTRACT_PNL,registry/w4b_polymarket_recensus_venue_events_v1.csv.gz,sports,13023,Bears vs. Bengals,,,nfl
PM_ALL_POLYMARKET_CONTRACT_PNL,registry/w4b_polymarket_recensus_venue_events_v1.csv.gz,sports,13024,Texans vs. Giants,,,nfl
PM_ALL_POLYMARKET_CONTRACT_PNL,registry/w4b_polymarket_recensus_venue_events_v1.csv.gz,sports,13025,Chiefs vs. Lions,,,nfl
PM_ALL_POLYMARKET_CONTRACT_PNL,registry/w4b_polymarket_recensus_venue_events_v1.csv.gz,sports,13026,Browns vs. Vikings,,,nfl
PM_ALL_POLYMARKET_CONTRACT_PNL,registry/w4b_polymarket_recensus_venue_events_v1.csv.gz,fda_biotech,13027,Colts vs. Cardinals,,,fda;nfl
PM_ALL_POLYMARKET_CONTRACT_PNL,registry/w4b_polymarket_recensus_venue_events_v1.csv.gz,sports,13028,Patriots vs. Panthers,,,nfl
PM_ALL_POLYMARKET_CONTRACT_PNL,registry/w4b_polymarket_recensus_venue_events_v1.csv.gz,sports,13029,Giants vs. Lions,,,nfl
PM_ALL_POLYMARKET_CONTRACT_PNL,registry/w4b_polymarket_recensus_venue_events_v1.csv.gz,sports,13030,Colts vs. Broncos,,,nfl
PM_ALL_POLYMARKET_CONTRACT_PNL,registry/w4b_polymarket_recensus_venue_events_v1.csv.gz,sports,13031,Rams vs. Cowboys,,,nfl
PM_ALL_POLYMARKET_CONTRACT_PNL,registry/w4b_polymarket_recensus_venue_events_v1.csv.gz,sports,13032,Bengals vs. Colts,,,nfl
PM_ALL_POLYMARKET_CONTRACT_PNL,registry/w4b_polymarket_recensus_venue_events_v1.csv.gz,sports,13033,Chiefs vs. Bears,,,nfl
PM_ALL_POLYMARKET_CONTRACT_PNL,registry/w4b_polymarket_recensus_venue_events_v1.csv.gz,sports,13034,Patriots vs. Eagles,,,nfl
PM_ALL_POLYMARKET_CONTRACT_PNL,registry/w4b_polymarket_recensus_venue_events_v1.csv.gz,sports,13035,Saints vs. Titans,,,nfl
PM_ALL_POLYMARKET_CONTRACT_PNL,registry/w4b_polymarket_recensus_venue_events_v1.csv.gz,sports,13036,Broncos vs. Cardinals,,,nfl
PM_ALL_POLYMARKET_CONTRACT_PNL,registry/w4b_polymarket_recensus_venue_events_v1.csv.gz,sports,13037,Commanders vs. Patriots,,,nfl
PM_ALL_POLYMARKET_CONTRACT_PNL,registry/w4b_polymarket_recensus_venue_events_v1.csv.gz,sports,13038,Buccaneers vs. Broncos,,,nfl
PM_ALL_POLYMARKET_CONTRACT_PNL,registry/w4b_polymarket_recensus_venue_events_v1.csv.gz,sports,13039,Titans vs. Packers,,,nfl
PM_ALL_POLYMARKET_CONTRACT_PNL,registry/w4b_polymarket_recensus_venue_events_v1.csv.gz,sports,13040,Steelers vs. Chargers,,,nfl
PM_ALL_POLYMARKET_CONTRACT_PNL,registry/w4b_polymarket_recensus_venue_events_v1.csv.gz,sports,13041,Vikings vs. Texans,,,nfl
PM_ALL_POLYMARKET_CONTRACT_PNL,registry/w4b_polymarket_recensus_venue_events_v1.csv.gz,sports,13042,Colts vs. Bears,,,nfl
PM_ALL_POLYMARKET_CONTRACT_PNL,registry/w4b_polymarket_recensus_venue_events_v1.csv.gz,sports,13043,Saints vs. Eagles,,,nfl
PM_ALL_POLYMARKET_CONTRACT_PNL,registry/w4b_polymarket_recensus_venue_events_v1.csv.gz,sports,13044,Seahawks vs. Dolphins,,,nfl
PM_ALL_POLYMARKET_CONTRACT_PNL,registry/w4b_polymarket_recensus_venue_events_v1.csv.gz,sports,13045,Raiders vs. Panthers,,,nfl
PM_ALL_POLYMARKET_CONTRACT_PNL,registry/w4b_polymarket_recensus_venue_events_v1.csv.gz,sports,13046,Cardinals vs. Lions,,,nfl
PM_ALL_POLYMARKET_CONTRACT_PNL,registry/w4b_polymarket_recensus_venue_events_v1.csv.gz,sports,13047,Rams vs. 49ers,,,nfl
PM_ALL_POLYMARKET_CONTRACT_PNL,registry/w4b_polymarket_recensus_venue_events_v1.csv.gz,sports,13048,Cowboys vs. Ravens,,,nfl
PM_ALL_POLYMARKET_CONTRACT_PNL,registry/w4b_polymarket_recensus_venue_events_v1.csv.gz,sports,13049,Falcons vs. Chiefs,,,nfl
PM_ALL_POLYMARKET_CONTRACT_PNL,registry/w4b_polymarket_recensus_venue_events_v1.csv.gz,sports,13050,Browns vs. Giants,,,nfl
PM_ALL_POLYMARKET_CONTRACT_PNL,registry/w4b_polymarket_recensus_venue_events_v1.csv.gz,sports,13051,Steelers vs. Texans,,,nfl
PM_ALL_POLYMARKET_CONTRACT_PNL,registry/w4b_polymarket_recensus_venue_events_v1.csv.gz,sports,13052,Dolphins vs. Falcons,,,nfl
PM_ALL_POLYMARKET_CONTRACT_PNL,registry/w4b_polymarket_recensus_venue_events_v1.csv.gz,sports,13053,Ravens vs. Eagles,,,nfl
PM_ALL_POLYMARKET_CONTRACT_PNL,registry/w4b_polymarket_recensus_venue_events_v1.csv.gz,macro,13054,Bills vs. Jaguars,,,fed;nfl
PM_ALL_POLYMARKET_CONTRACT_PNL,registry/w4b_polymarket_recensus_venue_events_v1.csv.gz,sports,13055,Bengals vs. Commanders,,,nfl
PM_ALL_POLYMARKET_CONTRACT_PNL,registry/w4b_polymarket_recensus_venue_events_v1.csv.gz,sports,13056,Broncos vs. Packers,,,nfl
PM_ALL_POLYMARKET_CONTRACT_PNL,registry/w4b_polymarket_recensus_venue_events_v1.csv.gz,sports,13057,49ers vs. Saints,,,nfl
PM_ALL_POLYMARKET_CONTRACT_PNL,registry/w4b_polymarket_recensus_venue_events_v1.csv.gz,sports,13058,Dolphins vs. Bills,,,nfl
PM_ALL_POLYMARKET_CONTRACT_PNL,registry/w4b_polymarket_recensus_venue_events_v1.csv.gz,sports,13059,Eagles vs. Vikings,,,nfl
PM_ALL_POLYMARKET_CONTRACT_PNL,registry/w4b_polymarket_recensus_venue_events_v1.csv.gz,sports,13060,Texans vs. Rams,,,nfl
PM_ALL_POLYMARKET_CONTRACT_PNL,registry/w4b_polymarket_recensus_venue_events_v1.csv.gz,sports,13061,Packers vs. Ravens,,,nfl
PM_ALL_POLYMARKET_CONTRACT_PNL,registry/w4b_polymarket_recensus_venue_events_v1.csv.gz,sports,13062,Lions vs. Steelers,,,nfl
PM_ALL_POLYMARKET_CONTRACT_PNL,registry/w4b_polymarket_recensus_venue_events_v1.csv.gz,sports,13063,Bills vs. Panthers,,,nfl
PM_ALL_POLYMARKET_CONTRACT_PNL,registry/w4b_polymarket_recensus_venue_events_v1.csv.gz,sports,13064,Cowboys vs. Chargers,,,nfl
PM_ALL_POLYMARKET_CONTRACT_PNL,registry/w4b_polymarket_recensus_venue_events_v1.csv.gz,sports,13065,Jets vs. Giants,,,nfl
PM_ALL_POLYMARKET_CONTRACT_PNL,registry/w4b_polymarket_recensus_venue_events_v1.csv.gz,macro,13066,Seahawks vs. Browns,,,fed;nfl
PM_ALL_POLYMARKET_CONTRACT_PNL,registry/w4b_polymarket_recensus_venue_events_v1.csv.gz,sports,13067,Chiefs vs. Ravens,,,nfl
PM_ALL_POLYMARKET_CONTRACT_PNL,registry/w4b_polymarket_recensus_venue_events_v1.csv.gz,sports,13068,Packers vs. Colts,,,nfl
PM_ALL_POLYMARKET_CONTRACT_PNL,registry/w4b_polymarket_recensus_venue_events_v1.csv.gz,sports,13069,Patriots vs. Seahawks,,,nfl
PM_ALL_POLYMARKET_CONTRACT_PNL,registry/w4b_polymarket_recensus_venue_events_v1.csv.gz,sports,13070,Jaguars vs. Browns,,,nfl
PM_ALL_POLYMARKET_CONTRACT_PNL,registry/w4b_polymarket_recensus_venue_events_v1.csv.gz,sports,13071,Cowboys vs. Saints,,,nfl
PM_ALL_POLYMARKET_CONTRACT_PNL,registry/w4b_polymarket_recensus_venue_events_v1.csv.gz,sports,13072,Panthers vs. Chargers,,,nfl
PM_ALL_POLYMARKET_CONTRACT_PNL,registry/w4b_polymarket_recensus_venue_events_v1.csv.gz,sports,13073,Lions vs. Buccaneers,,,nfl
PM_ALL_POLYMARKET_CONTRACT_PNL,registry/w4b_polymarket_recensus_venue_events_v1.csv.gz,sports,13074,Vikings vs. 49ers,,,nfl
PM_ALL_POLYMARKET_CONTRACT_PNL,registry/w4b_polymarket_recensus_venue_events_v1.csv.gz,sports,13075,Commanders vs. Giants,,,nfl
PM_ALL_POLYMARKET_CONTRACT_PNL,registry/w4b_polymarket_recensus_venue_events_v1.csv.gz,sports,13076,Cardinals vs. Rams,,,nfl
PM_ALL_POLYMARKET_CONTRACT_PNL,registry/w4b_polymarket_recensus_venue_events_v1.csv.gz,sports,13077,Chiefs vs. Bengals,,,nfl
PM_ALL_POLYMARKET_CONTRACT_PNL,registry/w4b_polymarket_recensus_venue_events_v1.csv.gz,sports,13078,Broncos vs. Steelers,,,nfl
PM_ALL_POLYMARKET_CONTRACT_PNL,registry/w4b_polymarket_recensus_venue_events_v1.csv.gz,sports,13079,Texans vs. Bears,,,nfl
PM_ALL_POLYMARKET_CONTRACT_PNL,registry/w4b_polymarket_recensus_venue_events_v1.csv.gz,sports,13080,Titans vs. Jets,,,nfl
PM_ALL_POLYMARKET_CONTRACT_PNL,registry/w4b_polymarket_recensus_venue_events_v1.csv.gz,sports,13081,Ravens vs. Raiders,,,nfl
PM_ALL_POLYMARKET_CONTRACT_PNL,registry/w4b_polymarket_recensus_venue_events_v1.csv.gz,sports,13082,Jets vs. Patriots,,,nfl
PM_ALL_POLYMARKET_CONTRACT_PNL,registry/w4b_polymarket_recensus_venue_events_v1.csv.gz,sports,13083,Chargers vs. Raiders,,,nfl
PM_ALL_POLYMARKET_CONTRACT_PNL,registry/w4b_polymarket_recensus_venue_events_v1.csv.gz,sports,13084,Saints vs. Panthers,,,nfl
PM_ALL_POLYMARKET_CONTRACT_PNL,registry/w4b_polymarket_recensus_venue_events_v1.csv.gz,sports,13085,Giants vs. Vikings,,,nfl
PM_ALL_POLYMARKET_CONTRACT_PNL,registry/w4b_polymarket_recensus_venue_events_v1.csv.gz,sports,13086,Bengals vs. Patriots,,,nfl
PM_ALL_POLYMARKET_CONTRACT_PNL,registry/w4b_polymarket_recensus_venue_events_v1.csv.gz,sports,13087,Bears vs. Titans,,,nfl
PM_ALL_POLYMARKET_CONTRACT_PNL,registry/w4b_polymarket_recensus_venue_events_v1.csv.gz,sports,13088,Colts vs. Texans,,,nfl
PM_ALL_POLYMARKET_CONTRACT_PNL,registry/w4b_polymarket_recensus_venue_events_v1.csv.gz,sports,13089,Bills vs. Cardinals,,,nfl
PM_ALL_POLYMARKET_CONTRACT_PNL,registry/w4b_polymarket_recensus_venue_events_v1.csv.gz,sports,13090,Falcons vs. Steelers,,,nfl
PM_ALL_POLYMARKET_CONTRACT_PNL,registry/w4b_polymarket_recensus_venue_events_v1.csv.gz,sports,13091,Dolphins vs. Jaguars,,,nfl
PM_ALL_POLYMARKET_CONTRACT_PNL,registry/w4b_polymarket_recensus_venue_events_v1.csv.gz,sports,13092,Seahawks vs. Broncos,,,nfl
PM_ALL_POLYMARKET_CONTRACT_PNL,registry/w4b_polymarket_recensus_venue_events_v1.csv.gz,sports,13093,Browns vs. Cowboys,,,nfl
PM_ALL_POLYMARKET_CONTRACT_PNL,registry/w4b_polymarket_recensus_venue_events_v1.csv.gz,sports,13094,Buccaneers vs. Commanders,,,nfl
PM_ALL_POLYMARKET_CONTRACT_PNL,registry/w4b_polymarket_recensus_venue_events_v1.csv.gz,fda_biotech,13095,Lions vs. Rams,,,fda;nfl
PM_ALL_POLYMARKET_CONTRACT_PNL,registry/w4b_polymarket_recensus_venue_events_v1.csv.gz,sports,13096,49ers vs. Jets,,,nfl
