route_id,source_path,market_key,question_or_title,keyword_hits,condition_id_sample,token_id_sample
MACRO_PM_OR_ETF_EVENT_BACKTEST,registry/w4b_polymarket_recensus_venue_events_v1.csv.gz,2921,Will annual inflation in the European Union be 5.9% or more in February?,inflation,,
MACRO_PM_OR_ETF_EVENT_BACKTEST,registry/w4b_polymarket_recensus_venue_events_v1.csv.gz,2924,Who will win Suns v. Clippers: Western Conference Finals Game 6?,fed,,
MACRO_PM_OR_ETF_EVENT_BACKTEST,registry/w4b_polymarket_recensus_venue_events_v1.csv.gz,2945,Will annual inflation in the European Union be 8.0% or more in April?,inflation,,
MACRO_PM_OR_ETF_EVENT_BACKTEST,registry/w4b_polymarket_recensus_venue_events_v1.csv.gz,2982,Will more than 3.30 million people travel via New York City subway on any day before November 19?,fed,,
MACRO_PM_OR_ETF_EVENT_BACKTEST,registry/w4b_polymarket_recensus_venue_events_v1.csv.gz,2992,Will inflation be 0.4% or more from July to August?,inflation,,
MACRO_PM_OR_ETF_EVENT_BACKTEST,registry/w4b_polymarket_recensus_venue_events_v1.csv.gz,2994,Will the Liberal Party win a majority in the 2021 Canadian federal election?,fed,,
MACRO_PM_OR_ETF_EVENT_BACKTEST,registry/w4b_polymarket_recensus_venue_events_v1.csv.gz,3014,NBA: Will the Jazz beat the Trail Blazers by more than 7.5 points in their November 29th matchup?,fed,,
MACRO_PM_OR_ETF_EVENT_BACKTEST,registry/w4b_polymarket_recensus_venue_events_v1.csv.gz,3032,"Will the U.S. 7-day COVID-19 Case average be above 75,000 on March 1, 2022?",fed,,
MACRO_PM_OR_ETF_EVENT_BACKTEST,registry/w4b_polymarket_recensus_venue_events_v1.csv.gz,3048,"NHL: Who will win Oilers vs. Flames, scheduled for May 24, 9:30 PM ET?",oil,,
MACRO_PM_OR_ETF_EVENT_BACKTEST,registry/w4b_polymarket_recensus_venue_events_v1.csv.gz,3066,Will U.S. inflation be more than 1.0% from February to March 2022?,inflation,,
MACRO_PM_OR_ETF_EVENT_BACKTEST,registry/w4b_polymarket_recensus_venue_events_v1.csv.gz,3082,Will the Treasury Department mint the trillion dollar coin by November 5th?,treasury;dollar,,
MACRO_PM_OR_ETF_EVENT_BACKTEST,registry/w4b_polymarket_recensus_venue_events_v1.csv.gz,3144,Will annual inflation in the European Union be 5.4% or more in December?,inflation,,
MACRO_PM_OR_ETF_EVENT_BACKTEST,registry/w4b_polymarket_recensus_venue_events_v1.csv.gz,3232,"Will Biden say ""recession"" in his Tuesday remarks on inflation?",inflation;recession,,
MACRO_PM_OR_ETF_EVENT_BACKTEST,registry/w4b_polymarket_recensus_venue_events_v1.csv.gz,3279,"NHL: Who will win Flames vs. Oilers, scheduled for May 26, 9:40 PM ET?",oil,,
MACRO_PM_OR_ETF_EVENT_BACKTEST,registry/w4b_polymarket_recensus_venue_events_v1.csv.gz,3281,"Will the price of a barrel of crude oil be $115 or more on June 24, 2022?",oil,,
MACRO_PM_OR_ETF_EVENT_BACKTEST,registry/w4b_polymarket_recensus_venue_events_v1.csv.gz,3319,Will Joseph Delong announce he’s leaving SushiSwap as CTO before 2022?,fed,,
MACRO_PM_OR_ETF_EVENT_BACKTEST,registry/w4b_polymarket_recensus_venue_events_v1.csv.gz,3344,Will inflation be 0.6% or more from May to June?,inflation,,
MACRO_PM_OR_ETF_EVENT_BACKTEST,registry/w4b_polymarket_recensus_venue_events_v1.csv.gz,3346,Will weekly jobless claims exceed 385K for the week ending on August 7?,unemployment,,
MACRO_PM_OR_ETF_EVENT_BACKTEST,registry/w4b_polymarket_recensus_venue_events_v1.csv.gz,3365,Will inflation be 0.5% or more from February to March?,inflation,,
MACRO_PM_OR_ETF_EVENT_BACKTEST,registry/w4b_polymarket_recensus_venue_events_v1.csv.gz,3388,Will Rudy Giuliani be indicted for a federal crime by August 1?,fed,,
MACRO_PM_OR_ETF_EVENT_BACKTEST,registry/w4b_polymarket_recensus_venue_events_v1.csv.gz,3427,Will inflation be 0.4% or more from August to September?,inflation,,
MACRO_PM_OR_ETF_EVENT_BACKTEST,registry/w4b_polymarket_recensus_venue_events_v1.csv.gz,3451,Will year-to-year inflation in the European Union be 4.3% or more in October?,inflation,,
MACRO_PM_OR_ETF_EVENT_BACKTEST,registry/w4b_polymarket_recensus_venue_events_v1.csv.gz,3462,"Will the price of a barrel of crude oil be $120 or more on June 9, 2022?",oil,,
MACRO_PM_OR_ETF_EVENT_BACKTEST,registry/w4b_polymarket_recensus_venue_events_v1.csv.gz,3485,Will weekly jobless claims exceed 400K for the week ending on July 31?,unemployment,,
MACRO_PM_OR_ETF_EVENT_BACKTEST,registry/w4b_polymarket_recensus_venue_events_v1.csv.gz,3489,Will inflation be 0.4% or more from April to May?,inflation,,
MACRO_PM_OR_ETF_EVENT_BACKTEST,registry/w4b_polymarket_recensus_venue_events_v1.csv.gz,3493,"Will the price of a barrel of crude oil be $120 or more on June 17, 2022?",oil,,
MACRO_PM_OR_ETF_EVENT_BACKTEST,registry/w4b_polymarket_recensus_venue_events_v1.csv.gz,3499,"Will the Canadian ""Emergencies Act"" be revoked by March 7, 2022?",fed,,
MACRO_PM_OR_ETF_EVENT_BACKTEST,registry/w4b_polymarket_recensus_venue_events_v1.csv.gz,3555,Will annual inflation in the European Union be 7.8% or more in March?,inflation,,
MACRO_PM_OR_ETF_EVENT_BACKTEST,registry/w4b_polymarket_recensus_venue_events_v1.csv.gz,3566,Will the highest corporate tax rate be raised above 21% in 2022?,fed,,
MACRO_PM_OR_ETF_EVENT_BACKTEST,registry/w4b_polymarket_recensus_venue_events_v1.csv.gz,3569,"Will Hunter Biden be federally indicted by January 6, 2023?",fed,,
MACRO_PM_OR_ETF_EVENT_BACKTEST,registry/w4b_polymarket_recensus_venue_events_v1.csv.gz,3605,Will weekly jobless claims exceed 720K for the week ending on April 10?,unemployment,,
MACRO_PM_OR_ETF_EVENT_BACKTEST,registry/w4b_polymarket_recensus_venue_events_v1.csv.gz,3614,Will “The Suicide Squad” gross more than $37.5M domestically on opening weekend?,fed,,
MACRO_PM_OR_ETF_EVENT_BACKTEST,registry/w4b_polymarket_recensus_venue_events_v1.csv.gz,3640,NBA: Will the Jazz beat the Pacers by more than 9.5 points in their November 11th matchup?,fed,,
MACRO_PM_OR_ETF_EVENT_BACKTEST,registry/w4b_polymarket_recensus_venue_events_v1.csv.gz,3653,"Will the price of a barrel of crude oil be $100 or more on July 22, 2022?",oil,,
MACRO_PM_OR_ETF_EVENT_BACKTEST,registry/w4b_polymarket_recensus_venue_events_v1.csv.gz,3681,"Will ‘BlockFi Yield’ become available to US citizens by June 30, 2022?",yield,,
MACRO_PM_OR_ETF_EVENT_BACKTEST,registry/w4b_polymarket_recensus_venue_events_v1.csv.gz,3697,"Will the price of a barrel of crude oil be $105 or more on May 26, 2022?",oil,,
MACRO_PM_OR_ETF_EVENT_BACKTEST,registry/w4b_polymarket_recensus_venue_events_v1.csv.gz,3714,"Will the price of a barrel of crude oil be $100 or more on July 18, 2022?",oil,,
MACRO_PM_OR_ETF_EVENT_BACKTEST,registry/w4b_polymarket_recensus_venue_events_v1.csv.gz,3764,Will weekly jobless claims exceed 310K for the week ending on September 11?,unemployment,,
MACRO_PM_OR_ETF_EVENT_BACKTEST,registry/w4b_polymarket_recensus_venue_events_v1.csv.gz,3770,Will weekly jobless claims exceed 255k for the week ending on July 23?,unemployment,,
MACRO_PM_OR_ETF_EVENT_BACKTEST,registry/w4b_polymarket_recensus_venue_events_v1.csv.gz,3773,Will weekly jobless claims exceed 419K for the week ending on July 24?,unemployment,,
MACRO_PM_OR_ETF_EVENT_BACKTEST,registry/w4b_polymarket_recensus_venue_events_v1.csv.gz,3774,"Will a replacement for Jerome Powell as the Fed's chairman be announced by Noon ET, November 29, 2021?",fed,,
MACRO_PM_OR_ETF_EVENT_BACKTEST,registry/w4b_polymarket_recensus_venue_events_v1.csv.gz,3814,"Will the price of a barrel of crude oil be $100 or more on March 1, 2022?",oil,,
MACRO_PM_OR_ETF_EVENT_BACKTEST,registry/w4b_polymarket_recensus_venue_events_v1.csv.gz,3860,Will U.S. inflation be more than 0.9% from May to June 2022?,inflation,,
MACRO_PM_OR_ETF_EVENT_BACKTEST,registry/w4b_polymarket_recensus_venue_events_v1.csv.gz,3861,"Will Hunter Biden be federally indicted by July 31, 2022?",fed,,
MACRO_PM_OR_ETF_EVENT_BACKTEST,registry/w4b_polymarket_recensus_venue_events_v1.csv.gz,3865,"Will the price of a barrel of crude oil be $105 or more on June 30, 2022?",oil,,
MACRO_PM_OR_ETF_EVENT_BACKTEST,registry/w4b_polymarket_recensus_venue_events_v1.csv.gz,3869,Will the euro be worth less than the U.S. dollar by July 15?,dollar,,
MACRO_PM_OR_ETF_EVENT_BACKTEST,registry/w4b_polymarket_recensus_venue_events_v1.csv.gz,3883,"Will the price of a barrel of crude oil be $110 or more on July 11, 2022?",oil,,
MACRO_PM_OR_ETF_EVENT_BACKTEST,registry/w4b_polymarket_recensus_venue_events_v1.csv.gz,3913,Will inflation be 0.5% or more from September to October 2021?,inflation,,
MACRO_PM_OR_ETF_EVENT_BACKTEST,registry/w4b_polymarket_recensus_venue_events_v1.csv.gz,3935,"Will the price of a barrel of crude oil be $100 or more on August 1, 2022?",oil,,
MACRO_PM_OR_ETF_EVENT_BACKTEST,registry/w4b_polymarket_recensus_venue_events_v1.csv.gz,3939,"NHL: Who will win Avalanche vs. Oilers, scheduled for June 2, 8:00 PM ET?",oil,,
MACRO_PM_OR_ETF_EVENT_BACKTEST,registry/w4b_polymarket_recensus_venue_events_v1.csv.gz,3946,How much will “Dune” gross domestically on opening weekend?,fed,,
MACRO_PM_OR_ETF_EVENT_BACKTEST,registry/w4b_polymarket_recensus_venue_events_v1.csv.gz,3973,"NHL: Who will win Avalanche vs. Oilers, scheduled for June 6, 8:00 PM ET?",oil,,
MACRO_PM_OR_ETF_EVENT_BACKTEST,registry/w4b_polymarket_recensus_venue_events_v1.csv.gz,3992,Will Logan Paul knock down Floyd Mayweather?,fed,,
MACRO_PM_OR_ETF_EVENT_BACKTEST,registry/w4b_polymarket_recensus_venue_events_v1.csv.gz,3998,Will weekly jobless claims exceed 364K for the week ending on July 3?,unemployment,,
MACRO_PM_OR_ETF_EVENT_BACKTEST,registry/w4b_polymarket_recensus_venue_events_v1.csv.gz,4013,Donald Trump federally charged by February 20th?,fed,,
MACRO_PM_OR_ETF_EVENT_BACKTEST,registry/w4b_polymarket_recensus_venue_events_v1.csv.gz,4023,Will weekly jobless claims exceed 360K for the week ending on July 17?,unemployment,,
MACRO_PM_OR_ETF_EVENT_BACKTEST,registry/w4b_polymarket_recensus_venue_events_v1.csv.gz,4042,Will there be a recession in Q2 of 2022?,recession,,
MACRO_PM_OR_ETF_EVENT_BACKTEST,registry/w4b_polymarket_recensus_venue_events_v1.csv.gz,4050,Will the U.S. inflation be 0.7% or more from January to February 2022?,inflation,,
MACRO_PM_OR_ETF_EVENT_BACKTEST,registry/w4b_polymarket_recensus_venue_events_v1.csv.gz,4063,Will US GDP growth be more than 4.9% in Q1 2021?,gdp,,
MACRO_PM_OR_ETF_EVENT_BACKTEST,registry/w4b_polymarket_recensus_venue_events_v1.csv.gz,4145,Will weekly jobless claims exceed 375K for the week ending on August 14?,unemployment,,
MACRO_PM_OR_ETF_EVENT_BACKTEST,registry/w4b_polymarket_recensus_venue_events_v1.csv.gz,4160,"Will the price of a barrel of crude oil be $105 or more on April 15, 2022?",oil,,
MACRO_PM_OR_ETF_EVENT_BACKTEST,registry/w4b_polymarket_recensus_venue_events_v1.csv.gz,4166,"Will the price of a barrel of crude oil be $110 or more on June 3, 2022?",oil,,
MACRO_PM_OR_ETF_EVENT_BACKTEST,registry/w4b_polymarket_recensus_venue_events_v1.csv.gz,4229,"NHL: Who will win Flames vs. Oilers, scheduled for May 20, 10:30 PM ET?",oil,,
MACRO_PM_OR_ETF_EVENT_BACKTEST,registry/w4b_polymarket_recensus_venue_events_v1.csv.gz,4239,Will Frog Nation DAO vote to remove Sifu as Wonderland’s treasury manager?,treasury,,
MACRO_PM_OR_ETF_EVENT_BACKTEST,registry/w4b_polymarket_recensus_venue_events_v1.csv.gz,4270,"Will a barrel of crude oil close at $100 or more on May 4, 2022?",oil,,
MACRO_PM_OR_ETF_EVENT_BACKTEST,registry/w4b_polymarket_recensus_venue_events_v1.csv.gz,4313,What will US GDP growth be in Q1 2021?,gdp,,
MACRO_PM_OR_ETF_EVENT_BACKTEST,registry/w4b_polymarket_recensus_venue_events_v1.csv.gz,4340,"What will the price of $DOT be on November 1, 2021?",fed,,
MACRO_PM_OR_ETF_EVENT_BACKTEST,registry/w4b_polymarket_recensus_venue_events_v1.csv.gz,4385,Will Lewis Hamilton finish ahead of Max Verstappen in the French Grand Prix?,fed,,
MACRO_PM_OR_ETF_EVENT_BACKTEST,registry/w4b_polymarket_recensus_venue_events_v1.csv.gz,4401,Will inflation be 0.8% or more from October to November 2021?,inflation,,
MACRO_PM_OR_ETF_EVENT_BACKTEST,registry/w4b_polymarket_recensus_venue_events_v1.csv.gz,4429,NHL: Will the Senators beat the Coyotes by more than 1.5 goals in their March 14 matchup (7.30 PM ET)?,fed,,
MACRO_PM_OR_ETF_EVENT_BACKTEST,registry/w4b_polymarket_recensus_venue_events_v1.csv.gz,4448,"Will the price of a barrel of crude oil be $100 or more on April 25, 2022?",oil,,
MACRO_PM_OR_ETF_EVENT_BACKTEST,registry/w4b_polymarket_recensus_venue_events_v1.csv.gz,4465,"Will the price of a barrel of crude oil reach $150 by March 25, 2022?",oil,,
MACRO_PM_OR_ETF_EVENT_BACKTEST,registry/w4b_polymarket_recensus_venue_events_v1.csv.gz,4491,"Will Nancy Pelosi, Hillary Clinton, Bill Clinton, or Hunter Biden be charged with a federal crime by October 1?",fed,,
MACRO_PM_OR_ETF_EVENT_BACKTEST,registry/w4b_polymarket_recensus_venue_events_v1.csv.gz,4504,Will Donald Trump be federally charged by June 1st?,fed,,
MACRO_PM_OR_ETF_EVENT_BACKTEST,registry/w4b_polymarket_recensus_venue_events_v1.csv.gz,4508,Will weekly jobless claims exceed 260K for the week ending on November 27?,unemployment,,
MACRO_PM_OR_ETF_EVENT_BACKTEST,registry/w4b_polymarket_recensus_venue_events_v1.csv.gz,4519,Will weekly jobless claims exceed 373K for the week ending on July 10?,unemployment,,
MACRO_PM_OR_ETF_EVENT_BACKTEST,registry/w4b_polymarket_recensus_venue_events_v1.csv.gz,4553,"Will the price of a barrel of crude oil be $115 or more on March 15, 2022?",oil,,
MACRO_PM_OR_ETF_EVENT_BACKTEST,registry/w4b_polymarket_recensus_venue_events_v1.csv.gz,4558,Will Ketanji Jackson Brown receive 53 or more votes in favor of her confirmation to the U.S. Supreme Court?,fed,,
MACRO_PM_OR_ETF_EVENT_BACKTEST,registry/w4b_polymarket_recensus_venue_events_v1.csv.gz,4585,"MLB: Who will win Chicago Cubs vs. Pittsburgh Pirates, scheduled for May 18, 7:40 PM ET?",rates,,
MACRO_PM_OR_ETF_EVENT_BACKTEST,registry/w4b_polymarket_recensus_venue_events_v1.csv.gz,4598,"Will there be 850,000 or more total ETH burned before November 10th, 2021?",fed,,
MACRO_PM_OR_ETF_EVENT_BACKTEST,registry/w4b_polymarket_recensus_venue_events_v1.csv.gz,4634,"Will the bipartisan infrastructure bill become law by Noon, November 15, 2021?",fed,,
MACRO_PM_OR_ETF_EVENT_BACKTEST,registry/w4b_polymarket_recensus_venue_events_v1.csv.gz,4638,"MLB: Who will win Colorado Rockies vs. Washington Nationals, scheduled for May 27, 7:06 PM ET?",fed,,
MACRO_PM_OR_ETF_EVENT_BACKTEST,registry/w4b_polymarket_recensus_venue_events_v1.csv.gz,4662,Will year-to-year inflation in the European Union be 5.2% or more in November?,inflation,,
MACRO_PM_OR_ETF_EVENT_BACKTEST,registry/w4b_polymarket_recensus_venue_events_v1.csv.gz,4666,NFL: Will the Bills beat the Panthers by more than 10.5 points in their December 19 matchup?,fed,,
MACRO_PM_OR_ETF_EVENT_BACKTEST,registry/w4b_polymarket_recensus_venue_events_v1.csv.gz,4671,"NHL: Who will win Avalanche vs. Oilers, scheduled for May 31, 8:00 PM ET?",oil,,
MACRO_PM_OR_ETF_EVENT_BACKTEST,registry/w4b_polymarket_recensus_venue_events_v1.csv.gz,4718,"Will Russia expand its number of federal subjects by July 1, 2022?",fed,,
MACRO_PM_OR_ETF_EVENT_BACKTEST,registry/w4b_polymarket_recensus_venue_events_v1.csv.gz,4755,Will Donald Trump be indicted for a federal or state crime by November 15?,fed,,
MACRO_PM_OR_ETF_EVENT_BACKTEST,registry/w4b_polymarket_recensus_venue_events_v1.csv.gz,4760,"Will more than 2.25 million people travel through a TSA checkpoint on Friday, October 15th?",fed,,
MACRO_PM_OR_ETF_EVENT_BACKTEST,registry/w4b_polymarket_recensus_venue_events_v1.csv.gz,4777,Will Canada hold a federal election in 2021?,fed,,
MACRO_PM_OR_ETF_EVENT_BACKTEST,registry/w4b_polymarket_recensus_venue_events_v1.csv.gz,4782,Will inflation be 0.2% or more from March to April?,inflation,,
MACRO_PM_OR_ETF_EVENT_BACKTEST,registry/w4b_polymarket_recensus_venue_events_v1.csv.gz,4802,"[From Nate Silver] Will there be a federal mask requirement on US domestic flights on November 8, 2022?",fed,,
MACRO_PM_OR_ETF_EVENT_BACKTEST,registry/w4b_polymarket_recensus_venue_events_v1.csv.gz,4827,Will U.S. inflation be more than 0.7% from April to May 2022?,inflation,,
MACRO_PM_OR_ETF_EVENT_BACKTEST,registry/w4b_polymarket_recensus_venue_events_v1.csv.gz,4833,"Will Russia expand its number of federal subjects by October 1, 2022?",fed,,
MACRO_PM_OR_ETF_EVENT_BACKTEST,registry/w4b_polymarket_recensus_venue_events_v1.csv.gz,4847,"NBA: Who will win Heat vs. Celtics, scheduled for May 17, 8:30 PM ET?",fed,,
MACRO_PM_OR_ETF_EVENT_BACKTEST,registry/w4b_polymarket_recensus_venue_events_v1.csv.gz,4899,Will Labor win more seats than the Liberal-Nationals in the 2022 Australian Federal Election?,fed,,
MACRO_PM_OR_ETF_EVENT_BACKTEST,registry/w4b_polymarket_recensus_venue_events_v1.csv.gz,4938,"Will UST (Terra USD) fall below 90 cents by July 30, 2022?",fed,,
MACRO_PM_OR_ETF_EVENT_BACKTEST,registry/w4b_polymarket_recensus_venue_events_v1.csv.gz,4991,Will annual inflation in the USA be 7.0% or more in December 2021?,inflation,,
MACRO_PM_OR_ETF_EVENT_BACKTEST,registry/w4b_polymarket_recensus_venue_events_v1.csv.gz,5035,Will France or Switzerland qualify for the Euro 2020 Quarterfinals?,fed,,
MACRO_PM_OR_ETF_EVENT_BACKTEST,registry/w4b_polymarket_recensus_venue_events_v1.csv.gz,5040,Will inflation be 0.6% or more from June to July?,inflation,,
MACRO_PM_OR_ETF_EVENT_BACKTEST,registry/w4b_polymarket_recensus_venue_events_v1.csv.gz,5093,NFL: Will the Vikings beat the Bears by more than 4.5 points in their December 20 matchup?,fed,,
MACRO_PM_OR_ETF_EVENT_BACKTEST,registry/w4b_polymarket_recensus_venue_events_v1.csv.gz,5101,Will U.S. inflation be more than 0.5% from April to May 2022?,inflation,,
MACRO_PM_OR_ETF_EVENT_BACKTEST,registry/w4b_polymarket_recensus_venue_events_v1.csv.gz,5103,Will annual inflation in the European Union be 8.8% or more in May?,inflation,,
MACRO_PM_OR_ETF_EVENT_BACKTEST,registry/w4b_polymarket_recensus_venue_events_v1.csv.gz,5140,"How many more tweets will be on the @mtgreenee account on March 30, 2021?",fed,,
MACRO_PM_OR_ETF_EVENT_BACKTEST,registry/w4b_polymarket_recensus_venue_events_v1.csv.gz,5142,"Will Cardano ($ADA) break $3 before January 1, 2022?",dollar,,
MACRO_PM_OR_ETF_EVENT_BACKTEST,registry/w4b_polymarket_recensus_venue_events_v1.csv.gz,5149,Will weekly jobless claims exceed 650K for the week ending on April 3?,unemployment,,
MACRO_PM_OR_ETF_EVENT_BACKTEST,registry/w4b_polymarket_recensus_venue_events_v1.csv.gz,5150,Who will win UFC 264: McGregor vs. Poirier?,fed,,
MACRO_PM_OR_ETF_EVENT_BACKTEST,registry/w4b_polymarket_recensus_venue_events_v1.csv.gz,5182,Will there be a federal charge filed against Hunter Biden before 2021?,fed,,
MACRO_PM_OR_ETF_EVENT_BACKTEST,registry/w4b_polymarket_recensus_venue_events_v1.csv.gz,5194,"MLB: Who will win Pittsburgh Pirates vs. Cincinnati Reds, scheduled for May 12, 6:36 PM ET?",rates,,
MACRO_PM_OR_ETF_EVENT_BACKTEST,registry/w4b_polymarket_recensus_venue_events_v1.csv.gz,5209,Will Hikaru Nakamura draw 3 or more times during his May 24 FTX Crypto Cup preliminary games?,fed,,
MACRO_PM_OR_ETF_EVENT_BACKTEST,registry/w4b_polymarket_recensus_venue_events_v1.csv.gz,5228,"MLB: Who will win Los Angeles Dodgers vs. Pittsburgh Pirates, scheduled for May 9, 6:36 PM ET?",rates,,
MACRO_PM_OR_ETF_EVENT_BACKTEST,registry/w4b_polymarket_recensus_venue_events_v1.csv.gz,5248,NHL: Will the Blues beat the Oilers by more than 1.5 goals in their December 29 matchup?,oil,,
MACRO_PM_OR_ETF_EVENT_BACKTEST,registry/w4b_polymarket_recensus_venue_events_v1.csv.gz,5260,NFL: Will the Raiders beat the Giants by more than 2.5 points in their November 7th matchup?,fed,,
MACRO_PM_OR_ETF_EVENT_BACKTEST,registry/w4b_polymarket_recensus_venue_events_v1.csv.gz,5262,"NHL: Who will win Flames vs. Oilers, scheduled for May 18, 9:30 PM ET?",oil,,
MACRO_PM_OR_ETF_EVENT_BACKTEST,registry/w4b_polymarket_recensus_venue_events_v1.csv.gz,5411,Will the federal minimum wage be $9.50 per hour or higher by April 1?,fed,,
MACRO_PM_OR_ETF_EVENT_BACKTEST,registry/w4b_polymarket_recensus_venue_events_v1.csv.gz,5527,What will the EU annual inflation be in January 2022?,inflation,,
MACRO_PM_OR_ETF_EVENT_BACKTEST,registry/w4b_polymarket_recensus_venue_events_v1.csv.gz,5549,NBA: February 17th,fed,,
MACRO_PM_OR_ETF_EVENT_BACKTEST,registry/w4b_polymarket_recensus_venue_events_v1.csv.gz,5649,NCAA March Madness: March 18,fed,,
MACRO_PM_OR_ETF_EVENT_BACKTEST,registry/w4b_polymarket_recensus_venue_events_v1.csv.gz,5741,2022 NBA Playoffs: May 11th,fed,,
MACRO_PM_OR_ETF_EVENT_BACKTEST,registry/w4b_polymarket_recensus_venue_events_v1.csv.gz,5753,NHL: April 28th,fed,,
MACRO_PM_OR_ETF_EVENT_BACKTEST,registry/w4b_polymarket_recensus_venue_events_v1.csv.gz,5757,What will U.S. inflation be from June to July 2022?,inflation,,
MACRO_PM_OR_ETF_EVENT_BACKTEST,registry/w4b_polymarket_recensus_venue_events_v1.csv.gz,5795,What will the U.S. inflation be from March to April 2022?,inflation,,
MACRO_PM_OR_ETF_EVENT_BACKTEST,registry/w4b_polymarket_recensus_venue_events_v1.csv.gz,5833,NBA: February 14th,fed,,
MACRO_PM_OR_ETF_EVENT_BACKTEST,registry/w4b_polymarket_recensus_venue_events_v1.csv.gz,5840,What will the U.S. annual inflation be on January 2022?,inflation,,
MACRO_PM_OR_ETF_EVENT_BACKTEST,registry/w4b_polymarket_recensus_venue_events_v1.csv.gz,5843,What will be the U-3 unemployment rate in January?,unemployment,,
MACRO_PM_OR_ETF_EVENT_BACKTEST,registry/w4b_polymarket_recensus_venue_events_v1.csv.gz,5852,When will the next recession happen in the US?,recession,,
MACRO_PM_OR_ETF_EVENT_BACKTEST,registry/w4b_polymarket_recensus_venue_events_v1.csv.gz,5890,UFC 277: Who will win - Moreno vs Kara-France,fed,,
MACRO_PM_OR_ETF_EVENT_BACKTEST,registry/w4b_polymarket_recensus_venue_events_v1.csv.gz,5900,"Will the price of a barrel of crude oil be $100 or more on August 8, 2022?",oil,,
MACRO_PM_OR_ETF_EVENT_BACKTEST,registry/w4b_polymarket_recensus_venue_events_v1.csv.gz,5938,"Will the price of a barrel of crude oil be $90 or more on August 15, 2022?",oil,,
MACRO_PM_OR_ETF_EVENT_BACKTEST,registry/w4b_polymarket_recensus_venue_events_v1.csv.gz,5962,"Will U.S. 30 year Treasury bond yield close above 3% on August 19, 2022?",treasury;yield,,
MACRO_PM_OR_ETF_EVENT_BACKTEST,registry/w4b_polymarket_recensus_venue_events_v1.csv.gz,5985,What will U.S. inflation be from July to August 2022?,inflation,,
MACRO_PM_OR_ETF_EVENT_BACKTEST,registry/w4b_polymarket_recensus_venue_events_v1.csv.gz,5987,Will weekly jobless claims exceed 265k for the week ending on August 13?,unemployment,,
MACRO_PM_OR_ETF_EVENT_BACKTEST,registry/w4b_polymarket_recensus_venue_events_v1.csv.gz,5993,"Will the price of a barrel of crude oil be $92.50 or more on August 22, 2022? (OCT 2022 future)",oil,,
MACRO_PM_OR_ETF_EVENT_BACKTEST,registry/w4b_polymarket_recensus_venue_events_v1.csv.gz,6060,Will weekly jobless claims exceed 348K for the week ending on August 21?,unemployment,,
MACRO_PM_OR_ETF_EVENT_BACKTEST,registry/w4b_polymarket_recensus_venue_events_v1.csv.gz,6097,Will the Liberal Party win the most seats in the 2021 Canadian federal election?,fed,,
MACRO_PM_OR_ETF_EVENT_BACKTEST,registry/w4b_polymarket_recensus_venue_events_v1.csv.gz,6127,Will LaMelo Ball be the first pick in the 2020 NBA draft?,fed,,
MACRO_PM_OR_ETF_EVENT_BACKTEST,registry/w4b_polymarket_recensus_venue_events_v1.csv.gz,6138,"Will the price of a barrel of crude oil be $90 or more on August 29, 2022? (OCT 2022 Future)",oil,,
MACRO_PM_OR_ETF_EVENT_BACKTEST,registry/w4b_polymarket_recensus_venue_events_v1.csv.gz,10041,Pornhub restores access in Texas by March 31?,fed,,
MACRO_PM_OR_ETF_EVENT_BACKTEST,registry/w4b_polymarket_recensus_venue_events_v1.csv.gz,10098,Fed Interest Rates: May 2024,fed;fomc;interest rate;rates,,
MACRO_PM_OR_ETF_EVENT_BACKTEST,registry/w4b_polymarket_recensus_venue_events_v1.csv.gz,10118,"Bitcoin above $65,000 on Mar 29?",fed,,
MACRO_PM_OR_ETF_EVENT_BACKTEST,registry/w4b_polymarket_recensus_venue_events_v1.csv.gz,10152,Feds raid Jay-Z in March?,fed,,
MACRO_PM_OR_ETF_EVENT_BACKTEST,registry/w4b_polymarket_recensus_venue_events_v1.csv.gz,10175,Maine's 2nd Congressional District Presidential Election Winner,fed,,
MACRO_PM_OR_ETF_EVENT_BACKTEST,registry/w4b_polymarket_recensus_venue_events_v1.csv.gz,10208,Feds raid Jennifer Lopez by April 15?,fed,,
MACRO_PM_OR_ETF_EVENT_BACKTEST,registry/w4b_polymarket_recensus_venue_events_v1.csv.gz,10262,U.S. Recession in 2024?,recession,,
MACRO_PM_OR_ETF_EVENT_BACKTEST,registry/w4b_polymarket_recensus_venue_events_v1.csv.gz,10273,US inflation >0.2% from Feb to March 2024?,inflation,,
MACRO_PM_OR_ETF_EVENT_BACKTEST,registry/w4b_polymarket_recensus_venue_events_v1.csv.gz,10274,How many Jobs added in April?,payroll,,
MACRO_PM_OR_ETF_EVENT_BACKTEST,registry/w4b_polymarket_recensus_venue_events_v1.csv.gz,10319,US inflation >0.3% from March to April 2024?,inflation,,
MACRO_PM_OR_ETF_EVENT_BACKTEST,registry/w4b_polymarket_recensus_venue_events_v1.csv.gz,10344,Who will advance: Dortmund or Atletico Madrid?,fed,,
MACRO_PM_OR_ETF_EVENT_BACKTEST,registry/w4b_polymarket_recensus_venue_events_v1.csv.gz,10483,Fed rate hike in 2024?,fed;fomc;rate hike,,
MACRO_PM_OR_ETF_EVENT_BACKTEST,registry/w4b_polymarket_recensus_venue_events_v1.csv.gz,10535,Fed Interest Rates: June 2024,fed;fomc;interest rate;rates,,
MACRO_PM_OR_ETF_EVENT_BACKTEST,registry/w4b_polymarket_recensus_venue_events_v1.csv.gz,10598,Belgian Election: Which party wins the most seats?,fed,,
MACRO_PM_OR_ETF_EVENT_BACKTEST,registry/w4b_polymarket_recensus_venue_events_v1.csv.gz,10630,Drake drops new track by Friday?,fed,,
MACRO_PM_OR_ETF_EVENT_BACKTEST,registry/w4b_polymarket_recensus_venue_events_v1.csv.gz,10706,Ben Affleck and Jennifer Lopez divorce in May?,fed,,
MACRO_PM_OR_ETF_EVENT_BACKTEST,registry/w4b_polymarket_recensus_venue_events_v1.csv.gz,10711,How many Jobs added in May?,payroll,,
MACRO_PM_OR_ETF_EVENT_BACKTEST,registry/w4b_polymarket_recensus_venue_events_v1.csv.gz,10741,UK Election: Labour % of the vote?,fed,,
MACRO_PM_OR_ETF_EVENT_BACKTEST,registry/w4b_polymarket_recensus_venue_events_v1.csv.gz,10749,US inflation >0.1% from April to May 2024?,inflation,,
MACRO_PM_OR_ETF_EVENT_BACKTEST,registry/w4b_polymarket_recensus_venue_events_v1.csv.gz,10774,Biggest Winner - Million Dollar Game Day 4,dollar,,
MACRO_PM_OR_ETF_EVENT_BACKTEST,registry/w4b_polymarket_recensus_venue_events_v1.csv.gz,10786,Will Alan Keating finish up? - Million Dollar Game Day 4,dollar,,
MACRO_PM_OR_ETF_EVENT_BACKTEST,registry/w4b_polymarket_recensus_venue_events_v1.csv.gz,10787,Alan Keating VPIP above 70%? - Million Dollar Game Day 4,dollar,,
MACRO_PM_OR_ETF_EVENT_BACKTEST,registry/w4b_polymarket_recensus_venue_events_v1.csv.gz,10789,Largest pot over $3 million? - Million Dollar Game Day 4,dollar,,
MACRO_PM_OR_ETF_EVENT_BACKTEST,registry/w4b_polymarket_recensus_venue_events_v1.csv.gz,10801,Will Stanley Tang lose all his chips? - Million Dollar Game Day 4,dollar,,
MACRO_PM_OR_ETF_EVENT_BACKTEST,registry/w4b_polymarket_recensus_venue_events_v1.csv.gz,10802,Will any player lose all their chips? - Million Dollar Game Day 4,dollar,,
MACRO_PM_OR_ETF_EVENT_BACKTEST,registry/w4b_polymarket_recensus_venue_events_v1.csv.gz,10804,Israel military action against Iran by end of 2024?,fed,,
MACRO_PM_OR_ETF_EVENT_BACKTEST,registry/w4b_polymarket_recensus_venue_events_v1.csv.gz,10812,Biggest Loser - Million Dollar Game Day 4,dollar,,
MACRO_PM_OR_ETF_EVENT_BACKTEST,registry/w4b_polymarket_recensus_venue_events_v1.csv.gz,10814,Will Peter play Thursday? - Million Dollar Game Day 3,dollar,,
MACRO_PM_OR_ETF_EVENT_BACKTEST,registry/w4b_polymarket_recensus_venue_events_v1.csv.gz,10895,Stanley Cup: Game 7,oil,,
MACRO_PM_OR_ETF_EVENT_BACKTEST,registry/w4b_polymarket_recensus_venue_events_v1.csv.gz,10900,Top Rebounder - NBA Finals,fed,,
MACRO_PM_OR_ETF_EVENT_BACKTEST,registry/w4b_polymarket_recensus_venue_events_v1.csv.gz,10915,Stanley Cup Finals: Game 1,oil,,
MACRO_PM_OR_ETF_EVENT_BACKTEST,registry/w4b_polymarket_recensus_venue_events_v1.csv.gz,10985,How many Jobs added in June?,payroll,,
MACRO_PM_OR_ETF_EVENT_BACKTEST,registry/w4b_polymarket_recensus_venue_events_v1.csv.gz,11073,US inflation >0.0% from May to June 2024?,inflation,,
MACRO_PM_OR_ETF_EVENT_BACKTEST,registry/w4b_polymarket_recensus_venue_events_v1.csv.gz,11074,Fed Interest Rates: July 2024,fed;fomc;interest rate;rates,,
MACRO_PM_OR_ETF_EVENT_BACKTEST,registry/w4b_polymarket_recensus_venue_events_v1.csv.gz,11176,Euro 2024: Spain vs. Italy,fed,,
MACRO_PM_OR_ETF_EVENT_BACKTEST,registry/w4b_polymarket_recensus_venue_events_v1.csv.gz,11205,Oakland mayor Sheng Thao indicted before August?,fed,,
MACRO_PM_OR_ETF_EVENT_BACKTEST,registry/w4b_polymarket_recensus_venue_events_v1.csv.gz,11206,Elon Musk # of tweets June 21-28?,fed,,
MACRO_PM_OR_ETF_EVENT_BACKTEST,registry/w4b_polymarket_recensus_venue_events_v1.csv.gz,11270,Will Trump announce VP pick before the debate?,fed,,
MACRO_PM_OR_ETF_EVENT_BACKTEST,registry/w4b_polymarket_recensus_venue_events_v1.csv.gz,11351,What price will $BTC reach in July?,fed,,
MACRO_PM_OR_ETF_EVENT_BACKTEST,registry/w4b_polymarket_recensus_venue_events_v1.csv.gz,11368,Will a Dem senator endorse Kamala Harris by tomorrow?,fed,,
MACRO_PM_OR_ETF_EVENT_BACKTEST,registry/w4b_polymarket_recensus_venue_events_v1.csv.gz,11506,Will Trump attend tonight's UFC?,fed,,
MACRO_PM_OR_ETF_EVENT_BACKTEST,registry/w4b_polymarket_recensus_venue_events_v1.csv.gz,11567,Trump wins and picks Dimon for Treasury Secretary?,treasury,,
MACRO_PM_OR_ETF_EVENT_BACKTEST,registry/w4b_polymarket_recensus_venue_events_v1.csv.gz,11696,Fed Interest Rates: September 2024,fed;fomc;interest rate;rates,,
MACRO_PM_OR_ETF_EVENT_BACKTEST,registry/w4b_polymarket_recensus_venue_events_v1.csv.gz,11701,200m Individual Medley Winner (W),fed,,
MACRO_PM_OR_ETF_EVENT_BACKTEST,registry/w4b_polymarket_recensus_venue_events_v1.csv.gz,11743,US inflation >0.1% from June to July 2024?,inflation,,
MACRO_PM_OR_ETF_EVENT_BACKTEST,registry/w4b_polymarket_recensus_venue_events_v1.csv.gz,11744,How many Jobs added in July?,payroll,,
MACRO_PM_OR_ETF_EVENT_BACKTEST,registry/w4b_polymarket_recensus_venue_events_v1.csv.gz,11757,NFL: Houston Texans vs. Chicago Bears,fed,,
MACRO_PM_OR_ETF_EVENT_BACKTEST,registry/w4b_polymarket_recensus_venue_events_v1.csv.gz,11821,Fed emergency rate cut in 2024?,fed;fomc;rate cut,,
MACRO_PM_OR_ETF_EVENT_BACKTEST,registry/w4b_polymarket_recensus_venue_events_v1.csv.gz,11827,Fed Interest Rates: November 2024,fed;fomc;interest rate;rates,,
MACRO_PM_OR_ETF_EVENT_BACKTEST,registry/w4b_polymarket_recensus_venue_events_v1.csv.gz,11828,How many Jobs added in August?,payroll,,
MACRO_PM_OR_ETF_EVENT_BACKTEST,registry/w4b_polymarket_recensus_venue_events_v1.csv.gz,11851,Bank of Japan emergency rate cut in August?,rate cut,,
MACRO_PM_OR_ETF_EVENT_BACKTEST,registry/w4b_polymarket_recensus_venue_events_v1.csv.gz,11862,Fed cuts rates by 75 basis points in Sept meeting?,fed;fomc;rates,,
MACRO_PM_OR_ETF_EVENT_BACKTEST,registry/w4b_polymarket_recensus_venue_events_v1.csv.gz,11864,Fed emergency rate cut in August?,fed;fomc;rate cut,,
MACRO_PM_OR_ETF_EVENT_BACKTEST,registry/w4b_polymarket_recensus_venue_events_v1.csv.gz,11872,US GDP declines in Q3 2024?,gdp,,
MACRO_PM_OR_ETF_EVENT_BACKTEST,registry/w4b_polymarket_recensus_venue_events_v1.csv.gz,11878,Fed decision in December?,fed;fomc;rates,,
MACRO_PM_OR_ETF_EVENT_BACKTEST,registry/w4b_polymarket_recensus_venue_events_v1.csv.gz,11887,Tim Walz replaced as Democratic VP nominee?,fed,,
MACRO_PM_OR_ETF_EVENT_BACKTEST,registry/w4b_polymarket_recensus_venue_events_v1.csv.gz,11922,Who will speak at the DNC?,fed,,
MACRO_PM_OR_ETF_EVENT_BACKTEST,registry/w4b_polymarket_recensus_venue_events_v1.csv.gz,12040,US inflation >0.1% from July to August 2024?,inflation,,
MACRO_PM_OR_ETF_EVENT_BACKTEST,registry/w4b_polymarket_recensus_venue_events_v1.csv.gz,12057,CA-13 election: Gray (D) vs. Duarte (R),fed,,
MACRO_PM_OR_ETF_EVENT_BACKTEST,registry/w4b_polymarket_recensus_venue_events_v1.csv.gz,12060,Iran military response by Friday?,fed,,
MACRO_PM_OR_ETF_EVENT_BACKTEST,registry/w4b_polymarket_recensus_venue_events_v1.csv.gz,12064,Annual inflation under 3% in August?,inflation,,
MACRO_PM_OR_ETF_EVENT_BACKTEST,registry/w4b_polymarket_recensus_venue_events_v1.csv.gz,12108,Annual inflation above 2.5% in August?,inflation,,
MACRO_PM_OR_ETF_EVENT_BACKTEST,registry/w4b_polymarket_recensus_venue_events_v1.csv.gz,12171,Trump vs. Harris RCP polling margin on Aug 30?,fed,,
MACRO_PM_OR_ETF_EVENT_BACKTEST,registry/w4b_polymarket_recensus_venue_events_v1.csv.gz,12214,CFB: North Carolina vs. Minnesota,fed,,
MACRO_PM_OR_ETF_EVENT_BACKTEST,registry/w4b_polymarket_recensus_venue_events_v1.csv.gz,12279,NFC Champion,fed,,
MACRO_PM_OR_ETF_EVENT_BACKTEST,registry/w4b_polymarket_recensus_venue_events_v1.csv.gz,12304,Will George W. Bush endorse Kamala Harris?,fed,,
MACRO_PM_OR_ETF_EVENT_BACKTEST,registry/w4b_polymarket_recensus_venue_events_v1.csv.gz,12373,Unemployment rate over 4.2% in August?,unemployment,,
MACRO_PM_OR_ETF_EVENT_BACKTEST,registry/w4b_polymarket_recensus_venue_events_v1.csv.gz,12411,Trump's NY sentencing delayed past election?,fed,,
MACRO_PM_OR_ETF_EVENT_BACKTEST,registry/w4b_polymarket_recensus_venue_events_v1.csv.gz,12425,How many jobs added in September?,payroll,,
MACRO_PM_OR_ETF_EVENT_BACKTEST,registry/w4b_polymarket_recensus_venue_events_v1.csv.gz,12526,Shannon Sharpe fired from ESPN?,fed,,
MACRO_PM_OR_ETF_EVENT_BACKTEST,registry/w4b_polymarket_recensus_venue_events_v1.csv.gz,12542,European Central Bank cuts rates in Oct meeting?,rates,,
MACRO_PM_OR_ETF_EVENT_BACKTEST,registry/w4b_polymarket_recensus_venue_events_v1.csv.gz,12548,Annual inflation above 2.2% in September?,inflation,,
MACRO_PM_OR_ETF_EVENT_BACKTEST,registry/w4b_polymarket_recensus_venue_events_v1.csv.gz,12612,Will Powell wear a purple tie at FOMC?,fomc,,
MACRO_PM_OR_ETF_EVENT_BACKTEST,registry/w4b_polymarket_recensus_venue_events_v1.csv.gz,12632,Unemployment rate over 4.2% in September?,unemployment,,
MACRO_PM_OR_ETF_EVENT_BACKTEST,registry/w4b_polymarket_recensus_venue_events_v1.csv.gz,12636,Will Diddy plead guilty to any charges?,fed,,
MACRO_PM_OR_ETF_EVENT_BACKTEST,registry/w4b_polymarket_recensus_venue_events_v1.csv.gz,12642,Bank of England rate cut in September meeting?,rate cut,,
MACRO_PM_OR_ETF_EVENT_BACKTEST,registry/w4b_polymarket_recensus_venue_events_v1.csv.gz,12678,"Powell says ""inflation"" 15+ times in FOMC statement?",inflation;fomc,,
MACRO_PM_OR_ETF_EVENT_BACKTEST,registry/w4b_polymarket_recensus_venue_events_v1.csv.gz,12679,"Powell says ""unemployment"" 5+ times in FOMC statement?",fomc;unemployment,,
MACRO_PM_OR_ETF_EVENT_BACKTEST,registry/w4b_polymarket_recensus_venue_events_v1.csv.gz,12747,Did Biden campaign use info from Iran hack?,fed,,
MACRO_PM_OR_ETF_EVENT_BACKTEST,registry/w4b_polymarket_recensus_venue_events_v1.csv.gz,12762,NFL: Bills vs. Jaguars,fed,,
MACRO_PM_OR_ETF_EVENT_BACKTEST,registry/w4b_polymarket_recensus_venue_events_v1.csv.gz,12769,Hoffman vs. Warwick,fed,,
MACRO_PM_OR_ETF_EVENT_BACKTEST,registry/w4b_polymarket_recensus_venue_events_v1.csv.gz,12862,U.S. recession before May 2025?,recession,,
MACRO_PM_OR_ETF_EVENT_BACKTEST,registry/w4b_polymarket_recensus_venue_events_v1.csv.gz,12896,CFB: Oregon vs. UCLA,fed,,
MACRO_PM_OR_ETF_EVENT_BACKTEST,registry/w4b_polymarket_recensus_venue_events_v1.csv.gz,12946,Ukraine strike on Moscow before November?,fed,,
MACRO_PM_OR_ETF_EVENT_BACKTEST,registry/w4b_polymarket_recensus_venue_events_v1.csv.gz,12970,Will Israeli troops enter Bint Jbeil by October 15?,fed,,
MACRO_PM_OR_ETF_EVENT_BACKTEST,registry/w4b_polymarket_recensus_venue_events_v1.csv.gz,13054,Bills vs. Jaguars,fed,,
MACRO_PM_OR_ETF_EVENT_BACKTEST,registry/w4b_polymarket_recensus_venue_events_v1.csv.gz,13066,Seahawks vs. Browns,fed,,
MACRO_PM_OR_ETF_EVENT_BACKTEST,registry/w4b_polymarket_recensus_venue_events_v1.csv.gz,13144,Israel strikes Iranian oil in October?,oil,,
MACRO_PM_OR_ETF_EVENT_BACKTEST,registry/w4b_polymarket_recensus_venue_events_v1.csv.gz,13162,Will Iran strike gulf oil facilities in October?,oil,,
MACRO_PM_OR_ETF_EVENT_BACKTEST,registry/w4b_polymarket_recensus_venue_events_v1.csv.gz,13274,Unemployment rate over 4.1% in October?,unemployment,,
MACRO_PM_OR_ETF_EVENT_BACKTEST,registry/w4b_polymarket_recensus_venue_events_v1.csv.gz,13275,How many jobs added in October?,payroll,,
MACRO_PM_OR_ETF_EVENT_BACKTEST,registry/w4b_polymarket_recensus_venue_events_v1.csv.gz,13287,NLDS: Padres vs. Dodgers Game 4,fed,,
MACRO_PM_OR_ETF_EVENT_BACKTEST,registry/w4b_polymarket_recensus_venue_events_v1.csv.gz,13337,Annual inflation above 2.4% in October?,inflation,,
MACRO_PM_OR_ETF_EVENT_BACKTEST,registry/w4b_polymarket_recensus_venue_events_v1.csv.gz,13392,Beterbiev vs. Bivol,fed,,
MACRO_PM_OR_ETF_EVENT_BACKTEST,registry/w4b_polymarket_recensus_venue_events_v1.csv.gz,13393,WNBA Finals: Liberty vs Lynx Game 2,fed,,
MACRO_PM_OR_ETF_EVENT_BACKTEST,registry/w4b_polymarket_recensus_venue_events_v1.csv.gz,13467,What will Trump say during Detroit rally?,fed,,
MACRO_PM_OR_ETF_EVENT_BACKTEST,registry/w4b_polymarket_recensus_venue_events_v1.csv.gz,13522,Kamala Harris fires campaign manager?,fed,,
MACRO_PM_OR_ETF_EVENT_BACKTEST,registry/w4b_polymarket_recensus_venue_events_v1.csv.gz,13693,Europa League: Rangers vs. FCSB,fed,,
MACRO_PM_OR_ETF_EVENT_BACKTEST,registry/w4b_polymarket_recensus_venue_events_v1.csv.gz,13710,Will Trump smoke weed with Rogan?,fed,,
MACRO_PM_OR_ETF_EVENT_BACKTEST,registry/w4b_polymarket_recensus_venue_events_v1.csv.gz,13715,ECB Interest Rates: December 2024,interest rate;rates,,
MACRO_PM_OR_ETF_EVENT_BACKTEST,registry/w4b_polymarket_recensus_venue_events_v1.csv.gz,13748,Elon Musk # of tweets Oct 25 - Nov 1?,fed,,
MACRO_PM_OR_ETF_EVENT_BACKTEST,registry/w4b_polymarket_recensus_venue_events_v1.csv.gz,13786,CFB: Hawaii vs. Nevada,fed,,
MACRO_PM_OR_ETF_EVENT_BACKTEST,registry/w4b_polymarket_recensus_venue_events_v1.csv.gz,13797,Another Israeli military action against Iran before the election?,fed,,
MACRO_PM_OR_ETF_EVENT_BACKTEST,registry/w4b_polymarket_recensus_venue_events_v1.csv.gz,13828,Man Utd vs. Chelsea,fed,,
MACRO_PM_OR_ETF_EVENT_BACKTEST,registry/w4b_polymarket_recensus_venue_events_v1.csv.gz,13836,Chargers vs. Browns,fed,,
MACRO_PM_OR_ETF_EVENT_BACKTEST,registry/w4b_polymarket_recensus_venue_events_v1.csv.gz,13853,Lakers vs. Cavaliers,fed,,
MACRO_PM_OR_ETF_EVENT_BACKTEST,registry/w4b_polymarket_recensus_venue_events_v1.csv.gz,13954,Will YouTube take down Steven Crowder’s election livestream?,fed,,
MACRO_PM_OR_ETF_EVENT_BACKTEST,registry/w4b_polymarket_recensus_venue_events_v1.csv.gz,14043,UFC Fight Night: Magny vs. Prates,rates,,
MACRO_PM_OR_ETF_EVENT_BACKTEST,registry/w4b_polymarket_recensus_venue_events_v1.csv.gz,14105,Who will win young men?,fed,,
MACRO_PM_OR_ETF_EVENT_BACKTEST,registry/w4b_polymarket_recensus_venue_events_v1.csv.gz,14184,Who will Trump pick for Treasury Secretary?,treasury,,
MACRO_PM_OR_ETF_EVENT_BACKTEST,registry/w4b_polymarket_recensus_venue_events_v1.csv.gz,14198,Israel strikes Iranian oil in 2024?,oil,,
MACRO_PM_OR_ETF_EVENT_BACKTEST,registry/w4b_polymarket_recensus_venue_events_v1.csv.gz,14220,Fed decision in January?,fed;fomc;rates,,
MACRO_PM_OR_ETF_EVENT_BACKTEST,registry/w4b_polymarket_recensus_venue_events_v1.csv.gz,14301,Pacers vs. Magic,fed,,
MACRO_PM_OR_ETF_EVENT_BACKTEST,registry/w4b_polymarket_recensus_venue_events_v1.csv.gz,14389,How many jobs added in November?,payroll,,
MACRO_PM_OR_ETF_EVENT_BACKTEST,registry/w4b_polymarket_recensus_venue_events_v1.csv.gz,14414,November Inflation,inflation,,
MACRO_PM_OR_ETF_EVENT_BACKTEST,registry/w4b_polymarket_recensus_venue_events_v1.csv.gz,14422,November Unemployment Rate,unemployment,,
MACRO_PM_OR_ETF_EVENT_BACKTEST,registry/w4b_polymarket_recensus_venue_events_v1.csv.gz,14467,What will Powell say during December Press Conference?,fomc,,
MACRO_PM_OR_ETF_EVENT_BACKTEST,registry/w4b_polymarket_recensus_venue_events_v1.csv.gz,14497,Pelicans vs. Cavaliers,fed,,
MACRO_PM_OR_ETF_EVENT_BACKTEST,registry/w4b_polymarket_recensus_venue_events_v1.csv.gz,14521,Trail Blazers vs. Rockets,fed,,
MACRO_PM_OR_ETF_EVENT_BACKTEST,registry/w4b_polymarket_recensus_venue_events_v1.csv.gz,14554,NFL: Texans vs. Cowboys,fed,,
MACRO_PM_OR_ETF_EVENT_BACKTEST,registry/w4b_polymarket_recensus_venue_events_v1.csv.gz,14607,SOLETH hit 0.08 by Nov 30?,fed,,
MACRO_PM_OR_ETF_EVENT_BACKTEST,registry/w4b_polymarket_recensus_venue_events_v1.csv.gz,14878,Will Bryson complete the Hole in 1 Challenge by Friday?,fed,,
MACRO_PM_OR_ETF_EVENT_BACKTEST,registry/w4b_polymarket_recensus_venue_events_v1.csv.gz,14882,Ecuador Presidential Election,fed,,
MACRO_PM_OR_ETF_EVENT_BACKTEST,registry/w4b_polymarket_recensus_venue_events_v1.csv.gz,14911,Pacers vs. Grizzlies,fed,,
MACRO_PM_OR_ETF_EVENT_BACKTEST,registry/w4b_polymarket_recensus_venue_events_v1.csv.gz,15026,Nuclear weapon detonation by...?,fed,,
MACRO_PM_OR_ETF_EVENT_BACKTEST,registry/w4b_polymarket_recensus_venue_events_v1.csv.gz,15046,Will 'Wicked' gross more than $500 million domestically by January 9?,fed,,
MACRO_PM_OR_ETF_EVENT_BACKTEST,registry/w4b_polymarket_recensus_venue_events_v1.csv.gz,15103,Blue Jackets vs. Oilers,oil,,
MACRO_PM_OR_ETF_EVENT_BACKTEST,registry/w4b_polymarket_recensus_venue_events_v1.csv.gz,15121,Blues vs. Oilers,oil,,
MACRO_PM_OR_ETF_EVENT_BACKTEST,registry/w4b_polymarket_recensus_venue_events_v1.csv.gz,15139,Lightning vs. Oilers,oil,,
MACRO_PM_OR_ETF_EVENT_BACKTEST,registry/w4b_polymarket_recensus_venue_events_v1.csv.gz,15169,Will Bitcoin hit $100k again by Sunday?,fed,,
MACRO_PM_OR_ETF_EVENT_BACKTEST,registry/w4b_polymarket_recensus_venue_events_v1.csv.gz,15244,Oilers vs. Wild,oil,,
MACRO_PM_OR_ETF_EVENT_BACKTEST,registry/w4b_polymarket_recensus_venue_events_v1.csv.gz,15253,Golden Knights vs. Oilers,oil,,
MACRO_PM_OR_ETF_EVENT_BACKTEST,registry/w4b_polymarket_recensus_venue_events_v1.csv.gz,15266,South Alabama vs. Western Michigan,fed,,
MACRO_PM_OR_ETF_EVENT_BACKTEST,registry/w4b_polymarket_recensus_venue_events_v1.csv.gz,15318,Luigi Mangione extradited to New York before 2025?,fed,,
MACRO_PM_OR_ETF_EVENT_BACKTEST,registry/w4b_polymarket_recensus_venue_events_v1.csv.gz,15336,'Mufasa: The Lion King' Opening Weekend Box Office,fed,,
MACRO_PM_OR_ETF_EVENT_BACKTEST,registry/w4b_polymarket_recensus_venue_events_v1.csv.gz,15381,December Inflation - Annual,inflation,,
MACRO_PM_OR_ETF_EVENT_BACKTEST,registry/w4b_polymarket_recensus_venue_events_v1.csv.gz,15392,How many jobs added in December?,payroll,,
MACRO_PM_OR_ETF_EVENT_BACKTEST,registry/w4b_polymarket_recensus_venue_events_v1.csv.gz,15396,December Unemployment Rate,unemployment,,
MACRO_PM_OR_ETF_EVENT_BACKTEST,registry/w4b_polymarket_recensus_venue_events_v1.csv.gz,15397,FIDE World Rapid Chess Champion,fed,,
MACRO_PM_OR_ETF_EVENT_BACKTEST,registry/w4b_polymarket_recensus_venue_events_v1.csv.gz,15398,Who will Trump announce as next Fed Chair before July?,fed,,
MACRO_PM_OR_ETF_EVENT_BACKTEST,registry/w4b_polymarket_recensus_venue_events_v1.csv.gz,15402,Feds raid Jay-Z before April?,fed,,
MACRO_PM_OR_ETF_EVENT_BACKTEST,registry/w4b_polymarket_recensus_venue_events_v1.csv.gz,15519,Panthers vs. Oilers,oil,,
MACRO_PM_OR_ETF_EVENT_BACKTEST,registry/w4b_polymarket_recensus_venue_events_v1.csv.gz,15522,Blue Jackets vs. Lightning,fed,,
MACRO_PM_OR_ETF_EVENT_BACKTEST,registry/w4b_polymarket_recensus_venue_events_v1.csv.gz,15541,Bruins vs. Oilers,oil,,
MACRO_PM_OR_ETF_EVENT_BACKTEST,registry/w4b_polymarket_recensus_venue_events_v1.csv.gz,15554,Sharks vs. Oilers,oil,,
MACRO_PM_OR_ETF_EVENT_BACKTEST,registry/w4b_polymarket_recensus_venue_events_v1.csv.gz,15583,Will Trump sue Ann Selzer before inauguration?,fed,,
MACRO_PM_OR_ETF_EVENT_BACKTEST,registry/w4b_polymarket_recensus_venue_events_v1.csv.gz,15665,Fed decision in March?,fed;fomc,,
MACRO_PM_OR_ETF_EVENT_BACKTEST,registry/w4b_polymarket_recensus_venue_events_v1.csv.gz,15793,Jets vs. Bills,fed,,
MACRO_PM_OR_ETF_EVENT_BACKTEST,registry/w4b_polymarket_recensus_venue_events_v1.csv.gz,15803,Senators vs. Oilers,oil,,
MACRO_PM_OR_ETF_EVENT_BACKTEST,registry/w4b_polymarket_recensus_venue_events_v1.csv.gz,15827,Oilers vs. Kings,oil,,
MACRO_PM_OR_ETF_EVENT_BACKTEST,registry/w4b_polymarket_recensus_venue_events_v1.csv.gz,15870,Will Amazon purchase Bitcoin before July?,fed,,
MACRO_PM_OR_ETF_EVENT_BACKTEST,registry/w4b_polymarket_recensus_venue_events_v1.csv.gz,15924,How much spending will DOGE cut in first 6 months?,fed,,
MACRO_PM_OR_ETF_EVENT_BACKTEST,registry/w4b_polymarket_recensus_venue_events_v1.csv.gz,15992,Clippers vs. Thunder,fed,,
MACRO_PM_OR_ETF_EVENT_BACKTEST,registry/w4b_polymarket_recensus_venue_events_v1.csv.gz,16030,Oilers vs. Ducks,oil,,
MACRO_PM_OR_ETF_EVENT_BACKTEST,registry/w4b_polymarket_recensus_venue_events_v1.csv.gz,16043,Canadiens vs. Golden Knights,fed,,
MACRO_PM_OR_ETF_EVENT_BACKTEST,registry/w4b_polymarket_recensus_venue_events_v1.csv.gz,16052,Utah vs. Oilers,oil,,
MACRO_PM_OR_ETF_EVENT_BACKTEST,registry/w4b_polymarket_recensus_venue_events_v1.csv.gz,16067,Penguins vs. Panthers,fed,,
MACRO_PM_OR_ETF_EVENT_BACKTEST,registry/w4b_polymarket_recensus_venue_events_v1.csv.gz,16070,Ducks vs. Oilers,oil,,
MACRO_PM_OR_ETF_EVENT_BACKTEST,registry/w4b_polymarket_recensus_venue_events_v1.csv.gz,16071,Predators vs. Canucks,fed,,
MACRO_PM_OR_ETF_EVENT_BACKTEST,registry/w4b_polymarket_recensus_venue_events_v1.csv.gz,16081,Oilers vs. Kraken,oil,,
MACRO_PM_OR_ETF_EVENT_BACKTEST,registry/w4b_polymarket_recensus_venue_events_v1.csv.gz,16084,Fed rate hike in 2025?,fed;fomc;rate hike,,
MACRO_PM_OR_ETF_EVENT_BACKTEST,registry/w4b_polymarket_recensus_venue_events_v1.csv.gz,16085,How many Fed rate cuts in 2025?,fed;fomc;rate cut,,
MACRO_PM_OR_ETF_EVENT_BACKTEST,registry/w4b_polymarket_recensus_venue_events_v1.csv.gz,16089,US 10Y Treasury yield above 5% by June 30?,treasury;yield,,
MACRO_PM_OR_ETF_EVENT_BACKTEST,registry/w4b_polymarket_recensus_venue_events_v1.csv.gz,16092,US recession in 2025?,recession,,
MACRO_PM_OR_ETF_EVENT_BACKTEST,registry/w4b_polymarket_recensus_venue_events_v1.csv.gz,16093,Fed emergency rate cut in 2025?,fed;fomc;rate cut,,
MACRO_PM_OR_ETF_EVENT_BACKTEST,registry/w4b_polymarket_recensus_venue_events_v1.csv.gz,16234,Suchir Balaji foul play determined before April?,fed,,
MACRO_PM_OR_ETF_EVENT_BACKTEST,registry/w4b_polymarket_recensus_venue_events_v1.csv.gz,16257,ECB Interest Rates: January 2025,interest rate;rates,,
MACRO_PM_OR_ETF_EVENT_BACKTEST,registry/w4b_polymarket_recensus_venue_events_v1.csv.gz,16265,Will Aaron Rodgers retire?,fed,,
MACRO_PM_OR_ETF_EVENT_BACKTEST,registry/w4b_polymarket_recensus_venue_events_v1.csv.gz,16345,Oilers vs. Bruins,oil,,
MACRO_PM_OR_ETF_EVENT_BACKTEST,registry/w4b_polymarket_recensus_venue_events_v1.csv.gz,16359,Oilers vs. Penguins,oil,,
MACRO_PM_OR_ETF_EVENT_BACKTEST,registry/w4b_polymarket_recensus_venue_events_v1.csv.gz,16367,Canucks vs. Hurricanes,fed,,
MACRO_PM_OR_ETF_EVENT_BACKTEST,registry/w4b_polymarket_recensus_venue_events_v1.csv.gz,16375,Oilers vs. Blackhawks,oil,,
MACRO_PM_OR_ETF_EVENT_BACKTEST,registry/w4b_polymarket_recensus_venue_events_v1.csv.gz,16540,Sunset wildfire burns 1k or more acres by Sunday?,fed,,
MACRO_PM_OR_ETF_EVENT_BACKTEST,registry/w4b_polymarket_recensus_venue_events_v1.csv.gz,16614,Nuggets vs. Mavericks,fed,,
MACRO_PM_OR_ETF_EVENT_BACKTEST,registry/w4b_polymarket_recensus_venue_events_v1.csv.gz,16620,Magic vs. Bucks,fed,,
MACRO_PM_OR_ETF_EVENT_BACKTEST,registry/w4b_polymarket_recensus_venue_events_v1.csv.gz,16649,Kings vs. Oilers,oil,,
MACRO_PM_OR_ETF_EVENT_BACKTEST,registry/w4b_polymarket_recensus_venue_events_v1.csv.gz,16664,Oilers vs. Wild,oil,,
MACRO_PM_OR_ETF_EVENT_BACKTEST,registry/w4b_polymarket_recensus_venue_events_v1.csv.gz,16676,Oilers vs. Avalanche,oil,,
MACRO_PM_OR_ETF_EVENT_BACKTEST,registry/w4b_polymarket_recensus_venue_events_v1.csv.gz,16694,Oilers vs. Canucks,oil,,
MACRO_PM_OR_ETF_EVENT_BACKTEST,registry/w4b_polymarket_recensus_venue_events_v1.csv.gz,16695,How many jobs added in January?,payroll,,
MACRO_PM_OR_ETF_EVENT_BACKTEST,registry/w4b_polymarket_recensus_venue_events_v1.csv.gz,16707,January Unemployment Rate,unemployment,,
MACRO_PM_OR_ETF_EVENT_BACKTEST,registry/w4b_polymarket_recensus_venue_events_v1.csv.gz,16709,December Inflation - Monthly,inflation,,
MACRO_PM_OR_ETF_EVENT_BACKTEST,registry/w4b_polymarket_recensus_venue_events_v1.csv.gz,16790,January Inflation - Monthly,inflation,,
MACRO_PM_OR_ETF_EVENT_BACKTEST,registry/w4b_polymarket_recensus_venue_events_v1.csv.gz,16808,January Inflation - Annual,inflation,,
MACRO_PM_OR_ETF_EVENT_BACKTEST,registry/w4b_polymarket_recensus_venue_events_v1.csv.gz,16824,Israel announces ceasefire by Sunday?,fed,,
MACRO_PM_OR_ETF_EVENT_BACKTEST,registry/w4b_polymarket_recensus_venue_events_v1.csv.gz,16849,Ohio State vs. Notre Dame (Spread & Total),fed,,
MACRO_PM_OR_ETF_EVENT_BACKTEST,registry/w4b_polymarket_recensus_venue_events_v1.csv.gz,16910,Capitals vs. Oilers,oil,,
MACRO_PM_OR_ETF_EVENT_BACKTEST,registry/w4b_polymarket_recensus_venue_events_v1.csv.gz,16932,Canucks vs. Oilers,oil,,
MACRO_PM_OR_ETF_EVENT_BACKTEST,registry/w4b_polymarket_recensus_venue_events_v1.csv.gz,16948,Cavaliers vs. Rockets,fed,,
MACRO_PM_OR_ETF_EVENT_BACKTEST,registry/w4b_polymarket_recensus_venue_events_v1.csv.gz,17019,Bitcoin all time high by January 31?,fed,,
MACRO_PM_OR_ETF_EVENT_BACKTEST,registry/w4b_polymarket_recensus_venue_events_v1.csv.gz,17077,Trump abolishes the Federal Income Tax in 2025?,fed,,
MACRO_PM_OR_ETF_EVENT_BACKTEST,registry/w4b_polymarket_recensus_venue_events_v1.csv.gz,17140,Fed decision in May?,fed;fomc,,
MACRO_PM_OR_ETF_EVENT_BACKTEST,registry/w4b_polymarket_recensus_venue_events_v1.csv.gz,17146,Obama affair with Jennifer Aniston?,fed,,
MACRO_PM_OR_ETF_EVENT_BACKTEST,registry/w4b_polymarket_recensus_venue_events_v1.csv.gz,17157,Will US gov sell Bitcoin before March?,fed,,
MACRO_PM_OR_ETF_EVENT_BACKTEST,registry/w4b_polymarket_recensus_venue_events_v1.csv.gz,17195,Sabres vs. Oilers,oil,,
MACRO_PM_OR_ETF_EVENT_BACKTEST,registry/w4b_polymarket_recensus_venue_events_v1.csv.gz,17214,Kraken vs. Oilers,oil,,
MACRO_PM_OR_ETF_EVENT_BACKTEST,registry/w4b_polymarket_recensus_venue_events_v1.csv.gz,17235,Red Wings vs. Oilers,oil,,
MACRO_PM_OR_ETF_EVENT_BACKTEST,registry/w4b_polymarket_recensus_venue_events_v1.csv.gz,17291,Maple Leafs vs. Oilers,oil,,
MACRO_PM_OR_ETF_EVENT_BACKTEST,registry/w4b_polymarket_recensus_venue_events_v1.csv.gz,17294,Will DeepSeek still be #1 Free app on Friday?,fed,,
MACRO_PM_OR_ETF_EVENT_BACKTEST,registry/w4b_polymarket_recensus_venue_events_v1.csv.gz,17384,Celtics vs. 76ers,fed,,
MACRO_PM_OR_ETF_EVENT_BACKTEST,registry/w4b_polymarket_recensus_venue_events_v1.csv.gz,17456,How many Federal employees will accept buyout?,fed,,
MACRO_PM_OR_ETF_EVENT_BACKTEST,registry/w4b_polymarket_recensus_venue_events_v1.csv.gz,17475,What will Karoline Leavitt say during next White House press briefing?,fed,,
MACRO_PM_OR_ETF_EVENT_BACKTEST,registry/w4b_polymarket_recensus_venue_events_v1.csv.gz,17505,Jerome Powell out as Fed Chair in 2025?,fed,,
MACRO_PM_OR_ETF_EVENT_BACKTEST,registry/w4b_polymarket_recensus_venue_events_v1.csv.gz,17533,ECB Interest Rates: March 2025,interest rate;rates,,
MACRO_PM_OR_ETF_EVENT_BACKTEST,registry/w4b_polymarket_recensus_venue_events_v1.csv.gz,17553,Will Trump impose tariff on oil from Mexico or Canada by next Friday?,oil,,
MACRO_PM_OR_ETF_EVENT_BACKTEST,registry/w4b_polymarket_recensus_venue_events_v1.csv.gz,17608,Pacers vs. Trail Blazers,fed,,
MACRO_PM_OR_ETF_EVENT_BACKTEST,registry/w4b_polymarket_recensus_venue_events_v1.csv.gz,17650,Panthers vs. Capitals,fed,,
MACRO_PM_OR_ETF_EVENT_BACKTEST,registry/w4b_polymarket_recensus_venue_events_v1.csv.gz,17652,Oilers vs. Blues,oil,,
MACRO_PM_OR_ETF_EVENT_BACKTEST,registry/w4b_polymarket_recensus_venue_events_v1.csv.gz,17661,Oilers vs. Blackhawks,oil,,
MACRO_PM_OR_ETF_EVENT_BACKTEST,registry/w4b_polymarket_recensus_venue_events_v1.csv.gz,17675,Avalanche vs. Oilers,oil,,
MACRO_PM_OR_ETF_EVENT_BACKTEST,registry/w4b_polymarket_recensus_venue_events_v1.csv.gz,17775,What will Trump say during Super Bowl pregame interview?,fed,,
MACRO_PM_OR_ETF_EVENT_BACKTEST,registry/w4b_polymarket_recensus_venue_events_v1.csv.gz,17792,Fed decision in June?,fed;fomc,,
MACRO_PM_OR_ETF_EVENT_BACKTEST,registry/w4b_polymarket_recensus_venue_events_v1.csv.gz,17793,Will courts block DOGE access to Treasury payments before March?,treasury,,
MACRO_PM_OR_ETF_EVENT_BACKTEST,registry/w4b_polymarket_recensus_venue_events_v1.csv.gz,17822,US Treasury transactions on blockchain in 2025?,treasury,,
MACRO_PM_OR_ETF_EVENT_BACKTEST,registry/w4b_polymarket_recensus_venue_events_v1.csv.gz,17828,# of federal jobs cut in 2025?,fed,,
MACRO_PM_OR_ETF_EVENT_BACKTEST,registry/w4b_polymarket_recensus_venue_events_v1.csv.gz,17853,Bank of England rate cut in March meeting?,rate cut,,
MACRO_PM_OR_ETF_EVENT_BACKTEST,registry/w4b_polymarket_recensus_venue_events_v1.csv.gz,17880,How high will inflation get in 2025?,inflation,,
MACRO_PM_OR_ETF_EVENT_BACKTEST,registry/w4b_polymarket_recensus_venue_events_v1.csv.gz,17892,February Inflation - Annual,inflation,,
MACRO_PM_OR_ETF_EVENT_BACKTEST,registry/w4b_polymarket_recensus_venue_events_v1.csv.gz,17894,February Inflation - Monthly,inflation,,
MACRO_PM_OR_ETF_EVENT_BACKTEST,registry/w4b_polymarket_recensus_venue_events_v1.csv.gz,18002,Eastern Kentucky vs. Stetson,fed,,
MACRO_PM_OR_ETF_EVENT_BACKTEST,registry/w4b_polymarket_recensus_venue_events_v1.csv.gz,18016,Houston vs. Colorado,fed,,
MACRO_PM_OR_ETF_EVENT_BACKTEST,registry/w4b_polymarket_recensus_venue_events_v1.csv.gz,18119,February Unemployment Rate,unemployment,,
MACRO_PM_OR_ETF_EVENT_BACKTEST,registry/w4b_polymarket_recensus_venue_events_v1.csv.gz,18120,How many jobs added in February?,payroll,,
MACRO_PM_OR_ETF_EVENT_BACKTEST,registry/w4b_polymarket_recensus_venue_events_v1.csv.gz,18139,Fulham vs. Crystal Palace,fed,,
MACRO_PM_OR_ETF_EVENT_BACKTEST,registry/w4b_polymarket_recensus_venue_events_v1.csv.gz,18140,Pistons vs. Bulls,fed,,
MACRO_PM_OR_ETF_EVENT_BACKTEST,registry/w4b_polymarket_recensus_venue_events_v1.csv.gz,18173,Will Ron Paul audit the Federal Reserve?,fed,,
MACRO_PM_OR_ETF_EVENT_BACKTEST,registry/w4b_polymarket_recensus_venue_events_v1.csv.gz,18178,DOGE prosecutes US Treasury?,treasury,,
MACRO_PM_OR_ETF_EVENT_BACKTEST,registry/w4b_polymarket_recensus_venue_events_v1.csv.gz,18182,U.S. Federal judge impeached before April?,fed,,
MACRO_PM_OR_ETF_EVENT_BACKTEST,registry/w4b_polymarket_recensus_venue_events_v1.csv.gz,18267,Presbyterian College vs. Charleston Southern,fed,,
MACRO_PM_OR_ETF_EVENT_BACKTEST,registry/w4b_polymarket_recensus_venue_events_v1.csv.gz,18279,Oklahoma vs. Missouri,fed,,
MACRO_PM_OR_ETF_EVENT_BACKTEST,registry/w4b_polymarket_recensus_venue_events_v1.csv.gz,18421,Federal employee charged as a result of DOGE investigation?,fed,,
MACRO_PM_OR_ETF_EVENT_BACKTEST,registry/w4b_polymarket_recensus_venue_events_v1.csv.gz,18543,North Florida vs. Central Arkansas,fed,,
MACRO_PM_OR_ETF_EVENT_BACKTEST,registry/w4b_polymarket_recensus_venue_events_v1.csv.gz,18617,Cal Poly vs. CSU Northridge,fed,,
MACRO_PM_OR_ETF_EVENT_BACKTEST,registry/w4b_polymarket_recensus_venue_events_v1.csv.gz,18641,Will Trump issue an executive order on February 17?,fed,,
MACRO_PM_OR_ETF_EVENT_BACKTEST,registry/w4b_polymarket_recensus_venue_events_v1.csv.gz,18747,Oilers vs. Flyers,oil,,
MACRO_PM_OR_ETF_EVENT_BACKTEST,registry/w4b_polymarket_recensus_venue_events_v1.csv.gz,18756,Villanova vs. UConn,fed,,
MACRO_PM_OR_ETF_EVENT_BACKTEST,registry/w4b_polymarket_recensus_venue_events_v1.csv.gz,18878,Lindenwood vs. Little Rock,fed,,
MACRO_PM_OR_ETF_EVENT_BACKTEST,registry/w4b_polymarket_recensus_venue_events_v1.csv.gz,18891,Oilers vs. Capitals,oil,,
MACRO_PM_OR_ETF_EVENT_BACKTEST,registry/w4b_polymarket_recensus_venue_events_v1.csv.gz,18974,Maine vs. Binghamton,fed,,
MACRO_PM_OR_ETF_EVENT_BACKTEST,registry/w4b_polymarket_recensus_venue_events_v1.csv.gz,18999,Will Pope Francis step down before July?,fed,,
MACRO_PM_OR_ETF_EVENT_BACKTEST,registry/w4b_polymarket_recensus_venue_events_v1.csv.gz,19075,Oklahoma State vs. Kansas,fed,,
MACRO_PM_OR_ETF_EVENT_BACKTEST,registry/w4b_polymarket_recensus_venue_events_v1.csv.gz,19137,Will DOGE audit the Federal Reserve before May?,fed,,
MACRO_PM_OR_ETF_EVENT_BACKTEST,registry/w4b_polymarket_recensus_venue_events_v1.csv.gz,19161,Valparaiso vs. Southern Illinois,fed,,
MACRO_PM_OR_ETF_EVENT_BACKTEST,registry/w4b_polymarket_recensus_venue_events_v1.csv.gz,19185,Colorado State vs. UNLV,fed,,
MACRO_PM_OR_ETF_EVENT_BACKTEST,registry/w4b_polymarket_recensus_venue_events_v1.csv.gz,19201,Will Bybit hacker return stolen ETH by next Friday?,fed,,
MACRO_PM_OR_ETF_EVENT_BACKTEST,registry/w4b_polymarket_recensus_venue_events_v1.csv.gz,19202,Bybit insolvent before April?,fed,,
MACRO_PM_OR_ETF_EVENT_BACKTEST,registry/w4b_polymarket_recensus_venue_events_v1.csv.gz,19280,What chain will Kanye launch his token on?,fed,,
MACRO_PM_OR_ETF_EVENT_BACKTEST,registry/w4b_polymarket_recensus_venue_events_v1.csv.gz,19285,Nets vs. Wizards,fed,,
MACRO_PM_OR_ETF_EVENT_BACKTEST,registry/w4b_polymarket_recensus_venue_events_v1.csv.gz,19350,Oilers vs. Lightning,oil,,
MACRO_PM_OR_ETF_EVENT_BACKTEST,registry/w4b_polymarket_recensus_venue_events_v1.csv.gz,19370,Oilers vs. Panthers,oil,,
MACRO_PM_OR_ETF_EVENT_BACKTEST,registry/w4b_polymarket_recensus_venue_events_v1.csv.gz,19409,Oilers vs. Hurricanes,oil,,
MACRO_PM_OR_ETF_EVENT_BACKTEST,registry/w4b_polymarket_recensus_venue_events_v1.csv.gz,19436,Eastern Kentucky vs. North Florida,fed,,
MACRO_PM_OR_ETF_EVENT_BACKTEST,registry/w4b_polymarket_recensus_venue_events_v1.csv.gz,19451,Central Arkansas vs. Lipscomb,fed,,
MACRO_PM_OR_ETF_EVENT_BACKTEST,registry/w4b_polymarket_recensus_venue_events_v1.csv.gz,19456,Penn State vs. Indiana,fed,,
MACRO_PM_OR_ETF_EVENT_BACKTEST,registry/w4b_polymarket_recensus_venue_events_v1.csv.gz,19462,Boston College vs. Stanford,fed,,
MACRO_PM_OR_ETF_EVENT_BACKTEST,registry/w4b_polymarket_recensus_venue_events_v1.csv.gz,19484,Northern Kentucky vs. IPFW,fed,,
MACRO_PM_OR_ETF_EVENT_BACKTEST,registry/w4b_polymarket_recensus_venue_events_v1.csv.gz,19512,Predators vs. Rangers,fed,,
MACRO_PM_OR_ETF_EVENT_BACKTEST,registry/w4b_polymarket_recensus_venue_events_v1.csv.gz,19522,Western Illinois vs. Tennessee Tech,fed,,
MACRO_PM_OR_ETF_EVENT_BACKTEST,registry/w4b_polymarket_recensus_venue_events_v1.csv.gz,19555,Old Dominion vs. Coastal Carolina,fed,,
MACRO_PM_OR_ETF_EVENT_BACKTEST,registry/w4b_polymarket_recensus_venue_events_v1.csv.gz,19625,Did the FBI destroy Epstein files?,fed,,
MACRO_PM_OR_ETF_EVENT_BACKTEST,registry/w4b_polymarket_recensus_venue_events_v1.csv.gz,19636,10-year Treasury yield below 4% before April?,treasury;yield,,
MACRO_PM_OR_ETF_EVENT_BACKTEST,registry/w4b_polymarket_recensus_venue_events_v1.csv.gz,19637,How low will 10-year Treasury yield get in 2025?,treasury;yield,,
MACRO_PM_OR_ETF_EVENT_BACKTEST,registry/w4b_polymarket_recensus_venue_events_v1.csv.gz,19666,North Carolina A&T vs. Hofstra,fed,,
MACRO_PM_OR_ETF_EVENT_BACKTEST,registry/w4b_polymarket_recensus_venue_events_v1.csv.gz,19678,Air Force vs. New Mexico,fed,,
MACRO_PM_OR_ETF_EVENT_BACKTEST,registry/w4b_polymarket_recensus_venue_events_v1.csv.gz,19683,Georgescu released from custody by Friday?,fed,,
MACRO_PM_OR_ETF_EVENT_BACKTEST,registry/w4b_polymarket_recensus_venue_events_v1.csv.gz,19690,Will Trump issue an executive order on March 1?,fed,,
MACRO_PM_OR_ETF_EVENT_BACKTEST,registry/w4b_polymarket_recensus_venue_events_v1.csv.gz,19713,FedEx Cup Winner,fed,,
MACRO_PM_OR_ETF_EVENT_BACKTEST,registry/w4b_polymarket_recensus_venue_events_v1.csv.gz,19751,Oral Roberts vs. Nebraska Omaha,fed,,
MACRO_PM_OR_ETF_EVENT_BACKTEST,registry/w4b_polymarket_recensus_venue_events_v1.csv.gz,19757,Incarnate Word vs. Texas A&M Commerce,fed,,
MACRO_PM_OR_ETF_EVENT_BACKTEST,registry/w4b_polymarket_recensus_venue_events_v1.csv.gz,19774,Lindenwood vs. Tennessee Tech,fed,,
MACRO_PM_OR_ETF_EVENT_BACKTEST,registry/w4b_polymarket_recensus_venue_events_v1.csv.gz,19811,Will Trump ban federal workers from editing Wikipedia?,fed,,
MACRO_PM_OR_ETF_EVENT_BACKTEST,registry/w4b_polymarket_recensus_venue_events_v1.csv.gz,20075,Islanders vs. Rangers,fed,,
MACRO_PM_OR_ETF_EVENT_BACKTEST,registry/w4b_polymarket_recensus_venue_events_v1.csv.gz,20100,Ducks vs. Oilers,oil,,
MACRO_PM_OR_ETF_EVENT_BACKTEST,registry/w4b_polymarket_recensus_venue_events_v1.csv.gz,20116,Holy Cross vs. Lafayette,fed,,
MACRO_PM_OR_ETF_EVENT_BACKTEST,registry/w4b_polymarket_recensus_venue_events_v1.csv.gz,20131,Canadiens vs. Oilers,oil,,
MACRO_PM_OR_ETF_EVENT_BACKTEST,registry/w4b_polymarket_recensus_venue_events_v1.csv.gz,20161,Stars vs. Oilers,oil,,
MACRO_PM_OR_ETF_EVENT_BACKTEST,registry/w4b_polymarket_recensus_venue_events_v1.csv.gz,20186,Will Zelenskyy apologize to Trump by Friday?,fed,,
MACRO_PM_OR_ETF_EVENT_BACKTEST,registry/w4b_polymarket_recensus_venue_events_v1.csv.gz,20319,US GDP growth in Q1 2025?,gdp,,
MACRO_PM_OR_ETF_EVENT_BACKTEST,registry/w4b_polymarket_recensus_venue_events_v1.csv.gz,20320,Negative GDP growth in Q1 2025?,gdp,,
MACRO_PM_OR_ETF_EVENT_BACKTEST,registry/w4b_polymarket_recensus_venue_events_v1.csv.gz,20324,Will Fed end QT before May?,fed,,
MACRO_PM_OR_ETF_EVENT_BACKTEST,registry/w4b_polymarket_recensus_venue_events_v1.csv.gz,20377,Fed rate cut in 2025?,fed;fomc;rate cut,,
MACRO_PM_OR_ETF_EVENT_BACKTEST,registry/w4b_polymarket_recensus_venue_events_v1.csv.gz,20390,Brazil’s 12-month inflation below 5.50% for December 2025?,inflation,,
MACRO_PM_OR_ETF_EVENT_BACKTEST,registry/w4b_polymarket_recensus_venue_events_v1.csv.gz,20393,Brazil unemployment below 6.3% for Q4 2025?,unemployment,,
MACRO_PM_OR_ETF_EVENT_BACKTEST,registry/w4b_polymarket_recensus_venue_events_v1.csv.gz,20394,Fed abolished in 2025?,fed,,
MACRO_PM_OR_ETF_EVENT_BACKTEST,registry/w4b_polymarket_recensus_venue_events_v1.csv.gz,20448,Furman vs. Samford,fed,,
MACRO_PM_OR_ETF_EVENT_BACKTEST,registry/w4b_polymarket_recensus_venue_events_v1.csv.gz,20464,ECB Interest Rates: April 2025,interest rate;rates,,
MACRO_PM_OR_ETF_EVENT_BACKTEST,registry/w4b_polymarket_recensus_venue_events_v1.csv.gz,20468,Karen Bass recall election called before September?,fed,,
MACRO_PM_OR_ETF_EVENT_BACKTEST,registry/w4b_polymarket_recensus_venue_events_v1.csv.gz,20519,March Unemployment Rate,unemployment,,
MACRO_PM_OR_ETF_EVENT_BACKTEST,registry/w4b_polymarket_recensus_venue_events_v1.csv.gz,20521,How many jobs added in March?,payroll,,
MACRO_PM_OR_ETF_EVENT_BACKTEST,registry/w4b_polymarket_recensus_venue_events_v1.csv.gz,20573,Mavericks vs. Spurs,fed,,
MACRO_PM_OR_ETF_EVENT_BACKTEST,registry/w4b_polymarket_recensus_venue_events_v1.csv.gz,20585,Magic vs. Timberwolves,fed,,
MACRO_PM_OR_ETF_EVENT_BACKTEST,registry/w4b_polymarket_recensus_venue_events_v1.csv.gz,20590,Kings vs. Suns,fed,,
MACRO_PM_OR_ETF_EVENT_BACKTEST,registry/w4b_polymarket_recensus_venue_events_v1.csv.gz,20611,Oilers vs. Sabres,oil,,
MACRO_PM_OR_ETF_EVENT_BACKTEST,registry/w4b_polymarket_recensus_venue_events_v1.csv.gz,20659,Oilers vs. Devils,oil,,
MACRO_PM_OR_ETF_EVENT_BACKTEST,registry/w4b_polymarket_recensus_venue_events_v1.csv.gz,20670,Oilers vs. Islanders,oil,,
MACRO_PM_OR_ETF_EVENT_BACKTEST,registry/w4b_polymarket_recensus_venue_events_v1.csv.gz,20709,Oilers vs. Rangers,oil,,
MACRO_PM_OR_ETF_EVENT_BACKTEST,registry/w4b_polymarket_recensus_venue_events_v1.csv.gz,20772,Will DOGE confirm Gold missing from Fort Knox?,fed,,
MACRO_PM_OR_ETF_EVENT_BACKTEST,registry/w4b_polymarket_recensus_venue_events_v1.csv.gz,20802,Ethereum all time high before 2026?,fed,,
MACRO_PM_OR_ETF_EVENT_BACKTEST,registry/w4b_polymarket_recensus_venue_events_v1.csv.gz,20808,March Inflation - Monthly,inflation,,
MACRO_PM_OR_ETF_EVENT_BACKTEST,registry/w4b_polymarket_recensus_venue_events_v1.csv.gz,20809,March Inflation - Annual,inflation,,
MACRO_PM_OR_ETF_EVENT_BACKTEST,registry/w4b_polymarket_recensus_venue_events_v1.csv.gz,20818,XRP all time high before 2026?,fed,,
MACRO_PM_OR_ETF_EVENT_BACKTEST,registry/w4b_polymarket_recensus_venue_events_v1.csv.gz,20836,Northwestern vs. Wisconsin,fed,,
MACRO_PM_OR_ETF_EVENT_BACKTEST,registry/w4b_polymarket_recensus_venue_events_v1.csv.gz,20859,Maine vs. Bryant,fed,,
MACRO_PM_OR_ETF_EVENT_BACKTEST,registry/w4b_polymarket_recensus_venue_events_v1.csv.gz,20918,Will a #1 seed lose in the first round of NCAA Tournament?,fed,,
MACRO_PM_OR_ETF_EVENT_BACKTEST,registry/w4b_polymarket_recensus_venue_events_v1.csv.gz,20947,Kentucky vs. Alabama,fed,,
MACRO_PM_OR_ETF_EVENT_BACKTEST,registry/w4b_polymarket_recensus_venue_events_v1.csv.gz,21008,Raptors vs. Warriors,fed,,
MACRO_PM_OR_ETF_EVENT_BACKTEST,registry/w4b_polymarket_recensus_venue_events_v1.csv.gz,21034,Utah vs. Oilers,oil,,
MACRO_PM_OR_ETF_EVENT_BACKTEST,registry/w4b_polymarket_recensus_venue_events_v1.csv.gz,21106,Flyers vs. Capitals,fed,,
MACRO_PM_OR_ETF_EVENT_BACKTEST,registry/w4b_polymarket_recensus_venue_events_v1.csv.gz,21117,Jets vs. Oilers,oil,,
MACRO_PM_OR_ETF_EVENT_BACKTEST,registry/w4b_polymarket_recensus_venue_events_v1.csv.gz,21133,Kraken vs. Oilers,oil,,
MACRO_PM_OR_ETF_EVENT_BACKTEST,registry/w4b_polymarket_recensus_venue_events_v1.csv.gz,21187,UFC 314: Volkanovski vs Lopes,fed,,
MACRO_PM_OR_ETF_EVENT_BACKTEST,registry/w4b_polymarket_recensus_venue_events_v1.csv.gz,21210,>100 redactions in JFK files?,fed,,
MACRO_PM_OR_ETF_EVENT_BACKTEST,registry/w4b_polymarket_recensus_venue_events_v1.csv.gz,21251,U.S. Federal judge impeached before July?,fed,,
MACRO_PM_OR_ETF_EVENT_BACKTEST,registry/w4b_polymarket_recensus_venue_events_v1.csv.gz,21255,Fed decision in July?,fed;fomc,,
MACRO_PM_OR_ETF_EVENT_BACKTEST,registry/w4b_polymarket_recensus_venue_events_v1.csv.gz,21416,Capitals vs. Jets,fed,,
MACRO_PM_OR_ETF_EVENT_BACKTEST,registry/w4b_polymarket_recensus_venue_events_v1.csv.gz,21423,Stars vs. Oilers,oil,,
MACRO_PM_OR_ETF_EVENT_BACKTEST,registry/w4b_polymarket_recensus_venue_events_v1.csv.gz,21432,Oilers vs. Kraken,oil,,
MACRO_PM_OR_ETF_EVENT_BACKTEST,registry/w4b_polymarket_recensus_venue_events_v1.csv.gz,21448,Flames vs. Oilers,oil,,
MACRO_PM_OR_ETF_EVENT_BACKTEST,registry/w4b_polymarket_recensus_venue_events_v1.csv.gz,21539,Supreme Court blocks order forcing Trump to rehire federal workers?,fed,,
MACRO_PM_OR_ETF_EVENT_BACKTEST,registry/w4b_polymarket_recensus_venue_events_v1.csv.gz,21550,Bitcoin Up or Down on March 26?,fed,,
MACRO_PM_OR_ETF_EVENT_BACKTEST,registry/w4b_polymarket_recensus_venue_events_v1.csv.gz,21594,Poilievre out as leader of Conservatives in 2025?,fed;oil,,
MACRO_PM_OR_ETF_EVENT_BACKTEST,registry/w4b_polymarket_recensus_venue_events_v1.csv.gz,21598,Will Pierre Poilievre lose his seat?,oil,,
MACRO_PM_OR_ETF_EVENT_BACKTEST,registry/w4b_polymarket_recensus_venue_events_v1.csv.gz,21625,Bank of England rate cut in May meeting?,rate cut,,
MACRO_PM_OR_ETF_EVENT_BACKTEST,registry/w4b_polymarket_recensus_venue_events_v1.csv.gz,21689,Will Conservatives flip Liberals in the polls before the election?,fed,,
MACRO_PM_OR_ETF_EVENT_BACKTEST,registry/w4b_polymarket_recensus_venue_events_v1.csv.gz,21734,Next Government of Canada,fed,,
MACRO_PM_OR_ETF_EVENT_BACKTEST,registry/w4b_polymarket_recensus_venue_events_v1.csv.gz,21750,UEFA Europa League: Lazio vs. Bodø/Glimt (To Advance),fed,,
MACRO_PM_OR_ETF_EVENT_BACKTEST,registry/w4b_polymarket_recensus_venue_events_v1.csv.gz,21816,Lightning vs. Islanders,fed,,
MACRO_PM_OR_ETF_EVENT_BACKTEST,registry/w4b_polymarket_recensus_venue_events_v1.csv.gz,21819,Oilers vs. Golden Knights,oil,,
MACRO_PM_OR_ETF_EVENT_BACKTEST,registry/w4b_polymarket_recensus_venue_events_v1.csv.gz,21827,Lightning vs. Senators,fed,,
MACRO_PM_OR_ETF_EVENT_BACKTEST,registry/w4b_polymarket_recensus_venue_events_v1.csv.gz,21835,Oilers vs. Sharks,oil,,
MACRO_PM_OR_ETF_EVENT_BACKTEST,registry/w4b_polymarket_recensus_venue_events_v1.csv.gz,21843,Oilers vs. Kings,oil,,
MACRO_PM_OR_ETF_EVENT_BACKTEST,registry/w4b_polymarket_recensus_venue_events_v1.csv.gz,21987,Pistons vs. Raptors,fed,,
MACRO_PM_OR_ETF_EVENT_BACKTEST,registry/w4b_polymarket_recensus_venue_events_v1.csv.gz,22073,Tampa Bay Rays vs. Pittsburgh Pirates,rates,,
MACRO_PM_OR_ETF_EVENT_BACKTEST,registry/w4b_polymarket_recensus_venue_events_v1.csv.gz,22083,Baltimore Orioles vs. Boston Red Sox,fed,,
MACRO_PM_OR_ETF_EVENT_BACKTEST,registry/w4b_polymarket_recensus_venue_events_v1.csv.gz,22097,Pittsburgh Pirates vs. New York Yankees,rates,,
MACRO_PM_OR_ETF_EVENT_BACKTEST,registry/w4b_polymarket_recensus_venue_events_v1.csv.gz,22110,Pittsburgh Pirates vs. New York Yankees,rates,,
MACRO_PM_OR_ETF_EVENT_BACKTEST,registry/w4b_polymarket_recensus_venue_events_v1.csv.gz,22123,Pittsburgh Pirates vs. New York Yankees,rates,,
MACRO_PM_OR_ETF_EVENT_BACKTEST,registry/w4b_polymarket_recensus_venue_events_v1.csv.gz,22137,Pittsburgh Pirates vs. St. Louis Cardinals,rates,,
MACRO_PM_OR_ETF_EVENT_BACKTEST,registry/w4b_polymarket_recensus_venue_events_v1.csv.gz,22147,Pittsburgh Pirates vs. St. Louis Cardinals,rates,,
MACRO_PM_OR_ETF_EVENT_BACKTEST,registry/w4b_polymarket_recensus_venue_events_v1.csv.gz,22192,Pittsburgh Pirates vs. St. Louis Cardinals,fed;rates,,
MACRO_PM_OR_ETF_EVENT_BACKTEST,registry/w4b_polymarket_recensus_venue_events_v1.csv.gz,22212,Negative GDP growth in Q2 2025?,gdp,,
MACRO_PM_OR_ETF_EVENT_BACKTEST,registry/w4b_polymarket_recensus_venue_events_v1.csv.gz,22213,Negative GDP growth in Q3 2025?,gdp,,
MACRO_PM_OR_ETF_EVENT_BACKTEST,registry/w4b_polymarket_recensus_venue_events_v1.csv.gz,22214,Negative GDP growth in 2025?,gdp,,
MACRO_PM_OR_ETF_EVENT_BACKTEST,registry/w4b_polymarket_recensus_venue_events_v1.csv.gz,22216,5% GDP contraction in Q3 2025?,gdp,,
MACRO_PM_OR_ETF_EVENT_BACKTEST,registry/w4b_polymarket_recensus_venue_events_v1.csv.gz,22270,Spurs vs Trail Blazers,fed,,
MACRO_PM_OR_ETF_EVENT_BACKTEST,registry/w4b_polymarket_recensus_venue_events_v1.csv.gz,22284,Lakers vs. Thunder,fed,,
MACRO_PM_OR_ETF_EVENT_BACKTEST,registry/w4b_polymarket_recensus_venue_events_v1.csv.gz,22302,Timberwolves vs. Grizzlies,fed,,
MACRO_PM_OR_ETF_EVENT_BACKTEST,registry/w4b_polymarket_recensus_venue_events_v1.csv.gz,22325,Oilers vs. Ducks,oil,,
MACRO_PM_OR_ETF_EVENT_BACKTEST,registry/w4b_polymarket_recensus_venue_events_v1.csv.gz,22341,Blues vs. Oilers,oil,,
MACRO_PM_OR_ETF_EVENT_BACKTEST,registry/w4b_polymarket_recensus_venue_events_v1.csv.gz,22355,Sharks vs. Oilers,oil,,
MACRO_PM_OR_ETF_EVENT_BACKTEST,registry/w4b_polymarket_recensus_venue_events_v1.csv.gz,22399,Oilers vs. Jets,oil,,
MACRO_PM_OR_ETF_EVENT_BACKTEST,registry/w4b_polymarket_recensus_venue_events_v1.csv.gz,22418,April Unemployment Rate,unemployment,,
MACRO_PM_OR_ETF_EVENT_BACKTEST,registry/w4b_polymarket_recensus_venue_events_v1.csv.gz,22420,Ethereum Up or Down on April 9?,fed,,
MACRO_PM_OR_ETF_EVENT_BACKTEST,registry/w4b_polymarket_recensus_venue_events_v1.csv.gz,22426,How many jobs added in April?,payroll,,
MACRO_PM_OR_ETF_EVENT_BACKTEST,registry/w4b_polymarket_recensus_venue_events_v1.csv.gz,22436,What will Warren Buffett say during May 3 Shareholders Meeting?,fomc,,
MACRO_PM_OR_ETF_EVENT_BACKTEST,registry/w4b_polymarket_recensus_venue_events_v1.csv.gz,22449,Fed rate cut by June meeting?,fed;fomc;rate cut,,
MACRO_PM_OR_ETF_EVENT_BACKTEST,registry/w4b_polymarket_recensus_venue_events_v1.csv.gz,22460,Nuggets vs Kings,fed,,
MACRO_PM_OR_ETF_EVENT_BACKTEST,registry/w4b_polymarket_recensus_venue_events_v1.csv.gz,22508,How high will 10-year Treasury yield go in April?,treasury;yield,,
MACRO_PM_OR_ETF_EVENT_BACKTEST,registry/w4b_polymarket_recensus_venue_events_v1.csv.gz,22509,How high will 10-year Treasury yield go in 2025?,treasury;yield,,
MACRO_PM_OR_ETF_EVENT_BACKTEST,registry/w4b_polymarket_recensus_venue_events_v1.csv.gz,22510,10-year Treasury yield on Friday?,treasury;yield,,
MACRO_PM_OR_ETF_EVENT_BACKTEST,registry/w4b_polymarket_recensus_venue_events_v1.csv.gz,22522,Turnout in 2025 Canadian Federal Election?,fed,,
MACRO_PM_OR_ETF_EVENT_BACKTEST,registry/w4b_polymarket_recensus_venue_events_v1.csv.gz,22542,Philadelphia Phillies vs. Atlanta Braves,fed,,
MACRO_PM_OR_ETF_EVENT_BACKTEST,registry/w4b_polymarket_recensus_venue_events_v1.csv.gz,22544,Pittsburgh Pirates vs. Cincinnati Reds,rates,,
MACRO_PM_OR_ETF_EVENT_BACKTEST,registry/w4b_polymarket_recensus_venue_events_v1.csv.gz,22582,April Inflation - Annual,inflation,,
MACRO_PM_OR_ETF_EVENT_BACKTEST,registry/w4b_polymarket_recensus_venue_events_v1.csv.gz,22618,Pittsburgh Pirates vs. Cincinnati Reds,rates,,
MACRO_PM_OR_ETF_EVENT_BACKTEST,registry/w4b_polymarket_recensus_venue_events_v1.csv.gz,22650,10-year Treasury yield >4.5% Friday?,treasury;yield,,
MACRO_PM_OR_ETF_EVENT_BACKTEST,registry/w4b_polymarket_recensus_venue_events_v1.csv.gz,22682,Clippers vs Warriors,fed,,
MACRO_PM_OR_ETF_EVENT_BACKTEST,registry/w4b_polymarket_recensus_venue_events_v1.csv.gz,22688,Wizards vs Heat,fed,,
MACRO_PM_OR_ETF_EVENT_BACKTEST,registry/w4b_polymarket_recensus_venue_events_v1.csv.gz,22694,Pittsburgh Pirates vs. Cincinnati Reds,rates,,
MACRO_PM_OR_ETF_EVENT_BACKTEST,registry/w4b_polymarket_recensus_venue_events_v1.csv.gz,22703,Milwaukee Brewers vs. Arizona Diamondbacks,fed,,
MACRO_PM_OR_ETF_EVENT_BACKTEST,registry/w4b_polymarket_recensus_venue_events_v1.csv.gz,22717,Kings vs. Oilers,oil,,
MACRO_PM_OR_ETF_EVENT_BACKTEST,registry/w4b_polymarket_recensus_venue_events_v1.csv.gz,22734,Oilers vs. Sharks,oil,,
MACRO_PM_OR_ETF_EVENT_BACKTEST,registry/w4b_polymarket_recensus_venue_events_v1.csv.gz,22746,Washington Nationals vs. Pittsburgh Pirates,rates,,
MACRO_PM_OR_ETF_EVENT_BACKTEST,registry/w4b_polymarket_recensus_venue_events_v1.csv.gz,22765,Washington Nationals vs. Pittsburgh Pirates,rates,,
MACRO_PM_OR_ETF_EVENT_BACKTEST,registry/w4b_polymarket_recensus_venue_events_v1.csv.gz,22816,Canadian Election Debate Mentions: Carney,fed,,
MACRO_PM_OR_ETF_EVENT_BACKTEST,registry/w4b_polymarket_recensus_venue_events_v1.csv.gz,22818,Canadian Election Debate Mentions: Poilievre,oil,,
MACRO_PM_OR_ETF_EVENT_BACKTEST,registry/w4b_polymarket_recensus_venue_events_v1.csv.gz,22831,Washington Nationals vs. Pittsburgh Pirates,rates,,
MACRO_PM_OR_ETF_EVENT_BACKTEST,registry/w4b_polymarket_recensus_venue_events_v1.csv.gz,22848,Highest temperature in London on April 17?,fed,,
MACRO_PM_OR_ETF_EVENT_BACKTEST,registry/w4b_polymarket_recensus_venue_events_v1.csv.gz,22861,UFC Fight Night: Machado Garry vs. Prates,rates,,
MACRO_PM_OR_ETF_EVENT_BACKTEST,registry/w4b_polymarket_recensus_venue_events_v1.csv.gz,22868,ChatGPT o3 released by Friday?,fed,,
MACRO_PM_OR_ETF_EVENT_BACKTEST,registry/w4b_polymarket_recensus_venue_events_v1.csv.gz,22875,Washington Nationals vs. Pittsburgh Pirates,rates,,
MACRO_PM_OR_ETF_EVENT_BACKTEST,registry/w4b_polymarket_recensus_venue_events_v1.csv.gz,22890,NBA Playoffs: Knicks vs. Pistons series outcome,fed,,
MACRO_PM_OR_ETF_EVENT_BACKTEST,registry/w4b_polymarket_recensus_venue_events_v1.csv.gz,22923,4chan confirmed Fed operation?,fed,,
MACRO_PM_OR_ETF_EVENT_BACKTEST,registry/w4b_polymarket_recensus_venue_events_v1.csv.gz,22943,Cleveland Guardians vs. Pittsburgh Pirates,rates,,
MACRO_PM_OR_ETF_EVENT_BACKTEST,registry/w4b_polymarket_recensus_venue_events_v1.csv.gz,22977,ECB Interest Rates: June 2025,interest rate;rates,,
MACRO_PM_OR_ETF_EVENT_BACKTEST,registry/w4b_polymarket_recensus_venue_events_v1.csv.gz,22978,Will Russia capture Siversk by August 31?,fed,,
MACRO_PM_OR_ETF_EVENT_BACKTEST,registry/w4b_polymarket_recensus_venue_events_v1.csv.gz,23002,Oilers vs. Kings,oil,,
MACRO_PM_OR_ETF_EVENT_BACKTEST,registry/w4b_polymarket_recensus_venue_events_v1.csv.gz,23009,Oilers vs. Kings,oil,,
MACRO_PM_OR_ETF_EVENT_BACKTEST,registry/w4b_polymarket_recensus_venue_events_v1.csv.gz,23036,Cleveland Guardians vs. Pittsburgh Pirates,rates,,
MACRO_PM_OR_ETF_EVENT_BACKTEST,registry/w4b_polymarket_recensus_venue_events_v1.csv.gz,23066,Ethereum price on April 25?,fed,,
MACRO_PM_OR_ETF_EVENT_BACKTEST,registry/w4b_polymarket_recensus_venue_events_v1.csv.gz,23081,10-year Treasury yield >4.4% Friday?,treasury;yield,,
MACRO_PM_OR_ETF_EVENT_BACKTEST,registry/w4b_polymarket_recensus_venue_events_v1.csv.gz,23085,Who will Trump announce as next Fed Chair in 2025?,fed,,
MACRO_PM_OR_ETF_EVENT_BACKTEST,registry/w4b_polymarket_recensus_venue_events_v1.csv.gz,23106,Kings vs. Oilers,oil,,
MACRO_PM_OR_ETF_EVENT_BACKTEST,registry/w4b_polymarket_recensus_venue_events_v1.csv.gz,23119,Cleveland Guardians vs. Pittsburgh Pirates,rates,,
MACRO_PM_OR_ETF_EVENT_BACKTEST,registry/w4b_polymarket_recensus_venue_events_v1.csv.gz,23176,Pittsburgh Pirates vs. Los Angeles Angels,rates,,
MACRO_PM_OR_ETF_EVENT_BACKTEST,registry/w4b_polymarket_recensus_venue_events_v1.csv.gz,23196,NHL Playoffs: Oilers vs. Kings (To Advance),oil,,
MACRO_PM_OR_ETF_EVENT_BACKTEST,registry/w4b_polymarket_recensus_venue_events_v1.csv.gz,23228,Pittsburgh Pirates vs. Los Angeles Angels,rates,,
MACRO_PM_OR_ETF_EVENT_BACKTEST,registry/w4b_polymarket_recensus_venue_events_v1.csv.gz,23232,La Liga: Valencia vs. Espanyol,fed,,
MACRO_PM_OR_ETF_EVENT_BACKTEST,registry/w4b_polymarket_recensus_venue_events_v1.csv.gz,23233,La Liga: Barcelona vs. Mallorca,fed,,
MACRO_PM_OR_ETF_EVENT_BACKTEST,registry/w4b_polymarket_recensus_venue_events_v1.csv.gz,23271,La Liga: 2nd Place,fed,,
MACRO_PM_OR_ETF_EVENT_BACKTEST,registry/w4b_polymarket_recensus_venue_events_v1.csv.gz,23291,Pittsburgh Pirates vs. Los Angeles Angels,rates,,
MACRO_PM_OR_ETF_EVENT_BACKTEST,registry/w4b_polymarket_recensus_venue_events_v1.csv.gz,23312,Ethereum Up or Down on April 25?,fed,,
MACRO_PM_OR_ETF_EVENT_BACKTEST,registry/w4b_polymarket_recensus_venue_events_v1.csv.gz,23356,Miami Marlins vs. Seattle Mariners,fed,,
MACRO_PM_OR_ETF_EVENT_BACKTEST,registry/w4b_polymarket_recensus_venue_events_v1.csv.gz,23359,Pittsburgh Pirates vs. Los Angeles Dodgers,rates,,
MACRO_PM_OR_ETF_EVENT_BACKTEST,registry/w4b_polymarket_recensus_venue_events_v1.csv.gz,23405,Pirates vs. Dodgers,rates,,
MACRO_PM_OR_ETF_EVENT_BACKTEST,registry/w4b_polymarket_recensus_venue_events_v1.csv.gz,23440,10-year Treasury yield >4.3% Friday?,treasury;yield,,
MACRO_PM_OR_ETF_EVENT_BACKTEST,registry/w4b_polymarket_recensus_venue_events_v1.csv.gz,23467,Kings vs. Oilers,oil,,
MACRO_PM_OR_ETF_EVENT_BACKTEST,registry/w4b_polymarket_recensus_venue_events_v1.csv.gz,23475,Astros vs. Royals,fed,,
MACRO_PM_OR_ETF_EVENT_BACKTEST,registry/w4b_polymarket_recensus_venue_events_v1.csv.gz,23481,Pirates vs. Dodgers,rates,,
MACRO_PM_OR_ETF_EVENT_BACKTEST,registry/w4b_polymarket_recensus_venue_events_v1.csv.gz,23514,Oilers vs. Kings,oil,,
MACRO_PM_OR_ETF_EVENT_BACKTEST,registry/w4b_polymarket_recensus_venue_events_v1.csv.gz,23526,Cubs vs. Pirates,rates,,
MACRO_PM_OR_ETF_EVENT_BACKTEST,registry/w4b_polymarket_recensus_venue_events_v1.csv.gz,23559,Highest temperature in NYC on April 30?,fed,,
MACRO_PM_OR_ETF_EVENT_BACKTEST,registry/w4b_polymarket_recensus_venue_events_v1.csv.gz,23562,Will Alan Keating finish up? - Million Dollar Game Day 1,dollar,,
MACRO_PM_OR_ETF_EVENT_BACKTEST,registry/w4b_polymarket_recensus_venue_events_v1.csv.gz,23563,Largest pot of all time on 2025 Hustler Casino Million Dollar Game?,dollar,,
MACRO_PM_OR_ETF_EVENT_BACKTEST,registry/w4b_polymarket_recensus_venue_events_v1.csv.gz,23580,Poilievre resigns as leader of Conservatives by Friday?,oil,,
MACRO_PM_OR_ETF_EVENT_BACKTEST,registry/w4b_polymarket_recensus_venue_events_v1.csv.gz,23581,Poilievre resigns as leader of Conservatives before June?,oil,,
MACRO_PM_OR_ETF_EVENT_BACKTEST,registry/w4b_polymarket_recensus_venue_events_v1.csv.gz,23587,Kings vs. Oilers,oil,,
MACRO_PM_OR_ETF_EVENT_BACKTEST,registry/w4b_polymarket_recensus_venue_events_v1.csv.gz,23601,Cubs vs. Pirates,rates,,
MACRO_PM_OR_ETF_EVENT_BACKTEST,registry/w4b_polymarket_recensus_venue_events_v1.csv.gz,23640,Jets vs. Blues,fed,,
MACRO_PM_OR_ETF_EVENT_BACKTEST,registry/w4b_polymarket_recensus_venue_events_v1.csv.gz,23644,Cubs vs. Pirates,rates,,
MACRO_PM_OR_ETF_EVENT_BACKTEST,registry/w4b_polymarket_recensus_venue_events_v1.csv.gz,23700,US GDP growth in Q2 2025?,gdp,,
MACRO_PM_OR_ETF_EVENT_BACKTEST,registry/w4b_polymarket_recensus_venue_events_v1.csv.gz,23701,Will Poilievre regain a seat in Canadian Parliament in 2025?,oil,,
MACRO_PM_OR_ETF_EVENT_BACKTEST,registry/w4b_polymarket_recensus_venue_events_v1.csv.gz,23718,Padres vs. Pirates,rates,,
MACRO_PM_OR_ETF_EVENT_BACKTEST,registry/w4b_polymarket_recensus_venue_events_v1.csv.gz,23720,Royals vs. Orioles,fed,,
MACRO_PM_OR_ETF_EVENT_BACKTEST,registry/w4b_polymarket_recensus_venue_events_v1.csv.gz,23752,Bodo/Glimt vs. Tottenham,fed,,
MACRO_PM_OR_ETF_EVENT_BACKTEST,registry/w4b_polymarket_recensus_venue_events_v1.csv.gz,23763,Padres vs. Pirates,rates,,
MACRO_PM_OR_ETF_EVENT_BACKTEST,registry/w4b_polymarket_recensus_venue_events_v1.csv.gz,23778,NHL Playoffs: Golden Knights vs. Oilers (To Advance),oil,,
MACRO_PM_OR_ETF_EVENT_BACKTEST,registry/w4b_polymarket_recensus_venue_events_v1.csv.gz,23798,How many jobs added in May?,payroll,,
MACRO_PM_OR_ETF_EVENT_BACKTEST,registry/w4b_polymarket_recensus_venue_events_v1.csv.gz,23803,May Unemployment Rate,unemployment,,
MACRO_PM_OR_ETF_EVENT_BACKTEST,registry/w4b_polymarket_recensus_venue_events_v1.csv.gz,23844,Padres vs. Pirates,rates,,
MACRO_PM_OR_ETF_EVENT_BACKTEST,registry/w4b_polymarket_recensus_venue_events_v1.csv.gz,23868,Pirates vs. Cardinals,rates,,
MACRO_PM_OR_ETF_EVENT_BACKTEST,registry/w4b_polymarket_recensus_venue_events_v1.csv.gz,23871,Oilers vs. Golden Knights,oil,,
MACRO_PM_OR_ETF_EVENT_BACKTEST,registry/w4b_polymarket_recensus_venue_events_v1.csv.gz,23903,Pirates vs. Cardinals,rates,,
MACRO_PM_OR_ETF_EVENT_BACKTEST,registry/w4b_polymarket_recensus_venue_events_v1.csv.gz,23934,10-year Treasury yield >4.3% Friday?,treasury;yield,,
MACRO_PM_OR_ETF_EVENT_BACKTEST,registry/w4b_polymarket_recensus_venue_events_v1.csv.gz,23961,Oilers vs. Golden Knights,oil,,
MACRO_PM_OR_ETF_EVENT_BACKTEST,registry/w4b_polymarket_recensus_venue_events_v1.csv.gz,23966,Pirates vs. Cardinals,rates,,
MACRO_PM_OR_ETF_EVENT_BACKTEST,registry/w4b_polymarket_recensus_venue_events_v1.csv.gz,24076,Pakistan air/missile strike on Indian soil by Friday?,oil,,
MACRO_PM_OR_ETF_EVENT_BACKTEST,registry/w4b_polymarket_recensus_venue_events_v1.csv.gz,24087,Fed decision in September?,fed;fomc,,
MACRO_PM_OR_ETF_EVENT_BACKTEST,registry/w4b_polymarket_recensus_venue_events_v1.csv.gz,24094,Pakistan air/missile strike on Indian soil in May?,oil,,
MACRO_PM_OR_ETF_EVENT_BACKTEST,registry/w4b_polymarket_recensus_venue_events_v1.csv.gz,24098,Golden Knights vs. Oilers,oil,,
MACRO_PM_OR_ETF_EVENT_BACKTEST,registry/w4b_polymarket_recensus_venue_events_v1.csv.gz,24103,Braves vs. Pirates,rates,,
MACRO_PM_OR_ETF_EVENT_BACKTEST,registry/w4b_polymarket_recensus_venue_events_v1.csv.gz,24182,Ethereum price on May 16?,fed,,
MACRO_PM_OR_ETF_EVENT_BACKTEST,registry/w4b_polymarket_recensus_venue_events_v1.csv.gz,24196,10-year Treasury yield >4.4% Friday?,treasury;yield,,
MACRO_PM_OR_ETF_EVENT_BACKTEST,registry/w4b_polymarket_recensus_venue_events_v1.csv.gz,24216,Golden Knights vs. Oilers,oil,,
MACRO_PM_OR_ETF_EVENT_BACKTEST,registry/w4b_polymarket_recensus_venue_events_v1.csv.gz,24218,Braves vs. Pirates,rates,,
MACRO_PM_OR_ETF_EVENT_BACKTEST,registry/w4b_polymarket_recensus_venue_events_v1.csv.gz,24234,Braves vs. Pirates,rates,,
MACRO_PM_OR_ETF_EVENT_BACKTEST,registry/w4b_polymarket_recensus_venue_events_v1.csv.gz,24249,Pakistan air/missile strike on Indian soil by Friday?,oil,,
MACRO_PM_OR_ETF_EVENT_BACKTEST,registry/w4b_polymarket_recensus_venue_events_v1.csv.gz,24251,India air/missile strike on Pakistan soil by Friday?,oil,,
MACRO_PM_OR_ETF_EVENT_BACKTEST,registry/w4b_polymarket_recensus_venue_events_v1.csv.gz,24272,Panthers vs. Maple Leafs,fed,,
MACRO_PM_OR_ETF_EVENT_BACKTEST,registry/w4b_polymarket_recensus_venue_events_v1.csv.gz,24278,Pirates vs. Mets,rates,,
MACRO_PM_OR_ETF_EVENT_BACKTEST,registry/w4b_polymarket_recensus_venue_events_v1.csv.gz,24287,Oilers vs. Golden Knights,oil,,
MACRO_PM_OR_ETF_EVENT_BACKTEST,registry/w4b_polymarket_recensus_venue_events_v1.csv.gz,24319,Pirates vs. Mets,rates,,
MACRO_PM_OR_ETF_EVENT_BACKTEST,registry/w4b_polymarket_recensus_venue_events_v1.csv.gz,24334,ETH/BTC Up or Down on May 14?,fed,,
MACRO_PM_OR_ETF_EVENT_BACKTEST,registry/w4b_polymarket_recensus_venue_events_v1.csv.gz,24407,Brewers vs. Guardians,fed,,
MACRO_PM_OR_ETF_EVENT_BACKTEST,registry/w4b_polymarket_recensus_venue_events_v1.csv.gz,24413,Pirates vs. Mets,rates,,
MACRO_PM_OR_ETF_EVENT_BACKTEST,registry/w4b_polymarket_recensus_venue_events_v1.csv.gz,24432,May Inflation - Monthly,inflation,,
MACRO_PM_OR_ETF_EVENT_BACKTEST,registry/w4b_polymarket_recensus_venue_events_v1.csv.gz,24433,May Inflation - Annual,inflation,,
MACRO_PM_OR_ETF_EVENT_BACKTEST,registry/w4b_polymarket_recensus_venue_events_v1.csv.gz,24437,NFL Schedule: Who will Lions play on Thanksgiving?,fed,,
MACRO_PM_OR_ETF_EVENT_BACKTEST,registry/w4b_polymarket_recensus_venue_events_v1.csv.gz,24449,"""Mission: Impossible - The Final Reckoning"" Opening Weekend Box Office",fed,,
MACRO_PM_OR_ETF_EVENT_BACKTEST,registry/w4b_polymarket_recensus_venue_events_v1.csv.gz,24456,La Liga: Real Madrid vs. Mallorca,fed,,
MACRO_PM_OR_ETF_EVENT_BACKTEST,registry/w4b_polymarket_recensus_venue_events_v1.csv.gz,24550,Pirates vs. Phillies,fed;rates,,
MACRO_PM_OR_ETF_EVENT_BACKTEST,registry/w4b_polymarket_recensus_venue_events_v1.csv.gz,24578,10-year Treasury yield >4.5% next Friday?,treasury;yield,,
MACRO_PM_OR_ETF_EVENT_BACKTEST,registry/w4b_polymarket_recensus_venue_events_v1.csv.gz,24611,Pirates vs. Phillies,rates,,
MACRO_PM_OR_ETF_EVENT_BACKTEST,registry/w4b_polymarket_recensus_venue_events_v1.csv.gz,24701,Pirates vs. Phillies,rates,,
MACRO_PM_OR_ETF_EVENT_BACKTEST,registry/w4b_polymarket_recensus_venue_events_v1.csv.gz,24707,Cardinals vs. Royals,fed,,
MACRO_PM_OR_ETF_EVENT_BACKTEST,registry/w4b_polymarket_recensus_venue_events_v1.csv.gz,24723,NHL Playoffs: Stars vs. Oilers series outcome,oil,,
MACRO_PM_OR_ETF_EVENT_BACKTEST,registry/w4b_polymarket_recensus_venue_events_v1.csv.gz,24725,Reds vs. Pirates,rates,,
MACRO_PM_OR_ETF_EVENT_BACKTEST,registry/w4b_polymarket_recensus_venue_events_v1.csv.gz,24746,Oilers vs. Stars,oil,,
MACRO_PM_OR_ETF_EVENT_BACKTEST,registry/w4b_polymarket_recensus_venue_events_v1.csv.gz,24755,Reds vs. Pirates,rates,,
MACRO_PM_OR_ETF_EVENT_BACKTEST,registry/w4b_polymarket_recensus_venue_events_v1.csv.gz,24761,Mariners vs. White Sox,fed,,
MACRO_PM_OR_ETF_EVENT_BACKTEST,registry/w4b_polymarket_recensus_venue_events_v1.csv.gz,24792,Any more New Orleans escapees captured by Friday?,fed,,
MACRO_PM_OR_ETF_EVENT_BACKTEST,registry/w4b_polymarket_recensus_venue_events_v1.csv.gz,24806,WNBA MVP,fed,,
MACRO_PM_OR_ETF_EVENT_BACKTEST,registry/w4b_polymarket_recensus_venue_events_v1.csv.gz,24813,ETH/BTC Up or Down on May 22?,fed,,
MACRO_PM_OR_ETF_EVENT_BACKTEST,registry/w4b_polymarket_recensus_venue_events_v1.csv.gz,24834,Reds vs. Pirates,rates,,
MACRO_PM_OR_ETF_EVENT_BACKTEST,registry/w4b_polymarket_recensus_venue_events_v1.csv.gz,24857,"Bitcoin above $106,000 on May 27?",fed,,
MACRO_PM_OR_ETF_EVENT_BACKTEST,registry/w4b_polymarket_recensus_venue_events_v1.csv.gz,24900,Oilers vs. Stars,oil,,
MACRO_PM_OR_ETF_EVENT_BACKTEST,registry/w4b_polymarket_recensus_venue_events_v1.csv.gz,24906,Israel strike on Iranian nuclear facility before July?,fed,,
MACRO_PM_OR_ETF_EVENT_BACKTEST,registry/w4b_polymarket_recensus_venue_events_v1.csv.gz,24919,Phillies vs. Rockies,fed,,
MACRO_PM_OR_ETF_EVENT_BACKTEST,registry/w4b_polymarket_recensus_venue_events_v1.csv.gz,24921,Brewers vs. Pirates,rates,,
MACRO_PM_OR_ETF_EVENT_BACKTEST,registry/w4b_polymarket_recensus_venue_events_v1.csv.gz,24952,Tony Awards: Best Play,fed,,
MACRO_PM_OR_ETF_EVENT_BACKTEST,registry/w4b_polymarket_recensus_venue_events_v1.csv.gz,24973,Brewers vs. Pirates,rates,,
MACRO_PM_OR_ETF_EVENT_BACKTEST,registry/w4b_polymarket_recensus_venue_events_v1.csv.gz,24978,Orioles vs. Red Sox,fed,,
MACRO_PM_OR_ETF_EVENT_BACKTEST,registry/w4b_polymarket_recensus_venue_events_v1.csv.gz,25031,Stars vs. Oilers,oil,,
MACRO_PM_OR_ETF_EVENT_BACKTEST,registry/w4b_polymarket_recensus_venue_events_v1.csv.gz,25039,"1,100+ Measles cases in U.S. before June?",fed,,
MACRO_PM_OR_ETF_EVENT_BACKTEST,registry/w4b_polymarket_recensus_venue_events_v1.csv.gz,25055,Brewers vs. Pirates,rates,,
MACRO_PM_OR_ETF_EVENT_BACKTEST,registry/w4b_polymarket_recensus_venue_events_v1.csv.gz,25085,Wings vs Dream,fed,,
MACRO_PM_OR_ETF_EVENT_BACKTEST,registry/w4b_polymarket_recensus_venue_events_v1.csv.gz,25130,Brewers vs. Pirates,rates,,
MACRO_PM_OR_ETF_EVENT_BACKTEST,registry/w4b_polymarket_recensus_venue_events_v1.csv.gz,25145,Sky vs Sparks,fed,,
MACRO_PM_OR_ETF_EVENT_BACKTEST,registry/w4b_polymarket_recensus_venue_events_v1.csv.gz,25151,Stars vs. Oilers,oil,,
MACRO_PM_OR_ETF_EVENT_BACKTEST,registry/w4b_polymarket_recensus_venue_events_v1.csv.gz,25163,Pirates vs. Diamondbacks,rates,,
MACRO_PM_OR_ETF_EVENT_BACKTEST,registry/w4b_polymarket_recensus_venue_events_v1.csv.gz,25190,Pirates vs. Diamondbacks,rates,,
MACRO_PM_OR_ETF_EVENT_BACKTEST,registry/w4b_polymarket_recensus_venue_events_v1.csv.gz,25227,Oilers vs. Stars,oil,,
MACRO_PM_OR_ETF_EVENT_BACKTEST,registry/w4b_polymarket_recensus_venue_events_v1.csv.gz,25240,Pirates vs. Diamondbacks,rates,,
MACRO_PM_OR_ETF_EVENT_BACKTEST,registry/w4b_polymarket_recensus_venue_events_v1.csv.gz,25263,Bitcoin Up or Down – May 28 (12 PM ET Candle),fed,,
MACRO_PM_OR_ETF_EVENT_BACKTEST,registry/w4b_polymarket_recensus_venue_events_v1.csv.gz,25393,'Bring Her Back' Opening Weekend Box Office,fed,,
MACRO_PM_OR_ETF_EVENT_BACKTEST,registry/w4b_polymarket_recensus_venue_events_v1.csv.gz,25415,NHL Stanley Cup: Panthers vs. Oilers series outcome,oil,,
MACRO_PM_OR_ETF_EVENT_BACKTEST,registry/w4b_polymarket_recensus_venue_events_v1.csv.gz,25423,Red Sox vs. Braves,fed,,
MACRO_PM_OR_ETF_EVENT_BACKTEST,registry/w4b_polymarket_recensus_venue_events_v1.csv.gz,25427,Pirates vs. Padres,rates,,
MACRO_PM_OR_ETF_EVENT_BACKTEST,registry/w4b_polymarket_recensus_venue_events_v1.csv.gz,25471,Highest temperature in Dubai on May 31?,fed,,
MACRO_PM_OR_ETF_EVENT_BACKTEST,registry/w4b_polymarket_recensus_venue_events_v1.csv.gz,25479,Heisman Trophy Winner,fed,,
MACRO_PM_OR_ETF_EVENT_BACKTEST,registry/w4b_polymarket_recensus_venue_events_v1.csv.gz,25512,Pirates vs. Padres,rates,,
MACRO_PM_OR_ETF_EVENT_BACKTEST,registry/w4b_polymarket_recensus_venue_events_v1.csv.gz,25588,10-year Treasury yield >4.5% Friday?,treasury;yield,,
MACRO_PM_OR_ETF_EVENT_BACKTEST,registry/w4b_polymarket_recensus_venue_events_v1.csv.gz,25615,Pirates vs. Padres,rates,,
MACRO_PM_OR_ETF_EVENT_BACKTEST,registry/w4b_polymarket_recensus_venue_events_v1.csv.gz,25669,"Bitcoin Up or Down - June 2, 4 PM ET",fed,,
MACRO_PM_OR_ETF_EVENT_BACKTEST,registry/w4b_polymarket_recensus_venue_events_v1.csv.gz,25683,Panthers vs. Oilers,oil,,
MACRO_PM_OR_ETF_EVENT_BACKTEST,registry/w4b_polymarket_recensus_venue_events_v1.csv.gz,25689,Punjab Kings vs. Royal Challengers Bangalore,fed,,
MACRO_PM_OR_ETF_EVENT_BACKTEST,registry/w4b_polymarket_recensus_venue_events_v1.csv.gz,25691,Astros vs. Pirates,rates,,
MACRO_PM_OR_ETF_EVENT_BACKTEST,registry/w4b_polymarket_recensus_venue_events_v1.csv.gz,25731,"Bitcoin Up or Down - June 3, 6 AM ET",fed,,
MACRO_PM_OR_ETF_EVENT_BACKTEST,registry/w4b_polymarket_recensus_venue_events_v1.csv.gz,25746,"Bitcoin Up or Down - June 3, 10 PM ET",fed,,
MACRO_PM_OR_ETF_EVENT_BACKTEST,registry/w4b_polymarket_recensus_venue_events_v1.csv.gz,25778,Will Matthew Tkachuk score 1+ goals against the Oilers?,oil,,
MACRO_PM_OR_ETF_EVENT_BACKTEST,registry/w4b_polymarket_recensus_venue_events_v1.csv.gz,25835,Astros vs. Pirates,rates,,
MACRO_PM_OR_ETF_EVENT_BACKTEST,registry/w4b_polymarket_recensus_venue_events_v1.csv.gz,25872,"Bitcoin Up or Down - June 5, 3 PM ET",fed,,
MACRO_PM_OR_ETF_EVENT_BACKTEST,registry/w4b_polymarket_recensus_venue_events_v1.csv.gz,25942,Panthers vs. Oilers,oil,,
MACRO_PM_OR_ETF_EVENT_BACKTEST,registry/w4b_polymarket_recensus_venue_events_v1.csv.gz,25952,Astros vs. Pirates,rates,,
MACRO_PM_OR_ETF_EVENT_BACKTEST,registry/w4b_polymarket_recensus_venue_events_v1.csv.gz,26014,Phillies vs. Pirates,rates,,
MACRO_PM_OR_ETF_EVENT_BACKTEST,registry/w4b_polymarket_recensus_venue_events_v1.csv.gz,26077,Trump travel ban on more countries before July?,fed,,
MACRO_PM_OR_ETF_EVENT_BACKTEST,registry/w4b_polymarket_recensus_venue_events_v1.csv.gz,26123,Phillies vs. Pirates,rates,,
MACRO_PM_OR_ETF_EVENT_BACKTEST,registry/w4b_polymarket_recensus_venue_events_v1.csv.gz,26234,10-year Treasury yield >4.5% Friday?,treasury;yield,,
MACRO_PM_OR_ETF_EVENT_BACKTEST,registry/w4b_polymarket_recensus_venue_events_v1.csv.gz,26236,How many jobs added in June?,payroll,,
MACRO_PM_OR_ETF_EVENT_BACKTEST,registry/w4b_polymarket_recensus_venue_events_v1.csv.gz,26238,June Unemployment Rate,unemployment,,
MACRO_PM_OR_ETF_EVENT_BACKTEST,registry/w4b_polymarket_recensus_venue_events_v1.csv.gz,26248,"Bitcoin Up or Down - June 10, 9 AM ET",fed,,
MACRO_PM_OR_ETF_EVENT_BACKTEST,registry/w4b_polymarket_recensus_venue_events_v1.csv.gz,26267,Oilers vs. Panthers,oil,,
MACRO_PM_OR_ETF_EVENT_BACKTEST,registry/w4b_polymarket_recensus_venue_events_v1.csv.gz,26280,Phillies vs. Pirates,rates,,
MACRO_PM_OR_ETF_EVENT_BACKTEST,registry/w4b_polymarket_recensus_venue_events_v1.csv.gz,26317,Marlins vs. Pirates,fed;rates,,
MACRO_PM_OR_ETF_EVENT_BACKTEST,registry/w4b_polymarket_recensus_venue_events_v1.csv.gz,26355,Marlins vs. Pirates,rates,,
MACRO_PM_OR_ETF_EVENT_BACKTEST,registry/w4b_polymarket_recensus_venue_events_v1.csv.gz,26406,"Bitcoin Up or Down - June 11, 11 AM ET",fed,,
MACRO_PM_OR_ETF_EVENT_BACKTEST,registry/w4b_polymarket_recensus_venue_events_v1.csv.gz,26413,"Bitcoin Up or Down - June 11, 3 PM ET",fed,,
MACRO_PM_OR_ETF_EVENT_BACKTEST,registry/w4b_polymarket_recensus_venue_events_v1.csv.gz,26423,"Ethereum Up or Down - June 11, 8PM ET",fed,,
MACRO_PM_OR_ETF_EVENT_BACKTEST,registry/w4b_polymarket_recensus_venue_events_v1.csv.gz,26500,ECB Interest Rates: July 2025,interest rate;rates,,
MACRO_PM_OR_ETF_EVENT_BACKTEST,registry/w4b_polymarket_recensus_venue_events_v1.csv.gz,26501,Oilers vs. Panthers,oil,,
MACRO_PM_OR_ETF_EVENT_BACKTEST,registry/w4b_polymarket_recensus_venue_events_v1.csv.gz,26512,Marlins vs. Pirates,rates,,
MACRO_PM_OR_ETF_EVENT_BACKTEST,registry/w4b_polymarket_recensus_venue_events_v1.csv.gz,26513,Cubs vs. Phillies,fed,,
MACRO_PM_OR_ETF_EVENT_BACKTEST,registry/w4b_polymarket_recensus_venue_events_v1.csv.gz,26615,"Ethereum Up or Down - June 13, 12 PM ET",fed,,
MACRO_PM_OR_ETF_EVENT_BACKTEST,registry/w4b_polymarket_recensus_venue_events_v1.csv.gz,26626,"Bitcoin Up or Down - June 13, 7 PM ET",fed,,
MACRO_PM_OR_ETF_EVENT_BACKTEST,registry/w4b_polymarket_recensus_venue_events_v1.csv.gz,26688,Pirates vs. Cubs,rates,,
MACRO_PM_OR_ETF_EVENT_BACKTEST,registry/w4b_polymarket_recensus_venue_events_v1.csv.gz,26717,June Inflation - Monthly,inflation,,
MACRO_PM_OR_ETF_EVENT_BACKTEST,registry/w4b_polymarket_recensus_venue_events_v1.csv.gz,26718,June Inflation - Annual,inflation,,
MACRO_PM_OR_ETF_EVENT_BACKTEST,registry/w4b_polymarket_recensus_venue_events_v1.csv.gz,26740,Israel strikes Iranian oil in June?,oil,,
MACRO_PM_OR_ETF_EVENT_BACKTEST,registry/w4b_polymarket_recensus_venue_events_v1.csv.gz,26752,Panthers vs. Oilers,oil,,
MACRO_PM_OR_ETF_EVENT_BACKTEST,registry/w4b_polymarket_recensus_venue_events_v1.csv.gz,26763,Pirates vs. Cubs,rates,,
MACRO_PM_OR_ETF_EVENT_BACKTEST,registry/w4b_polymarket_recensus_venue_events_v1.csv.gz,26826,"Ethereum Up or Down - June 14, 1 PM ET",fed,,
MACRO_PM_OR_ETF_EVENT_BACKTEST,registry/w4b_polymarket_recensus_venue_events_v1.csv.gz,26832,"Bitcoin Up or Down - June 14, 12 AM ET",fed,,
MACRO_PM_OR_ETF_EVENT_BACKTEST,registry/w4b_polymarket_recensus_venue_events_v1.csv.gz,26893,Will Iran strike Gulf oil facilities before July?,oil,,
MACRO_PM_OR_ETF_EVENT_BACKTEST,registry/w4b_polymarket_recensus_venue_events_v1.csv.gz,26900,Will the Kharg Island oil terminal be hit in June?,oil,,
MACRO_PM_OR_ETF_EVENT_BACKTEST,registry/w4b_polymarket_recensus_venue_events_v1.csv.gz,26909,Pirates vs. Cubs,rates,,
MACRO_PM_OR_ETF_EVENT_BACKTEST,registry/w4b_polymarket_recensus_venue_events_v1.csv.gz,26926,Bitcoin Up or Down on June 16?,fed,,
MACRO_PM_OR_ETF_EVENT_BACKTEST,registry/w4b_polymarket_recensus_venue_events_v1.csv.gz,26932,Solana Up or Down on June 17?,fed,,
MACRO_PM_OR_ETF_EVENT_BACKTEST,registry/w4b_polymarket_recensus_venue_events_v1.csv.gz,27133,10-year Treasury yield >4.5% Friday?,treasury;yield,,
MACRO_PM_OR_ETF_EVENT_BACKTEST,registry/w4b_polymarket_recensus_venue_events_v1.csv.gz,27144,Reds vs. Tigers,fed,,
MACRO_PM_OR_ETF_EVENT_BACKTEST,registry/w4b_polymarket_recensus_venue_events_v1.csv.gz,27154,Pirates vs. Cubs,rates,,
MACRO_PM_OR_ETF_EVENT_BACKTEST,registry/w4b_polymarket_recensus_venue_events_v1.csv.gz,27163,2025 College World Series Winner,fed,,
MACRO_PM_OR_ETF_EVENT_BACKTEST,registry/w4b_polymarket_recensus_venue_events_v1.csv.gz,27174,Oilers vs. Panthers,oil,,
MACRO_PM_OR_ETF_EVENT_BACKTEST,registry/w4b_polymarket_recensus_venue_events_v1.csv.gz,27208,Pirates vs. Tigers,rates,,
MACRO_PM_OR_ETF_EVENT_BACKTEST,registry/w4b_polymarket_recensus_venue_events_v1.csv.gz,27234,Flamengo vs.  Esperance Sportive de Tunis: 3+ Goals Scored?,fed,,
MACRO_PM_OR_ETF_EVENT_BACKTEST,registry/w4b_polymarket_recensus_venue_events_v1.csv.gz,27278,"Ethereum Up or Down - June 18, 11 AM ET",fed,,
MACRO_PM_OR_ETF_EVENT_BACKTEST,registry/w4b_polymarket_recensus_venue_events_v1.csv.gz,27321,"Bitcoin Up or Down - June 18, 9 PM ET",fed,,
MACRO_PM_OR_ETF_EVENT_BACKTEST,registry/w4b_polymarket_recensus_venue_events_v1.csv.gz,27339,Will OPEC cut production by next meeting?,fed;opec,,
MACRO_PM_OR_ETF_EVENT_BACKTEST,registry/w4b_polymarket_recensus_venue_events_v1.csv.gz,27385,Bank of Canada Interest Rates: July 2025,interest rate;rates,,
MACRO_PM_OR_ETF_EVENT_BACKTEST,registry/w4b_polymarket_recensus_venue_events_v1.csv.gz,27408,Pirates vs. Tigers,rates,,
MACRO_PM_OR_ETF_EVENT_BACKTEST,registry/w4b_polymarket_recensus_venue_events_v1.csv.gz,27415,Orioles vs. Rays,fed,,
MACRO_PM_OR_ETF_EVENT_BACKTEST,registry/w4b_polymarket_recensus_venue_events_v1.csv.gz,27419,Guardians vs. Giants,fed,,
MACRO_PM_OR_ETF_EVENT_BACKTEST,registry/w4b_polymarket_recensus_venue_events_v1.csv.gz,27463,"Bitcoin Up or Down - June 19, 10PM ET",fed,,
MACRO_PM_OR_ETF_EVENT_BACKTEST,registry/w4b_polymarket_recensus_venue_events_v1.csv.gz,27531,HSBC Championships: Evans vs. Nakashima,fed,,
MACRO_PM_OR_ETF_EVENT_BACKTEST,registry/w4b_polymarket_recensus_venue_events_v1.csv.gz,27569,Pirates vs. Tigers,rates,,
MACRO_PM_OR_ETF_EVENT_BACKTEST,registry/w4b_polymarket_recensus_venue_events_v1.csv.gz,27614,"Bitcoin Up or Down - June 20, 8AM ET",fed,,
MACRO_PM_OR_ETF_EVENT_BACKTEST,registry/w4b_polymarket_recensus_venue_events_v1.csv.gz,27657,"Solana Up or Down - June 20, 3AM ET",fed,,
MACRO_PM_OR_ETF_EVENT_BACKTEST,registry/w4b_polymarket_recensus_venue_events_v1.csv.gz,27713,Rangers vs. Pirates,rates,,
MACRO_PM_OR_ETF_EVENT_BACKTEST,registry/w4b_polymarket_recensus_venue_events_v1.csv.gz,27737,"Ethereum Price - June 20, 5PM ET",fed,,
MACRO_PM_OR_ETF_EVENT_BACKTEST,registry/w4b_polymarket_recensus_venue_events_v1.csv.gz,27813,"Solana Up or Down - June 21, 11PM ET",fed,,
MACRO_PM_OR_ETF_EVENT_BACKTEST,registry/w4b_polymarket_recensus_venue_events_v1.csv.gz,27824,Fed decision in October?,fed;fomc,,
MACRO_PM_OR_ETF_EVENT_BACKTEST,registry/w4b_polymarket_recensus_venue_events_v1.csv.gz,27871,Rangers vs. Pirates,rates,,
MACRO_PM_OR_ETF_EVENT_BACKTEST,registry/w4b_polymarket_recensus_venue_events_v1.csv.gz,27876,Diamondbacks vs. Rockies,fed,,
MACRO_PM_OR_ETF_EVENT_BACKTEST,registry/w4b_polymarket_recensus_venue_events_v1.csv.gz,27890,10-year Treasury yield >4.5% Friday?,treasury;yield,,
MACRO_PM_OR_ETF_EVENT_BACKTEST,registry/w4b_polymarket_recensus_venue_events_v1.csv.gz,27929,"Ethereum Up or Down - June 22, 3AM ET",fed,,
MACRO_PM_OR_ETF_EVENT_BACKTEST,registry/w4b_polymarket_recensus_venue_events_v1.csv.gz,28094,"Ethereum Up or Down - June 24, 8PM ET",fed,,
MACRO_PM_OR_ETF_EVENT_BACKTEST,registry/w4b_polymarket_recensus_venue_events_v1.csv.gz,28139,Trump signs bill selling federal land before September?,fed,,
MACRO_PM_OR_ETF_EVENT_BACKTEST,registry/w4b_polymarket_recensus_venue_events_v1.csv.gz,28178,Rangers vs. Pirates,rates,,
MACRO_PM_OR_ETF_EVENT_BACKTEST,registry/w4b_polymarket_recensus_venue_events_v1.csv.gz,28221,Will Iran strike Gulf oil facilities before September?,oil,,
MACRO_PM_OR_ETF_EVENT_BACKTEST,registry/w4b_polymarket_recensus_venue_events_v1.csv.gz,28231,Pirates vs. Brewers,rates,,
MACRO_PM_OR_ETF_EVENT_BACKTEST,registry/w4b_polymarket_recensus_venue_events_v1.csv.gz,28248,FIFA Club World Cup: Urawa vs. Monterrey,fed,,
MACRO_PM_OR_ETF_EVENT_BACKTEST,registry/w4b_polymarket_recensus_venue_events_v1.csv.gz,28265,Diamondbacks vs. White Sox,fed,,
MACRO_PM_OR_ETF_EVENT_BACKTEST,registry/w4b_polymarket_recensus_venue_events_v1.csv.gz,28267,Pirates vs. Brewers,rates,,
MACRO_PM_OR_ETF_EVENT_BACKTEST,registry/w4b_polymarket_recensus_venue_events_v1.csv.gz,28297,"XRP Up or Down - June 24, 8PM ET",fed,,
MACRO_PM_OR_ETF_EVENT_BACKTEST,registry/w4b_polymarket_recensus_venue_events_v1.csv.gz,28421,"XRP Up or Down - June 25, 9AM ET",fed,,
MACRO_PM_OR_ETF_EVENT_BACKTEST,registry/w4b_polymarket_recensus_venue_events_v1.csv.gz,28458,Pirates vs. Brewers,rates,,
MACRO_PM_OR_ETF_EVENT_BACKTEST,registry/w4b_polymarket_recensus_venue_events_v1.csv.gz,28480,XRP Up or Down on June 26?,fed,,
MACRO_PM_OR_ETF_EVENT_BACKTEST,registry/w4b_polymarket_recensus_venue_events_v1.csv.gz,28589,Lexus Eastbourne Open: Mensik vs. Opelka,fed,,
MACRO_PM_OR_ETF_EVENT_BACKTEST,registry/w4b_polymarket_recensus_venue_events_v1.csv.gz,28843,Mets vs. Pirates,rates,,
MACRO_PM_OR_ETF_EVENT_BACKTEST,registry/w4b_polymarket_recensus_venue_events_v1.csv.gz,29000,F1 British Grand Prix: Head to Head Matchups,fed,,
MACRO_PM_OR_ETF_EVENT_BACKTEST,registry/w4b_polymarket_recensus_venue_events_v1.csv.gz,29036,Mets vs. Pirates,rates,,
MACRO_PM_OR_ETF_EVENT_BACKTEST,registry/w4b_polymarket_recensus_venue_events_v1.csv.gz,29121,"Solana Up or Down - June 29, 8PM ET",fed,,
MACRO_PM_OR_ETF_EVENT_BACKTEST,registry/w4b_polymarket_recensus_venue_events_v1.csv.gz,29180,"Bitcoin Up or Down - June 30, 11PM ET",fed,,
MACRO_PM_OR_ETF_EVENT_BACKTEST,registry/w4b_polymarket_recensus_venue_events_v1.csv.gz,29195,"Ethereum Up or Down - June 30, 4PM ET",fed,,
MACRO_PM_OR_ETF_EVENT_BACKTEST,registry/w4b_polymarket_recensus_venue_events_v1.csv.gz,29204,"Ethereum Up or Down - June 30, 3PM ET",fed,,
MACRO_PM_OR_ETF_EVENT_BACKTEST,registry/w4b_polymarket_recensus_venue_events_v1.csv.gz,29227,"Solana Up or Down - June 30, 11AM ET",fed,,
MACRO_PM_OR_ETF_EVENT_BACKTEST,registry/w4b_polymarket_recensus_venue_events_v1.csv.gz,29244,"XRP Up or Down - June 30, 2PM ET",fed,,
MACRO_PM_OR_ETF_EVENT_BACKTEST,registry/w4b_polymarket_recensus_venue_events_v1.csv.gz,29251,"XRP Up or Down - June 30, 11AM ET",fed,,
MACRO_PM_OR_ETF_EVENT_BACKTEST,registry/w4b_polymarket_recensus_venue_events_v1.csv.gz,29274,"Bitcoin Up or Down - July 1, 12PM ET",fed,,
MACRO_PM_OR_ETF_EVENT_BACKTEST,registry/w4b_polymarket_recensus_venue_events_v1.csv.gz,29334,"XRP Up or Down - July 1, 10PM ET",fed,,
MACRO_PM_OR_ETF_EVENT_BACKTEST,registry/w4b_polymarket_recensus_venue_events_v1.csv.gz,29384,10-year Treasury yield >4.5% Friday?,treasury;yield,,
MACRO_PM_OR_ETF_EVENT_BACKTEST,registry/w4b_polymarket_recensus_venue_events_v1.csv.gz,29401,Mets vs. Pirates,rates,,
MACRO_PM_OR_ETF_EVENT_BACKTEST,registry/w4b_polymarket_recensus_venue_events_v1.csv.gz,29567,"Bitcoin Up or Down - July 13, 12AM ET",fed,,
MACRO_PM_OR_ETF_EVENT_BACKTEST,registry/w4b_polymarket_recensus_venue_events_v1.csv.gz,29661,"Bitcoin Up or Down - July 8, 8PM ET",fed,,
MACRO_PM_OR_ETF_EVENT_BACKTEST,registry/w4b_polymarket_recensus_venue_events_v1.csv.gz,29779,"Bitcoin Up or Down - July 13, 6AM ET",fed,,
MACRO_PM_OR_ETF_EVENT_BACKTEST,registry/w4b_polymarket_recensus_venue_events_v1.csv.gz,29801,"Bitcoin Up or Down - July 13, 4AM ET",fed,,
MACRO_PM_OR_ETF_EVENT_BACKTEST,registry/w4b_polymarket_recensus_venue_events_v1.csv.gz,29926,"Bitcoin Up or Down - July 14, 8PM ET",fed,,
MACRO_PM_OR_ETF_EVENT_BACKTEST,registry/w4b_polymarket_recensus_venue_events_v1.csv.gz,29933,"Bitcoin Up or Down - July 8, 8AM ET",fed,,
MACRO_PM_OR_ETF_EVENT_BACKTEST,registry/w4b_polymarket_recensus_venue_events_v1.csv.gz,30097,Cardinals vs. Pirates,rates,,
MACRO_PM_OR_ETF_EVENT_BACKTEST,registry/w4b_polymarket_recensus_venue_events_v1.csv.gz,30110,Yankees vs. Blue Jays,fed,,
MACRO_PM_OR_ETF_EVENT_BACKTEST,registry/w4b_polymarket_recensus_venue_events_v1.csv.gz,30113,Cardinals vs. Pirates,rates,,
MACRO_PM_OR_ETF_EVENT_BACKTEST,registry/w4b_polymarket_recensus_venue_events_v1.csv.gz,30122,Royals vs. Mariners,fed,,
MACRO_PM_OR_ETF_EVENT_BACKTEST,registry/w4b_polymarket_recensus_venue_events_v1.csv.gz,30129,XRP Up or Down on July 2?,fed,,
MACRO_PM_OR_ETF_EVENT_BACKTEST,registry/w4b_polymarket_recensus_venue_events_v1.csv.gz,30274,"Solana Up or Down - July 3, 5AM ET",fed,,
MACRO_PM_OR_ETF_EVENT_BACKTEST,registry/w4b_polymarket_recensus_venue_events_v1.csv.gz,30358,Will OpenAI release an open source model before September?,fed,,
MACRO_PM_OR_ETF_EVENT_BACKTEST,registry/w4b_polymarket_recensus_venue_events_v1.csv.gz,30374,Apple Siri partnership with OpenAI/Anthropic before September?,fed,,
MACRO_PM_OR_ETF_EVENT_BACKTEST,registry/w4b_polymarket_recensus_venue_events_v1.csv.gz,30402,Cardinals vs. Pirates,rates,,
MACRO_PM_OR_ETF_EVENT_BACKTEST,registry/w4b_polymarket_recensus_venue_events_v1.csv.gz,30442,Zohran Mamdani arrested before September?,fed,,
MACRO_PM_OR_ETF_EVENT_BACKTEST,registry/w4b_polymarket_recensus_venue_events_v1.csv.gz,30527,"Ethereum Up or Down - July 4, 10PM ET",fed,,
MACRO_PM_OR_ETF_EVENT_BACKTEST,registry/w4b_polymarket_recensus_venue_events_v1.csv.gz,30583,"Bitcoin Up or Down - July 4, 6AM ET",fed,,
MACRO_PM_OR_ETF_EVENT_BACKTEST,registry/w4b_polymarket_recensus_venue_events_v1.csv.gz,30614,June jobs report prints negative?,payroll,,
MACRO_PM_OR_ETF_EVENT_BACKTEST,registry/w4b_polymarket_recensus_venue_events_v1.csv.gz,30672,Pirates vs. Mariners,rates,,
MACRO_PM_OR_ETF_EVENT_BACKTEST,registry/w4b_polymarket_recensus_venue_events_v1.csv.gz,30805,Wimbledon: Darderi vs. Thompson,fed,,
MACRO_PM_OR_ETF_EVENT_BACKTEST,registry/w4b_polymarket_recensus_venue_events_v1.csv.gz,30832,July Unemployment Rate,unemployment,,
MACRO_PM_OR_ETF_EVENT_BACKTEST,registry/w4b_polymarket_recensus_venue_events_v1.csv.gz,30833,July jobs report prints negative?,payroll,,
MACRO_PM_OR_ETF_EVENT_BACKTEST,registry/w4b_polymarket_recensus_venue_events_v1.csv.gz,30834,How many jobs added in July?,payroll,,
MACRO_PM_OR_ETF_EVENT_BACKTEST,registry/w4b_polymarket_recensus_venue_events_v1.csv.gz,30851,Pirates vs. Mariners,rates,,
MACRO_PM_OR_ETF_EVENT_BACKTEST,registry/w4b_polymarket_recensus_venue_events_v1.csv.gz,30882,"Ethereum Up or Down - July 6, 9PM ET",fed,,
MACRO_PM_OR_ETF_EVENT_BACKTEST,registry/w4b_polymarket_recensus_venue_events_v1.csv.gz,30984,"Solana Up or Down - July 7, 10PM ET",fed,,
MACRO_PM_OR_ETF_EVENT_BACKTEST,registry/w4b_polymarket_recensus_venue_events_v1.csv.gz,30996,"XRP Up or Down - July 7, 9AM ET",fed,,
MACRO_PM_OR_ETF_EVENT_BACKTEST,registry/w4b_polymarket_recensus_venue_events_v1.csv.gz,31055,"Solana Up or Down - July 8, 7PM ET",fed,,
MACRO_PM_OR_ETF_EVENT_BACKTEST,registry/w4b_polymarket_recensus_venue_events_v1.csv.gz,31071,"XRP Up or Down - July 8, 7PM ET",fed,,
MACRO_PM_OR_ETF_EVENT_BACKTEST,registry/w4b_polymarket_recensus_venue_events_v1.csv.gz,31091,Dogecoin Up or Down on July 8?,fed,,
MACRO_PM_OR_ETF_EVENT_BACKTEST,registry/w4b_polymarket_recensus_venue_events_v1.csv.gz,31096,10-year Treasury yield >4.3% Friday?,treasury;yield,,
MACRO_PM_OR_ETF_EVENT_BACKTEST,registry/w4b_polymarket_recensus_venue_events_v1.csv.gz,31103,MSI Playoffs: Gen.G vs. Anyone's Legend,fed,,
MACRO_PM_OR_ETF_EVENT_BACKTEST,registry/w4b_polymarket_recensus_venue_events_v1.csv.gz,31143,Pirates vs. Mariners,rates,,
MACRO_PM_OR_ETF_EVENT_BACKTEST,registry/w4b_polymarket_recensus_venue_events_v1.csv.gz,31175,Pirates vs. Royals,rates,,
MACRO_PM_OR_ETF_EVENT_BACKTEST,registry/w4b_polymarket_recensus_venue_events_v1.csv.gz,31212,America Party candidate on a federal or gubernatorial ballot in 2025?,fed,,
MACRO_PM_OR_ETF_EVENT_BACKTEST,registry/w4b_polymarket_recensus_venue_events_v1.csv.gz,31213,America Party wins a federal or gubernatorial election in 2025?,fed,,
MACRO_PM_OR_ETF_EVENT_BACKTEST,registry/w4b_polymarket_recensus_venue_events_v1.csv.gz,31242,Pirates vs. Royals,rates,,
MACRO_PM_OR_ETF_EVENT_BACKTEST,registry/w4b_polymarket_recensus_venue_events_v1.csv.gz,31251,Bitcoin Up or Down on July 9?,fed,,
MACRO_PM_OR_ETF_EVENT_BACKTEST,registry/w4b_polymarket_recensus_venue_events_v1.csv.gz,31410,Epstein or Maxwell confirmed Mossad operatives in 2025?,fed,,
MACRO_PM_OR_ETF_EVENT_BACKTEST,registry/w4b_polymarket_recensus_venue_events_v1.csv.gz,31422,Pirates vs. Royals,rates,,
MACRO_PM_OR_ETF_EVENT_BACKTEST,registry/w4b_polymarket_recensus_venue_events_v1.csv.gz,31427,Diamondbacks vs. Padres,fed,,
MACRO_PM_OR_ETF_EVENT_BACKTEST,registry/w4b_polymarket_recensus_venue_events_v1.csv.gz,31606,"Ethereum Up or Down - July 11, 2PM ET",fed,,
MACRO_PM_OR_ETF_EVENT_BACKTEST,registry/w4b_polymarket_recensus_venue_events_v1.csv.gz,31624,"Solana Up or Down - July 11, 10AM ET",fed,,
MACRO_PM_OR_ETF_EVENT_BACKTEST,registry/w4b_polymarket_recensus_venue_events_v1.csv.gz,31661,"XRP Up or Down - July 11, 7AM ET",fed,,
MACRO_PM_OR_ETF_EVENT_BACKTEST,registry/w4b_polymarket_recensus_venue_events_v1.csv.gz,31664,"XRP Up or Down - July 11, 6PM ET",fed,,
MACRO_PM_OR_ETF_EVENT_BACKTEST,registry/w4b_polymarket_recensus_venue_events_v1.csv.gz,31700,Bitcoin price on July 16?,fed,,
MACRO_PM_OR_ETF_EVENT_BACKTEST,registry/w4b_polymarket_recensus_venue_events_v1.csv.gz,31762,Bucks vs. Clippers,fed,,
MACRO_PM_OR_ETF_EVENT_BACKTEST,registry/w4b_polymarket_recensus_venue_events_v1.csv.gz,31773,Pirates vs. Twins,rates,,
MACRO_PM_OR_ETF_EVENT_BACKTEST,registry/w4b_polymarket_recensus_venue_events_v1.csv.gz,31802,"Ethereum Up or Down - July 12, 4PM ET",fed,,
MACRO_PM_OR_ETF_EVENT_BACKTEST,registry/w4b_polymarket_recensus_venue_events_v1.csv.gz,31850,"XRP Up or Down - July 12, 2PM ET",fed,,
MACRO_PM_OR_ETF_EVENT_BACKTEST,registry/w4b_polymarket_recensus_venue_events_v1.csv.gz,31879,UFC 318: Holloway vs Poirier 3 – Method of Win,fed,,
MACRO_PM_OR_ETF_EVENT_BACKTEST,registry/w4b_polymarket_recensus_venue_events_v1.csv.gz,31919,Pirates vs. Twins,rates,,
MACRO_PM_OR_ETF_EVENT_BACKTEST,registry/w4b_polymarket_recensus_venue_events_v1.csv.gz,31954,"Ethereum Up or Down - July 13, 8PM ET",fed,,
MACRO_PM_OR_ETF_EVENT_BACKTEST,registry/w4b_polymarket_recensus_venue_events_v1.csv.gz,31975,"Ethereum Up or Down - July 13, 2AM ET",fed,,
MACRO_PM_OR_ETF_EVENT_BACKTEST,registry/w4b_polymarket_recensus_venue_events_v1.csv.gz,32000,"Solana Up or Down - July 13, 7AM ET",fed,,
MACRO_PM_OR_ETF_EVENT_BACKTEST,registry/w4b_polymarket_recensus_venue_events_v1.csv.gz,32039,"Ethereum Up or Down - July 14, 5AM ET",fed,,
MACRO_PM_OR_ETF_EVENT_BACKTEST,registry/w4b_polymarket_recensus_venue_events_v1.csv.gz,32071,"Solana Up or Down - July 14, 3PM ET",fed,,
MACRO_PM_OR_ETF_EVENT_BACKTEST,registry/w4b_polymarket_recensus_venue_events_v1.csv.gz,32136,"Solana Up or Down - July 15, 8AM ET",fed,,
MACRO_PM_OR_ETF_EVENT_BACKTEST,registry/w4b_polymarket_recensus_venue_events_v1.csv.gz,32213,10-year Treasury yield >4.4% Friday?,treasury;yield,,
MACRO_PM_OR_ETF_EVENT_BACKTEST,registry/w4b_polymarket_recensus_venue_events_v1.csv.gz,32249,Pirates vs. Twins,rates,,
MACRO_PM_OR_ETF_EVENT_BACKTEST,registry/w4b_polymarket_recensus_venue_events_v1.csv.gz,32271,Bucks vs. Bulls,fed,,
MACRO_PM_OR_ETF_EVENT_BACKTEST,registry/w4b_polymarket_recensus_venue_events_v1.csv.gz,32322,MLB All-Star Game,fed,,
MACRO_PM_OR_ETF_EVENT_BACKTEST,registry/w4b_polymarket_recensus_venue_events_v1.csv.gz,32474,"Ethereum Up or Down - July 17, 6PM ET",fed,,
MACRO_PM_OR_ETF_EVENT_BACKTEST,registry/w4b_polymarket_recensus_venue_events_v1.csv.gz,32575,July Inflation - Monthly,inflation,,
MACRO_PM_OR_ETF_EVENT_BACKTEST,registry/w4b_polymarket_recensus_venue_events_v1.csv.gz,32581,July Inflation - Annual,inflation,,
MACRO_PM_OR_ETF_EVENT_BACKTEST,registry/w4b_polymarket_recensus_venue_events_v1.csv.gz,32584,Fed rate cut by...?,fed;fomc;rate cut,,
MACRO_PM_OR_ETF_EVENT_BACKTEST,registry/w4b_polymarket_recensus_venue_events_v1.csv.gz,32591,SailGP – Emirates Great Britain winner,rates,,
MACRO_PM_OR_ETF_EVENT_BACKTEST,registry/w4b_polymarket_recensus_venue_events_v1.csv.gz,32732,FISSURE Playground 1: BetBoom and HEROIC,fed,,
MACRO_PM_OR_ETF_EVENT_BACKTEST,registry/w4b_polymarket_recensus_venue_events_v1.csv.gz,32766,Jerome Powell out as Fed Chair by July 31?,fed,,
MACRO_PM_OR_ETF_EVENT_BACKTEST,registry/w4b_polymarket_recensus_venue_events_v1.csv.gz,32767,Jerome Powell out as Fed Chair by August 31?,fed,,
MACRO_PM_OR_ETF_EVENT_BACKTEST,registry/w4b_polymarket_recensus_venue_events_v1.csv.gz,32793,MLS Soccer: Houston vs. Philadelphia,fed,,
MACRO_PM_OR_ETF_EVENT_BACKTEST,registry/w4b_polymarket_recensus_venue_events_v1.csv.gz,32816,Red Sox vs. Cubs,fed,,
MACRO_PM_OR_ETF_EVENT_BACKTEST,registry/w4b_polymarket_recensus_venue_events_v1.csv.gz,32817,White Sox vs. Pirates,rates,,
MACRO_PM_OR_ETF_EVENT_BACKTEST,registry/w4b_polymarket_recensus_venue_events_v1.csv.gz,32870,"Solana Up or Down - July 19, 4PM ET",fed,,
MACRO_PM_OR_ETF_EVENT_BACKTEST,registry/w4b_polymarket_recensus_venue_events_v1.csv.gz,32916,ATP Los Cabos: Walton vs. Duckworth,fed,,
MACRO_PM_OR_ETF_EVENT_BACKTEST,registry/w4b_polymarket_recensus_venue_events_v1.csv.gz,32946,Syria strikes Israel by July 31?,fed,,
MACRO_PM_OR_ETF_EVENT_BACKTEST,registry/w4b_polymarket_recensus_venue_events_v1.csv.gz,33011,"Solana Up or Down - July 20, 12PM ET",fed,,
MACRO_PM_OR_ETF_EVENT_BACKTEST,registry/w4b_polymarket_recensus_venue_events_v1.csv.gz,33047,"XRP Up or Down - July 20, 4PM ET",fed,,
MACRO_PM_OR_ETF_EVENT_BACKTEST,registry/w4b_polymarket_recensus_venue_events_v1.csv.gz,33048,"Ethereum Up or Down - July 21, 1AM ET",fed,,
MACRO_PM_OR_ETF_EVENT_BACKTEST,registry/w4b_polymarket_recensus_venue_events_v1.csv.gz,33062,"Ethereum Up or Down - July 21, 6PM ET",fed,,
MACRO_PM_OR_ETF_EVENT_BACKTEST,registry/w4b_polymarket_recensus_venue_events_v1.csv.gz,33129,"Ethereum Up or Down - July 22, 6AM ET",fed,,
MACRO_PM_OR_ETF_EVENT_BACKTEST,registry/w4b_polymarket_recensus_venue_events_v1.csv.gz,33139,"Ethereum Up or Down - July 22, 10PM ET",fed,,
MACRO_PM_OR_ETF_EVENT_BACKTEST,registry/w4b_polymarket_recensus_venue_events_v1.csv.gz,33169,"XRP Up or Down - July 22, 2AM ET",fed,,
MACRO_PM_OR_ETF_EVENT_BACKTEST,registry/w4b_polymarket_recensus_venue_events_v1.csv.gz,33230,10-year Treasury yield >4.4% Friday?,treasury;yield,,
MACRO_PM_OR_ETF_EVENT_BACKTEST,registry/w4b_polymarket_recensus_venue_events_v1.csv.gz,33251,White Sox vs. Pirates,rates,,
MACRO_PM_OR_ETF_EVENT_BACKTEST,registry/w4b_polymarket_recensus_venue_events_v1.csv.gz,33252,Padres vs. Nationals,fed,,
MACRO_PM_OR_ETF_EVENT_BACKTEST,registry/w4b_polymarket_recensus_venue_events_v1.csv.gz,33264,White Sox vs. Pirates,rates,,
MACRO_PM_OR_ETF_EVENT_BACKTEST,registry/w4b_polymarket_recensus_venue_events_v1.csv.gz,33278,"Ethereum Price - July 20, 5PM ET",fed,,
MACRO_PM_OR_ETF_EVENT_BACKTEST,registry/w4b_polymarket_recensus_venue_events_v1.csv.gz,33299,Tigers vs. Pirates,rates,,
MACRO_PM_OR_ETF_EVENT_BACKTEST,registry/w4b_polymarket_recensus_venue_events_v1.csv.gz,33333,Tigers vs. Pirates,rates,,
MACRO_PM_OR_ETF_EVENT_BACKTEST,registry/w4b_polymarket_recensus_venue_events_v1.csv.gz,33381,"Ethereum Up or Down - July 23, 6PM ET",fed,,
MACRO_PM_OR_ETF_EVENT_BACKTEST,registry/w4b_polymarket_recensus_venue_events_v1.csv.gz,33386,"Solana Up or Down - July 23, 10AM ET",fed,,
MACRO_PM_OR_ETF_EVENT_BACKTEST,registry/w4b_polymarket_recensus_venue_events_v1.csv.gz,33464,What price will Ethereum hit July 21-27?,fed,,
MACRO_PM_OR_ETF_EVENT_BACKTEST,registry/w4b_polymarket_recensus_venue_events_v1.csv.gz,33477,Jerome Powell federally charged by August 31?,fed,,
MACRO_PM_OR_ETF_EVENT_BACKTEST,registry/w4b_polymarket_recensus_venue_events_v1.csv.gz,33498,Israel strikes Syria by July 31?,fed,,
MACRO_PM_OR_ETF_EVENT_BACKTEST,registry/w4b_polymarket_recensus_venue_events_v1.csv.gz,33523,Jerome Powell federally charged in 2025?,fed,,
MACRO_PM_OR_ETF_EVENT_BACKTEST,registry/w4b_polymarket_recensus_venue_events_v1.csv.gz,33528,Padres vs. Marlins,fed,,
MACRO_PM_OR_ETF_EVENT_BACKTEST,registry/w4b_polymarket_recensus_venue_events_v1.csv.gz,33529,Giants vs. Braves,fed,,
MACRO_PM_OR_ETF_EVENT_BACKTEST,registry/w4b_polymarket_recensus_venue_events_v1.csv.gz,33530,Tigers vs. Pirates,rates,,
MACRO_PM_OR_ETF_EVENT_BACKTEST,registry/w4b_polymarket_recensus_venue_events_v1.csv.gz,33559,"Ethereum Up or Down - July 24, 7AM ET",fed,,
MACRO_PM_OR_ETF_EVENT_BACKTEST,registry/w4b_polymarket_recensus_venue_events_v1.csv.gz,33574,"Solana Up or Down - July 24, 3AM ET",fed,,
MACRO_PM_OR_ETF_EVENT_BACKTEST,registry/w4b_polymarket_recensus_venue_events_v1.csv.gz,33607,"XRP Up or Down - July 24, 4AM ET",fed,,
MACRO_PM_OR_ETF_EVENT_BACKTEST,registry/w4b_polymarket_recensus_venue_events_v1.csv.gz,33619,"XRP Up or Down - July 24, 4PM ET",fed,,
MACRO_PM_OR_ETF_EVENT_BACKTEST,registry/w4b_polymarket_recensus_venue_events_v1.csv.gz,33683,Will McDavid extend with the Oilers by September 1?,oil,,
MACRO_PM_OR_ETF_EVENT_BACKTEST,registry/w4b_polymarket_recensus_venue_events_v1.csv.gz,33704,Obama federally charged in 2025?,fed,,
MACRO_PM_OR_ETF_EVENT_BACKTEST,registry/w4b_polymarket_recensus_venue_events_v1.csv.gz,33724,"Ethereum Up or Down - July 25, 7PM ET",fed,,
MACRO_PM_OR_ETF_EVENT_BACKTEST,registry/w4b_polymarket_recensus_venue_events_v1.csv.gz,33746,"Ethereum Up or Down - July 25, 5PM ET",fed,,
MACRO_PM_OR_ETF_EVENT_BACKTEST,registry/w4b_polymarket_recensus_venue_events_v1.csv.gz,33759,"Solana Up or Down - July 25, 11AM ET",fed,,
MACRO_PM_OR_ETF_EVENT_BACKTEST,registry/w4b_polymarket_recensus_venue_events_v1.csv.gz,33765,"Solana Up or Down - July 25, 3PM ET",fed,,
MACRO_PM_OR_ETF_EVENT_BACKTEST,registry/w4b_polymarket_recensus_venue_events_v1.csv.gz,33840,Witkoff in Qatar by Friday?,fed,,
MACRO_PM_OR_ETF_EVENT_BACKTEST,registry/w4b_polymarket_recensus_venue_events_v1.csv.gz,33851,Atlanta Mayoral Election,fed,,
MACRO_PM_OR_ETF_EVENT_BACKTEST,registry/w4b_polymarket_recensus_venue_events_v1.csv.gz,33872,"""The Witcher: Season 4"" Rotten Tomatoes score?",fed,,
MACRO_PM_OR_ETF_EVENT_BACKTEST,registry/w4b_polymarket_recensus_venue_events_v1.csv.gz,33892,Diamondbacks vs. Pirates,rates,,
MACRO_PM_OR_ETF_EVENT_BACKTEST,registry/w4b_polymarket_recensus_venue_events_v1.csv.gz,33905,Mets vs. Giants,fed,,
MACRO_PM_OR_ETF_EVENT_BACKTEST,registry/w4b_polymarket_recensus_venue_events_v1.csv.gz,33973,"XRP Up or Down - July 26, 3AM ET",fed,,
MACRO_PM_OR_ETF_EVENT_BACKTEST,registry/w4b_polymarket_recensus_venue_events_v1.csv.gz,34015,ECB Interest Rates: September 2025,interest rate;rates,,
MACRO_PM_OR_ETF_EVENT_BACKTEST,registry/w4b_polymarket_recensus_venue_events_v1.csv.gz,34041,Will Ghislaine Maxwell cut a deal with the Feds by August 31?,fed,,
MACRO_PM_OR_ETF_EVENT_BACKTEST,registry/w4b_polymarket_recensus_venue_events_v1.csv.gz,34150,"Ethereum Up or Down - July 28, 10AM ET",fed,,
MACRO_PM_OR_ETF_EVENT_BACKTEST,registry/w4b_polymarket_recensus_venue_events_v1.csv.gz,34296,Diamondbacks vs. Pirates,rates,,
MACRO_PM_OR_ETF_EVENT_BACKTEST,registry/w4b_polymarket_recensus_venue_events_v1.csv.gz,34305,Guardians vs. Royals,fed,,
MACRO_PM_OR_ETF_EVENT_BACKTEST,registry/w4b_polymarket_recensus_venue_events_v1.csv.gz,34344,10-year Treasury yield >4.4% Friday?,treasury;yield,,
MACRO_PM_OR_ETF_EVENT_BACKTEST,registry/w4b_polymarket_recensus_venue_events_v1.csv.gz,34368,Diamondbacks vs. Pirates,rates,,
MACRO_PM_OR_ETF_EVENT_BACKTEST,registry/w4b_polymarket_recensus_venue_events_v1.csv.gz,34377,Braves vs. Rangers,fed,,
MACRO_PM_OR_ETF_EVENT_BACKTEST,registry/w4b_polymarket_recensus_venue_events_v1.csv.gz,34400,IEM Cologne: GamerLegion vs. 3DMAX,fed,,
MACRO_PM_OR_ETF_EVENT_BACKTEST,registry/w4b_polymarket_recensus_venue_events_v1.csv.gz,34421,Pirates vs. Giants,rates,,
MACRO_PM_OR_ETF_EVENT_BACKTEST,registry/w4b_polymarket_recensus_venue_events_v1.csv.gz,34451,Red Sox vs. Twins,fed,,
MACRO_PM_OR_ETF_EVENT_BACKTEST,registry/w4b_polymarket_recensus_venue_events_v1.csv.gz,34458,Pirates vs. Giants,rates,,
MACRO_PM_OR_ETF_EVENT_BACKTEST,registry/w4b_polymarket_recensus_venue_events_v1.csv.gz,34463,Bitcoin Up or Down on July 30?,fed,,
MACRO_PM_OR_ETF_EVENT_BACKTEST,registry/w4b_polymarket_recensus_venue_events_v1.csv.gz,34489,"Ethereum Up or Down - July 30, 10AM ET",fed,,
MACRO_PM_OR_ETF_EVENT_BACKTEST,registry/w4b_polymarket_recensus_venue_events_v1.csv.gz,34516,"XRP Up or Down - July 30, 4AM ET",fed,,
MACRO_PM_OR_ETF_EVENT_BACKTEST,registry/w4b_polymarket_recensus_venue_events_v1.csv.gz,34561,US GDP growth in Q2 2025?,gdp,,
MACRO_PM_OR_ETF_EVENT_BACKTEST,registry/w4b_polymarket_recensus_venue_events_v1.csv.gz,34575,How many jobs added in August?,payroll,,
MACRO_PM_OR_ETF_EVENT_BACKTEST,registry/w4b_polymarket_recensus_venue_events_v1.csv.gz,34577,August jobs report prints negative?,payroll,,
MACRO_PM_OR_ETF_EVENT_BACKTEST,registry/w4b_polymarket_recensus_venue_events_v1.csv.gz,34618,Pirates vs. Giants,rates,,
MACRO_PM_OR_ETF_EVENT_BACKTEST,registry/w4b_polymarket_recensus_venue_events_v1.csv.gz,34629,Solana Up or Down on July 31?,fed,,
MACRO_PM_OR_ETF_EVENT_BACKTEST,registry/w4b_polymarket_recensus_venue_events_v1.csv.gz,34633,"Ethereum Up or Down - July 31, 2AM ET",fed,,
MACRO_PM_OR_ETF_EVENT_BACKTEST,registry/w4b_polymarket_recensus_venue_events_v1.csv.gz,34716,How many dissent at the next Fed meeting?,fed;fomc,,
MACRO_PM_OR_ETF_EVENT_BACKTEST,registry/w4b_polymarket_recensus_venue_events_v1.csv.gz,34808,"Solana Up or Down - August 1, 3AM ET",fed,,
MACRO_PM_OR_ETF_EVENT_BACKTEST,registry/w4b_polymarket_recensus_venue_events_v1.csv.gz,34814,"Solana Up or Down - August 1, 10AM ET",fed,,
MACRO_PM_OR_ETF_EVENT_BACKTEST,registry/w4b_polymarket_recensus_venue_events_v1.csv.gz,34922,Pirates vs. Rockies,rates,,
MACRO_PM_OR_ETF_EVENT_BACKTEST,registry/w4b_polymarket_recensus_venue_events_v1.csv.gz,35040,"Bitcoin Up or Down - August 2, 6PM ET",fed,,
MACRO_PM_OR_ETF_EVENT_BACKTEST,registry/w4b_polymarket_recensus_venue_events_v1.csv.gz,35060,Ethereum outperforms Bitcoin on August 1?,fed,,
MACRO_PM_OR_ETF_EVENT_BACKTEST,registry/w4b_polymarket_recensus_venue_events_v1.csv.gz,35090,Fed decision in December?,fed;fomc,,
MACRO_PM_OR_ETF_EVENT_BACKTEST,registry/w4b_polymarket_recensus_venue_events_v1.csv.gz,35097,Nancy Pelosi federally charged in 2025?,fed,,
MACRO_PM_OR_ETF_EVENT_BACKTEST,registry/w4b_polymarket_recensus_venue_events_v1.csv.gz,35108,Pirates vs. Rockies,rates,,
MACRO_PM_OR_ETF_EVENT_BACKTEST,registry/w4b_polymarket_recensus_venue_events_v1.csv.gz,35126,XRP Up or Down on August 4?,fed,,
MACRO_PM_OR_ETF_EVENT_BACKTEST,registry/w4b_polymarket_recensus_venue_events_v1.csv.gz,35168,"Solana Up or Down - August 3, 3PM ET",fed,,
MACRO_PM_OR_ETF_EVENT_BACKTEST,registry/w4b_polymarket_recensus_venue_events_v1.csv.gz,35360,"Ethereum Up or Down - August 5, 4AM ET",fed,,
MACRO_PM_OR_ETF_EVENT_BACKTEST,registry/w4b_polymarket_recensus_venue_events_v1.csv.gz,35440,US GDP growth in Q3 2025?,gdp,,
MACRO_PM_OR_ETF_EVENT_BACKTEST,registry/w4b_polymarket_recensus_venue_events_v1.csv.gz,35469,10-year Treasury yield >4.4% Friday?,treasury;yield,,
MACRO_PM_OR_ETF_EVENT_BACKTEST,registry/w4b_polymarket_recensus_venue_events_v1.csv.gz,35487,Pirates vs. Rockies,rates,,
MACRO_PM_OR_ETF_EVENT_BACKTEST,registry/w4b_polymarket_recensus_venue_events_v1.csv.gz,35491,Rangers vs. Mariners,fed,,
MACRO_PM_OR_ETF_EVENT_BACKTEST,registry/w4b_polymarket_recensus_venue_events_v1.csv.gz,35518,Giants vs. Pirates,rates,,
MACRO_PM_OR_ETF_EVENT_BACKTEST,registry/w4b_polymarket_recensus_venue_events_v1.csv.gz,35539,PGA TOUR FedEx St. Jude Championship – Winner,fed,,
MACRO_PM_OR_ETF_EVENT_BACKTEST,registry/w4b_polymarket_recensus_venue_events_v1.csv.gz,35540,PGA TOUR FedEx St. Jude – First Round Leader,fed,,
MACRO_PM_OR_ETF_EVENT_BACKTEST,registry/w4b_polymarket_recensus_venue_events_v1.csv.gz,35550,Giants vs. Pirates,rates,,
MACRO_PM_OR_ETF_EVENT_BACKTEST,registry/w4b_polymarket_recensus_venue_events_v1.csv.gz,35580,"Ethereum Up or Down - August 6, 12PM ET",fed,,
MACRO_PM_OR_ETF_EVENT_BACKTEST,registry/w4b_polymarket_recensus_venue_events_v1.csv.gz,35658,"Bitcoin Up or Down - August 6, 3PM ET",fed,,
MACRO_PM_OR_ETF_EVENT_BACKTEST,registry/w4b_polymarket_recensus_venue_events_v1.csv.gz,35668,MicroStrategy purchases >5000 BTC August 5-11?,fed,,
MACRO_PM_OR_ETF_EVENT_BACKTEST,registry/w4b_polymarket_recensus_venue_events_v1.csv.gz,35725,Another dildo thrown at WNBA game by August 10?,fed,,
MACRO_PM_OR_ETF_EVENT_BACKTEST,registry/w4b_polymarket_recensus_venue_events_v1.csv.gz,35727,India strike on Pakistan by August 31?,fed,,
MACRO_PM_OR_ETF_EVENT_BACKTEST,registry/w4b_polymarket_recensus_venue_events_v1.csv.gz,35765,Giants vs. Pirates,rates,,
MACRO_PM_OR_ETF_EVENT_BACKTEST,registry/w4b_polymarket_recensus_venue_events_v1.csv.gz,35824,"Ethereum Up or Down - August 7, 10PM ET",fed,,
MACRO_PM_OR_ETF_EVENT_BACKTEST,registry/w4b_polymarket_recensus_venue_events_v1.csv.gz,35908,Who will Trump nominate as Fed Chair?,fed,,
MACRO_PM_OR_ETF_EVENT_BACKTEST,registry/w4b_polymarket_recensus_venue_events_v1.csv.gz,35936,League of Legends: OKSavingsBank BRION vs. BNK FEARX,fed,,
MACRO_PM_OR_ETF_EVENT_BACKTEST,registry/w4b_polymarket_recensus_venue_events_v1.csv.gz,35950,Another dildo thrown at WNBA game by Friday?,fed,,
MACRO_PM_OR_ETF_EVENT_BACKTEST,registry/w4b_polymarket_recensus_venue_events_v1.csv.gz,35952,Athletics vs. Nationals,fed,,
MACRO_PM_OR_ETF_EVENT_BACKTEST,registry/w4b_polymarket_recensus_venue_events_v1.csv.gz,35954,Reds vs. Pirates,rates,,
MACRO_PM_OR_ETF_EVENT_BACKTEST,registry/w4b_polymarket_recensus_venue_events_v1.csv.gz,36069,Will India agree to stop buying Russian oil by August 31?,oil,,
MACRO_PM_OR_ETF_EVENT_BACKTEST,registry/w4b_polymarket_recensus_venue_events_v1.csv.gz,36070,India agrees to reduce purchases Russian oil by August 31?,oil,,
MACRO_PM_OR_ETF_EVENT_BACKTEST,registry/w4b_polymarket_recensus_venue_events_v1.csv.gz,36135,Reds vs. Pirates,rates,,
MACRO_PM_OR_ETF_EVENT_BACKTEST,registry/w4b_polymarket_recensus_venue_events_v1.csv.gz,36139,Marlins vs. Braves,fed,,
MACRO_PM_OR_ETF_EVENT_BACKTEST,registry/w4b_polymarket_recensus_venue_events_v1.csv.gz,36334,Reds vs. Pirates,rates,,
MACRO_PM_OR_ETF_EVENT_BACKTEST,registry/w4b_polymarket_recensus_venue_events_v1.csv.gz,36538,"Solana Up or Down - August 12, 3PM ET",fed,,
MACRO_PM_OR_ETF_EVENT_BACKTEST,registry/w4b_polymarket_recensus_venue_events_v1.csv.gz,36612,"XRP Up or Down - August 10, 5AM ET",fed,,
MACRO_PM_OR_ETF_EVENT_BACKTEST,registry/w4b_polymarket_recensus_venue_events_v1.csv.gz,36708,U.S. anti-cartel operation on foreign soil by September 30?,oil,,
MACRO_PM_OR_ETF_EVENT_BACKTEST,registry/w4b_polymarket_recensus_venue_events_v1.csv.gz,36925,Will OPEC hike production by next meeting?,opec,,
MACRO_PM_OR_ETF_EVENT_BACKTEST,registry/w4b_polymarket_recensus_venue_events_v1.csv.gz,36926,Fed governor resigns by October 31?,fed,,
MACRO_PM_OR_ETF_EVENT_BACKTEST,registry/w4b_polymarket_recensus_venue_events_v1.csv.gz,36942,10-year Treasury yield >4.3% Friday?,treasury;yield,,
MACRO_PM_OR_ETF_EVENT_BACKTEST,registry/w4b_polymarket_recensus_venue_events_v1.csv.gz,36955,Reds vs. Pirates,rates,,
MACRO_PM_OR_ETF_EVENT_BACKTEST,registry/w4b_polymarket_recensus_venue_events_v1.csv.gz,36993,Pirates vs. Brewers,rates,,
MACRO_PM_OR_ETF_EVENT_BACKTEST,registry/w4b_polymarket_recensus_venue_events_v1.csv.gz,37006,ATP Cincinnati - Tsitsipas vs. Bonzi,fed,,
MACRO_PM_OR_ETF_EVENT_BACKTEST,registry/w4b_polymarket_recensus_venue_events_v1.csv.gz,37028,Nationals vs. Royals,fed,,
MACRO_PM_OR_ETF_EVENT_BACKTEST,registry/w4b_polymarket_recensus_venue_events_v1.csv.gz,37029,Pirates vs. Brewers,rates,,
MACRO_PM_OR_ETF_EVENT_BACKTEST,registry/w4b_polymarket_recensus_venue_events_v1.csv.gz,37106,Pirates vs. Brewers,rates,,
MACRO_PM_OR_ETF_EVENT_BACKTEST,registry/w4b_polymarket_recensus_venue_events_v1.csv.gz,37124,XRP Up or Down on August 14?,fed,,
MACRO_PM_OR_ETF_EVENT_BACKTEST,registry/w4b_polymarket_recensus_venue_events_v1.csv.gz,37135,ATP Cincinnati - Lehecka vs. Walton,fed,,
MACRO_PM_OR_ETF_EVENT_BACKTEST,registry/w4b_polymarket_recensus_venue_events_v1.csv.gz,37170,August Inflation - Annual,inflation,,
MACRO_PM_OR_ETF_EVENT_BACKTEST,registry/w4b_polymarket_recensus_venue_events_v1.csv.gz,37171,August Inflation - Monthly,inflation,,
MACRO_PM_OR_ETF_EVENT_BACKTEST,registry/w4b_polymarket_recensus_venue_events_v1.csv.gz,37186,Will BLS stop reporting payroll data this year?,payroll,,
MACRO_PM_OR_ETF_EVENT_BACKTEST,registry/w4b_polymarket_recensus_venue_events_v1.csv.gz,37188,Will MrBeast raise $5m for TeamWater before end of stream?,fed,,
MACRO_PM_OR_ETF_EVENT_BACKTEST,registry/w4b_polymarket_recensus_venue_events_v1.csv.gz,37198,August Unemployment Rate,unemployment,,
MACRO_PM_OR_ETF_EVENT_BACKTEST,registry/w4b_polymarket_recensus_venue_events_v1.csv.gz,37216,MLS Soccer: Red Bulls vs. Philadelphia,fed,,
MACRO_PM_OR_ETF_EVENT_BACKTEST,registry/w4b_polymarket_recensus_venue_events_v1.csv.gz,37224,Phillies vs. Nationals,fed,,
MACRO_PM_OR_ETF_EVENT_BACKTEST,registry/w4b_polymarket_recensus_venue_events_v1.csv.gz,37344,Leeds United vs. Everton,fed,,
MACRO_PM_OR_ETF_EVENT_BACKTEST,registry/w4b_polymarket_recensus_venue_events_v1.csv.gz,37360,Pirates vs. Cubs,rates,,
MACRO_PM_OR_ETF_EVENT_BACKTEST,registry/w4b_polymarket_recensus_venue_events_v1.csv.gz,37371,Diamondbacks vs. Rockies,fed,,
MACRO_PM_OR_ETF_EVENT_BACKTEST,registry/w4b_polymarket_recensus_venue_events_v1.csv.gz,37464,"Solana Up or Down - August 16, 10PM ET",fed,,
MACRO_PM_OR_ETF_EVENT_BACKTEST,registry/w4b_polymarket_recensus_venue_events_v1.csv.gz,37471,"XRP Up or Down - August 16, 5AM ET",fed,,
MACRO_PM_OR_ETF_EVENT_BACKTEST,registry/w4b_polymarket_recensus_venue_events_v1.csv.gz,37537,How many dissent at the next Fed meeting?,fed;fomc,,
MACRO_PM_OR_ETF_EVENT_BACKTEST,registry/w4b_polymarket_recensus_venue_events_v1.csv.gz,37564,Will India agree to stop buying Russian oil by September 30?,oil,,
MACRO_PM_OR_ETF_EVENT_BACKTEST,registry/w4b_polymarket_recensus_venue_events_v1.csv.gz,37623,Pirates vs. Cubs,rates,,
MACRO_PM_OR_ETF_EVENT_BACKTEST,registry/w4b_polymarket_recensus_venue_events_v1.csv.gz,37691,"Bitcoin Up or Down - August 18, 11AM ET",fed,,
MACRO_PM_OR_ETF_EVENT_BACKTEST,registry/w4b_polymarket_recensus_venue_events_v1.csv.gz,37792,"Ethereum Up or Down - August 19, 4PM ET",fed,,
MACRO_PM_OR_ETF_EVENT_BACKTEST,registry/w4b_polymarket_recensus_venue_events_v1.csv.gz,37951,What price will Bitcoin hit on August 15?,fed,,
MACRO_PM_OR_ETF_EVENT_BACKTEST,registry/w4b_polymarket_recensus_venue_events_v1.csv.gz,37977,Will Brazilian president Lula announce re-election run by December 31?,fed,,
MACRO_PM_OR_ETF_EVENT_BACKTEST,registry/w4b_polymarket_recensus_venue_events_v1.csv.gz,37980,10-year Treasury yield >4.3% Friday?,treasury;yield,,
MACRO_PM_OR_ETF_EVENT_BACKTEST,registry/w4b_polymarket_recensus_venue_events_v1.csv.gz,37989,Will Schlep be unbanned from Roblox before October?,fed,,
MACRO_PM_OR_ETF_EVENT_BACKTEST,registry/w4b_polymarket_recensus_venue_events_v1.csv.gz,37995,Jets vs. Giants - Spread & Total,fed,,
MACRO_PM_OR_ETF_EVENT_BACKTEST,registry/w4b_polymarket_recensus_venue_events_v1.csv.gz,38001,GDP growth in 2025,gdp,,
MACRO_PM_OR_ETF_EVENT_BACKTEST,registry/w4b_polymarket_recensus_venue_events_v1.csv.gz,38035,Pirates vs. Cubs,rates,,
MACRO_PM_OR_ETF_EVENT_BACKTEST,registry/w4b_polymarket_recensus_venue_events_v1.csv.gz,38101,Blue Jays vs. Pirates,rates,,
MACRO_PM_OR_ETF_EVENT_BACKTEST,registry/w4b_polymarket_recensus_venue_events_v1.csv.gz,38119,UFC Fight Night: Walker vs. Zhang,fed,,
MACRO_PM_OR_ETF_EVENT_BACKTEST,registry/w4b_polymarket_recensus_venue_events_v1.csv.gz,38162,Blue Jays vs. Pirates,rates,,
MACRO_PM_OR_ETF_EVENT_BACKTEST,registry/w4b_polymarket_recensus_venue_events_v1.csv.gz,38170,Brewers vs. Cubs,fed,,
MACRO_PM_OR_ETF_EVENT_BACKTEST,registry/w4b_polymarket_recensus_venue_events_v1.csv.gz,38227,"Ethereum Up or Down - August 20, 11AM ET",fed,,
MACRO_PM_OR_ETF_EVENT_BACKTEST,registry/w4b_polymarket_recensus_venue_events_v1.csv.gz,38253,"Solana Up or Down - August 20, 1PM ET",fed,,
MACRO_PM_OR_ETF_EVENT_BACKTEST,registry/w4b_polymarket_recensus_venue_events_v1.csv.gz,38275,"XRP Up or Down - August 20, 11AM ET",fed,,
MACRO_PM_OR_ETF_EVENT_BACKTEST,registry/w4b_polymarket_recensus_venue_events_v1.csv.gz,38289,"Bitcoin Price - August 19, 4PM ET",fed,,
MACRO_PM_OR_ETF_EVENT_BACKTEST,registry/w4b_polymarket_recensus_venue_events_v1.csv.gz,38294,Bitcoin price on August 25?,fed,,
MACRO_PM_OR_ETF_EVENT_BACKTEST,registry/w4b_polymarket_recensus_venue_events_v1.csv.gz,38370,Valorant: SLT Seongnam vs. T1 Academy,fed,,
MACRO_PM_OR_ETF_EVENT_BACKTEST,registry/w4b_polymarket_recensus_venue_events_v1.csv.gz,38377,Putin and Zelenskyy talk by August 22?,fed,,
MACRO_PM_OR_ETF_EVENT_BACKTEST,registry/w4b_polymarket_recensus_venue_events_v1.csv.gz,38391,Blue Jays vs. Pirates,rates,,
MACRO_PM_OR_ETF_EVENT_BACKTEST,registry/w4b_polymarket_recensus_venue_events_v1.csv.gz,38534,What will Trump say during events with South Korean president on August 25?,fed,,
MACRO_PM_OR_ETF_EVENT_BACKTEST,registry/w4b_polymarket_recensus_venue_events_v1.csv.gz,38567,Adam Schiff federally charged by December 31?,fed,,
MACRO_PM_OR_ETF_EVENT_BACKTEST,registry/w4b_polymarket_recensus_venue_events_v1.csv.gz,38576,Napoli vs. Cagliari,fed,,
MACRO_PM_OR_ETF_EVENT_BACKTEST,registry/w4b_polymarket_recensus_venue_events_v1.csv.gz,38665,"XRP Up or Down - August 22, 12AM ET",fed,,
MACRO_PM_OR_ETF_EVENT_BACKTEST,registry/w4b_polymarket_recensus_venue_events_v1.csv.gz,38673,"XRP Up or Down - August 22, 8AM ET",fed,,
MACRO_PM_OR_ETF_EVENT_BACKTEST,registry/w4b_polymarket_recensus_venue_events_v1.csv.gz,38729,ECB Interest Rates: October 2025,interest rate;rates,,
MACRO_PM_OR_ETF_EVENT_BACKTEST,registry/w4b_polymarket_recensus_venue_events_v1.csv.gz,38730,ECB rate cut in 2025?,rate cut,,
MACRO_PM_OR_ETF_EVENT_BACKTEST,registry/w4b_polymarket_recensus_venue_events_v1.csv.gz,38731,Bank of England rate cut in 2025?,rate cut,,
MACRO_PM_OR_ETF_EVENT_BACKTEST,registry/w4b_polymarket_recensus_venue_events_v1.csv.gz,38756,Rockies vs. Pirates,rates,,
MACRO_PM_OR_ETF_EVENT_BACKTEST,registry/w4b_polymarket_recensus_venue_events_v1.csv.gz,38850,"XRP Up or Down - August 23, 4AM ET",fed,,
MACRO_PM_OR_ETF_EVENT_BACKTEST,registry/w4b_polymarket_recensus_venue_events_v1.csv.gz,38914,US Open: Federico Agustin Gomez vs. Hugo Grenier,fed,,
MACRO_PM_OR_ETF_EVENT_BACKTEST,registry/w4b_polymarket_recensus_venue_events_v1.csv.gz,38939,Rockies vs. Pirates,rates,,
MACRO_PM_OR_ETF_EVENT_BACKTEST,registry/w4b_polymarket_recensus_venue_events_v1.csv.gz,39174,"XRP Up or Down - August 25, 8AM ET",fed,,
MACRO_PM_OR_ETF_EVENT_BACKTEST,registry/w4b_polymarket_recensus_venue_events_v1.csv.gz,39195,"XRP Up or Down - August 26, 5AM ET",fed,,
MACRO_PM_OR_ETF_EVENT_BACKTEST,registry/w4b_polymarket_recensus_venue_events_v1.csv.gz,39267,John Bolton federally charged by October 31?,fed,,
MACRO_PM_OR_ETF_EVENT_BACKTEST,registry/w4b_polymarket_recensus_venue_events_v1.csv.gz,39280,League of Legends: Hanwha Life Esports vs. Gen.G,fed,,
MACRO_PM_OR_ETF_EVENT_BACKTEST,registry/w4b_polymarket_recensus_venue_events_v1.csv.gz,39288,EWC Cs2: The MongolZ vs. Vitality,fed,,
MACRO_PM_OR_ETF_EVENT_BACKTEST,registry/w4b_polymarket_recensus_venue_events_v1.csv.gz,39297,10-year Treasury yield >4.3% Friday?,treasury;yield,,
MACRO_PM_OR_ETF_EVENT_BACKTEST,registry/w4b_polymarket_recensus_venue_events_v1.csv.gz,39326,US Open: Lorenzo Musetti vs Giovanni Mpetshi Perricard,fed,,
MACRO_PM_OR_ETF_EVENT_BACKTEST,registry/w4b_polymarket_recensus_venue_events_v1.csv.gz,39349,Rockies vs. Pirates,rates,,
MACRO_PM_OR_ETF_EVENT_BACKTEST,registry/w4b_polymarket_recensus_venue_events_v1.csv.gz,39388,Pirates vs. Cardinals,rates,,
MACRO_PM_OR_ETF_EVENT_BACKTEST,registry/w4b_polymarket_recensus_venue_events_v1.csv.gz,39415,US Open: Lorenzo Musetti vs Giovanni Mpetshi Perricard,fed,,
MACRO_PM_OR_ETF_EVENT_BACKTEST,registry/w4b_polymarket_recensus_venue_events_v1.csv.gz,39487,Pirates vs. Cardinals,rates,,
MACRO_PM_OR_ETF_EVENT_BACKTEST,registry/w4b_polymarket_recensus_venue_events_v1.csv.gz,39606,Jerome Powell out as Fed Chair by September 30?,fed,,
MACRO_PM_OR_ETF_EVENT_BACKTEST,registry/w4b_polymarket_recensus_venue_events_v1.csv.gz,39622,Pirates % of vote in Czech Election?,rates,,
MACRO_PM_OR_ETF_EVENT_BACKTEST,registry/w4b_polymarket_recensus_venue_events_v1.csv.gz,39635,Pirates wins 10% or more of vote in Czech election?,rates,,
MACRO_PM_OR_ETF_EVENT_BACKTEST,registry/w4b_polymarket_recensus_venue_events_v1.csv.gz,39671,Lisa Cook out as Fed Governor by...?,fed,,
MACRO_PM_OR_ETF_EVENT_BACKTEST,registry/w4b_polymarket_recensus_venue_events_v1.csv.gz,39673,Will Lisa Cook vote at the next FOMC meeting?,fomc,,
MACRO_PM_OR_ETF_EVENT_BACKTEST,registry/w4b_polymarket_recensus_venue_events_v1.csv.gz,39676,Will Trump try to fire another Fed Governor by October 31?,fed,,
MACRO_PM_OR_ETF_EVENT_BACKTEST,registry/w4b_polymarket_recensus_venue_events_v1.csv.gz,39689,Diamondbacks vs. Brewers,fed,,
MACRO_PM_OR_ETF_EVENT_BACKTEST,registry/w4b_polymarket_recensus_venue_events_v1.csv.gz,39690,Pirates vs. Cardinals,rates,,
MACRO_PM_OR_ETF_EVENT_BACKTEST,registry/w4b_polymarket_recensus_venue_events_v1.csv.gz,39781,"XRP Up or Down - August 28, 9AM ET",fed,,
MACRO_PM_OR_ETF_EVENT_BACKTEST,registry/w4b_polymarket_recensus_venue_events_v1.csv.gz,39810,Will the Powerball jackpot hit $1 billion by September 14?,fed,,
MACRO_PM_OR_ETF_EVENT_BACKTEST,registry/w4b_polymarket_recensus_venue_events_v1.csv.gz,39816,League of Legends: OKSavingsBank BRION Challengers vs. DN Freecs Challengers,fed,,
MACRO_PM_OR_ETF_EVENT_BACKTEST,registry/w4b_polymarket_recensus_venue_events_v1.csv.gz,39840,North Korea missile test by September 15?,fed,,
MACRO_PM_OR_ETF_EVENT_BACKTEST,registry/w4b_polymarket_recensus_venue_events_v1.csv.gz,39866,Who will Trump announce as Lisa Cook replacement?,fed,,
MACRO_PM_OR_ETF_EVENT_BACKTEST,registry/w4b_polymarket_recensus_venue_events_v1.csv.gz,39874,India agrees to reduce purchases Russian oil by September 30?,oil,,
MACRO_PM_OR_ETF_EVENT_BACKTEST,registry/w4b_polymarket_recensus_venue_events_v1.csv.gz,39876,Will Ghislaine Maxwell cut a deal with the Feds by September 30?,fed,,
MACRO_PM_OR_ETF_EVENT_BACKTEST,registry/w4b_polymarket_recensus_venue_events_v1.csv.gz,39930,Pirates vs. Cardinals,rates,,
MACRO_PM_OR_ETF_EVENT_BACKTEST,registry/w4b_polymarket_recensus_venue_events_v1.csv.gz,40145,Pirates vs. Red Sox,rates,,
MACRO_PM_OR_ETF_EVENT_BACKTEST,registry/w4b_polymarket_recensus_venue_events_v1.csv.gz,40183,"Ethereum Up or Down - August 30, 1AM ET",fed,,
MACRO_PM_OR_ETF_EVENT_BACKTEST,registry/w4b_polymarket_recensus_venue_events_v1.csv.gz,40193,"Ethereum Up or Down - August 30, 11AM ET",fed,,
MACRO_PM_OR_ETF_EVENT_BACKTEST,registry/w4b_polymarket_recensus_venue_events_v1.csv.gz,40194,"Ethereum Up or Down - August 30, 12PM ET",fed,,
MACRO_PM_OR_ETF_EVENT_BACKTEST,registry/w4b_polymarket_recensus_venue_events_v1.csv.gz,40337,Pirates vs. Red Sox,rates,,
MACRO_PM_OR_ETF_EVENT_BACKTEST,registry/w4b_polymarket_recensus_venue_events_v1.csv.gz,40459,"Ethereum Up or Down - September 1, 5AM ET",fed,,
MACRO_PM_OR_ETF_EVENT_BACKTEST,registry/w4b_polymarket_recensus_venue_events_v1.csv.gz,40675,10-year Treasury yield >4.3% Friday?,treasury;yield,,
MACRO_PM_OR_ETF_EVENT_BACKTEST,registry/w4b_polymarket_recensus_venue_events_v1.csv.gz,40731,Pirates vs. Red Sox,rates,,
MACRO_PM_OR_ETF_EVENT_BACKTEST,registry/w4b_polymarket_recensus_venue_events_v1.csv.gz,40747,US Open: Alexander Bublik vs Tommy Paul,fed,,
MACRO_PM_OR_ETF_EVENT_BACKTEST,registry/w4b_polymarket_recensus_venue_events_v1.csv.gz,40774,Southeast Missouri State Redhawks vs. Arkansas State Red Wolves,fed,,
MACRO_PM_OR_ETF_EVENT_BACKTEST,registry/w4b_polymarket_recensus_venue_events_v1.csv.gz,40897,BLAST Open: Spirit vs. G2,fed,,
MACRO_PM_OR_ETF_EVENT_BACKTEST,registry/w4b_polymarket_recensus_venue_events_v1.csv.gz,40899,"Solana above ___ on September 1, 4AM ET?",fed,,
MACRO_PM_OR_ETF_EVENT_BACKTEST,registry/w4b_polymarket_recensus_venue_events_v1.csv.gz,40971,Dodgers vs. Pirates,rates,,
MACRO_PM_OR_ETF_EVENT_BACKTEST,registry/w4b_polymarket_recensus_venue_events_v1.csv.gz,41173,Dodgers vs. Pirates,rates,,
MACRO_PM_OR_ETF_EVENT_BACKTEST,registry/w4b_polymarket_recensus_venue_events_v1.csv.gz,41183,Sparks vs. Dream,fed,,
MACRO_PM_OR_ETF_EVENT_BACKTEST,registry/w4b_polymarket_recensus_venue_events_v1.csv.gz,41185,"Bitcoin Up or Down - September 4, 12AM ET",fed,,
MACRO_PM_OR_ETF_EVENT_BACKTEST,registry/w4b_polymarket_recensus_venue_events_v1.csv.gz,41226,"Ethereum Up or Down - September 4, 5PM ET",fed,,
MACRO_PM_OR_ETF_EVENT_BACKTEST,registry/w4b_polymarket_recensus_venue_events_v1.csv.gz,41234,"Solana Up or Down - September 4, 1AM ET",fed,,
MACRO_PM_OR_ETF_EVENT_BACKTEST,registry/w4b_polymarket_recensus_venue_events_v1.csv.gz,41246,"Solana Up or Down - September 4, 1PM ET",fed,,
MACRO_PM_OR_ETF_EVENT_BACKTEST,registry/w4b_polymarket_recensus_venue_events_v1.csv.gz,41334,United Arab Emirates vs. Syria,rates,,
MACRO_PM_OR_ETF_EVENT_BACKTEST,registry/w4b_polymarket_recensus_venue_events_v1.csv.gz,41344,United Arab Emirates vs. Bahrain,rates,,
MACRO_PM_OR_ETF_EVENT_BACKTEST,registry/w4b_polymarket_recensus_venue_events_v1.csv.gz,41517,Dodgers vs. Pirates,rates,,
MACRO_PM_OR_ETF_EVENT_BACKTEST,registry/w4b_polymarket_recensus_venue_events_v1.csv.gz,41523,Wings vs. Valkyries,fed,,
MACRO_PM_OR_ETF_EVENT_BACKTEST,registry/w4b_polymarket_recensus_venue_events_v1.csv.gz,41567,"Ethereum Up or Down - September 5, 2PM ET",fed,,
MACRO_PM_OR_ETF_EVENT_BACKTEST,registry/w4b_polymarket_recensus_venue_events_v1.csv.gz,41647,Fed decisions (Sep-Dec),fed;fomc,,
MACRO_PM_OR_ETF_EVENT_BACKTEST,registry/w4b_polymarket_recensus_venue_events_v1.csv.gz,41716,"Bitcoin Up or Down - September 6, 4PM ET",fed,,
MACRO_PM_OR_ETF_EVENT_BACKTEST,registry/w4b_polymarket_recensus_venue_events_v1.csv.gz,41766,"XRP Up or Down - September 6, 4AM ET",fed,,
MACRO_PM_OR_ETF_EVENT_BACKTEST,registry/w4b_polymarket_recensus_venue_events_v1.csv.gz,41783,"XRP Up or Down - September 6, 9PM ET",fed,,
MACRO_PM_OR_ETF_EVENT_BACKTEST,registry/w4b_polymarket_recensus_venue_events_v1.csv.gz,41820,Brewers vs. Pirates,rates,,
MACRO_PM_OR_ETF_EVENT_BACKTEST,registry/w4b_polymarket_recensus_venue_events_v1.csv.gz,41870,"Bitcoin above ___ on September 5, 12AM ET?",fed,,
MACRO_PM_OR_ETF_EVENT_BACKTEST,registry/w4b_polymarket_recensus_venue_events_v1.csv.gz,41889,Euro Basket: Latvia vs Lithuania,fed,,
MACRO_PM_OR_ETF_EVENT_BACKTEST,registry/w4b_polymarket_recensus_venue_events_v1.csv.gz,41908,Brewers vs. Pirates,rates,,
MACRO_PM_OR_ETF_EVENT_BACKTEST,registry/w4b_polymarket_recensus_venue_events_v1.csv.gz,41940,"Bitcoin Up or Down - September 7, 7PM ET",fed,,
MACRO_PM_OR_ETF_EVENT_BACKTEST,registry/w4b_polymarket_recensus_venue_events_v1.csv.gz,41985,"Ethereum Up or Down - September 8, 4PM ET",fed,,
MACRO_PM_OR_ETF_EVENT_BACKTEST,registry/w4b_polymarket_recensus_venue_events_v1.csv.gz,42014,"Ethereum Up or Down - September 9, 9PM ET",fed,,
MACRO_PM_OR_ETF_EVENT_BACKTEST,registry/w4b_polymarket_recensus_venue_events_v1.csv.gz,42244,September Unemployment Rate,unemployment,,
MACRO_PM_OR_ETF_EVENT_BACKTEST,registry/w4b_polymarket_recensus_venue_events_v1.csv.gz,42245,How many jobs added in September?,payroll,,
MACRO_PM_OR_ETF_EVENT_BACKTEST,registry/w4b_polymarket_recensus_venue_events_v1.csv.gz,42253,10-year Treasury yield >4.3% Friday?,treasury;yield,,
MACRO_PM_OR_ETF_EVENT_BACKTEST,registry/w4b_polymarket_recensus_venue_events_v1.csv.gz,42317,Brewers vs. Pirates,rates,,
MACRO_PM_OR_ETF_EVENT_BACKTEST,registry/w4b_polymarket_recensus_venue_events_v1.csv.gz,42545,Pirates vs. Orioles,rates,,
MACRO_PM_OR_ETF_EVENT_BACKTEST,registry/w4b_polymarket_recensus_venue_events_v1.csv.gz,42603,Next Japanese Prime Minister,fed,,
MACRO_PM_OR_ETF_EVENT_BACKTEST,registry/w4b_polymarket_recensus_venue_events_v1.csv.gz,42618,Lisa Cook federally charged in 2025?,fed,,
MACRO_PM_OR_ETF_EVENT_BACKTEST,registry/w4b_polymarket_recensus_venue_events_v1.csv.gz,42669,Asia Cup: United Arab Emirates vs India,rates,,
MACRO_PM_OR_ETF_EVENT_BACKTEST,registry/w4b_polymarket_recensus_venue_events_v1.csv.gz,42674,Asia Cup: United Arab Emirates vs Oman,rates,,
MACRO_PM_OR_ETF_EVENT_BACKTEST,registry/w4b_polymarket_recensus_venue_events_v1.csv.gz,42677,Asia Cup: United Arab Emirates vs Pakistan,rates,,
MACRO_PM_OR_ETF_EVENT_BACKTEST,registry/w4b_polymarket_recensus_venue_events_v1.csv.gz,42684,Pirates vs. Orioles,rates,,
MACRO_PM_OR_ETF_EVENT_BACKTEST,registry/w4b_polymarket_recensus_venue_events_v1.csv.gz,42806,"Ethereum Up or Down - September 10, 3AM ET",fed,,
MACRO_PM_OR_ETF_EVENT_BACKTEST,registry/w4b_polymarket_recensus_venue_events_v1.csv.gz,42872,"Solana Up or Down - September 10, 9PM ET",fed,,
MACRO_PM_OR_ETF_EVENT_BACKTEST,registry/w4b_polymarket_recensus_venue_events_v1.csv.gz,42922,"XRP Up or Down - September 10, 11PM ET",fed,,
MACRO_PM_OR_ETF_EVENT_BACKTEST,registry/w4b_polymarket_recensus_venue_events_v1.csv.gz,42984,Pirates vs. Orioles,rates,,
MACRO_PM_OR_ETF_EVENT_BACKTEST,registry/w4b_polymarket_recensus_venue_events_v1.csv.gz,43031,Solana Up or Down on September 12?,fed,,
MACRO_PM_OR_ETF_EVENT_BACKTEST,registry/w4b_polymarket_recensus_venue_events_v1.csv.gz,43040,Canada recession in 2025?,recession,,
MACRO_PM_OR_ETF_EVENT_BACKTEST,registry/w4b_polymarket_recensus_venue_events_v1.csv.gz,43159,Which company has top AI model end of October? (Style Control On),fed,,
MACRO_PM_OR_ETF_EVENT_BACKTEST,registry/w4b_polymarket_recensus_venue_events_v1.csv.gz,43198,Samsunspor vs. Antalyaspor,fed,,
MACRO_PM_OR_ETF_EVENT_BACKTEST,registry/w4b_polymarket_recensus_venue_events_v1.csv.gz,43262,Pirates vs. Nationals,rates,,
MACRO_PM_OR_ETF_EVENT_BACKTEST,registry/w4b_polymarket_recensus_venue_events_v1.csv.gz,43266,Tigers vs. Marlins,fed,,
MACRO_PM_OR_ETF_EVENT_BACKTEST,registry/w4b_polymarket_recensus_venue_events_v1.csv.gz,43343,Solana price on September 18?,fed,,
MACRO_PM_OR_ETF_EVENT_BACKTEST,registry/w4b_polymarket_recensus_venue_events_v1.csv.gz,43393,September Inflation - Monthly,inflation,,
MACRO_PM_OR_ETF_EVENT_BACKTEST,registry/w4b_polymarket_recensus_venue_events_v1.csv.gz,43395,September Inflation - Annual,inflation,,
MACRO_PM_OR_ETF_EVENT_BACKTEST,registry/w4b_polymarket_recensus_venue_events_v1.csv.gz,43411,"Ethereum Price - September 12, 12AM ET",fed,,
MACRO_PM_OR_ETF_EVENT_BACKTEST,registry/w4b_polymarket_recensus_venue_events_v1.csv.gz,43412,Dota 2: Xtreme Gaming vs. PARIVISION,fed,,
MACRO_PM_OR_ETF_EVENT_BACKTEST,registry/w4b_polymarket_recensus_venue_events_v1.csv.gz,43522,Pirates vs. Nationals,rates,,
MACRO_PM_OR_ETF_EVENT_BACKTEST,registry/w4b_polymarket_recensus_venue_events_v1.csv.gz,43557,"Bitcoin Up or Down - September 14, 11PM ET",fed,,
MACRO_PM_OR_ETF_EVENT_BACKTEST,registry/w4b_polymarket_recensus_venue_events_v1.csv.gz,43559,"Bitcoin Up or Down - September 15, 1AM ET",fed,,
MACRO_PM_OR_ETF_EVENT_BACKTEST,registry/w4b_polymarket_recensus_venue_events_v1.csv.gz,43734,"XRP Up or Down - September 16, 12AM ET",fed,,
MACRO_PM_OR_ETF_EVENT_BACKTEST,registry/w4b_polymarket_recensus_venue_events_v1.csv.gz,43767,"Solana Up or Down - September 14, 10PM ET",fed,,
MACRO_PM_OR_ETF_EVENT_BACKTEST,registry/w4b_polymarket_recensus_venue_events_v1.csv.gz,43794,"Solana Up or Down - September 16, 1AM ET",fed,,
MACRO_PM_OR_ETF_EVENT_BACKTEST,registry/w4b_polymarket_recensus_venue_events_v1.csv.gz,43813,"Solana Up or Down - September 16, 8PM ET",fed,,
MACRO_PM_OR_ETF_EVENT_BACKTEST,registry/w4b_polymarket_recensus_venue_events_v1.csv.gz,43883,New England Revolution vs. Toronto FC,fed,,
MACRO_PM_OR_ETF_EVENT_BACKTEST,registry/w4b_polymarket_recensus_venue_events_v1.csv.gz,43948,"Bitcoin Up or Down - September 13, 12:15AM-12:30AM ET",fed,,
MACRO_PM_OR_ETF_EVENT_BACKTEST,registry/w4b_polymarket_recensus_venue_events_v1.csv.gz,44006,"Solana Price - September 13, 8AM ET",fed,,
MACRO_PM_OR_ETF_EVENT_BACKTEST,registry/w4b_polymarket_recensus_venue_events_v1.csv.gz,44016,"Bitcoin Up or Down - September 13, 6:15AM-6:30AM ET",fed,,
MACRO_PM_OR_ETF_EVENT_BACKTEST,registry/w4b_polymarket_recensus_venue_events_v1.csv.gz,44023,Pirates vs. Nationals,rates,,
MACRO_PM_OR_ETF_EVENT_BACKTEST,registry/w4b_polymarket_recensus_venue_events_v1.csv.gz,44027,White Sox vs. Guardians,fed,,
MACRO_PM_OR_ETF_EVENT_BACKTEST,registry/w4b_polymarket_recensus_venue_events_v1.csv.gz,44039,"Bitcoin Up or Down - September 13, 7:00AM-7:15AM ET",fed,,
MACRO_PM_OR_ETF_EVENT_BACKTEST,registry/w4b_polymarket_recensus_venue_events_v1.csv.gz,44041,Dota 2: PARIVISION vs. Team Falcons,fed,,
MACRO_PM_OR_ETF_EVENT_BACKTEST,registry/w4b_polymarket_recensus_venue_events_v1.csv.gz,44060,Storm vs. Aces,fed,,
MACRO_PM_OR_ETF_EVENT_BACKTEST,registry/w4b_polymarket_recensus_venue_events_v1.csv.gz,44110,"Ethereum Up or Down - September 13, 12:45PM-1:00PM ET",fed,,
MACRO_PM_OR_ETF_EVENT_BACKTEST,registry/w4b_polymarket_recensus_venue_events_v1.csv.gz,44153,"Bitcoin Up or Down - September 13, 3:15PM-3:30PM ET",fed,,
MACRO_PM_OR_ETF_EVENT_BACKTEST,registry/w4b_polymarket_recensus_venue_events_v1.csv.gz,44167,"Bitcoin Price - September 13, 8PM ET",fed,,
MACRO_PM_OR_ETF_EVENT_BACKTEST,registry/w4b_polymarket_recensus_venue_events_v1.csv.gz,44218,"Bitcoin Up or Down - September 13, 9:15PM-9:30PM ET",fed,,
MACRO_PM_OR_ETF_EVENT_BACKTEST,registry/w4b_polymarket_recensus_venue_events_v1.csv.gz,44222,"Bitcoin Up or Down - September 13, 9:45PM-10:00PM ET",fed,,
MACRO_PM_OR_ETF_EVENT_BACKTEST,registry/w4b_polymarket_recensus_venue_events_v1.csv.gz,44279,"Ethereum Up or Down - September 14, 12:45AM-1:00AM ET",fed,,
MACRO_PM_OR_ETF_EVENT_BACKTEST,registry/w4b_polymarket_recensus_venue_events_v1.csv.gz,44305,FC Lorient vs. AS Monaco FC,fed,,
MACRO_PM_OR_ETF_EVENT_BACKTEST,registry/w4b_polymarket_recensus_venue_events_v1.csv.gz,44323,1. FC Heidenheim vs. FC Augsburg,fed,,
MACRO_PM_OR_ETF_EVENT_BACKTEST,registry/w4b_polymarket_recensus_venue_events_v1.csv.gz,44371,"Bitcoin Up or Down - September 14, 5:30AM-5:45AM ET",fed,,
MACRO_PM_OR_ETF_EVENT_BACKTEST,registry/w4b_polymarket_recensus_venue_events_v1.csv.gz,44382,Cubs vs. Pirates,rates,,
MACRO_PM_OR_ETF_EVENT_BACKTEST,registry/w4b_polymarket_recensus_venue_events_v1.csv.gz,44399,"Ethereum Up or Down - September 14, 8:00AM-8:15AM ET",fed,,
MACRO_PM_OR_ETF_EVENT_BACKTEST,registry/w4b_polymarket_recensus_venue_events_v1.csv.gz,44401,"Bitcoin Up or Down - September 14, 8:15AM-8:30AM ET",fed,,
MACRO_PM_OR_ETF_EVENT_BACKTEST,registry/w4b_polymarket_recensus_venue_events_v1.csv.gz,44438,"Bitcoin Up or Down - September 14, 11:45AM-12:00PM ET",fed,,
MACRO_PM_OR_ETF_EVENT_BACKTEST,registry/w4b_polymarket_recensus_venue_events_v1.csv.gz,44465,"Ethereum Up or Down - September 14, 2:15PM-2:30PM ET",fed,,
MACRO_PM_OR_ETF_EVENT_BACKTEST,registry/w4b_polymarket_recensus_venue_events_v1.csv.gz,44524,"Ethereum Up or Down - September 14, 7:00PM-7:15PM ET",fed,,
MACRO_PM_OR_ETF_EVENT_BACKTEST,registry/w4b_polymarket_recensus_venue_events_v1.csv.gz,44638,"Bitcoin Price - September 15, 12AM ET",fed,,
MACRO_PM_OR_ETF_EVENT_BACKTEST,registry/w4b_polymarket_recensus_venue_events_v1.csv.gz,44689,Will Fedex (FDX) beat its quarterly EPS estimate?,fed,,
MACRO_PM_OR_ETF_EVENT_BACKTEST,registry/w4b_polymarket_recensus_venue_events_v1.csv.gz,44695,"Bitcoin above ___ on September 15, 4AM ET?",fed,,
MACRO_PM_OR_ETF_EVENT_BACKTEST,registry/w4b_polymarket_recensus_venue_events_v1.csv.gz,44767,Arkansas State vs. Kennesaw State,fed,,
MACRO_PM_OR_ETF_EVENT_BACKTEST,registry/w4b_polymarket_recensus_venue_events_v1.csv.gz,44790,Barcelona vs. Real Sociedad,fed,,
MACRO_PM_OR_ETF_EVENT_BACKTEST,registry/w4b_polymarket_recensus_venue_events_v1.csv.gz,44811,"Ethereum above ___ on September 15, 8AM ET?",fed,,
MACRO_PM_OR_ETF_EVENT_BACKTEST,registry/w4b_polymarket_recensus_venue_events_v1.csv.gz,44816,"Ethereum Up or Down - September 15, 5:00AM-5:15AM ET",fed,,
MACRO_PM_OR_ETF_EVENT_BACKTEST,registry/w4b_polymarket_recensus_venue_events_v1.csv.gz,44838,"Ethereum Up or Down - September 15, 6:00AM-6:15AM ET",fed,,
MACRO_PM_OR_ETF_EVENT_BACKTEST,registry/w4b_polymarket_recensus_venue_events_v1.csv.gz,44847,Cubs vs. Pirates,rates,,
MACRO_PM_OR_ETF_EVENT_BACKTEST,registry/w4b_polymarket_recensus_venue_events_v1.csv.gz,44977,"Bitcoin Up or Down - September 15, 3:15PM-3:30PM ET",fed,,
MACRO_PM_OR_ETF_EVENT_BACKTEST,registry/w4b_polymarket_recensus_venue_events_v1.csv.gz,45075,"Ethereum Up or Down - September 15, 10:15PM-10:30PM ET",fed,,
MACRO_PM_OR_ETF_EVENT_BACKTEST,registry/w4b_polymarket_recensus_venue_events_v1.csv.gz,45179,Dota 2: BB Bros vs IAP,fed,,
MACRO_PM_OR_ETF_EVENT_BACKTEST,registry/w4b_polymarket_recensus_venue_events_v1.csv.gz,45184,Dota 2: eSpoiled vs LVLUP,oil,,
MACRO_PM_OR_ETF_EVENT_BACKTEST,registry/w4b_polymarket_recensus_venue_events_v1.csv.gz,45186,Dota 2: WB vs eSpoiled,oil,,
MACRO_PM_OR_ETF_EVENT_BACKTEST,registry/w4b_polymarket_recensus_venue_events_v1.csv.gz,45226,"XRP Up or Down - September 18, 12AM ET",fed,,
MACRO_PM_OR_ETF_EVENT_BACKTEST,registry/w4b_polymarket_recensus_venue_events_v1.csv.gz,45304,Cubs vs. Pirates,rates,,
MACRO_PM_OR_ETF_EVENT_BACKTEST,registry/w4b_polymarket_recensus_venue_events_v1.csv.gz,45364,"Solana Up or Down - September 18, 7AM ET",fed,,
MACRO_PM_OR_ETF_EVENT_BACKTEST,registry/w4b_polymarket_recensus_venue_events_v1.csv.gz,45527,"Ethereum Up or Down - September 16, 3:30PM-3:45PM ET",fed,,
MACRO_PM_OR_ETF_EVENT_BACKTEST,registry/w4b_polymarket_recensus_venue_events_v1.csv.gz,45583,"Solana Up or Down - September 19, 6PM ET",fed,,
MACRO_PM_OR_ETF_EVENT_BACKTEST,registry/w4b_polymarket_recensus_venue_events_v1.csv.gz,45589,"Bitcoin Up or Down - September 16, 4:00PM-4:15PM ET",fed,,
MACRO_PM_OR_ETF_EVENT_BACKTEST,registry/w4b_polymarket_recensus_venue_events_v1.csv.gz,45599,How many days will the federal government be shut down in 2025?,fed,,
MACRO_PM_OR_ETF_EVENT_BACKTEST,registry/w4b_polymarket_recensus_venue_events_v1.csv.gz,45641,"Bitcoin Up or Down - September 16, 8:00PM-8:15PM ET",fed,,
MACRO_PM_OR_ETF_EVENT_BACKTEST,registry/w4b_polymarket_recensus_venue_events_v1.csv.gz,45883,Fed decision in January?,fed;fomc,,
MACRO_PM_OR_ETF_EVENT_BACKTEST,registry/w4b_polymarket_recensus_venue_events_v1.csv.gz,45886,How many dissent at the next Fed meeting?,fed;fomc,,
MACRO_PM_OR_ETF_EVENT_BACKTEST,registry/w4b_polymarket_recensus_venue_events_v1.csv.gz,45887,Fed rate cut by...?,fed;fomc;rate cut,,
MACRO_PM_OR_ETF_EVENT_BACKTEST,registry/w4b_polymarket_recensus_venue_events_v1.csv.gz,45993,"Bitcoin Up or Down - September 18, 12:30AM-12:45AM ET",fed,,
MACRO_PM_OR_ETF_EVENT_BACKTEST,registry/w4b_polymarket_recensus_venue_events_v1.csv.gz,46054,"Solana Up or Down - September 20, 2AM ET",fed,,
MACRO_PM_OR_ETF_EVENT_BACKTEST,registry/w4b_polymarket_recensus_venue_events_v1.csv.gz,46096,Athletics vs. Pirates,fed;rates,,
MACRO_PM_OR_ETF_EVENT_BACKTEST,registry/w4b_polymarket_recensus_venue_events_v1.csv.gz,46141,"Ethereum Up or Down - September 18, 9:00AM-9:15AM ET",fed,,
MACRO_PM_OR_ETF_EVENT_BACKTEST,registry/w4b_polymarket_recensus_venue_events_v1.csv.gz,46146,"Bitcoin Up or Down - September 18, 9:30AM-9:45AM ET",fed,,
MACRO_PM_OR_ETF_EVENT_BACKTEST,registry/w4b_polymarket_recensus_venue_events_v1.csv.gz,46181,"Ethereum Up or Down - September 18, 12:30PM-12:45PM ET",fed,,
MACRO_PM_OR_ETF_EVENT_BACKTEST,registry/w4b_polymarket_recensus_venue_events_v1.csv.gz,46204,"Bitcoin Up or Down - September 18, 1:30PM-1:45PM ET",fed,,
MACRO_PM_OR_ETF_EVENT_BACKTEST,registry/w4b_polymarket_recensus_venue_events_v1.csv.gz,46245,"Bitcoin Up or Down - September 18, 3:45PM-4:00PM ET",fed,,
MACRO_PM_OR_ETF_EVENT_BACKTEST,registry/w4b_polymarket_recensus_venue_events_v1.csv.gz,46250,"Bitcoin Up or Down - September 18, 4:00PM-4:15PM ET",fed,,
MACRO_PM_OR_ETF_EVENT_BACKTEST,registry/w4b_polymarket_recensus_venue_events_v1.csv.gz,46256,"Ethereum Up or Down - September 18, 4:30PM-4:45PM ET",fed,,
MACRO_PM_OR_ETF_EVENT_BACKTEST,registry/w4b_polymarket_recensus_venue_events_v1.csv.gz,46304,"Ethereum Up or Down - September 18, 7:15PM-7:30PM ET",fed,,
MACRO_PM_OR_ETF_EVENT_BACKTEST,registry/w4b_polymarket_recensus_venue_events_v1.csv.gz,46338,"Bitcoin Up or Down - September 18, 9:00PM-9:15PM ET",fed,,
MACRO_PM_OR_ETF_EVENT_BACKTEST,registry/w4b_polymarket_recensus_venue_events_v1.csv.gz,46372,How many minutes will Trump's UN Speech be?,fed,,
MACRO_PM_OR_ETF_EVENT_BACKTEST,registry/w4b_polymarket_recensus_venue_events_v1.csv.gz,46570,Dota 2: eSpoiled vs Kalm,fed;oil,,
MACRO_PM_OR_ETF_EVENT_BACKTEST,registry/w4b_polymarket_recensus_venue_events_v1.csv.gz,46587,Dota 2: eSpoiled vs ZP,oil,,
MACRO_PM_OR_ETF_EVENT_BACKTEST,registry/w4b_polymarket_recensus_venue_events_v1.csv.gz,46589,Dota 2: ACrew vs Lyons,fed,,
MACRO_PM_OR_ETF_EVENT_BACKTEST,registry/w4b_polymarket_recensus_venue_events_v1.csv.gz,46598,Dota 2: eSpoiled vs LVLUP,oil,,
MACRO_PM_OR_ETF_EVENT_BACKTEST,registry/w4b_polymarket_recensus_venue_events_v1.csv.gz,46599,Dota 2: WB vs eSpoiled,oil,,
MACRO_PM_OR_ETF_EVENT_BACKTEST,registry/w4b_polymarket_recensus_venue_events_v1.csv.gz,46661,Athletics vs. Pirates,rates,,
MACRO_PM_OR_ETF_EVENT_BACKTEST,registry/w4b_polymarket_recensus_venue_events_v1.csv.gz,46680,"Bitcoin Up or Down - September 21, 5AM ET",fed,,
MACRO_PM_OR_ETF_EVENT_BACKTEST,registry/w4b_polymarket_recensus_venue_events_v1.csv.gz,46763,"Solana above ___ on September 19, 4PM ET?",fed,,
MACRO_PM_OR_ETF_EVENT_BACKTEST,registry/w4b_polymarket_recensus_venue_events_v1.csv.gz,46832,"Ethereum Price - September 19, 8PM ET",fed,,
MACRO_PM_OR_ETF_EVENT_BACKTEST,registry/w4b_polymarket_recensus_venue_events_v1.csv.gz,47034,"Bitcoin Up or Down - September 20, 4:45AM-5:00AM ET",fed,,
MACRO_PM_OR_ETF_EVENT_BACKTEST,registry/w4b_polymarket_recensus_venue_events_v1.csv.gz,47061,Oilers vs. Flames,oil,,
MACRO_PM_OR_ETF_EVENT_BACKTEST,registry/w4b_polymarket_recensus_venue_events_v1.csv.gz,47077,Oilers vs. Jets,oil,,
MACRO_PM_OR_ETF_EVENT_BACKTEST,registry/w4b_polymarket_recensus_venue_events_v1.csv.gz,47080,Penguins vs. Blue Jackets,fed,,
MACRO_PM_OR_ETF_EVENT_BACKTEST,registry/w4b_polymarket_recensus_venue_events_v1.csv.gz,47083,Kraken vs. Oilers,oil,,
MACRO_PM_OR_ETF_EVENT_BACKTEST,registry/w4b_polymarket_recensus_venue_events_v1.csv.gz,47094,Jets vs. Oilers,oil,,
MACRO_PM_OR_ETF_EVENT_BACKTEST,registry/w4b_polymarket_recensus_venue_events_v1.csv.gz,47125,Athletics vs. Pirates,rates,,
MACRO_PM_OR_ETF_EVENT_BACKTEST,registry/w4b_polymarket_recensus_venue_events_v1.csv.gz,47200,"Bitcoin Up or Down - September 22, 8AM ET",fed,,
MACRO_PM_OR_ETF_EVENT_BACKTEST,registry/w4b_polymarket_recensus_venue_events_v1.csv.gz,47242,"Ethereum Up or Down - September 20, 1:45PM-2:00PM ET",fed,,
MACRO_PM_OR_ETF_EVENT_BACKTEST,registry/w4b_polymarket_recensus_venue_events_v1.csv.gz,47248,"Ethereum Up or Down - September 20, 2:00PM-2:15PM ET",fed,,
MACRO_PM_OR_ETF_EVENT_BACKTEST,registry/w4b_polymarket_recensus_venue_events_v1.csv.gz,47283,"Ethereum Up or Down - September 20, 3:45PM-4:00PM ET",fed,,
MACRO_PM_OR_ETF_EVENT_BACKTEST,registry/w4b_polymarket_recensus_venue_events_v1.csv.gz,47304,"Solana Price - September 20, 8PM ET",fed,,
MACRO_PM_OR_ETF_EVENT_BACKTEST,registry/w4b_polymarket_recensus_venue_events_v1.csv.gz,47313,"Bitcoin Up or Down - September 20, 5:30PM-5:45PM ET",fed,,
MACRO_PM_OR_ETF_EVENT_BACKTEST,registry/w4b_polymarket_recensus_venue_events_v1.csv.gz,47422,"Ethereum Up or Down - September 22, 9PM ET",fed,,
MACRO_PM_OR_ETF_EVENT_BACKTEST,registry/w4b_polymarket_recensus_venue_events_v1.csv.gz,47440,"Ethereum above ___ on September 21, 4AM ET?",fed,,
MACRO_PM_OR_ETF_EVENT_BACKTEST,registry/w4b_polymarket_recensus_venue_events_v1.csv.gz,47515,"Ethereum Up or Down - September 21, 4:00AM-4:15AM ET",fed,,
MACRO_PM_OR_ETF_EVENT_BACKTEST,registry/w4b_polymarket_recensus_venue_events_v1.csv.gz,47520,"Bitcoin Up or Down - September 21, 4:30AM-4:45AM ET",fed,,
MACRO_PM_OR_ETF_EVENT_BACKTEST,registry/w4b_polymarket_recensus_venue_events_v1.csv.gz,47641,"Ethereum Up or Down - September 23, 10AM ET",fed,,
MACRO_PM_OR_ETF_EVENT_BACKTEST,registry/w4b_polymarket_recensus_venue_events_v1.csv.gz,47866,"Ethereum above ___ on September 22, 4AM ET?",fed,,
MACRO_PM_OR_ETF_EVENT_BACKTEST,registry/w4b_polymarket_recensus_venue_events_v1.csv.gz,47943,"Bitcoin Up or Down - September 22, 4:45AM-5:00AM ET",fed,,
MACRO_PM_OR_ETF_EVENT_BACKTEST,registry/w4b_polymarket_recensus_venue_events_v1.csv.gz,47955,"XRP Price - September 22, 8AM ET",fed,,
MACRO_PM_OR_ETF_EVENT_BACKTEST,registry/w4b_polymarket_recensus_venue_events_v1.csv.gz,47967,"Solana Up or Down - September 24, 3AM ET",fed,,
MACRO_PM_OR_ETF_EVENT_BACKTEST,registry/w4b_polymarket_recensus_venue_events_v1.csv.gz,47982,Pirates vs. Reds,rates,,
MACRO_PM_OR_ETF_EVENT_BACKTEST,registry/w4b_polymarket_recensus_venue_events_v1.csv.gz,47989,Twins vs. Rangers,fed,,
MACRO_PM_OR_ETF_EVENT_BACKTEST,registry/w4b_polymarket_recensus_venue_events_v1.csv.gz,48011,"Ethereum Up or Down - September 22, 8:00AM-8:15AM ET",fed,,
MACRO_PM_OR_ETF_EVENT_BACKTEST,registry/w4b_polymarket_recensus_venue_events_v1.csv.gz,48032,Hangzhou Open: Francisco Cabral / Lucas Miedler vs Nicolas Barrientos / David Pel,fed,,
MACRO_PM_OR_ETF_EVENT_BACKTEST,registry/w4b_polymarket_recensus_venue_events_v1.csv.gz,48038,"Solana Price - September 22, 12PM ET",fed,,
MACRO_PM_OR_ETF_EVENT_BACKTEST,registry/w4b_polymarket_recensus_venue_events_v1.csv.gz,48132,"XRP Up or Down - September 24, 11AM ET",fed,,
MACRO_PM_OR_ETF_EVENT_BACKTEST,registry/w4b_polymarket_recensus_venue_events_v1.csv.gz,48162,"China Open, Qualification: Yi Zhou vs David Goffin",fed,,
MACRO_PM_OR_ETF_EVENT_BACKTEST,registry/w4b_polymarket_recensus_venue_events_v1.csv.gz,48286,FK Zenit vs. FK Orenburg,fed,,
MACRO_PM_OR_ETF_EVENT_BACKTEST,registry/w4b_polymarket_recensus_venue_events_v1.csv.gz,48321,Canucks vs. Oilers,oil,,
MACRO_PM_OR_ETF_EVENT_BACKTEST,registry/w4b_polymarket_recensus_venue_events_v1.csv.gz,48367,"Bitcoin above ___ on September 23, 12AM ET?",fed,,
MACRO_PM_OR_ETF_EVENT_BACKTEST,registry/w4b_polymarket_recensus_venue_events_v1.csv.gz,48389,September Inflation Argentina - Annual,inflation,,
MACRO_PM_OR_ETF_EVENT_BACKTEST,registry/w4b_polymarket_recensus_venue_events_v1.csv.gz,48598,"Bitcoin Up or Down - September 25, 1AM ET",fed,,
MACRO_PM_OR_ETF_EVENT_BACKTEST,registry/w4b_polymarket_recensus_venue_events_v1.csv.gz,48605,"Bitcoin Up or Down - September 23, 4:15AM-4:30AM ET",fed,,
MACRO_PM_OR_ETF_EVENT_BACKTEST,registry/w4b_polymarket_recensus_venue_events_v1.csv.gz,48611,Burnley vs. Cardiff City,fed,,
MACRO_PM_OR_ETF_EVENT_BACKTEST,registry/w4b_polymarket_recensus_venue_events_v1.csv.gz,48614,Huddersfield Town vs. Manchester City,fed,,
MACRO_PM_OR_ETF_EVENT_BACKTEST,registry/w4b_polymarket_recensus_venue_events_v1.csv.gz,48661,Pirates vs. Reds,rates,,
MACRO_PM_OR_ETF_EVENT_BACKTEST,registry/w4b_polymarket_recensus_venue_events_v1.csv.gz,48696,"Bitcoin above ___ on September 23, 12PM ET?",fed,,
MACRO_PM_OR_ETF_EVENT_BACKTEST,registry/w4b_polymarket_recensus_venue_events_v1.csv.gz,48754,"Bitcoin Up or Down - September 23, 11:45AM-12:00PM ET",fed,,
MACRO_PM_OR_ETF_EVENT_BACKTEST,registry/w4b_polymarket_recensus_venue_events_v1.csv.gz,48903,"Ethereum Up or Down - September 23, 5:15PM-5:30PM ET",fed,,
MACRO_PM_OR_ETF_EVENT_BACKTEST,registry/w4b_polymarket_recensus_venue_events_v1.csv.gz,48986,"Ethereum Up or Down - September 23, 10:00PM-10:15PM ET",fed,,
MACRO_PM_OR_ETF_EVENT_BACKTEST,registry/w4b_polymarket_recensus_venue_events_v1.csv.gz,49038,Dota 2: Team Tea vs eSpoiled,oil,,
MACRO_PM_OR_ETF_EVENT_BACKTEST,registry/w4b_polymarket_recensus_venue_events_v1.csv.gz,49039,Dota 2: 4Pirates vs Yellow Submarine,rates,,
MACRO_PM_OR_ETF_EVENT_BACKTEST,registry/w4b_polymarket_recensus_venue_events_v1.csv.gz,49040,Dota 2: Inner Circle vs eSpoiled,oil,,
MACRO_PM_OR_ETF_EVENT_BACKTEST,registry/w4b_polymarket_recensus_venue_events_v1.csv.gz,49071,"XRP Up or Down - September 25, 9PM ET",fed,,
MACRO_PM_OR_ETF_EVENT_BACKTEST,registry/w4b_polymarket_recensus_venue_events_v1.csv.gz,49147,CS: FUT vs Betera,fed,,
MACRO_PM_OR_ETF_EVENT_BACKTEST,registry/w4b_polymarket_recensus_venue_events_v1.csv.gz,49186,Pirates vs. Reds,rates,,
MACRO_PM_OR_ETF_EVENT_BACKTEST,registry/w4b_polymarket_recensus_venue_events_v1.csv.gz,49205,"Ethereum Up or Down - September 24, 7:45AM-8:00AM ET",fed,,
MACRO_PM_OR_ETF_EVENT_BACKTEST,registry/w4b_polymarket_recensus_venue_events_v1.csv.gz,49208,"Solana Up or Down - September 26, 5AM ET",fed,,
MACRO_PM_OR_ETF_EVENT_BACKTEST,registry/w4b_polymarket_recensus_venue_events_v1.csv.gz,49216,"Ethereum Up or Down - September 24, 8:45AM-9:00AM ET",fed,,
MACRO_PM_OR_ETF_EVENT_BACKTEST,registry/w4b_polymarket_recensus_venue_events_v1.csv.gz,49273,"Ethereum Up or Down - September 24, 11:45AM-12:00PM ET",fed,,
MACRO_PM_OR_ETF_EVENT_BACKTEST,registry/w4b_polymarket_recensus_venue_events_v1.csv.gz,49367,"Bitcoin Up or Down - September 24, 4:15PM-4:30PM ET",fed,,
MACRO_PM_OR_ETF_EVENT_BACKTEST,registry/w4b_polymarket_recensus_venue_events_v1.csv.gz,49506,"Ethereum Up or Down - September 25, 12:45AM-1:00AM ET",fed,,
MACRO_PM_OR_ETF_EVENT_BACKTEST,registry/w4b_polymarket_recensus_venue_events_v1.csv.gz,49626,Twins vs. Phillies,fed,,
MACRO_PM_OR_ETF_EVENT_BACKTEST,registry/w4b_polymarket_recensus_venue_events_v1.csv.gz,49633,Pirates vs. Braves,rates,,
MACRO_PM_OR_ETF_EVENT_BACKTEST,registry/w4b_polymarket_recensus_venue_events_v1.csv.gz,49674,"XRP Up or Down - September 27, 6AM ET",fed,,
MACRO_PM_OR_ETF_EVENT_BACKTEST,registry/w4b_polymarket_recensus_venue_events_v1.csv.gz,49782,"XRP Up or Down - September 27, 11AM ET",fed,,
MACRO_PM_OR_ETF_EVENT_BACKTEST,registry/w4b_polymarket_recensus_venue_events_v1.csv.gz,49791,September Inflation Argentina - Monthly,inflation,,
MACRO_PM_OR_ETF_EVENT_BACKTEST,registry/w4b_polymarket_recensus_venue_events_v1.csv.gz,49834,"Ethereum Up or Down - September 25, 4:00PM-4:15PM ET",fed,,
MACRO_PM_OR_ETF_EVENT_BACKTEST,registry/w4b_polymarket_recensus_venue_events_v1.csv.gz,49877,December Inflation Argentina - Annual,inflation,,
MACRO_PM_OR_ETF_EVENT_BACKTEST,registry/w4b_polymarket_recensus_venue_events_v1.csv.gz,49902,"Bitcoin Up or Down - September 25, 8:00PM-8:15PM ET",fed,,
MACRO_PM_OR_ETF_EVENT_BACKTEST,registry/w4b_polymarket_recensus_venue_events_v1.csv.gz,49946,Will JPMorgan Chase (JPM) beat quarterly earnings?,fed,,
MACRO_PM_OR_ETF_EVENT_BACKTEST,registry/w4b_polymarket_recensus_venue_events_v1.csv.gz,49962,"Ethereum Up or Down - September 25, 11:15PM-11:30PM ET",fed,,
MACRO_PM_OR_ETF_EVENT_BACKTEST,registry/w4b_polymarket_recensus_venue_events_v1.csv.gz,50025,Dota 2: 1win vs eSpoiled,oil,,
MACRO_PM_OR_ETF_EVENT_BACKTEST,registry/w4b_polymarket_recensus_venue_events_v1.csv.gz,50043,"Ethereum Up or Down - September 26, 3:30AM-3:45AM ET",fed,,
MACRO_PM_OR_ETF_EVENT_BACKTEST,registry/w4b_polymarket_recensus_venue_events_v1.csv.gz,50120,Pirates vs. Braves,rates,,
MACRO_PM_OR_ETF_EVENT_BACKTEST,registry/w4b_polymarket_recensus_venue_events_v1.csv.gz,50171,"Solana above ___ on September 26, 12PM ET?",fed,,
MACRO_PM_OR_ETF_EVENT_BACKTEST,registry/w4b_polymarket_recensus_venue_events_v1.csv.gz,50194,"Bitcoin Up or Down - September 28, 8AM ET",fed,,
MACRO_PM_OR_ETF_EVENT_BACKTEST,registry/w4b_polymarket_recensus_venue_events_v1.csv.gz,50247,"Bitcoin Up or Down - September 26, 2:30PM-2:45PM ET",fed,,
MACRO_PM_OR_ETF_EVENT_BACKTEST,registry/w4b_polymarket_recensus_venue_events_v1.csv.gz,50260,Solana Up or Down on September 28?,fed,,
MACRO_PM_OR_ETF_EVENT_BACKTEST,registry/w4b_polymarket_recensus_venue_events_v1.csv.gz,50330,Will Bank of America (BAC) beat quarterly earnings?,fed,,
MACRO_PM_OR_ETF_EVENT_BACKTEST,registry/w4b_polymarket_recensus_venue_events_v1.csv.gz,50368,John Brennan federally charged by October 31?,fed,,
MACRO_PM_OR_ETF_EVENT_BACKTEST,registry/w4b_polymarket_recensus_venue_events_v1.csv.gz,50382,"Ethereum Up or Down - September 26, 7:30PM-7:45PM ET",fed,,
MACRO_PM_OR_ETF_EVENT_BACKTEST,registry/w4b_polymarket_recensus_venue_events_v1.csv.gz,50384,Will Ghislaine Maxwell cut a deal with the Feds in 2025?,fed,,
MACRO_PM_OR_ETF_EVENT_BACKTEST,registry/w4b_polymarket_recensus_venue_events_v1.csv.gz,50385,Oscars 2026: Best Director Nominations,fed,,
MACRO_PM_OR_ETF_EVENT_BACKTEST,registry/w4b_polymarket_recensus_venue_events_v1.csv.gz,50431,Dota 2: Yakutou Brothers vs Execration,fed,,
MACRO_PM_OR_ETF_EVENT_BACKTEST,registry/w4b_polymarket_recensus_venue_events_v1.csv.gz,50481,"Ethereum Up or Down - September 27, 12:00AM-12:15AM ET",fed,,
MACRO_PM_OR_ETF_EVENT_BACKTEST,registry/w4b_polymarket_recensus_venue_events_v1.csv.gz,50488,"Bitcoin Up or Down - September 28, 10PM ET",fed,,
MACRO_PM_OR_ETF_EVENT_BACKTEST,registry/w4b_polymarket_recensus_venue_events_v1.csv.gz,50509,"Ethereum Up or Down - September 28, 11PM ET",fed,,
MACRO_PM_OR_ETF_EVENT_BACKTEST,registry/w4b_polymarket_recensus_venue_events_v1.csv.gz,50595,Pirates vs. Braves,rates,,
MACRO_PM_OR_ETF_EVENT_BACKTEST,registry/w4b_polymarket_recensus_venue_events_v1.csv.gz,50634,"XRP above ___ on September 27, 12PM ET?",fed,,
MACRO_PM_OR_ETF_EVENT_BACKTEST,registry/w4b_polymarket_recensus_venue_events_v1.csv.gz,50675,"Bitcoin Up or Down - September 27, 12:30PM-12:45PM ET",fed,,
MACRO_PM_OR_ETF_EVENT_BACKTEST,registry/w4b_polymarket_recensus_venue_events_v1.csv.gz,50698,"Bitcoin Up or Down - September 27, 1:45PM-2:00PM ET",fed,,
MACRO_PM_OR_ETF_EVENT_BACKTEST,registry/w4b_polymarket_recensus_venue_events_v1.csv.gz,50759,"Bitcoin Up or Down - September 27, 4:00PM-4:15PM ET",fed,,
MACRO_PM_OR_ETF_EVENT_BACKTEST,registry/w4b_polymarket_recensus_venue_events_v1.csv.gz,50763,"Bitcoin Up or Down - September 27, 4:30PM-4:45PM ET",fed,,
MACRO_PM_OR_ETF_EVENT_BACKTEST,registry/w4b_polymarket_recensus_venue_events_v1.csv.gz,50770,"Ethereum Up or Down - September 27, 5:00PM-5:15PM ET",fed,,
MACRO_PM_OR_ETF_EVENT_BACKTEST,registry/w4b_polymarket_recensus_venue_events_v1.csv.gz,50989,"Bitcoin Up or Down - September 28, 8:00AM-8:15AM ET",fed,,
MACRO_PM_OR_ETF_EVENT_BACKTEST,registry/w4b_polymarket_recensus_venue_events_v1.csv.gz,51113,"Ethereum Up or Down - September 28, 5:00PM-5:15PM ET",fed,,
MACRO_PM_OR_ETF_EVENT_BACKTEST,registry/w4b_polymarket_recensus_venue_events_v1.csv.gz,51132,U.S. anti-cartel operation on foreign soil by October 31?,oil,,
MACRO_PM_OR_ETF_EVENT_BACKTEST,registry/w4b_polymarket_recensus_venue_events_v1.csv.gz,51385,"XRP Up or Down - October 1, 4AM ET",fed,,
MACRO_PM_OR_ETF_EVENT_BACKTEST,registry/w4b_polymarket_recensus_venue_events_v1.csv.gz,51528,"Ethereum Up or Down - September 29, 3:00PM-3:15PM ET",fed,,
MACRO_PM_OR_ETF_EVENT_BACKTEST,registry/w4b_polymarket_recensus_venue_events_v1.csv.gz,51539,Samsunspor vs. Fenerbahçe SK,fed,,
MACRO_PM_OR_ETF_EVENT_BACKTEST,registry/w4b_polymarket_recensus_venue_events_v1.csv.gz,51545,Mazatlán FC vs. Atlético San Luis,fed,,
MACRO_PM_OR_ETF_EVENT_BACKTEST,registry/w4b_polymarket_recensus_venue_events_v1.csv.gz,51582,"Bitcoin Up or Down - September 29, 4:45PM-5:00PM ET",fed,,
MACRO_PM_OR_ETF_EVENT_BACKTEST,registry/w4b_polymarket_recensus_venue_events_v1.csv.gz,51610,"Ethereum Up or Down - September 29, 6:45PM-7:00PM ET",fed,,
MACRO_PM_OR_ETF_EVENT_BACKTEST,registry/w4b_polymarket_recensus_venue_events_v1.csv.gz,51714,Counter-Strike: Johnny Speeds vs 1WIN,fed,,
MACRO_PM_OR_ETF_EVENT_BACKTEST,registry/w4b_polymarket_recensus_venue_events_v1.csv.gz,51764,Illinois vs. Purdue Boilermakers,oil,,
MACRO_PM_OR_ETF_EVENT_BACKTEST,registry/w4b_polymarket_recensus_venue_events_v1.csv.gz,51792,Army vs. UAB Blazers,fed,,
MACRO_PM_OR_ETF_EVENT_BACKTEST,registry/w4b_polymarket_recensus_venue_events_v1.csv.gz,51938,"Bitcoin Up or Down - September 30, 5:45AM-6:00AM ET",fed,,
MACRO_PM_OR_ETF_EVENT_BACKTEST,registry/w4b_polymarket_recensus_venue_events_v1.csv.gz,52051,"XRP Up or Down - October 2, 11AM ET",fed,,
MACRO_PM_OR_ETF_EVENT_BACKTEST,registry/w4b_polymarket_recensus_venue_events_v1.csv.gz,52059,Fed decisions (Oct-Jan),fed;fomc,,
MACRO_PM_OR_ETF_EVENT_BACKTEST,registry/w4b_polymarket_recensus_venue_events_v1.csv.gz,52076,Shanghai Rolex Masters: Laslo Djere vs Valentin Vacherot,fed,,
MACRO_PM_OR_ETF_EVENT_BACKTEST,registry/w4b_polymarket_recensus_venue_events_v1.csv.gz,52081,Ethereum price on October 7?,fed,,
MACRO_PM_OR_ETF_EVENT_BACKTEST,registry/w4b_polymarket_recensus_venue_events_v1.csv.gz,52141,"Ethereum Up or Down - September 30, 5:15PM-5:30PM ET",fed,,
MACRO_PM_OR_ETF_EVENT_BACKTEST,registry/w4b_polymarket_recensus_venue_events_v1.csv.gz,52162,"Bitcoin Up or Down - September 30, 6:15PM-6:30PM ET",fed,,
MACRO_PM_OR_ETF_EVENT_BACKTEST,registry/w4b_polymarket_recensus_venue_events_v1.csv.gz,52272,Valorant: DRX vs Paper Rex (BO3),fed,,
MACRO_PM_OR_ETF_EVENT_BACKTEST,registry/w4b_polymarket_recensus_venue_events_v1.csv.gz,52373,Counter-Strike: FURIA fe vs Dusty Roses (BO3),fed,,
MACRO_PM_OR_ETF_EVENT_BACKTEST,registry/w4b_polymarket_recensus_venue_events_v1.csv.gz,52424,"Bitcoin Up or Down - October 2, 9PM ET",fed,,
MACRO_PM_OR_ETF_EVENT_BACKTEST,registry/w4b_polymarket_recensus_venue_events_v1.csv.gz,52449,"Ethereum Up or Down - October 2, 11PM ET",fed,,
MACRO_PM_OR_ETF_EVENT_BACKTEST,registry/w4b_polymarket_recensus_venue_events_v1.csv.gz,52524,"Ethereum Up or Down - October 1, 7:00AM-7:15AM ET",fed,,
MACRO_PM_OR_ETF_EVENT_BACKTEST,registry/w4b_polymarket_recensus_venue_events_v1.csv.gz,52594,Yieldbasis FDV above ___ one day after launch?,yield,,
MACRO_PM_OR_ETF_EVENT_BACKTEST,registry/w4b_polymarket_recensus_venue_events_v1.csv.gz,52605,"Ethereum Up or Down - October 1, 12:15PM-12:30PM ET",fed,,
MACRO_PM_OR_ETF_EVENT_BACKTEST,registry/w4b_polymarket_recensus_venue_events_v1.csv.gz,52638,"How many U.S. senators vote ""Yea"" on the next funding bill by October 31?",fed,,
MACRO_PM_OR_ETF_EVENT_BACKTEST,registry/w4b_polymarket_recensus_venue_events_v1.csv.gz,52738,"Ethereum Up or Down - October 3, 5PM ET",fed,,
MACRO_PM_OR_ETF_EVENT_BACKTEST,registry/w4b_polymarket_recensus_venue_events_v1.csv.gz,52756,Dota 2: eSpoiled vs L1ga Team (BO3),oil,,
MACRO_PM_OR_ETF_EVENT_BACKTEST,registry/w4b_polymarket_recensus_venue_events_v1.csv.gz,52865,"XRP Up or Down - October 3, 11PM ET",fed,,
MACRO_PM_OR_ETF_EVENT_BACKTEST,registry/w4b_polymarket_recensus_venue_events_v1.csv.gz,52885,Shanghai Rolex Masters: Ugo Humbert vs Jordan Thompson,fed,,
MACRO_PM_OR_ETF_EVENT_BACKTEST,registry/w4b_polymarket_recensus_venue_events_v1.csv.gz,52906,"Solana Up or Down - October 4, 1AM ET",fed,,
MACRO_PM_OR_ETF_EVENT_BACKTEST,registry/w4b_polymarket_recensus_venue_events_v1.csv.gz,52934,"Bitcoin Up or Down - October 2, 6:15AM-6:30AM ET",fed,,
MACRO_PM_OR_ETF_EVENT_BACKTEST,registry/w4b_polymarket_recensus_venue_events_v1.csv.gz,53128,Sharks vs. Golden Knights,fed,,
MACRO_PM_OR_ETF_EVENT_BACKTEST,registry/w4b_polymarket_recensus_venue_events_v1.csv.gz,53130,Oilers vs. Canucks,oil,,
MACRO_PM_OR_ETF_EVENT_BACKTEST,registry/w4b_polymarket_recensus_venue_events_v1.csv.gz,53149,Flames vs. Oilers,oil,,
MACRO_PM_OR_ETF_EVENT_BACKTEST,registry/w4b_polymarket_recensus_venue_events_v1.csv.gz,53165,"Next BLS jobs report by Oct 3, 2025, 8:30 AM ET?",payroll,,
MACRO_PM_OR_ETF_EVENT_BACKTEST,registry/w4b_polymarket_recensus_venue_events_v1.csv.gz,53190,Will Glacier Bancorp (GBCI) beat quarterly earnings?,fed,,
MACRO_PM_OR_ETF_EVENT_BACKTEST,registry/w4b_polymarket_recensus_venue_events_v1.csv.gz,53211,"Ethereum Up or Down - October 2, 7:00PM-7:15PM ET",fed,,
MACRO_PM_OR_ETF_EVENT_BACKTEST,registry/w4b_polymarket_recensus_venue_events_v1.csv.gz,53264,Dota 2: eSpoiled vs Team Lynx (BO3),oil,,
MACRO_PM_OR_ETF_EVENT_BACKTEST,registry/w4b_polymarket_recensus_venue_events_v1.csv.gz,53274,Dota 2: eSpoiled vs Yellow Submarine (BO3),oil,,
MACRO_PM_OR_ETF_EVENT_BACKTEST,registry/w4b_polymarket_recensus_venue_events_v1.csv.gz,53277,LoL: Alpha7 Esports vs Isurus (BO5),fed,,
MACRO_PM_OR_ETF_EVENT_BACKTEST,registry/w4b_polymarket_recensus_venue_events_v1.csv.gz,53310,"XRP Up or Down - October 4, 7PM ET",fed,,
MACRO_PM_OR_ETF_EVENT_BACKTEST,registry/w4b_polymarket_recensus_venue_events_v1.csv.gz,53458,LoL: Isurus vs Alpha7 Esports (BO5),fed,,
MACRO_PM_OR_ETF_EVENT_BACKTEST,registry/w4b_polymarket_recensus_venue_events_v1.csv.gz,53496,Counter-Strike: Zero Tenacity vs Favbet (BO3),fed,,
MACRO_PM_OR_ETF_EVENT_BACKTEST,registry/w4b_polymarket_recensus_venue_events_v1.csv.gz,53642,Counter-Strike: Players vs Crashers (BO3),fed,,
MACRO_PM_OR_ETF_EVENT_BACKTEST,registry/w4b_polymarket_recensus_venue_events_v1.csv.gz,53708,"Ethereum Up or Down - October 5, 2PM ET",fed,,
MACRO_PM_OR_ETF_EVENT_BACKTEST,registry/w4b_polymarket_recensus_venue_events_v1.csv.gz,53725,"XRP Up or Down - October 5, 3PM ET",fed,,
MACRO_PM_OR_ETF_EVENT_BACKTEST,registry/w4b_polymarket_recensus_venue_events_v1.csv.gz,53730,Next BLS jobs report during government shutdown?,payroll,,
MACRO_PM_OR_ETF_EVENT_BACKTEST,registry/w4b_polymarket_recensus_venue_events_v1.csv.gz,53773,Dota 2: VP.Prodigy vs eSpoiled (BO3),oil,,
MACRO_PM_OR_ETF_EVENT_BACKTEST,registry/w4b_polymarket_recensus_venue_events_v1.csv.gz,53798,"Bitcoin Up or Down - October 3, 9:30PM-9:45PM ET",fed,,
MACRO_PM_OR_ETF_EVENT_BACKTEST,registry/w4b_polymarket_recensus_venue_events_v1.csv.gz,53955,"Bitcoin Up or Down - October 4, 8:00AM-8:15AM ET",fed,,
MACRO_PM_OR_ETF_EVENT_BACKTEST,registry/w4b_polymarket_recensus_venue_events_v1.csv.gz,53991,Counter-Strike: fnatic vs Metizport (BO3),fed,,
MACRO_PM_OR_ETF_EVENT_BACKTEST,registry/w4b_polymarket_recensus_venue_events_v1.csv.gz,54172,"Solana Up or Down - October 6, 6PM ET",fed,,
MACRO_PM_OR_ETF_EVENT_BACKTEST,registry/w4b_polymarket_recensus_venue_events_v1.csv.gz,54186,"Bitcoin Up or Down - October 4, 9:45PM-10:00PM ET",fed,,
MACRO_PM_OR_ETF_EVENT_BACKTEST,registry/w4b_polymarket_recensus_venue_events_v1.csv.gz,54194,"Bitcoin Up or Down - October 4, 10:15PM-10:30PM ET",fed,,
MACRO_PM_OR_ETF_EVENT_BACKTEST,registry/w4b_polymarket_recensus_venue_events_v1.csv.gz,54270,Lecce vs. US Sassuolo Calcio,fed,,
MACRO_PM_OR_ETF_EVENT_BACKTEST,registry/w4b_polymarket_recensus_venue_events_v1.csv.gz,54514,Canucks vs. Oilers,oil,,
MACRO_PM_OR_ETF_EVENT_BACKTEST,registry/w4b_polymarket_recensus_venue_events_v1.csv.gz,54533,Wuhan Tennis Open: Antonia Ruzic vs Magda Linette,fed,,
MACRO_PM_OR_ETF_EVENT_BACKTEST,registry/w4b_polymarket_recensus_venue_events_v1.csv.gz,54545,Counter-Strike: BOSS vs regain (BO3),fed,,
MACRO_PM_OR_ETF_EVENT_BACKTEST,registry/w4b_polymarket_recensus_venue_events_v1.csv.gz,54622,"Bitcoin Up or Down - October 5, 6:30PM-6:45PM ET",fed,,
MACRO_PM_OR_ETF_EVENT_BACKTEST,registry/w4b_polymarket_recensus_venue_events_v1.csv.gz,54676,Counter-Strike: BASEMENT BOYS vs aimclub (BO1),fed,,
MACRO_PM_OR_ETF_EVENT_BACKTEST,registry/w4b_polymarket_recensus_venue_events_v1.csv.gz,54760,"Bitcoin Up or Down - October 6, 2:45AM-3:00AM ET",fed,,
MACRO_PM_OR_ETF_EVENT_BACKTEST,registry/w4b_polymarket_recensus_venue_events_v1.csv.gz,54886,Wuhan Tennis Open: Mirra Andreeva vs Laura Siegemund,fed,,
MACRO_PM_OR_ETF_EVENT_BACKTEST,registry/w4b_polymarket_recensus_venue_events_v1.csv.gz,54936,"Ethereum Up or Down - October 6, 11:45AM-12:00PM ET",fed,,
MACRO_PM_OR_ETF_EVENT_BACKTEST,registry/w4b_polymarket_recensus_venue_events_v1.csv.gz,54985,"Bitcoin Up or Down - October 6, 1:30PM-1:45PM ET",fed,,
MACRO_PM_OR_ETF_EVENT_BACKTEST,registry/w4b_polymarket_recensus_venue_events_v1.csv.gz,55025,Honduras vs. Costa Rica,fed,,
MACRO_PM_OR_ETF_EVENT_BACKTEST,registry/w4b_polymarket_recensus_venue_events_v1.csv.gz,55167,"Ethereum Up or Down - October 8, 6PM ET",fed,,
MACRO_PM_OR_ETF_EVENT_BACKTEST,registry/w4b_polymarket_recensus_venue_events_v1.csv.gz,55195,Counter-Strike: Zero Tenacity vs 1WIN (BO3),fed,,
MACRO_PM_OR_ETF_EVENT_BACKTEST,registry/w4b_polymarket_recensus_venue_events_v1.csv.gz,55208,Clemson vs. Boston College,fed,,
MACRO_PM_OR_ETF_EVENT_BACKTEST,registry/w4b_polymarket_recensus_venue_events_v1.csv.gz,55211,Purdue Boilermakers vs. Minnesota,oil,,
MACRO_PM_OR_ETF_EVENT_BACKTEST,registry/w4b_polymarket_recensus_venue_events_v1.csv.gz,55224,Ohio State vs. Illinois,fed,,
MACRO_PM_OR_ETF_EVENT_BACKTEST,registry/w4b_polymarket_recensus_venue_events_v1.csv.gz,55310,"Ethereum Up or Down - October 6, 10:15PM-10:30PM ET",fed,,
MACRO_PM_OR_ETF_EVENT_BACKTEST,registry/w4b_polymarket_recensus_venue_events_v1.csv.gz,55344,"Bitcoin Up or Down - October 8, 10PM ET",fed,,
MACRO_PM_OR_ETF_EVENT_BACKTEST,registry/w4b_polymarket_recensus_venue_events_v1.csv.gz,55396,United Arab Emirates vs. Oman,rates,,
MACRO_PM_OR_ETF_EVENT_BACKTEST,registry/w4b_polymarket_recensus_venue_events_v1.csv.gz,55418,Seychelles vs. Côte d'Ivoire,fed,,
MACRO_PM_OR_ETF_EVENT_BACKTEST,registry/w4b_polymarket_recensus_venue_events_v1.csv.gz,55644,Sport Lisboa e Benfica vs. FC Arouca,fed,,
MACRO_PM_OR_ETF_EVENT_BACKTEST,registry/w4b_polymarket_recensus_venue_events_v1.csv.gz,55742,Pumas de la UNAM vs. Club Tijuana,fed,,
MACRO_PM_OR_ETF_EVENT_BACKTEST,registry/w4b_polymarket_recensus_venue_events_v1.csv.gz,55772,"Ethereum Up or Down - October 9, 10AM ET",fed,,
MACRO_PM_OR_ETF_EVENT_BACKTEST,registry/w4b_polymarket_recensus_venue_events_v1.csv.gz,55936,"Ethereum Up or Down - October 7, 3:45PM-4:00PM ET",fed,,
MACRO_PM_OR_ETF_EVENT_BACKTEST,registry/w4b_polymarket_recensus_venue_events_v1.csv.gz,56030,"""Tron: Ares"" Opening Weekend Box Office (Lower Strikes)",fed,,
MACRO_PM_OR_ETF_EVENT_BACKTEST,registry/w4b_polymarket_recensus_venue_events_v1.csv.gz,56056,Oilers vs. Rangers,oil,,
MACRO_PM_OR_ETF_EVENT_BACKTEST,registry/w4b_polymarket_recensus_venue_events_v1.csv.gz,56058,Golden Knights vs. Flames,fed,,
MACRO_PM_OR_ETF_EVENT_BACKTEST,registry/w4b_polymarket_recensus_venue_events_v1.csv.gz,56070,Oilers vs. Islanders,oil,,
MACRO_PM_OR_ETF_EVENT_BACKTEST,registry/w4b_polymarket_recensus_venue_events_v1.csv.gz,56083,Oilers vs. Devils,oil,,
MACRO_PM_OR_ETF_EVENT_BACKTEST,registry/w4b_polymarket_recensus_venue_events_v1.csv.gz,56094,Canucks vs. Capitals,fed,,
MACRO_PM_OR_ETF_EVENT_BACKTEST,registry/w4b_polymarket_recensus_venue_events_v1.csv.gz,56095,Oilers vs. Red Wings,oil,,
MACRO_PM_OR_ETF_EVENT_BACKTEST,registry/w4b_polymarket_recensus_venue_events_v1.csv.gz,56106,Oilers vs. Senators,oil,,
MACRO_PM_OR_ETF_EVENT_BACKTEST,registry/w4b_polymarket_recensus_venue_events_v1.csv.gz,56127,Canadiens vs. Oilers,oil,,
MACRO_PM_OR_ETF_EVENT_BACKTEST,registry/w4b_polymarket_recensus_venue_events_v1.csv.gz,56144,Oilers vs. Kraken,oil,,
MACRO_PM_OR_ETF_EVENT_BACKTEST,registry/w4b_polymarket_recensus_venue_events_v1.csv.gz,56152,Oilers vs. Canucks,oil,,
MACRO_PM_OR_ETF_EVENT_BACKTEST,registry/w4b_polymarket_recensus_venue_events_v1.csv.gz,56167,Utah vs. Oilers,oil,,
MACRO_PM_OR_ETF_EVENT_BACKTEST,registry/w4b_polymarket_recensus_venue_events_v1.csv.gz,56172,Stars vs. Lightning,fed,,
MACRO_PM_OR_ETF_EVENT_BACKTEST,registry/w4b_polymarket_recensus_venue_events_v1.csv.gz,56180,Rangers vs. Oilers,oil,,
MACRO_PM_OR_ETF_EVENT_BACKTEST,registry/w4b_polymarket_recensus_venue_events_v1.csv.gz,56198,Blackhawks vs. Oilers,oil,,
MACRO_PM_OR_ETF_EVENT_BACKTEST,registry/w4b_polymarket_recensus_venue_events_v1.csv.gz,56206,Oilers vs. Blues,oil,,
MACRO_PM_OR_ETF_EVENT_BACKTEST,registry/w4b_polymarket_recensus_venue_events_v1.csv.gz,56311,Wrexham AFC vs. Oxford United FC,fed,,
MACRO_PM_OR_ETF_EVENT_BACKTEST,registry/w4b_polymarket_recensus_venue_events_v1.csv.gz,56324,Derby County FC vs. Queens Park Rangers FC,fed,,
MACRO_PM_OR_ETF_EVENT_BACKTEST,registry/w4b_polymarket_recensus_venue_events_v1.csv.gz,56485,"Bitcoin Up or Down - October 8, 1:15PM-1:30PM ET",fed,,
MACRO_PM_OR_ETF_EVENT_BACKTEST,registry/w4b_polymarket_recensus_venue_events_v1.csv.gz,56523,"Solana Up or Down - October 10, 12PM ET",fed,,
MACRO_PM_OR_ETF_EVENT_BACKTEST,registry/w4b_polymarket_recensus_venue_events_v1.csv.gz,56529,Solana above ___ on October 15?,fed,,
MACRO_PM_OR_ETF_EVENT_BACKTEST,registry/w4b_polymarket_recensus_venue_events_v1.csv.gz,56593,"Bitcoin Up or Down - October 10, 3PM ET",fed,,
MACRO_PM_OR_ETF_EVENT_BACKTEST,registry/w4b_polymarket_recensus_venue_events_v1.csv.gz,56599,Will Boston Beer (SAM) beat quarterly earnings?,fed,,
MACRO_PM_OR_ETF_EVENT_BACKTEST,registry/w4b_polymarket_recensus_venue_events_v1.csv.gz,56722,"Bitcoin Up or Down - October 8, 10:45PM-11:00PM ET",fed,,
MACRO_PM_OR_ETF_EVENT_BACKTEST,registry/w4b_polymarket_recensus_venue_events_v1.csv.gz,56800,Counter-Strike: BOSS vs LAG Gaming (BO3),fed,,
MACRO_PM_OR_ETF_EVENT_BACKTEST,registry/w4b_polymarket_recensus_venue_events_v1.csv.gz,56836,"Bitcoin Up or Down - October 11, 3AM ET",fed,,
MACRO_PM_OR_ETF_EVENT_BACKTEST,registry/w4b_polymarket_recensus_venue_events_v1.csv.gz,56869,Aces vs. Mercury,fed,,
MACRO_PM_OR_ETF_EVENT_BACKTEST,registry/w4b_polymarket_recensus_venue_events_v1.csv.gz,56920,"Ethereum Up or Down - October 9, 11:30AM-11:45AM ET",fed,,
MACRO_PM_OR_ETF_EVENT_BACKTEST,registry/w4b_polymarket_recensus_venue_events_v1.csv.gz,56961,"Bitcoin Up or Down - October 11, 11AM ET",fed,,
MACRO_PM_OR_ETF_EVENT_BACKTEST,registry/w4b_polymarket_recensus_venue_events_v1.csv.gz,56978,Oilers vs. Stars,oil,,
MACRO_PM_OR_ETF_EVENT_BACKTEST,registry/w4b_polymarket_recensus_venue_events_v1.csv.gz,57063,Counter-Strike: JiJieHao vs 1WIN (BO3),fed,,
MACRO_PM_OR_ETF_EVENT_BACKTEST,registry/w4b_polymarket_recensus_venue_events_v1.csv.gz,57167,"Solana Up or Down - October 11, 7PM ET",fed,,
MACRO_PM_OR_ETF_EVENT_BACKTEST,registry/w4b_polymarket_recensus_venue_events_v1.csv.gz,57168,"XRP Up or Down - October 11, 7PM ET",fed,,
MACRO_PM_OR_ETF_EVENT_BACKTEST,registry/w4b_polymarket_recensus_venue_events_v1.csv.gz,57188,"Ethereum Up or Down - October 9, 10:30PM-10:45PM ET",fed,,
MACRO_PM_OR_ETF_EVENT_BACKTEST,registry/w4b_polymarket_recensus_venue_events_v1.csv.gz,57200,Valencia vs. Hapoel Tel Aviv,fed,,
MACRO_PM_OR_ETF_EVENT_BACKTEST,registry/w4b_polymarket_recensus_venue_events_v1.csv.gz,57215,Dota 2: Inner Circle vs eSpoiled (BO3),oil,,
MACRO_PM_OR_ETF_EVENT_BACKTEST,registry/w4b_polymarket_recensus_venue_events_v1.csv.gz,57219,Dota 2: 4Pirates vs Runa Team (BO3),rates,,
MACRO_PM_OR_ETF_EVENT_BACKTEST,registry/w4b_polymarket_recensus_venue_events_v1.csv.gz,57424,"Bitcoin Up or Down - October 10, 1:15PM-1:30PM ET",fed,,
MACRO_PM_OR_ETF_EVENT_BACKTEST,registry/w4b_polymarket_recensus_venue_events_v1.csv.gz,57463,Which company has best AI model end of November?,fed,,
MACRO_PM_OR_ETF_EVENT_BACKTEST,registry/w4b_polymarket_recensus_venue_events_v1.csv.gz,57509,Dota 2: eSpoiled vs  Pipsqueak+4 (BO3),oil,,
MACRO_PM_OR_ETF_EVENT_BACKTEST,registry/w4b_polymarket_recensus_venue_events_v1.csv.gz,57511,Dota 2: 4Pirates vs NAVI Junior (BO3),rates,,
MACRO_PM_OR_ETF_EVENT_BACKTEST,registry/w4b_polymarket_recensus_venue_events_v1.csv.gz,57527,Dota 2: 4Pirates vs MOUZ (BO3),rates,,
MACRO_PM_OR_ETF_EVENT_BACKTEST,registry/w4b_polymarket_recensus_venue_events_v1.csv.gz,57528,Dota 2: Team Yandex vs eSpoiled (BO3),oil,,
MACRO_PM_OR_ETF_EVENT_BACKTEST,registry/w4b_polymarket_recensus_venue_events_v1.csv.gz,57535,Dota 2: Team Yandex vs 4Pirates (BO3),rates,,
MACRO_PM_OR_ETF_EVENT_BACKTEST,registry/w4b_polymarket_recensus_venue_events_v1.csv.gz,57536,Dota 2: eSpoiled vs NAVI Junior (BO3),oil,,
MACRO_PM_OR_ETF_EVENT_BACKTEST,registry/w4b_polymarket_recensus_venue_events_v1.csv.gz,57551,Dota 2: Roar Gaming vs eSpoiled (BO3),oil,,
MACRO_PM_OR_ETF_EVENT_BACKTEST,registry/w4b_polymarket_recensus_venue_events_v1.csv.gz,57552,Dota 2: 4Pirates vs HunterZ (BO3),rates,,
MACRO_PM_OR_ETF_EVENT_BACKTEST,registry/w4b_polymarket_recensus_venue_events_v1.csv.gz,57559,Dota 2: eSpoiled vs 4Pirates (BO3),rates;oil,,
MACRO_PM_OR_ETF_EVENT_BACKTEST,registry/w4b_polymarket_recensus_venue_events_v1.csv.gz,57560,Dota 2: eSpoiled vs HunterZ (BO3),oil,,
MACRO_PM_OR_ETF_EVENT_BACKTEST,registry/w4b_polymarket_recensus_venue_events_v1.csv.gz,57561,Dota 2: 4Pirates vs  Pipsqueak+4 (BO3),rates,,
MACRO_PM_OR_ETF_EVENT_BACKTEST,registry/w4b_polymarket_recensus_venue_events_v1.csv.gz,57656,"Bitcoin Up or Down - October 10, 6:00PM-6:15PM ET",fed,,
MACRO_PM_OR_ETF_EVENT_BACKTEST,registry/w4b_polymarket_recensus_venue_events_v1.csv.gz,57691,Dota 2: 1win vs 4Pirates (BO3),rates,,
MACRO_PM_OR_ETF_EVENT_BACKTEST,registry/w4b_polymarket_recensus_venue_events_v1.csv.gz,57699,Dota 2: eSpoiled vs Team Tea (BO3),oil,,
MACRO_PM_OR_ETF_EVENT_BACKTEST,registry/w4b_polymarket_recensus_venue_events_v1.csv.gz,57729,"Ethereum Up or Down - October 10, 8:45PM-9:00PM ET",fed,,
MACRO_PM_OR_ETF_EVENT_BACKTEST,registry/w4b_polymarket_recensus_venue_events_v1.csv.gz,57738,"Almaty Open, Qualification: Liam Draxl vs Marc-Andrea Huesler",fed,,
MACRO_PM_OR_ETF_EVENT_BACKTEST,registry/w4b_polymarket_recensus_venue_events_v1.csv.gz,57756,"Bitcoin Up or Down - October 10, 9:45PM-10:00PM ET",fed,,
MACRO_PM_OR_ETF_EVENT_BACKTEST,registry/w4b_polymarket_recensus_venue_events_v1.csv.gz,57789,"Bitcoin Up or Down - October 10, 11:30PM-11:45PM ET",fed,,
MACRO_PM_OR_ETF_EVENT_BACKTEST,registry/w4b_polymarket_recensus_venue_events_v1.csv.gz,57798,"Ethereum Up or Down - October 11, 12:00AM-12:15AM ET",fed,,
MACRO_PM_OR_ETF_EVENT_BACKTEST,registry/w4b_polymarket_recensus_venue_events_v1.csv.gz,57829,"Bitcoin Up or Down - October 11, 2:45AM-3:00AM ET",fed,,
MACRO_PM_OR_ETF_EVENT_BACKTEST,registry/w4b_polymarket_recensus_venue_events_v1.csv.gz,57836,"Ethereum Up or Down - October 13, 12AM ET",fed,,
MACRO_PM_OR_ETF_EVENT_BACKTEST,registry/w4b_polymarket_recensus_venue_events_v1.csv.gz,57868,"Ethereum Up or Down - October 13, 2AM ET",fed,,
MACRO_PM_OR_ETF_EVENT_BACKTEST,registry/w4b_polymarket_recensus_venue_events_v1.csv.gz,57940,"Ethereum Up or Down - October 11, 10:00AM-10:15AM ET",fed,,
MACRO_PM_OR_ETF_EVENT_BACKTEST,registry/w4b_polymarket_recensus_venue_events_v1.csv.gz,58004,"Ethereum Up or Down - October 11, 2:15PM-2:30PM ET",fed,,
MACRO_PM_OR_ETF_EVENT_BACKTEST,registry/w4b_polymarket_recensus_venue_events_v1.csv.gz,58112,Dota 2: 4Pirates vs Team Tea (BO3),rates,,
MACRO_PM_OR_ETF_EVENT_BACKTEST,registry/w4b_polymarket_recensus_venue_events_v1.csv.gz,58116,Dota 2: eSpoiled vs Runa Team (BO3),oil,,
MACRO_PM_OR_ETF_EVENT_BACKTEST,registry/w4b_polymarket_recensus_venue_events_v1.csv.gz,58160,European Open: Federico Cina vs Damir Dzumhur,fed,,
MACRO_PM_OR_ETF_EVENT_BACKTEST,registry/w4b_polymarket_recensus_venue_events_v1.csv.gz,58180,"Bitcoin Up or Down - October 11, 10:00PM-10:15PM ET",fed,,
MACRO_PM_OR_ETF_EVENT_BACKTEST,registry/w4b_polymarket_recensus_venue_events_v1.csv.gz,58278,Norwich City FC vs. Leicester City FC,fed,,
MACRO_PM_OR_ETF_EVENT_BACKTEST,registry/w4b_polymarket_recensus_venue_events_v1.csv.gz,58482,Avalanche vs. Oilers,oil,,
MACRO_PM_OR_ETF_EVENT_BACKTEST,registry/w4b_polymarket_recensus_venue_events_v1.csv.gz,58484,"Ethereum Up or Down - October 12, 2:30PM-2:45PM ET",fed,,
MACRO_PM_OR_ETF_EVENT_BACKTEST,registry/w4b_polymarket_recensus_venue_events_v1.csv.gz,58808,"Ethereum Up or Down - October 13, 5:45AM-6:00AM ET",fed,,
MACRO_PM_OR_ETF_EVENT_BACKTEST,registry/w4b_polymarket_recensus_venue_events_v1.csv.gz,58860,"Bitcoin Up or Down - October 13, 9:30AM-9:45AM ET",fed,,
MACRO_PM_OR_ETF_EVENT_BACKTEST,registry/w4b_polymarket_recensus_venue_events_v1.csv.gz,58866,"Solana Up or Down - October 15, 7AM ET",fed,,
MACRO_PM_OR_ETF_EVENT_BACKTEST,registry/w4b_polymarket_recensus_venue_events_v1.csv.gz,58920,"Bitcoin Up or Down - October 13, 12:45PM-1:00PM ET",fed,,
MACRO_PM_OR_ETF_EVENT_BACKTEST,registry/w4b_polymarket_recensus_venue_events_v1.csv.gz,58982,Qatar vs. United Arab Emirates,rates,,
MACRO_PM_OR_ETF_EVENT_BACKTEST,registry/w4b_polymarket_recensus_venue_events_v1.csv.gz,59154,CA San Martín de San Juan vs. CA Independiente,fed,,
MACRO_PM_OR_ETF_EVENT_BACKTEST,registry/w4b_polymarket_recensus_venue_events_v1.csv.gz,59201,"Bitcoin Up or Down - October 13, 5:30PM-5:45PM ET",fed,,
MACRO_PM_OR_ETF_EVENT_BACKTEST,registry/w4b_polymarket_recensus_venue_events_v1.csv.gz,59215,CA Mineiro vs. EC Bahia,fed,,
MACRO_PM_OR_ETF_EVENT_BACKTEST,registry/w4b_polymarket_recensus_venue_events_v1.csv.gz,59261,SK Brann vs. KFUM-Kameratene Oslo,fed,,
MACRO_PM_OR_ETF_EVENT_BACKTEST,registry/w4b_polymarket_recensus_venue_events_v1.csv.gz,59294,"XRP Up or Down - October 15, 5PM ET",fed,,
MACRO_PM_OR_ETF_EVENT_BACKTEST,registry/w4b_polymarket_recensus_venue_events_v1.csv.gz,59347,Purdue Boilermakers vs. Northwestern,oil,,
MACRO_PM_OR_ETF_EVENT_BACKTEST,registry/w4b_polymarket_recensus_venue_events_v1.csv.gz,59411,Dota 2: Team Tea vs 4Pirates (BO3),rates,,
MACRO_PM_OR_ETF_EVENT_BACKTEST,registry/w4b_polymarket_recensus_venue_events_v1.csv.gz,59438,"Bitcoin Up or Down - October 14, 1:00AM-1:15AM ET",fed,,
MACRO_PM_OR_ETF_EVENT_BACKTEST,registry/w4b_polymarket_recensus_venue_events_v1.csv.gz,59440,"Ethereum Up or Down - October 14, 1:15AM-1:30AM ET",fed,,
MACRO_PM_OR_ETF_EVENT_BACKTEST,registry/w4b_polymarket_recensus_venue_events_v1.csv.gz,59514,Dota 2: 4Pirates vs Roar Gaming (BO3),rates,,
MACRO_PM_OR_ETF_EVENT_BACKTEST,registry/w4b_polymarket_recensus_venue_events_v1.csv.gz,59526,"Ethereum Up or Down - October 14, 7:30AM-7:45AM ET",fed,,
MACRO_PM_OR_ETF_EVENT_BACKTEST,registry/w4b_polymarket_recensus_venue_events_v1.csv.gz,59528,"Ethereum Up or Down - October 14, 7:45AM-8:00AM ET",fed,,
MACRO_PM_OR_ETF_EVENT_BACKTEST,registry/w4b_polymarket_recensus_venue_events_v1.csv.gz,59544,Japan Women's Open: Jaqueline Cristian vs Jessica Bouzas Maneiro,fed,,
MACRO_PM_OR_ETF_EVENT_BACKTEST,registry/w4b_polymarket_recensus_venue_events_v1.csv.gz,59613,"Ethereum Up or Down - October 14, 1:15PM-1:30PM ET",fed,,
MACRO_PM_OR_ETF_EVENT_BACKTEST,registry/w4b_polymarket_recensus_venue_events_v1.csv.gz,59619,"Bitcoin Up or Down - October 16, 11AM ET",fed,,
MACRO_PM_OR_ETF_EVENT_BACKTEST,registry/w4b_polymarket_recensus_venue_events_v1.csv.gz,59629,Blue Jackets vs. Oilers,oil,,
MACRO_PM_OR_ETF_EVENT_BACKTEST,registry/w4b_polymarket_recensus_venue_events_v1.csv.gz,59642,"Ethereum Up or Down - October 16, 12PM ET",fed,,
MACRO_PM_OR_ETF_EVENT_BACKTEST,registry/w4b_polymarket_recensus_venue_events_v1.csv.gz,59764,"Ethereum Up or Down - October 14, 8:15PM-8:30PM ET",fed,,
MACRO_PM_OR_ETF_EVENT_BACKTEST,registry/w4b_polymarket_recensus_venue_events_v1.csv.gz,59829,"Ethereum Up or Down - October 16, 9PM ET",fed,,
MACRO_PM_OR_ETF_EVENT_BACKTEST,registry/w4b_polymarket_recensus_venue_events_v1.csv.gz,59879,Timberwolves vs. 76ers,fed,,
MACRO_PM_OR_ETF_EVENT_BACKTEST,registry/w4b_polymarket_recensus_venue_events_v1.csv.gz,60075,Ethereum price on October 22?,fed,,
MACRO_PM_OR_ETF_EVENT_BACKTEST,registry/w4b_polymarket_recensus_venue_events_v1.csv.gz,60124,"Ethereum Up or Down - October 15, 5:15PM-5:30PM ET",fed,,
MACRO_PM_OR_ETF_EVENT_BACKTEST,registry/w4b_polymarket_recensus_venue_events_v1.csv.gz,60140,"Ethereum Up or Down - October 15, 6:15PM-6:30PM ET",fed,,
MACRO_PM_OR_ETF_EVENT_BACKTEST,registry/w4b_polymarket_recensus_venue_events_v1.csv.gz,60177,Hillary Clinton federally charged by December 31?,fed,,
MACRO_PM_OR_ETF_EVENT_BACKTEST,registry/w4b_polymarket_recensus_venue_events_v1.csv.gz,60201,"Bitcoin Up or Down - October 15, 9:15PM-9:30PM ET",fed,,
MACRO_PM_OR_ETF_EVENT_BACKTEST,registry/w4b_polymarket_recensus_venue_events_v1.csv.gz,60272,"Ethereum Up or Down - October 16, 2:00AM-2:15AM ET",fed,,
MACRO_PM_OR_ETF_EVENT_BACKTEST,registry/w4b_polymarket_recensus_venue_events_v1.csv.gz,60427,"Ethereum Up or Down - October 16, 11:00AM-11:15AM ET",fed,,
MACRO_PM_OR_ETF_EVENT_BACKTEST,registry/w4b_polymarket_recensus_venue_events_v1.csv.gz,60493,Highest temperature in London on October 18?,fed,,
MACRO_PM_OR_ETF_EVENT_BACKTEST,registry/w4b_polymarket_recensus_venue_events_v1.csv.gz,60494,Highest temperature in NYC on October 18?,fed,,
MACRO_PM_OR_ETF_EVENT_BACKTEST,registry/w4b_polymarket_recensus_venue_events_v1.csv.gz,60496,Oilers vs. Flyers,oil,,
MACRO_PM_OR_ETF_EVENT_BACKTEST,registry/w4b_polymarket_recensus_venue_events_v1.csv.gz,60550,"Ethereum Up or Down - October 16, 3:45PM-4:00PM ET",fed,,
MACRO_PM_OR_ETF_EVENT_BACKTEST,registry/w4b_polymarket_recensus_venue_events_v1.csv.gz,60630,"Bitcoin Up or Down - October 16, 8:15PM-8:30PM ET",fed,,
MACRO_PM_OR_ETF_EVENT_BACKTEST,registry/w4b_polymarket_recensus_venue_events_v1.csv.gz,60636,"Ethereum Up or Down - October 16, 8:30PM-8:45PM ET",fed,,
MACRO_PM_OR_ETF_EVENT_BACKTEST,registry/w4b_polymarket_recensus_venue_events_v1.csv.gz,60931,Oilers vs. Blue Jackets,oil,,
MACRO_PM_OR_ETF_EVENT_BACKTEST,registry/w4b_polymarket_recensus_venue_events_v1.csv.gz,60991,"Ethereum Up or Down - October 17, 3:00PM-3:15PM ET",fed,,
MACRO_PM_OR_ETF_EVENT_BACKTEST,registry/w4b_polymarket_recensus_venue_events_v1.csv.gz,61052,"Bitcoin Up or Down - October 18, 4:00AM-8:00AM ET",fed,,
MACRO_PM_OR_ETF_EVENT_BACKTEST,registry/w4b_polymarket_recensus_venue_events_v1.csv.gz,61238,"Ethereum Up or Down - October 18, 4:00PM-8:00PM ET",fed,,
MACRO_PM_OR_ETF_EVENT_BACKTEST,registry/w4b_polymarket_recensus_venue_events_v1.csv.gz,61277,"Ethereum Up or Down - October 18, 9:15AM-9:30AM ET",fed,,
MACRO_PM_OR_ETF_EVENT_BACKTEST,registry/w4b_polymarket_recensus_venue_events_v1.csv.gz,61328,Virtus Bologna vs. Panathinaikos,fed,,
MACRO_PM_OR_ETF_EVENT_BACKTEST,registry/w4b_polymarket_recensus_venue_events_v1.csv.gz,61338,"Bitcoin Up or Down - October 20, 11AM ET",fed,,
MACRO_PM_OR_ETF_EVENT_BACKTEST,registry/w4b_polymarket_recensus_venue_events_v1.csv.gz,61535,Dota 2: Passion UA vs eSpoiled (BO3),oil,,
MACRO_PM_OR_ETF_EVENT_BACKTEST,registry/w4b_polymarket_recensus_venue_events_v1.csv.gz,61709,"Bitcoin Up or Down - October 19, 8:45AM-9:00AM ET",fed,,
MACRO_PM_OR_ETF_EVENT_BACKTEST,registry/w4b_polymarket_recensus_venue_events_v1.csv.gz,61782,"Ethereum Up or Down - October 19, 1:30PM-1:45PM ET",fed,,
MACRO_PM_OR_ETF_EVENT_BACKTEST,registry/w4b_polymarket_recensus_venue_events_v1.csv.gz,61796,Devils vs. Capitals,fed,,
MACRO_PM_OR_ETF_EVENT_BACKTEST,registry/w4b_polymarket_recensus_venue_events_v1.csv.gz,61799,Oilers vs. Hurricanes,oil,,
MACRO_PM_OR_ETF_EVENT_BACKTEST,registry/w4b_polymarket_recensus_venue_events_v1.csv.gz,61806,"Ethereum Up or Down - October 19, 2:30PM-2:45PM ET",fed,,
MACRO_PM_OR_ETF_EVENT_BACKTEST,registry/w4b_polymarket_recensus_venue_events_v1.csv.gz,61810,Ethereum above ___ on October 26?,fed,,
MACRO_PM_OR_ETF_EVENT_BACKTEST,registry/w4b_polymarket_recensus_venue_events_v1.csv.gz,61930,"Ethereum Up or Down - October 19, 8:30PM-8:45PM ET",fed,,
MACRO_PM_OR_ETF_EVENT_BACKTEST,registry/w4b_polymarket_recensus_venue_events_v1.csv.gz,62009,"Bitcoin Up or Down - October 20, 12:45AM-1:00AM ET",fed,,
MACRO_PM_OR_ETF_EVENT_BACKTEST,registry/w4b_polymarket_recensus_venue_events_v1.csv.gz,62174,"Bitcoin Up or Down - October 20, 11:15AM-11:30AM ET",fed,,
MACRO_PM_OR_ETF_EVENT_BACKTEST,registry/w4b_polymarket_recensus_venue_events_v1.csv.gz,62409,Peterborough United FC vs. Cardiff City FC,fed,,
MACRO_PM_OR_ETF_EVENT_BACKTEST,registry/w4b_polymarket_recensus_venue_events_v1.csv.gz,62433,Galatasaray SK vs. FK Bodø/Glimt,fed,,
MACRO_PM_OR_ETF_EVENT_BACKTEST,registry/w4b_polymarket_recensus_venue_events_v1.csv.gz,62479,FC Red Bull Salzburg vs. Ferencvárosi TC,fed,,
MACRO_PM_OR_ETF_EVENT_BACKTEST,registry/w4b_polymarket_recensus_venue_events_v1.csv.gz,62482,Feyenoord Rotterdam vs. Panathinaikós AO,fed,,
MACRO_PM_OR_ETF_EVENT_BACKTEST,registry/w4b_polymarket_recensus_venue_events_v1.csv.gz,62527,Nottingham Forest FC vs. FC Porto - More Markets,fed,,
MACRO_PM_OR_ETF_EVENT_BACKTEST,registry/w4b_polymarket_recensus_venue_events_v1.csv.gz,62548,Hawks vs. Magic,fed,,
MACRO_PM_OR_ETF_EVENT_BACKTEST,registry/w4b_polymarket_recensus_venue_events_v1.csv.gz,62598,"Solana Up or Down - October 22, 6PM ET",fed,,
MACRO_PM_OR_ETF_EVENT_BACKTEST,registry/w4b_polymarket_recensus_venue_events_v1.csv.gz,62619,Rutgers vs. Purdue Boilermakers,oil,,
MACRO_PM_OR_ETF_EVENT_BACKTEST,registry/w4b_polymarket_recensus_venue_events_v1.csv.gz,62641,Georgia Southern vs. Arkansas State,fed,,
MACRO_PM_OR_ETF_EVENT_BACKTEST,registry/w4b_polymarket_recensus_venue_events_v1.csv.gz,62805,Le Havre AC vs. Stade Brestois 29 - More Markets,fed,,
MACRO_PM_OR_ETF_EVENT_BACKTEST,registry/w4b_polymarket_recensus_venue_events_v1.csv.gz,62868,"Ethereum Up or Down - October 23, 5AM ET",fed,,
MACRO_PM_OR_ETF_EVENT_BACKTEST,registry/w4b_polymarket_recensus_venue_events_v1.csv.gz,62920,Valorant: SLT vs NAOS Esports (BO3),fed,,
MACRO_PM_OR_ETF_EVENT_BACKTEST,registry/w4b_polymarket_recensus_venue_events_v1.csv.gz,62925,Dota 2: Peru Rejects vs 4Pirates (BO3),rates,,
MACRO_PM_OR_ETF_EVENT_BACKTEST,registry/w4b_polymarket_recensus_venue_events_v1.csv.gz,62929,Dota 2: eSpoiled vs Team Yandex (BO3),fed;oil,,
MACRO_PM_OR_ETF_EVENT_BACKTEST,registry/w4b_polymarket_recensus_venue_events_v1.csv.gz,63009,Oilers vs. Sabres,oil,,
MACRO_PM_OR_ETF_EVENT_BACKTEST,registry/w4b_polymarket_recensus_venue_events_v1.csv.gz,63022,"Ethereum Up or Down - October 23, 12PM ET",fed,,
MACRO_PM_OR_ETF_EVENT_BACKTEST,registry/w4b_polymarket_recensus_venue_events_v1.csv.gz,63056,FC Dallas vs. Vancouver Whitecaps FC,fed,,
MACRO_PM_OR_ETF_EVENT_BACKTEST,registry/w4b_polymarket_recensus_venue_events_v1.csv.gz,63134,"Bitcoin Up or Down - October 23, 5PM ET",fed,,
MACRO_PM_OR_ETF_EVENT_BACKTEST,registry/w4b_polymarket_recensus_venue_events_v1.csv.gz,63177,Will Microsoft (MSFT) beat quarterly earnings?,fed,,
MACRO_PM_OR_ETF_EVENT_BACKTEST,registry/w4b_polymarket_recensus_venue_events_v1.csv.gz,63255,Which teams will make the NBA Playoffs?,fed,,
MACRO_PM_OR_ETF_EVENT_BACKTEST,registry/w4b_polymarket_recensus_venue_events_v1.csv.gz,63302,"Ethereum Up or Down - October 22, 4:30AM-4:45AM ET",fed,,
MACRO_PM_OR_ETF_EVENT_BACKTEST,registry/w4b_polymarket_recensus_venue_events_v1.csv.gz,63417,"Bitcoin Up or Down - October 22, 11:15AM-11:30AM ET",fed,,
MACRO_PM_OR_ETF_EVENT_BACKTEST,registry/w4b_polymarket_recensus_venue_events_v1.csv.gz,63420,"Bitcoin Up or Down - October 22, 11:45AM-12:00PM ET",fed,,
MACRO_PM_OR_ETF_EVENT_BACKTEST,registry/w4b_polymarket_recensus_venue_events_v1.csv.gz,63631,Dota 2: Passion UA vs 4Pirates (BO3),fed;rates,,
MACRO_PM_OR_ETF_EVENT_BACKTEST,registry/w4b_polymarket_recensus_venue_events_v1.csv.gz,63633,Counter-Strike: JiJieHao vs 9BoomPro (BO3),fed,,
MACRO_PM_OR_ETF_EVENT_BACKTEST,registry/w4b_polymarket_recensus_venue_events_v1.csv.gz,63642,Joseph Aoun out as President of Lebanon by...?,fed,,
MACRO_PM_OR_ETF_EVENT_BACKTEST,registry/w4b_polymarket_recensus_venue_events_v1.csv.gz,63698,"Ethereum Up or Down - October 22, 8:30PM-8:45PM ET",fed,,
MACRO_PM_OR_ETF_EVENT_BACKTEST,registry/w4b_polymarket_recensus_venue_events_v1.csv.gz,63736,Swansea City AFC vs. Norwich City FC - More Markets,fed,,
MACRO_PM_OR_ETF_EVENT_BACKTEST,registry/w4b_polymarket_recensus_venue_events_v1.csv.gz,63758,U.S. anti-cartel strike/operation on foreign soil by December 31?,oil,,
MACRO_PM_OR_ETF_EVENT_BACKTEST,registry/w4b_polymarket_recensus_venue_events_v1.csv.gz,63910,"Bitcoin Up or Down - October 23, 8:45AM-9:00AM ET",fed,,
MACRO_PM_OR_ETF_EVENT_BACKTEST,registry/w4b_polymarket_recensus_venue_events_v1.csv.gz,63937,U.S. anti-cartel operation on foreign soil by November 30?,oil,,
MACRO_PM_OR_ETF_EVENT_BACKTEST,registry/w4b_polymarket_recensus_venue_events_v1.csv.gz,63997,Will 'Wicked: For Good – The Soundtrack' debut at No. 1 on the Billboard 200?,fed,,
MACRO_PM_OR_ETF_EVENT_BACKTEST,registry/w4b_polymarket_recensus_venue_events_v1.csv.gz,64038,Pacers vs. Mavericks,fed,,
MACRO_PM_OR_ETF_EVENT_BACKTEST,registry/w4b_polymarket_recensus_venue_events_v1.csv.gz,64062,Oilers vs. Capitals,oil,,
MACRO_PM_OR_ETF_EVENT_BACKTEST,registry/w4b_polymarket_recensus_venue_events_v1.csv.gz,64084,Dota 2: eSpoiled vs  Pipsqueak+4 (BO3),oil,,
MACRO_PM_OR_ETF_EVENT_BACKTEST,registry/w4b_polymarket_recensus_venue_events_v1.csv.gz,64106,"Bitcoin Up or Down - October 23, 3:30PM-3:45PM ET",fed,,
MACRO_PM_OR_ETF_EVENT_BACKTEST,registry/w4b_polymarket_recensus_venue_events_v1.csv.gz,64142,"Ethereum Up or Down - October 23, 5:30PM-5:45PM ET",fed,,
MACRO_PM_OR_ETF_EVENT_BACKTEST,registry/w4b_polymarket_recensus_venue_events_v1.csv.gz,64217,Mobile Legends Bang Bang: Team Spirit vs OMBRA Esports (BO3),fed,,
MACRO_PM_OR_ETF_EVENT_BACKTEST,registry/w4b_polymarket_recensus_venue_events_v1.csv.gz,64288,Bangladesh T20 Series: Bangladesh vs West Indies (Oct 29),fed,,
MACRO_PM_OR_ETF_EVENT_BACKTEST,registry/w4b_polymarket_recensus_venue_events_v1.csv.gz,64296,What will be said say during FED board meeting on Oct 24?,fed;fomc,,
MACRO_PM_OR_ETF_EVENT_BACKTEST,registry/w4b_polymarket_recensus_venue_events_v1.csv.gz,64337,"Bitcoin Up or Down - October 23, 10:00PM-10:15PM ET",fed,,
MACRO_PM_OR_ETF_EVENT_BACKTEST,registry/w4b_polymarket_recensus_venue_events_v1.csv.gz,64356,Dota 2: Team Spirit vs Heroic (BO3),fed,,
MACRO_PM_OR_ETF_EVENT_BACKTEST,registry/w4b_polymarket_recensus_venue_events_v1.csv.gz,64463,"Bitcoin Up or Down - October 24, 6:00AM-6:15AM ET",fed,,
MACRO_PM_OR_ETF_EVENT_BACKTEST,registry/w4b_polymarket_recensus_venue_events_v1.csv.gz,64604,"Ethereum Up or Down - October 24, 1:45PM-2:00PM ET",fed,,
MACRO_PM_OR_ETF_EVENT_BACKTEST,registry/w4b_polymarket_recensus_venue_events_v1.csv.gz,64609,Stable FDV above ___ one day after launch?,fed,,
MACRO_PM_OR_ETF_EVENT_BACKTEST,registry/w4b_polymarket_recensus_venue_events_v1.csv.gz,64624,Oilers vs. Lightning,oil,,
MACRO_PM_OR_ETF_EVENT_BACKTEST,registry/w4b_polymarket_recensus_venue_events_v1.csv.gz,64648,Swiss Indoors Basel: Joao Fonseca vs Jaume Munar,fed,,
MACRO_PM_OR_ETF_EVENT_BACKTEST,registry/w4b_polymarket_recensus_venue_events_v1.csv.gz,64709,NYMEX Crude Oil Futures (WTI) (CL=F) Up or Down on October 27?,oil,,
MACRO_PM_OR_ETF_EVENT_BACKTEST,registry/w4b_polymarket_recensus_venue_events_v1.csv.gz,64880,Counter-Strike: ARCRED vs Washington (BO3),fed,,
MACRO_PM_OR_ETF_EVENT_BACKTEST,registry/w4b_polymarket_recensus_venue_events_v1.csv.gz,64926,"XRP Up or Down - October 26, 10PM ET",fed,,
MACRO_PM_OR_ETF_EVENT_BACKTEST,registry/w4b_polymarket_recensus_venue_events_v1.csv.gz,65132,"Bitcoin Up or Down - October 25, 12:30PM-12:45PM ET",fed,,
MACRO_PM_OR_ETF_EVENT_BACKTEST,registry/w4b_polymarket_recensus_venue_events_v1.csv.gz,65177,"Bitcoin Up or Down - October 25, 2:45PM-3:00PM ET",fed,,
MACRO_PM_OR_ETF_EVENT_BACKTEST,registry/w4b_polymarket_recensus_venue_events_v1.csv.gz,65188,"Rolex Paris Masters, Qualification: Damir Dzumhur vs Aleksandar Kovacevic",fed,,
MACRO_PM_OR_ETF_EVENT_BACKTEST,registry/w4b_polymarket_recensus_venue_events_v1.csv.gz,65323,"Ethereum Up or Down - October 27, 5PM ET",fed,,
MACRO_PM_OR_ETF_EVENT_BACKTEST,registry/w4b_polymarket_recensus_venue_events_v1.csv.gz,65542,"Bitcoin Up or Down - October 28, 4AM ET",fed,,
MACRO_PM_OR_ETF_EVENT_BACKTEST,registry/w4b_polymarket_recensus_venue_events_v1.csv.gz,65544,"Solana Up or Down - October 28, 4AM ET",fed,,
MACRO_PM_OR_ETF_EVENT_BACKTEST,registry/w4b_polymarket_recensus_venue_events_v1.csv.gz,65643,"Ethereum Up or Down - October 26, 11:45AM-12:00PM ET",fed,,
MACRO_PM_OR_ETF_EVENT_BACKTEST,registry/w4b_polymarket_recensus_venue_events_v1.csv.gz,65678,"Solana Up or Down - October 28, 11AM ET",fed,,
MACRO_PM_OR_ETF_EVENT_BACKTEST,registry/w4b_polymarket_recensus_venue_events_v1.csv.gz,65686,Oilers vs. Panthers,oil,,
MACRO_PM_OR_ETF_EVENT_BACKTEST,registry/w4b_polymarket_recensus_venue_events_v1.csv.gz,65720,Chennai Open: Sahaja Yamalapalli vs Priska Madelyn Nugroho,fed,,
MACRO_PM_OR_ETF_EVENT_BACKTEST,registry/w4b_polymarket_recensus_venue_events_v1.csv.gz,65762,"Ethereum Up or Down - October 26, 5:45PM-6:00PM ET",fed,,
MACRO_PM_OR_ETF_EVENT_BACKTEST,registry/w4b_polymarket_recensus_venue_events_v1.csv.gz,65768,"Bitcoin Up or Down - October 26, 6:00PM-6:15PM ET",fed,,
MACRO_PM_OR_ETF_EVENT_BACKTEST,registry/w4b_polymarket_recensus_venue_events_v1.csv.gz,65800,"Bitcoin Up or Down - October 26, 7:30PM-7:45PM ET",fed,,
MACRO_PM_OR_ETF_EVENT_BACKTEST,registry/w4b_polymarket_recensus_venue_events_v1.csv.gz,65819,"XRP Up or Down - October 28, 6PM ET",fed,,
MACRO_PM_OR_ETF_EVENT_BACKTEST,registry/w4b_polymarket_recensus_venue_events_v1.csv.gz,65880,"Bitcoin Up or Down - October 27, 12:30AM-12:45AM ET",fed,,
MACRO_PM_OR_ETF_EVENT_BACKTEST,registry/w4b_polymarket_recensus_venue_events_v1.csv.gz,66040,"Bitcoin Up or Down - October 27, 8:15AM-8:30AM ET",fed,,
MACRO_PM_OR_ETF_EVENT_BACKTEST,registry/w4b_polymarket_recensus_venue_events_v1.csv.gz,66084,NYMEX Crude Oil Futures (WTI) (CL=F) Up or Down on October 28?,oil,,
MACRO_PM_OR_ETF_EVENT_BACKTEST,registry/w4b_polymarket_recensus_venue_events_v1.csv.gz,66183,NAC Breda vs. PSV,fed,,
MACRO_PM_OR_ETF_EVENT_BACKTEST,registry/w4b_polymarket_recensus_venue_events_v1.csv.gz,66204,John Brennan federally charged by December 31?,fed,,
MACRO_PM_OR_ETF_EVENT_BACKTEST,registry/w4b_polymarket_recensus_venue_events_v1.csv.gz,66205,United Arab Emirates vs. Iraq,rates,,
MACRO_PM_OR_ETF_EVENT_BACKTEST,registry/w4b_polymarket_recensus_venue_events_v1.csv.gz,66206,Iraq vs. United Arab Emirates,rates,,
MACRO_PM_OR_ETF_EVENT_BACKTEST,registry/w4b_polymarket_recensus_venue_events_v1.csv.gz,66231,"Bitcoin Up or Down - October 27, 2:45PM-3:00PM ET",fed,,
MACRO_PM_OR_ETF_EVENT_BACKTEST,registry/w4b_polymarket_recensus_venue_events_v1.csv.gz,66256,Jamaica vs. Curaçao,fed,,
MACRO_PM_OR_ETF_EVENT_BACKTEST,registry/w4b_polymarket_recensus_venue_events_v1.csv.gz,66336,SK Slavia Praha vs. Arsenal FC,fed,,
MACRO_PM_OR_ETF_EVENT_BACKTEST,registry/w4b_polymarket_recensus_venue_events_v1.csv.gz,66349,Olympique de Marseille vs. Atalanta BC,fed,,
MACRO_PM_OR_ETF_EVENT_BACKTEST,registry/w4b_polymarket_recensus_venue_events_v1.csv.gz,66511,Jeju SK FC vs. Daegu FC,fed,,
MACRO_PM_OR_ETF_EVENT_BACKTEST,registry/w4b_polymarket_recensus_venue_events_v1.csv.gz,66529,"Solana Up or Down - October 27, 8:15PM-8:30PM ET",fed,,
MACRO_PM_OR_ETF_EVENT_BACKTEST,registry/w4b_polymarket_recensus_venue_events_v1.csv.gz,66542,"Ethereum Up or Down - October 27, 8:45PM-9:00PM ET",fed,,
MACRO_PM_OR_ETF_EVENT_BACKTEST,registry/w4b_polymarket_recensus_venue_events_v1.csv.gz,66565,Purdue Boilermakers vs. Michigan,oil,,
MACRO_PM_OR_ETF_EVENT_BACKTEST,registry/w4b_polymarket_recensus_venue_events_v1.csv.gz,66568,Georgia Tech vs. NC State,fed,,
MACRO_PM_OR_ETF_EVENT_BACKTEST,registry/w4b_polymarket_recensus_venue_events_v1.csv.gz,66588,Cincinnati vs. Utah,fed,,
MACRO_PM_OR_ETF_EVENT_BACKTEST,registry/w4b_polymarket_recensus_venue_events_v1.csv.gz,66630,"XRP Up or Down - October 27, 10:00PM-10:15PM ET",fed,,
MACRO_PM_OR_ETF_EVENT_BACKTEST,registry/w4b_polymarket_recensus_venue_events_v1.csv.gz,66741,"Bitcoin Up or Down - October 28, 2:45AM-3:00AM ET",fed,,
MACRO_PM_OR_ETF_EVENT_BACKTEST,registry/w4b_polymarket_recensus_venue_events_v1.csv.gz,66781,Hamburger SV vs. Borussia Dortmund - More Markets,fed,,
MACRO_PM_OR_ETF_EVENT_BACKTEST,registry/w4b_polymarket_recensus_venue_events_v1.csv.gz,66805,"Bitcoin Up or Down - October 28, 4:30AM-4:45AM ET",fed,,
MACRO_PM_OR_ETF_EVENT_BACKTEST,registry/w4b_polymarket_recensus_venue_events_v1.csv.gz,66834,"Ethereum Up or Down - October 28, 5:30AM-5:45AM ET",fed,,
MACRO_PM_OR_ETF_EVENT_BACKTEST,registry/w4b_polymarket_recensus_venue_events_v1.csv.gz,66896,"XRP Up or Down - October 30, 5AM ET",fed,,
MACRO_PM_OR_ETF_EVENT_BACKTEST,registry/w4b_polymarket_recensus_venue_events_v1.csv.gz,66986,NYMEX Crude Oil Futures (WTI) (CL=F) Up or Down on October 29?,oil,,
MACRO_PM_OR_ETF_EVENT_BACKTEST,registry/w4b_polymarket_recensus_venue_events_v1.csv.gz,66998,NYA (NYA) Up or Down on October 29?,fed,,
MACRO_PM_OR_ETF_EVENT_BACKTEST,registry/w4b_polymarket_recensus_venue_events_v1.csv.gz,67070,"Bitcoin Up or Down - October 28, 1:30PM-1:45PM ET",fed,,
MACRO_PM_OR_ETF_EVENT_BACKTEST,registry/w4b_polymarket_recensus_venue_events_v1.csv.gz,67118,Solana Up or Down on October 30?,fed,,
MACRO_PM_OR_ETF_EVENT_BACKTEST,registry/w4b_polymarket_recensus_venue_events_v1.csv.gz,67132,Rolex Paris Masters: Felix Auger-Aliassime vs Alexandre Muller,fed,,
MACRO_PM_OR_ETF_EVENT_BACKTEST,registry/w4b_polymarket_recensus_venue_events_v1.csv.gz,67141,Solana above ___ on November 4?,fed,,
MACRO_PM_OR_ETF_EVENT_BACKTEST,registry/w4b_polymarket_recensus_venue_events_v1.csv.gz,67193,"Solana Up or Down - October 28, 4:15PM-4:30PM ET",fed,,
MACRO_PM_OR_ETF_EVENT_BACKTEST,registry/w4b_polymarket_recensus_venue_events_v1.csv.gz,67236,"Bitcoin Up or Down - October 30, 3PM ET",fed,,
MACRO_PM_OR_ETF_EVENT_BACKTEST,registry/w4b_polymarket_recensus_venue_events_v1.csv.gz,67280,October Inflation - Annual,inflation,,
MACRO_PM_OR_ETF_EVENT_BACKTEST,registry/w4b_polymarket_recensus_venue_events_v1.csv.gz,67284,Fed decision in March?,fed;fomc,,
MACRO_PM_OR_ETF_EVENT_BACKTEST,registry/w4b_polymarket_recensus_venue_events_v1.csv.gz,67291,Negative GDP growth in Q4 2025?,gdp,,
MACRO_PM_OR_ETF_EVENT_BACKTEST,registry/w4b_polymarket_recensus_venue_events_v1.csv.gz,67292,US GDP growth in Q4 2025?,gdp,,
MACRO_PM_OR_ETF_EVENT_BACKTEST,registry/w4b_polymarket_recensus_venue_events_v1.csv.gz,67306,"Solana Up or Down - October 28, 8:45PM-9:00PM ET",fed,,
MACRO_PM_OR_ETF_EVENT_BACKTEST,registry/w4b_polymarket_recensus_venue_events_v1.csv.gz,67334,"Solana Up or Down - October 28, 9:15PM-9:30PM ET",fed,,
MACRO_PM_OR_ETF_EVENT_BACKTEST,registry/w4b_polymarket_recensus_venue_events_v1.csv.gz,67480,"XRP Up or Down - October 29, 3:00AM-3:15AM ET",fed,,
MACRO_PM_OR_ETF_EVENT_BACKTEST,registry/w4b_polymarket_recensus_venue_events_v1.csv.gz,67578,"Bitcoin Up or Down - October 29, 7:30AM-7:45AM ET",fed,,
MACRO_PM_OR_ETF_EVENT_BACKTEST,registry/w4b_polymarket_recensus_venue_events_v1.csv.gz,67632,"XRP Up or Down - October 31, 7AM ET",fed,,
MACRO_PM_OR_ETF_EVENT_BACKTEST,registry/w4b_polymarket_recensus_venue_events_v1.csv.gz,67666,NYMEX Crude Oil Futures (WTI) (CL=F) Up or Down on October 30?,oil,,
MACRO_PM_OR_ETF_EVENT_BACKTEST,registry/w4b_polymarket_recensus_venue_events_v1.csv.gz,67713,"Ethereum Up or Down - October 29, 12:00PM-12:15PM ET",fed,,
MACRO_PM_OR_ETF_EVENT_BACKTEST,registry/w4b_polymarket_recensus_venue_events_v1.csv.gz,67715,"Solana Up or Down - October 29, 12:15PM-12:30PM ET",fed,,
MACRO_PM_OR_ETF_EVENT_BACKTEST,registry/w4b_polymarket_recensus_venue_events_v1.csv.gz,67771,Stars vs. Oilers,oil,,
MACRO_PM_OR_ETF_EVENT_BACKTEST,registry/w4b_polymarket_recensus_venue_events_v1.csv.gz,67780,"XRP Up or Down - October 29, 2:45PM-3:00PM ET",fed,,
MACRO_PM_OR_ETF_EVENT_BACKTEST,registry/w4b_polymarket_recensus_venue_events_v1.csv.gz,67784,Bitcoin price on November 5?,fed,,
MACRO_PM_OR_ETF_EVENT_BACKTEST,registry/w4b_polymarket_recensus_venue_events_v1.csv.gz,67857,"Bitcoin Up or Down - October 29, 4:45PM-5:00PM ET",fed,,
MACRO_PM_OR_ETF_EVENT_BACKTEST,registry/w4b_polymarket_recensus_venue_events_v1.csv.gz,67886,"Ethereum Up or Down - October 29, 6:00PM-6:15PM ET",fed,,
MACRO_PM_OR_ETF_EVENT_BACKTEST,registry/w4b_polymarket_recensus_venue_events_v1.csv.gz,67929,October Inflation - Monthly,inflation,,
MACRO_PM_OR_ETF_EVENT_BACKTEST,registry/w4b_polymarket_recensus_venue_events_v1.csv.gz,67944,ECB Interest Rates: December 2025,interest rate;rates,,
MACRO_PM_OR_ETF_EVENT_BACKTEST,registry/w4b_polymarket_recensus_venue_events_v1.csv.gz,67950,How many dissent at the next Fed meeting?,fed;fomc,,
MACRO_PM_OR_ETF_EVENT_BACKTEST,registry/w4b_polymarket_recensus_venue_events_v1.csv.gz,68049,Hampton Pirates vs. Milwaukee Panthers,rates,,
MACRO_PM_OR_ETF_EVENT_BACKTEST,registry/w4b_polymarket_recensus_venue_events_v1.csv.gz,68115,Saint Peter's Peacocks vs. Seton Hall Pirates,rates,,
MACRO_PM_OR_ETF_EVENT_BACKTEST,registry/w4b_polymarket_recensus_venue_events_v1.csv.gz,68171,Georgia Southern Eagles vs. East Carolina Pirates,rates,,
MACRO_PM_OR_ETF_EVENT_BACKTEST,registry/w4b_polymarket_recensus_venue_events_v1.csv.gz,68195,Evansville Aces vs. Purdue Boilermakers,oil,,
MACRO_PM_OR_ETF_EVENT_BACKTEST,registry/w4b_polymarket_recensus_venue_events_v1.csv.gz,68214,Fairleigh Dickinson Knights vs. Purdue Boilermakers (W),oil,,
MACRO_PM_OR_ETF_EVENT_BACKTEST,registry/w4b_polymarket_recensus_venue_events_v1.csv.gz,68241,UNCG Spartans vs. Stanford Cardinal (W),fed,,
MACRO_PM_OR_ETF_EVENT_BACKTEST,registry/w4b_polymarket_recensus_venue_events_v1.csv.gz,68272,UNCW Seahawks vs. East Carolina Pirates (W),fed;rates,,
MACRO_PM_OR_ETF_EVENT_BACKTEST,registry/w4b_polymarket_recensus_venue_events_v1.csv.gz,68312,South Dakota Coyotes vs. Creighton Bluejays,fed,,
MACRO_PM_OR_ETF_EVENT_BACKTEST,registry/w4b_polymarket_recensus_venue_events_v1.csv.gz,68315,Southern Indiana Screaming Eagles vs. Butler Bulldogs,fed,,
MACRO_PM_OR_ETF_EVENT_BACKTEST,registry/w4b_polymarket_recensus_venue_events_v1.csv.gz,68323,Milligan Buffaloes vs. Middle Tennessee Blue Raiders,fed,,
MACRO_PM_OR_ETF_EVENT_BACKTEST,registry/w4b_polymarket_recensus_venue_events_v1.csv.gz,68383,Mid-Atlantic Christian Mustangs vs. Hampton Pirates,rates,,
MACRO_PM_OR_ETF_EVENT_BACKTEST,registry/w4b_polymarket_recensus_venue_events_v1.csv.gz,68406,Rhode Island Rams vs. Tulsa Golden Hurricane,fed,,
MACRO_PM_OR_ETF_EVENT_BACKTEST,registry/w4b_polymarket_recensus_venue_events_v1.csv.gz,68472,Cleary Cougars vs. Oakland Golden Grizzlies (W),fed,,
MACRO_PM_OR_ETF_EVENT_BACKTEST,registry/w4b_polymarket_recensus_venue_events_v1.csv.gz,68503,Saint Peter's Peacocks vs. Seton Hall Pirates (W),rates,,
MACRO_PM_OR_ETF_EVENT_BACKTEST,registry/w4b_polymarket_recensus_venue_events_v1.csv.gz,68506,Judson Eagles vs. Bradley Braves (W),fed,,
MACRO_PM_OR_ETF_EVENT_BACKTEST,registry/w4b_polymarket_recensus_venue_events_v1.csv.gz,68520,Pepperdine Waves vs. Cal State Fullerton Titans (W),fed,,
MACRO_PM_OR_ETF_EVENT_BACKTEST,registry/w4b_polymarket_recensus_venue_events_v1.csv.gz,68535,"Solana Up or Down - October 29, 10:30PM-10:45PM ET",fed,,
MACRO_PM_OR_ETF_EVENT_BACKTEST,registry/w4b_polymarket_recensus_venue_events_v1.csv.gz,68554,Counter-Strike: 500 vs Washington (BO3),fed,,
MACRO_PM_OR_ETF_EVENT_BACKTEST,registry/w4b_polymarket_recensus_venue_events_v1.csv.gz,68561,Counter-Strike: BC.Game Esports vs EYEBALLERS (BO3),fed,,
MACRO_PM_OR_ETF_EVENT_BACKTEST,registry/w4b_polymarket_recensus_venue_events_v1.csv.gz,68582,"XRP Up or Down - October 29, 11:45PM-12:00AM ET",fed,,
MACRO_PM_OR_ETF_EVENT_BACKTEST,registry/w4b_polymarket_recensus_venue_events_v1.csv.gz,68631,"Solana Up or Down - October 30, 2:00AM-2:15AM ET",fed,,
MACRO_PM_OR_ETF_EVENT_BACKTEST,registry/w4b_polymarket_recensus_venue_events_v1.csv.gz,68643,"XRP Up or Down - October 30, 2:45AM-3:00AM ET",fed,,
MACRO_PM_OR_ETF_EVENT_BACKTEST,registry/w4b_polymarket_recensus_venue_events_v1.csv.gz,68772,"Ethereum Up or Down - November 1, 5AM ET",fed,,
MACRO_PM_OR_ETF_EVENT_BACKTEST,registry/w4b_polymarket_recensus_venue_events_v1.csv.gz,68810,"Bitcoin Up or Down - October 30, 9:45AM-10:00AM ET",fed,,
MACRO_PM_OR_ETF_EVENT_BACKTEST,registry/w4b_polymarket_recensus_venue_events_v1.csv.gz,68843,NYMEX Crude Oil Futures (WTI) (CL=F) Up or Down on October 31?,oil,,
MACRO_PM_OR_ETF_EVENT_BACKTEST,registry/w4b_polymarket_recensus_venue_events_v1.csv.gz,68876,"XRP Up or Down - October 30, 11:30AM-11:45AM ET",fed,,
MACRO_PM_OR_ETF_EVENT_BACKTEST,registry/w4b_polymarket_recensus_venue_events_v1.csv.gz,68995,Will Monster Beverage (MNST) beat quarterly earnings?,fed,,
MACRO_PM_OR_ETF_EVENT_BACKTEST,registry/w4b_polymarket_recensus_venue_events_v1.csv.gz,69021,Valorant: DRX vs Global Esports (BO3),fed,,
MACRO_PM_OR_ETF_EVENT_BACKTEST,registry/w4b_polymarket_recensus_venue_events_v1.csv.gz,69025,XRP price on November 6?,fed,,
MACRO_PM_OR_ETF_EVENT_BACKTEST,registry/w4b_polymarket_recensus_venue_events_v1.csv.gz,69037,Will Datadog (DDOG) beat quarterly earnings?,fed,,
MACRO_PM_OR_ETF_EVENT_BACKTEST,registry/w4b_polymarket_recensus_venue_events_v1.csv.gz,69070,"Bitcoin Up or Down - October 30, 4:30PM-4:45PM ET",fed,,
MACRO_PM_OR_ETF_EVENT_BACKTEST,registry/w4b_polymarket_recensus_venue_events_v1.csv.gz,69167,"Ethereum Up or Down - October 30, 7:15PM-7:30PM ET",fed,,
MACRO_PM_OR_ETF_EVENT_BACKTEST,registry/w4b_polymarket_recensus_venue_events_v1.csv.gz,69202,"Bitcoin Up or Down - October 30, 8:45PM-9:00PM ET",fed,,
MACRO_PM_OR_ETF_EVENT_BACKTEST,registry/w4b_polymarket_recensus_venue_events_v1.csv.gz,69212,Rolex Paris Masters: Ben Shelton vs Jannik Sinner,fed,,
MACRO_PM_OR_ETF_EVENT_BACKTEST,registry/w4b_polymarket_recensus_venue_events_v1.csv.gz,69318,"Solana Up or Down - October 31, 1:30AM-1:45AM ET",fed,,
MACRO_PM_OR_ETF_EVENT_BACKTEST,registry/w4b_polymarket_recensus_venue_events_v1.csv.gz,69430,"Solana Up or Down - October 31, 6:15AM-6:30AM ET",fed,,
MACRO_PM_OR_ETF_EVENT_BACKTEST,registry/w4b_polymarket_recensus_venue_events_v1.csv.gz,69454,"Solana Up or Down - October 31, 7:15AM-7:30AM ET",fed,,
MACRO_PM_OR_ETF_EVENT_BACKTEST,registry/w4b_polymarket_recensus_venue_events_v1.csv.gz,69505,"Ethereum Up or Down - October 31, 9:45AM-10:00AM ET",fed,,
MACRO_PM_OR_ETF_EVENT_BACKTEST,registry/w4b_polymarket_recensus_venue_events_v1.csv.gz,69512,Portsmouth FC vs. Wrexham AFC - More Markets,fed,,
MACRO_PM_OR_ETF_EVENT_BACKTEST,registry/w4b_polymarket_recensus_venue_events_v1.csv.gz,69536,Scorigami in NFL Week 9?,fed,,
MACRO_PM_OR_ETF_EVENT_BACKTEST,registry/w4b_polymarket_recensus_venue_events_v1.csv.gz,69570,When will Adelita Grijalva be sworn in?,fed,,
MACRO_PM_OR_ETF_EVENT_BACKTEST,registry/w4b_polymarket_recensus_venue_events_v1.csv.gz,69588,October Inflation Argentina - Monthly,inflation,,
MACRO_PM_OR_ETF_EVENT_BACKTEST,registry/w4b_polymarket_recensus_venue_events_v1.csv.gz,69632,Newport News Apprentice Builders vs. Hampton Pirates (W),rates,,
MACRO_PM_OR_ETF_EVENT_BACKTEST,registry/w4b_polymarket_recensus_venue_events_v1.csv.gz,69660,Eastern Illinois Panthers vs. Purdue Boilermakers (W),oil,,
MACRO_PM_OR_ETF_EVENT_BACKTEST,registry/w4b_polymarket_recensus_venue_events_v1.csv.gz,69711,Speed Chess QF: Carlsen vs Caruana,fed,,
MACRO_PM_OR_ETF_EVENT_BACKTEST,registry/w4b_polymarket_recensus_venue_events_v1.csv.gz,69783,Counter-Strike: SAW vs Legacy (BO3),fed,,
MACRO_PM_OR_ETF_EVENT_BACKTEST,registry/w4b_polymarket_recensus_venue_events_v1.csv.gz,69894,Where will Trey Hendrickson be traded?,fed,,
MACRO_PM_OR_ETF_EVENT_BACKTEST,registry/w4b_polymarket_recensus_venue_events_v1.csv.gz,69902,Will Celsius Holdings (CELH) beat quarterly earnings?,fed,,
MACRO_PM_OR_ETF_EVENT_BACKTEST,registry/w4b_polymarket_recensus_venue_events_v1.csv.gz,69907,"XRP Up or Down - October 31, 8:00PM-8:15PM ET",fed,,
MACRO_PM_OR_ETF_EVENT_BACKTEST,registry/w4b_polymarket_recensus_venue_events_v1.csv.gz,70000,"Ethereum Up or Down - October 31, 10:15PM-10:30PM ET",fed,,
MACRO_PM_OR_ETF_EVENT_BACKTEST,registry/w4b_polymarket_recensus_venue_events_v1.csv.gz,70016,Counter-Strike: 500 vs ALLINNERS (BO3),fed,,
MACRO_PM_OR_ETF_EVENT_BACKTEST,registry/w4b_polymarket_recensus_venue_events_v1.csv.gz,70046,"XRP Up or Down - November 2, 9PM ET",fed,,
MACRO_PM_OR_ETF_EVENT_BACKTEST,registry/w4b_polymarket_recensus_venue_events_v1.csv.gz,70059,"XRP Up or Down - November 1, 12:15AM-12:30AM ET",fed,,
MACRO_PM_OR_ETF_EVENT_BACKTEST,registry/w4b_polymarket_recensus_venue_events_v1.csv.gz,70075,"Solana Up or Down - November 1, 1:00AM-1:15AM ET",fed,,
MACRO_PM_OR_ETF_EVENT_BACKTEST,registry/w4b_polymarket_recensus_venue_events_v1.csv.gz,70109,"Ethereum Up or Down - November 1, 2:45AM-3:00AM ET",fed,,
MACRO_PM_OR_ETF_EVENT_BACKTEST,registry/w4b_polymarket_recensus_venue_events_v1.csv.gz,70205,"Solana Up or Down - November 1, 5:45AM-6:00AM ET",fed,,
MACRO_PM_OR_ETF_EVENT_BACKTEST,registry/w4b_polymarket_recensus_venue_events_v1.csv.gz,70226,"Bitcoin Up or Down - November 1, 6:45AM-7:00AM ET",fed,,
MACRO_PM_OR_ETF_EVENT_BACKTEST,registry/w4b_polymarket_recensus_venue_events_v1.csv.gz,70231,Dota 2: 4Pirates vs Spirit Academy (BO3),rates,,
MACRO_PM_OR_ETF_EVENT_BACKTEST,registry/w4b_polymarket_recensus_venue_events_v1.csv.gz,70233,Dota 2: 4Pirates vs Most Wanted (BO3),rates,,
MACRO_PM_OR_ETF_EVENT_BACKTEST,registry/w4b_polymarket_recensus_venue_events_v1.csv.gz,70237,"Bitcoin Up or Down - November 1, 4:00PM-8:00PM ET",fed,,
MACRO_PM_OR_ETF_EVENT_BACKTEST,registry/w4b_polymarket_recensus_venue_events_v1.csv.gz,70352,"Solana Up or Down - November 3, 9AM ET",fed,,
MACRO_PM_OR_ETF_EVENT_BACKTEST,registry/w4b_polymarket_recensus_venue_events_v1.csv.gz,70414,Wagner Seahawks vs. Seton Hall Pirates,rates,,
MACRO_PM_OR_ETF_EVENT_BACKTEST,registry/w4b_polymarket_recensus_venue_events_v1.csv.gz,70416,Oakland Golden Grizzlies vs. Purdue Boilermakers,oil,,
MACRO_PM_OR_ETF_EVENT_BACKTEST,registry/w4b_polymarket_recensus_venue_events_v1.csv.gz,70427,East Carolina Pirates vs. Liberty Flames (W),rates,,
MACRO_PM_OR_ETF_EVENT_BACKTEST,registry/w4b_polymarket_recensus_venue_events_v1.csv.gz,70460,Murray State Racers vs. Southern Indiana Screaming Eagles (W),fed,,
MACRO_PM_OR_ETF_EVENT_BACKTEST,registry/w4b_polymarket_recensus_venue_events_v1.csv.gz,70641,2025 Breeders' Cup Classic,fed,,
MACRO_PM_OR_ETF_EVENT_BACKTEST,registry/w4b_polymarket_recensus_venue_events_v1.csv.gz,70668,"Ethereum Up or Down - November 1, 7:15PM-7:30PM ET",fed,,
MACRO_PM_OR_ETF_EVENT_BACKTEST,registry/w4b_polymarket_recensus_venue_events_v1.csv.gz,70734,"Ethereum Up or Down - November 1, 10:30PM-10:45PM ET",fed,,
MACRO_PM_OR_ETF_EVENT_BACKTEST,registry/w4b_polymarket_recensus_venue_events_v1.csv.gz,71085,"Solana Up or Down - November 2, 2:30PM-2:45PM ET",fed,,
MACRO_PM_OR_ETF_EVENT_BACKTEST,registry/w4b_polymarket_recensus_venue_events_v1.csv.gz,71142,"Solana Up or Down - November 2, 5:15PM-5:30PM ET",fed,,
MACRO_PM_OR_ETF_EVENT_BACKTEST,registry/w4b_polymarket_recensus_venue_events_v1.csv.gz,71167,NYMEX Crude Oil Futures (WTI) (CL=F) Up or Down on November 3?,oil,,
MACRO_PM_OR_ETF_EVENT_BACKTEST,registry/w4b_polymarket_recensus_venue_events_v1.csv.gz,71181,"Bitcoin Up or Down - November 2, 6:00PM-6:15PM ET",fed,,
MACRO_PM_OR_ETF_EVENT_BACKTEST,registry/w4b_polymarket_recensus_venue_events_v1.csv.gz,71227,"Solana Up or Down - November 2, 8:15PM-8:30PM ET",fed,,
MACRO_PM_OR_ETF_EVENT_BACKTEST,registry/w4b_polymarket_recensus_venue_events_v1.csv.gz,71327,"Bitcoin Up or Down - November 3, 12:00AM-12:15AM ET",fed,,
MACRO_PM_OR_ETF_EVENT_BACKTEST,registry/w4b_polymarket_recensus_venue_events_v1.csv.gz,71345,"XRP Up or Down - November 4, 10PM ET",fed,,
MACRO_PM_OR_ETF_EVENT_BACKTEST,registry/w4b_polymarket_recensus_venue_events_v1.csv.gz,71475,Dota 2: 4Pirates vs Zero Tenacity (BO3),rates,,
MACRO_PM_OR_ETF_EVENT_BACKTEST,registry/w4b_polymarket_recensus_venue_events_v1.csv.gz,71489,Dota 2: 4Pirates vs L1ga Team (BO3),rates,,
MACRO_PM_OR_ETF_EVENT_BACKTEST,registry/w4b_polymarket_recensus_venue_events_v1.csv.gz,71493,Dota 2: 4Pirates vs Kalmychata (BO3),rates,,
MACRO_PM_OR_ETF_EVENT_BACKTEST,registry/w4b_polymarket_recensus_venue_events_v1.csv.gz,71497,Dota 2: Yellow Submarine vs 4Pirates (BO3),rates,,
MACRO_PM_OR_ETF_EVENT_BACKTEST,registry/w4b_polymarket_recensus_venue_events_v1.csv.gz,71498,Dota 2: 4Pirates vs Level UP (BO3),rates,,
MACRO_PM_OR_ETF_EVENT_BACKTEST,registry/w4b_polymarket_recensus_venue_events_v1.csv.gz,71507,Dota 2: 4Pirates vs Runa Team (BO3),rates,,
MACRO_PM_OR_ETF_EVENT_BACKTEST,registry/w4b_polymarket_recensus_venue_events_v1.csv.gz,71575,West Bromwich Albion FC vs. Oxford United FC - More Markets,fed,,
MACRO_PM_OR_ETF_EVENT_BACKTEST,registry/w4b_polymarket_recensus_venue_events_v1.csv.gz,71615,NYMEX Crude Oil Futures (WTI) (CL=F) Up or Down on November 4?,oil,,
MACRO_PM_OR_ETF_EVENT_BACKTEST,registry/w4b_polymarket_recensus_venue_events_v1.csv.gz,71697,"XRP Up or Down - November 5, 10AM ET",fed,,
MACRO_PM_OR_ETF_EVENT_BACKTEST,registry/w4b_polymarket_recensus_venue_events_v1.csv.gz,71699,Dota 2: Team Tea vs 4Pirates (BO3),rates,,
MACRO_PM_OR_ETF_EVENT_BACKTEST,registry/w4b_polymarket_recensus_venue_events_v1.csv.gz,71700,Dota 2: Perrito Panzon vs eSpoiled (BO3),oil,,
MACRO_PM_OR_ETF_EVENT_BACKTEST,registry/w4b_polymarket_recensus_venue_events_v1.csv.gz,71705,Dota 2: eSpoiled vs 4Pirates (BO3),rates;oil,,
MACRO_PM_OR_ETF_EVENT_BACKTEST,registry/w4b_polymarket_recensus_venue_events_v1.csv.gz,71708,Dota 2: Most Wanted vs eSpoiled (BO3),oil,,
MACRO_PM_OR_ETF_EVENT_BACKTEST,registry/w4b_polymarket_recensus_venue_events_v1.csv.gz,71711,Dota 2: Team Public vs 4Pirates (BO3),rates,,
MACRO_PM_OR_ETF_EVENT_BACKTEST,registry/w4b_polymarket_recensus_venue_events_v1.csv.gz,71721,Dota 2: Most Wanted vs 4Pirates (BO3),rates,,
MACRO_PM_OR_ETF_EVENT_BACKTEST,registry/w4b_polymarket_recensus_venue_events_v1.csv.gz,71730,Dota 2: eSpoiled vs Team Public (BO3),oil,,
MACRO_PM_OR_ETF_EVENT_BACKTEST,registry/w4b_polymarket_recensus_venue_events_v1.csv.gz,71734,Rockets vs. Bucks,fed,,
MACRO_PM_OR_ETF_EVENT_BACKTEST,registry/w4b_polymarket_recensus_venue_events_v1.csv.gz,71742,Dota 2: eSpoiled vs Kalmychata (BO3),oil,,
MACRO_PM_OR_ETF_EVENT_BACKTEST,registry/w4b_polymarket_recensus_venue_events_v1.csv.gz,71746,Dota 2: 4Pirates vs Team Tidebound (BO3),rates,,
MACRO_PM_OR_ETF_EVENT_BACKTEST,registry/w4b_polymarket_recensus_venue_events_v1.csv.gz,71750,Dota 2: Team Tidebound vs eSpoiled (BO3),oil,,
MACRO_PM_OR_ETF_EVENT_BACKTEST,registry/w4b_polymarket_recensus_venue_events_v1.csv.gz,71754,Dota 2: Kalmychata vs 4Pirates (BO3),rates,,
MACRO_PM_OR_ETF_EVENT_BACKTEST,registry/w4b_polymarket_recensus_venue_events_v1.csv.gz,71755,East Carolina Pirates vs. Richmond Spiders,rates,,
MACRO_PM_OR_ETF_EVENT_BACKTEST,registry/w4b_polymarket_recensus_venue_events_v1.csv.gz,71776,Dota 2: Team Tea vs eSpoiled (BO3),oil,,
MACRO_PM_OR_ETF_EVENT_BACKTEST,registry/w4b_polymarket_recensus_venue_events_v1.csv.gz,71779,Dota 2: 4Pirates vs Perrito Panzon (BO3),rates,,
MACRO_PM_OR_ETF_EVENT_BACKTEST,registry/w4b_polymarket_recensus_venue_events_v1.csv.gz,71797,Washington State Cougars vs. Southern Utah Thunderbirds (W),fed,,
MACRO_PM_OR_ETF_EVENT_BACKTEST,registry/w4b_polymarket_recensus_venue_events_v1.csv.gz,71853,Prairie View A&M Panthers vs. Wichita State Shockers,fed,,
MACRO_PM_OR_ETF_EVENT_BACKTEST,registry/w4b_polymarket_recensus_venue_events_v1.csv.gz,71882,Hampton Pirates vs. Wake Forest Demon Deacons (W),rates,,
MACRO_PM_OR_ETF_EVENT_BACKTEST,registry/w4b_polymarket_recensus_venue_events_v1.csv.gz,71918,Coppin State Eagles vs. James Madison Dukes,fed,,
MACRO_PM_OR_ETF_EVENT_BACKTEST,registry/w4b_polymarket_recensus_venue_events_v1.csv.gz,71995,Oilers vs. Kraken,oil,,
MACRO_PM_OR_ETF_EVENT_BACKTEST,registry/w4b_polymarket_recensus_venue_events_v1.csv.gz,72078,"XRP Up or Down - November 3, 4:00PM-4:15PM ET",fed,,
MACRO_PM_OR_ETF_EVENT_BACKTEST,registry/w4b_polymarket_recensus_venue_events_v1.csv.gz,72148,Montreuil FC vs. Bandrélé FC,fed,,
MACRO_PM_OR_ETF_EVENT_BACKTEST,registry/w4b_polymarket_recensus_venue_events_v1.csv.gz,72157,Sablé FC vs. US Saint-Malo,fed,,
MACRO_PM_OR_ETF_EVENT_BACKTEST,registry/w4b_polymarket_recensus_venue_events_v1.csv.gz,72199,"Will ""Sarah's Oil"" score at least 70 on the Rotten Tomatoes Tomatometer?",oil,,
MACRO_PM_OR_ETF_EVENT_BACKTEST,registry/w4b_polymarket_recensus_venue_events_v1.csv.gz,72214,"Bitcoin Up or Down - November 3, 5:00PM-5:15PM ET",fed,,
MACRO_PM_OR_ETF_EVENT_BACKTEST,registry/w4b_polymarket_recensus_venue_events_v1.csv.gz,72229,Will Opendoor (OPEN) close above ___ end of November?,fed,,
MACRO_PM_OR_ETF_EVENT_BACKTEST,registry/w4b_polymarket_recensus_venue_events_v1.csv.gz,72257,Liverpool FC vs. Real Madrid CF - More Markets,fed,,
MACRO_PM_OR_ETF_EVENT_BACKTEST,registry/w4b_polymarket_recensus_venue_events_v1.csv.gz,72301,Tōkyō Verdy vs. Kashima Antlers,fed,,
MACRO_PM_OR_ETF_EVENT_BACKTEST,registry/w4b_polymarket_recensus_venue_events_v1.csv.gz,72415,"Solana Up or Down - November 3, 8:45PM-9:00PM ET",fed,,
MACRO_PM_OR_ETF_EVENT_BACKTEST,registry/w4b_polymarket_recensus_venue_events_v1.csv.gz,72489,"Solana Up or Down - November 3, 11:45PM-12:00AM ET",fed,,
MACRO_PM_OR_ETF_EVENT_BACKTEST,registry/w4b_polymarket_recensus_venue_events_v1.csv.gz,72592,Ohio State vs. Purdue Boilermakers,oil,,
MACRO_PM_OR_ETF_EVENT_BACKTEST,registry/w4b_polymarket_recensus_venue_events_v1.csv.gz,72650,"Solana Up or Down - November 6, 2AM ET",fed,,
MACRO_PM_OR_ETF_EVENT_BACKTEST,registry/w4b_polymarket_recensus_venue_events_v1.csv.gz,72794,NYMEX Crude Oil Futures (WTI) (CL=F) Up or Down on November 5?,oil,,
MACRO_PM_OR_ETF_EVENT_BACKTEST,registry/w4b_polymarket_recensus_venue_events_v1.csv.gz,72845,"Ethereum Up or Down - November 4, 12:00PM-12:15PM ET",fed,,
MACRO_PM_OR_ETF_EVENT_BACKTEST,registry/w4b_polymarket_recensus_venue_events_v1.csv.gz,72856,"Ethereum Up or Down - November 4, 12:30PM-12:45PM ET",fed,,
MACRO_PM_OR_ETF_EVENT_BACKTEST,registry/w4b_polymarket_recensus_venue_events_v1.csv.gz,72909,Penn Quakers vs. Delaware State Hornets (W),fed,,
MACRO_PM_OR_ETF_EVENT_BACKTEST,registry/w4b_polymarket_recensus_venue_events_v1.csv.gz,72910,Fairfield Stags vs. Seton Hall Pirates,rates,,
MACRO_PM_OR_ETF_EVENT_BACKTEST,registry/w4b_polymarket_recensus_venue_events_v1.csv.gz,72960,Fed decisions (Dec-Mar),fed;fomc,,
MACRO_PM_OR_ETF_EVENT_BACKTEST,registry/w4b_polymarket_recensus_venue_events_v1.csv.gz,72962,"XRP Up or Down - November 4, 1:30PM-1:45PM ET",fed,,
MACRO_PM_OR_ETF_EVENT_BACKTEST,registry/w4b_polymarket_recensus_venue_events_v1.csv.gz,73055,Ukraine signs peace deal with Russia by March 31?,fed,,
MACRO_PM_OR_ETF_EVENT_BACKTEST,registry/w4b_polymarket_recensus_venue_events_v1.csv.gz,73156,"Ethereum Up or Down - November 4, 6:45PM-7:00PM ET",fed,,
MACRO_PM_OR_ETF_EVENT_BACKTEST,registry/w4b_polymarket_recensus_venue_events_v1.csv.gz,73197,US Treasury transactions on blockchain by June 30?,treasury,,
MACRO_PM_OR_ETF_EVENT_BACKTEST,registry/w4b_polymarket_recensus_venue_events_v1.csv.gz,73206,"Bitcoin Up or Down - November 4, 8:00PM-8:15PM ET",fed,,
MACRO_PM_OR_ETF_EVENT_BACKTEST,registry/w4b_polymarket_recensus_venue_events_v1.csv.gz,73233,"XRP Up or Down - November 4, 8:45PM-9:00PM ET",fed,,
MACRO_PM_OR_ETF_EVENT_BACKTEST,registry/w4b_polymarket_recensus_venue_events_v1.csv.gz,73290,"XRP Up or Down - November 6, 8PM ET",fed,,
MACRO_PM_OR_ETF_EVENT_BACKTEST,registry/w4b_polymarket_recensus_venue_events_v1.csv.gz,73343,Will TikTok be banned by March 31?,fed,,
MACRO_PM_OR_ETF_EVENT_BACKTEST,registry/w4b_polymarket_recensus_venue_events_v1.csv.gz,73383,"XRP Up or Down - November 5, 2:15AM-2:30AM ET",fed,,
MACRO_PM_OR_ETF_EVENT_BACKTEST,registry/w4b_polymarket_recensus_venue_events_v1.csv.gz,73425,"Bitcoin Up or Down - November 5, 4:00AM-4:15AM ET",fed,,
MACRO_PM_OR_ETF_EVENT_BACKTEST,registry/w4b_polymarket_recensus_venue_events_v1.csv.gz,73445,"Ethereum Up or Down - November 5, 5:00AM-5:15AM ET",fed,,
MACRO_PM_OR_ETF_EVENT_BACKTEST,registry/w4b_polymarket_recensus_venue_events_v1.csv.gz,73509,"XRP Up or Down - November 5, 8:45AM-9:00AM ET",fed,,
MACRO_PM_OR_ETF_EVENT_BACKTEST,registry/w4b_polymarket_recensus_venue_events_v1.csv.gz,73561,NYMEX Crude Oil Futures (WTI) (CL=F) Up or Down on November 6?,oil,,
MACRO_PM_OR_ETF_EVENT_BACKTEST,registry/w4b_polymarket_recensus_venue_events_v1.csv.gz,73603,"XRP Up or Down - November 7, 9AM ET",fed,,
MACRO_PM_OR_ETF_EVENT_BACKTEST,registry/w4b_polymarket_recensus_venue_events_v1.csv.gz,73685,Hampton Pirates vs. Virginia Cavaliers,rates,,
MACRO_PM_OR_ETF_EVENT_BACKTEST,registry/w4b_polymarket_recensus_venue_events_v1.csv.gz,73724,Charleston Southern Buccaneers vs. East Carolina Pirates (W),rates,,
MACRO_PM_OR_ETF_EVENT_BACKTEST,registry/w4b_polymarket_recensus_venue_events_v1.csv.gz,73859,Wild vs. Oilers,oil,,
MACRO_PM_OR_ETF_EVENT_BACKTEST,registry/w4b_polymarket_recensus_venue_events_v1.csv.gz,73872,Bitcoin Up or Down on November 7?,fed,,
MACRO_PM_OR_ETF_EVENT_BACKTEST,registry/w4b_polymarket_recensus_venue_events_v1.csv.gz,73939,Étoile FC Bobigny vs. Amicale Villeneuve-la-Garenne,oil,,
MACRO_PM_OR_ETF_EVENT_BACKTEST,registry/w4b_polymarket_recensus_venue_events_v1.csv.gz,74078,"Ethereum Up or Down - November 5, 8:30PM-8:45PM ET",fed,,
MACRO_PM_OR_ETF_EVENT_BACKTEST,registry/w4b_polymarket_recensus_venue_events_v1.csv.gz,74092,Hellenic Championship: Alexandre Muller vs Lorenzo Musetti,fed,,
MACRO_PM_OR_ETF_EVENT_BACKTEST,registry/w4b_polymarket_recensus_venue_events_v1.csv.gz,74110,"Solana Up or Down - November 5, 9:30PM-9:45PM ET",fed,,
MACRO_PM_OR_ETF_EVENT_BACKTEST,registry/w4b_polymarket_recensus_venue_events_v1.csv.gz,74128,"XRP Up or Down - November 5, 10:30PM-10:45PM ET",fed,,
MACRO_PM_OR_ETF_EVENT_BACKTEST,registry/w4b_polymarket_recensus_venue_events_v1.csv.gz,74466,"Bitcoin Up or Down - November 6, 12:15PM-12:30PM ET",fed,,
MACRO_PM_OR_ETF_EVENT_BACKTEST,registry/w4b_polymarket_recensus_venue_events_v1.csv.gz,74546,Rider Broncs vs. Boston College Eagles (W),fed,,
MACRO_PM_OR_ETF_EVENT_BACKTEST,registry/w4b_polymarket_recensus_venue_events_v1.csv.gz,74562,Akron Zips vs. Notre Dame Fighting Irish (W),fed,,
MACRO_PM_OR_ETF_EVENT_BACKTEST,registry/w4b_polymarket_recensus_venue_events_v1.csv.gz,74589,Purdue Boilermakers vs. Purdue Fort Wayne Mastodons (W),oil,,
MACRO_PM_OR_ETF_EVENT_BACKTEST,registry/w4b_polymarket_recensus_venue_events_v1.csv.gz,74662,"Bitcoin Up or Down - November 6, 2:00PM-2:15PM ET",fed,,
MACRO_PM_OR_ETF_EVENT_BACKTEST,registry/w4b_polymarket_recensus_venue_events_v1.csv.gz,74673,Capitals vs. Sharks,fed,,
MACRO_PM_OR_ETF_EVENT_BACKTEST,registry/w4b_polymarket_recensus_venue_events_v1.csv.gz,74753,"Bitcoin Up or Down - November 8, 2PM ET",fed,,
MACRO_PM_OR_ETF_EVENT_BACKTEST,registry/w4b_polymarket_recensus_venue_events_v1.csv.gz,74819,"Solana Up or Down - November 7, 4:00AM-8:00AM ET",fed,,
MACRO_PM_OR_ETF_EVENT_BACKTEST,registry/w4b_polymarket_recensus_venue_events_v1.csv.gz,74913,Will federal employees receive back pay after the government shutdown?,fed,,
MACRO_PM_OR_ETF_EVENT_BACKTEST,registry/w4b_polymarket_recensus_venue_events_v1.csv.gz,74961,FIDE World Cup 2025 - Nikolas Theodorou vs Javokhir Sindarov (Advances),fed,,
MACRO_PM_OR_ETF_EVENT_BACKTEST,registry/w4b_polymarket_recensus_venue_events_v1.csv.gz,74987,FIDE World Cup 2025 - Radoslaw Wojtaszek vs Vladimir Fedoseev (Advances),fed,,
MACRO_PM_OR_ETF_EVENT_BACKTEST,registry/w4b_polymarket_recensus_venue_events_v1.csv.gz,74993,"XRP Up or Down - November 7, 12:15AM-12:30AM ET",fed,,
MACRO_PM_OR_ETF_EVENT_BACKTEST,registry/w4b_polymarket_recensus_venue_events_v1.csv.gz,75033,"Solana Up or Down - November 7, 2:00AM-2:15AM ET",fed,,
MACRO_PM_OR_ETF_EVENT_BACKTEST,registry/w4b_polymarket_recensus_venue_events_v1.csv.gz,75304,"XRP Up or Down - November 9, 9AM ET",fed,,
MACRO_PM_OR_ETF_EVENT_BACKTEST,registry/w4b_polymarket_recensus_venue_events_v1.csv.gz,75332,Maccabi Tel Aviv vs. Saski Baskonia,fed,,
MACRO_PM_OR_ETF_EVENT_BACKTEST,registry/w4b_polymarket_recensus_venue_events_v1.csv.gz,75333,Counter-Strike: Betera Esports vs 500 (BO3),fed,,
MACRO_PM_OR_ETF_EVENT_BACKTEST,registry/w4b_polymarket_recensus_venue_events_v1.csv.gz,75338,Purdue Boilermakers vs. Alabama Crimson Tide,oil,,
MACRO_PM_OR_ETF_EVENT_BACKTEST,registry/w4b_polymarket_recensus_venue_events_v1.csv.gz,75353,Elizabeth City State Vikings vs. East Carolina Pirates,rates,,
MACRO_PM_OR_ETF_EVENT_BACKTEST,registry/w4b_polymarket_recensus_venue_events_v1.csv.gz,75360,Monmouth Hawks vs. Seton Hall Pirates,rates,,
MACRO_PM_OR_ETF_EVENT_BACKTEST,registry/w4b_polymarket_recensus_venue_events_v1.csv.gz,75453,Predators vs. Panthers,fed,,
MACRO_PM_OR_ETF_EVENT_BACKTEST,registry/w4b_polymarket_recensus_venue_events_v1.csv.gz,75460,Kraken vs. Oilers,oil,,
MACRO_PM_OR_ETF_EVENT_BACKTEST,registry/w4b_polymarket_recensus_venue_events_v1.csv.gz,75478,Fed decision in April?,fed;fomc,,
MACRO_PM_OR_ETF_EVENT_BACKTEST,registry/w4b_polymarket_recensus_venue_events_v1.csv.gz,75495,XRP above ___ on November 14?,fed,,
MACRO_PM_OR_ETF_EVENT_BACKTEST,registry/w4b_polymarket_recensus_venue_events_v1.csv.gz,75559,Dota 2: eSpoiled vs Team Tea (BO1),oil,,
MACRO_PM_OR_ETF_EVENT_BACKTEST,registry/w4b_polymarket_recensus_venue_events_v1.csv.gz,75592,"Bitcoin Up or Down - November 7, 6:00PM-6:15PM ET",fed,,
MACRO_PM_OR_ETF_EVENT_BACKTEST,registry/w4b_polymarket_recensus_venue_events_v1.csv.gz,75605,Canada recession before 2027?,recession,,
MACRO_PM_OR_ETF_EVENT_BACKTEST,registry/w4b_polymarket_recensus_venue_events_v1.csv.gz,75618,Dota 2: Most Wanted vs eSpoiled (BO3),oil,,
MACRO_PM_OR_ETF_EVENT_BACKTEST,registry/w4b_polymarket_recensus_venue_events_v1.csv.gz,75634,"Ethereum Up or Down - November 7, 7:30PM-7:45PM ET",fed,,
MACRO_PM_OR_ETF_EVENT_BACKTEST,registry/w4b_polymarket_recensus_venue_events_v1.csv.gz,75684,OpenAI receives federal backstop for infrastructure before July?,fed,,
MACRO_PM_OR_ETF_EVENT_BACKTEST,registry/w4b_polymarket_recensus_venue_events_v1.csv.gz,75704,"XRP Up or Down - November 7, 10:00PM-10:15PM ET",fed,,
MACRO_PM_OR_ETF_EVENT_BACKTEST,registry/w4b_polymarket_recensus_venue_events_v1.csv.gz,75706,"Ethereum Up or Down - November 7, 10:15PM-10:30PM ET",fed,,
MACRO_PM_OR_ETF_EVENT_BACKTEST,registry/w4b_polymarket_recensus_venue_events_v1.csv.gz,75777,"Solana Up or Down - November 8, 1:30AM-1:45AM ET",fed,,
MACRO_PM_OR_ETF_EVENT_BACKTEST,registry/w4b_polymarket_recensus_venue_events_v1.csv.gz,75804,"Bitcoin Up or Down - November 10, 12AM ET",fed,,
MACRO_PM_OR_ETF_EVENT_BACKTEST,registry/w4b_polymarket_recensus_venue_events_v1.csv.gz,75846,"Solana Up or Down - November 8, 4:15AM-4:30AM ET",fed,,
MACRO_PM_OR_ETF_EVENT_BACKTEST,registry/w4b_polymarket_recensus_venue_events_v1.csv.gz,75869,"Bitcoin Up or Down - November 8, 5:15AM-5:30AM ET",fed,,
MACRO_PM_OR_ETF_EVENT_BACKTEST,registry/w4b_polymarket_recensus_venue_events_v1.csv.gz,75873,"XRP Up or Down - November 8, 5:30AM-5:45AM ET",fed,,
MACRO_PM_OR_ETF_EVENT_BACKTEST,registry/w4b_polymarket_recensus_venue_events_v1.csv.gz,75956,"Solana Up or Down - November 8, 9:15AM-9:30AM ET",fed,,
MACRO_PM_OR_ETF_EVENT_BACKTEST,registry/w4b_polymarket_recensus_venue_events_v1.csv.gz,75974,"Bitcoin Up or Down - November 8, 10:00AM-10:15AM ET",fed,,
MACRO_PM_OR_ETF_EVENT_BACKTEST,registry/w4b_polymarket_recensus_venue_events_v1.csv.gz,75983,"Bitcoin Up or Down - November 8, 10:30AM-10:45AM ET",fed,,
MACRO_PM_OR_ETF_EVENT_BACKTEST,registry/w4b_polymarket_recensus_venue_events_v1.csv.gz,75987,"Bitcoin Up or Down - November 8, 10:45AM-11:00AM ET",fed,,
MACRO_PM_OR_ETF_EVENT_BACKTEST,registry/w4b_polymarket_recensus_venue_events_v1.csv.gz,76070,Hampton Pirates vs. Brown Bears,rates,,
MACRO_PM_OR_ETF_EVENT_BACKTEST,registry/w4b_polymarket_recensus_venue_events_v1.csv.gz,76075,Seton Hall Pirates vs. San Francisco Dons (W),rates,,
MACRO_PM_OR_ETF_EVENT_BACKTEST,registry/w4b_polymarket_recensus_venue_events_v1.csv.gz,76105,Central Baptist College Mustangs vs. Louisiana-Monroe Warhawks (W),fed,,
MACRO_PM_OR_ETF_EVENT_BACKTEST,registry/w4b_polymarket_recensus_venue_events_v1.csv.gz,76174,"XRP Up or Down - November 8, 2:15PM-2:30PM ET",fed,,
MACRO_PM_OR_ETF_EVENT_BACKTEST,registry/w4b_polymarket_recensus_venue_events_v1.csv.gz,76230,"Bitcoin Up or Down - November 8, 3:45PM-4:00PM ET",fed,,
MACRO_PM_OR_ETF_EVENT_BACKTEST,registry/w4b_polymarket_recensus_venue_events_v1.csv.gz,76232,Bitcoin above ___ on November 9?,fed,,
MACRO_PM_OR_ETF_EVENT_BACKTEST,registry/w4b_polymarket_recensus_venue_events_v1.csv.gz,76263,"XRP Up or Down - November 8, 4:45PM-5:00PM ET",fed,,
MACRO_PM_OR_ETF_EVENT_BACKTEST,registry/w4b_polymarket_recensus_venue_events_v1.csv.gz,76294,Chelmsford City FC vs. Weston-super-Mare AFC,fed,,
MACRO_PM_OR_ETF_EVENT_BACKTEST,registry/w4b_polymarket_recensus_venue_events_v1.csv.gz,76340,"Solana Up or Down - November 8, 6:15PM-6:30PM ET",fed,,
MACRO_PM_OR_ETF_EVENT_BACKTEST,registry/w4b_polymarket_recensus_venue_events_v1.csv.gz,76352,Dota 2: Most Wanted vs 4Pirates (BO3),rates,,
MACRO_PM_OR_ETF_EVENT_BACKTEST,registry/w4b_polymarket_recensus_venue_events_v1.csv.gz,76354,Dota 2: Team Tidebound vs eSpoiled (BO3),oil,,
MACRO_PM_OR_ETF_EVENT_BACKTEST,registry/w4b_polymarket_recensus_venue_events_v1.csv.gz,76357,"Bitcoin Up or Down - November 9, 4:00AM-8:00AM ET",fed,,
MACRO_PM_OR_ETF_EVENT_BACKTEST,registry/w4b_polymarket_recensus_venue_events_v1.csv.gz,76388,"Solana Up or Down - November 8, 8:15PM-8:30PM ET",fed,,
MACRO_PM_OR_ETF_EVENT_BACKTEST,registry/w4b_polymarket_recensus_venue_events_v1.csv.gz,76415,"XRP Up or Down - November 8, 9:15PM-9:30PM ET",fed,,
MACRO_PM_OR_ETF_EVENT_BACKTEST,registry/w4b_polymarket_recensus_venue_events_v1.csv.gz,76422,"Ethereum Up or Down - November 8, 9:45PM-10:00PM ET",fed,,
MACRO_PM_OR_ETF_EVENT_BACKTEST,registry/w4b_polymarket_recensus_venue_events_v1.csv.gz,76594,"XRP Up or Down - November 9, 3:30AM-3:45AM ET",fed,,
MACRO_PM_OR_ETF_EVENT_BACKTEST,registry/w4b_polymarket_recensus_venue_events_v1.csv.gz,76683,"XRP Up or Down - November 11, 3AM ET",fed,,
MACRO_PM_OR_ETF_EVENT_BACKTEST,registry/w4b_polymarket_recensus_venue_events_v1.csv.gz,76691,"Solana Up or Down - November 9, 6:00AM-6:15AM ET",fed,,
MACRO_PM_OR_ETF_EVENT_BACKTEST,registry/w4b_polymarket_recensus_venue_events_v1.csv.gz,76703,"XRP Up or Down - November 9, 6:45AM-7:00AM ET",fed,,
MACRO_PM_OR_ETF_EVENT_BACKTEST,registry/w4b_polymarket_recensus_venue_events_v1.csv.gz,76708,"Ethereum Up or Down - November 9, 4:00PM-8:00PM ET",fed,,
MACRO_PM_OR_ETF_EVENT_BACKTEST,registry/w4b_polymarket_recensus_venue_events_v1.csv.gz,76754,"Ethereum Up or Down - November 9, 9:00AM-9:15AM ET",fed,,
MACRO_PM_OR_ETF_EVENT_BACKTEST,registry/w4b_polymarket_recensus_venue_events_v1.csv.gz,76786,"Ethereum Up or Down - November 9, 10:45AM-11:00AM ET",fed,,
MACRO_PM_OR_ETF_EVENT_BACKTEST,registry/w4b_polymarket_recensus_venue_events_v1.csv.gz,76840,Counter-Strike: ARCRED vs TPuDCATb TPu (BO3),fed,,
MACRO_PM_OR_ETF_EVENT_BACKTEST,registry/w4b_polymarket_recensus_venue_events_v1.csv.gz,76848,Southern Utah Thunderbirds vs. Idaho Vandals (W),fed,,
MACRO_PM_OR_ETF_EVENT_BACKTEST,registry/w4b_polymarket_recensus_venue_events_v1.csv.gz,76866,Morgan State Bears vs. Mercyhurst Lakers,fed,,
MACRO_PM_OR_ETF_EVENT_BACKTEST,registry/w4b_polymarket_recensus_venue_events_v1.csv.gz,76873,Bethune-Cookman Wildcats vs. Florida International Golden Panthers (W),fed,,
MACRO_PM_OR_ETF_EVENT_BACKTEST,registry/w4b_polymarket_recensus_venue_events_v1.csv.gz,77023,Jets vs. Oilers,oil,,
MACRO_PM_OR_ETF_EVENT_BACKTEST,registry/w4b_polymarket_recensus_venue_events_v1.csv.gz,77090,"XRP Up or Down - November 9, 4:30PM-4:45PM ET",fed,,
MACRO_PM_OR_ETF_EVENT_BACKTEST,registry/w4b_polymarket_recensus_venue_events_v1.csv.gz,77120,"Bitcoin Up or Down - November 9, 5:15PM-5:30PM ET",fed,,
MACRO_PM_OR_ETF_EVENT_BACKTEST,registry/w4b_polymarket_recensus_venue_events_v1.csv.gz,77167,Purdue Boilermakers vs. Washington,oil,,
MACRO_PM_OR_ETF_EVENT_BACKTEST,registry/w4b_polymarket_recensus_venue_events_v1.csv.gz,77282,"Ethereum Up or Down - November 11, 7PM ET",fed,,
MACRO_PM_OR_ETF_EVENT_BACKTEST,registry/w4b_polymarket_recensus_venue_events_v1.csv.gz,77360,"Solana Up or Down - November 10, 1:30AM-1:45AM ET",fed,,
MACRO_PM_OR_ETF_EVENT_BACKTEST,registry/w4b_polymarket_recensus_venue_events_v1.csv.gz,77368,"Ethereum Up or Down - November 11, 11PM ET",fed,,
MACRO_PM_OR_ETF_EVENT_BACKTEST,registry/w4b_polymarket_recensus_venue_events_v1.csv.gz,77415,"Bitcoin Up or Down - November 10, 12:00PM-4:00PM ET",fed,,
MACRO_PM_OR_ETF_EVENT_BACKTEST,registry/w4b_polymarket_recensus_venue_events_v1.csv.gz,77451,Hellas Verona FC vs. Parma Calcio 1913 - More Markets,fed,,
MACRO_PM_OR_ETF_EVENT_BACKTEST,registry/w4b_polymarket_recensus_venue_events_v1.csv.gz,77524,"XRP Up or Down - November 10, 4:00PM-8:00PM ET",fed,,
MACRO_PM_OR_ETF_EVENT_BACKTEST,registry/w4b_polymarket_recensus_venue_events_v1.csv.gz,77580,"Bitcoin Up or Down - November 10, 9:30AM-9:45AM ET",fed,,
MACRO_PM_OR_ETF_EVENT_BACKTEST,registry/w4b_polymarket_recensus_venue_events_v1.csv.gz,77709,Hampton Pirates vs. Holy Cross Crusaders,rates,,
MACRO_PM_OR_ETF_EVENT_BACKTEST,registry/w4b_polymarket_recensus_venue_events_v1.csv.gz,77737,Army Black Knights vs. Oregon Ducks (W),fed,,
MACRO_PM_OR_ETF_EVENT_BACKTEST,registry/w4b_polymarket_recensus_venue_events_v1.csv.gz,77741,Akron Zips vs. Purdue Boilermakers,oil,,
MACRO_PM_OR_ETF_EVENT_BACKTEST,registry/w4b_polymarket_recensus_venue_events_v1.csv.gz,77789,East Carolina Pirates vs. High Point Panthers (W),rates,,
MACRO_PM_OR_ETF_EVENT_BACKTEST,registry/w4b_polymarket_recensus_venue_events_v1.csv.gz,77796,Seton Hall Pirates vs. Pacific Tigers (W),rates,,
MACRO_PM_OR_ETF_EVENT_BACKTEST,registry/w4b_polymarket_recensus_venue_events_v1.csv.gz,77797,Hampton Pirates vs. Gardner-Webb Runnin' Bulldogs (W),fed;rates,,
MACRO_PM_OR_ETF_EVENT_BACKTEST,registry/w4b_polymarket_recensus_venue_events_v1.csv.gz,77853,Penguins vs. Stars,fed,,
MACRO_PM_OR_ETF_EVENT_BACKTEST,registry/w4b_polymarket_recensus_venue_events_v1.csv.gz,77904,"UFC 322: Edwards vs. Prates (Welterweight, Main Card)",rates,,
MACRO_PM_OR_ETF_EVENT_BACKTEST,registry/w4b_polymarket_recensus_venue_events_v1.csv.gz,77956,FIDE World Cup 2025 - Levon Aronian vs Radoslaw Wojtaszek (Advances),fed,,
MACRO_PM_OR_ETF_EVENT_BACKTEST,registry/w4b_polymarket_recensus_venue_events_v1.csv.gz,78026,Dota 2: Most Wanted vs eSpoiled (BO3),oil,,
MACRO_PM_OR_ETF_EVENT_BACKTEST,registry/w4b_polymarket_recensus_venue_events_v1.csv.gz,78184,"Ethereum Up or Down - November 11, 7:15AM-7:30AM ET",fed,,
MACRO_PM_OR_ETF_EVENT_BACKTEST,registry/w4b_polymarket_recensus_venue_events_v1.csv.gz,78270,"Solana Up or Down - November 11, 7:45AM-8:00AM ET",fed,,
MACRO_PM_OR_ETF_EVENT_BACKTEST,registry/w4b_polymarket_recensus_venue_events_v1.csv.gz,78274,"Solana Up or Down - November 11, 8:30AM-8:45AM ET",fed,,
MACRO_PM_OR_ETF_EVENT_BACKTEST,registry/w4b_polymarket_recensus_venue_events_v1.csv.gz,78370,"XRP Up or Down - November 11, 11:45AM-12:00PM ET",fed,,
MACRO_PM_OR_ETF_EVENT_BACKTEST,registry/w4b_polymarket_recensus_venue_events_v1.csv.gz,78491,"Solana Up or Down - November 12, 7PM ET",fed,,
MACRO_PM_OR_ETF_EVENT_BACKTEST,registry/w4b_polymarket_recensus_venue_events_v1.csv.gz,78511,"Bitcoin Up or Down - November 12, 8PM ET",fed,,
MACRO_PM_OR_ETF_EVENT_BACKTEST,registry/w4b_polymarket_recensus_venue_events_v1.csv.gz,78522,"XRP Up or Down - November 11, 8:00PM-8:15PM ET",fed,,
MACRO_PM_OR_ETF_EVENT_BACKTEST,registry/w4b_polymarket_recensus_venue_events_v1.csv.gz,78530,"Solana Up or Down - November 11, 8:30PM-8:45PM ET",fed,,
MACRO_PM_OR_ETF_EVENT_BACKTEST,registry/w4b_polymarket_recensus_venue_events_v1.csv.gz,78552,"Ethereum Up or Down - November 11, 9:30PM-9:45PM ET",fed,,
MACRO_PM_OR_ETF_EVENT_BACKTEST,registry/w4b_polymarket_recensus_venue_events_v1.csv.gz,78639,"XRP Up or Down - November 12, 1:00AM-1:15AM ET",fed,,
MACRO_PM_OR_ETF_EVENT_BACKTEST,registry/w4b_polymarket_recensus_venue_events_v1.csv.gz,78843,"Ethereum Up or Down - November 12, 8:30AM-8:45AM ET",fed,,
MACRO_PM_OR_ETF_EVENT_BACKTEST,registry/w4b_polymarket_recensus_venue_events_v1.csv.gz,78875,Dota 2: Team Tidebound vs eSpoiled (BO5),oil,,
MACRO_PM_OR_ETF_EVENT_BACKTEST,registry/w4b_polymarket_recensus_venue_events_v1.csv.gz,78909,Eastern Oregon Mountaineers vs. Eastern Washington Eagles,fed,,
MACRO_PM_OR_ETF_EVENT_BACKTEST,registry/w4b_polymarket_recensus_venue_events_v1.csv.gz,78923,Drake Bulldogs vs. Charleston Cougars,fed,,
MACRO_PM_OR_ETF_EVENT_BACKTEST,registry/w4b_polymarket_recensus_venue_events_v1.csv.gz,79033,"XRP Up or Down - November 12, 12:15PM-12:30PM ET",fed,,
MACRO_PM_OR_ETF_EVENT_BACKTEST,registry/w4b_polymarket_recensus_venue_events_v1.csv.gz,79212,"XRP Up or Down - November 12, 5:15PM-5:30PM ET",fed,,
MACRO_PM_OR_ETF_EVENT_BACKTEST,registry/w4b_polymarket_recensus_venue_events_v1.csv.gz,79225,"Solana Up or Down - November 12, 5:45PM-6:00PM ET",fed,,
MACRO_PM_OR_ETF_EVENT_BACKTEST,registry/w4b_polymarket_recensus_venue_events_v1.csv.gz,79238,Dota 2: Most Wanted vs 4Pirates (BO3),rates,,
MACRO_PM_OR_ETF_EVENT_BACKTEST,registry/w4b_polymarket_recensus_venue_events_v1.csv.gz,79344,Counter-Strike: Keyd vs KRÜ Esports (BO3),fed,,
MACRO_PM_OR_ETF_EVENT_BACKTEST,registry/w4b_polymarket_recensus_venue_events_v1.csv.gz,79459,"Bitcoin Up or Down - November 13, 2:30AM-2:45AM ET",fed,,
MACRO_PM_OR_ETF_EVENT_BACKTEST,registry/w4b_polymarket_recensus_venue_events_v1.csv.gz,79464,"Ethereum Up or Down - November 13, 2:45AM-3:00AM ET",fed,,
MACRO_PM_OR_ETF_EVENT_BACKTEST,registry/w4b_polymarket_recensus_venue_events_v1.csv.gz,79497,"Ethereum Up or Down - November 13, 4:00AM-8:00AM ET",fed,,
MACRO_PM_OR_ETF_EVENT_BACKTEST,registry/w4b_polymarket_recensus_venue_events_v1.csv.gz,79520,"Bitcoin Up or Down - November 13, 5:00AM-5:15AM ET",fed,,
MACRO_PM_OR_ETF_EVENT_BACKTEST,registry/w4b_polymarket_recensus_venue_events_v1.csv.gz,79549,"XRP Up or Down - November 13, 6:30AM-6:45AM ET",fed,,
MACRO_PM_OR_ETF_EVENT_BACKTEST,registry/w4b_polymarket_recensus_venue_events_v1.csv.gz,79592,FTSE 100 (UKX) Up or Down on November 13?,fed,,
MACRO_PM_OR_ETF_EVENT_BACKTEST,registry/w4b_polymarket_recensus_venue_events_v1.csv.gz,79639,"Solana Up or Down - November 13, 9:00AM-9:15AM ET",fed,,
MACRO_PM_OR_ETF_EVENT_BACKTEST,registry/w4b_polymarket_recensus_venue_events_v1.csv.gz,79654,ECB Interest Rates: February 2026,interest rate;rates,,
MACRO_PM_OR_ETF_EVENT_BACKTEST,registry/w4b_polymarket_recensus_venue_events_v1.csv.gz,79694,Hampton Pirates vs. Boston College Eagles,rates,,
MACRO_PM_OR_ETF_EVENT_BACKTEST,registry/w4b_polymarket_recensus_venue_events_v1.csv.gz,79695,Purdue Boilermakers vs. Kentucky Wildcats (W),fed;oil,,
MACRO_PM_OR_ETF_EVENT_BACKTEST,registry/w4b_polymarket_recensus_venue_events_v1.csv.gz,79698,Le Moyne Dolphins vs. Pittsburgh Panthers (W),fed,,
MACRO_PM_OR_ETF_EVENT_BACKTEST,registry/w4b_polymarket_recensus_venue_events_v1.csv.gz,79701,Arkansas-Pine Bluff Golden Lions vs. SMU Mustangs,fed,,
MACRO_PM_OR_ETF_EVENT_BACKTEST,registry/w4b_polymarket_recensus_venue_events_v1.csv.gz,79711,East Carolina Pirates vs. UNCW Seahawks,rates,,
MACRO_PM_OR_ETF_EVENT_BACKTEST,registry/w4b_polymarket_recensus_venue_events_v1.csv.gz,79759,Towson Tigers vs. James Madison Dukes,fed,,
MACRO_PM_OR_ETF_EVENT_BACKTEST,registry/w4b_polymarket_recensus_venue_events_v1.csv.gz,79763,New Haven Chargers vs. Seton Hall Pirates,rates,,
MACRO_PM_OR_ETF_EVENT_BACKTEST,registry/w4b_polymarket_recensus_venue_events_v1.csv.gz,79825,Sabres vs. Oilers,oil,,
MACRO_PM_OR_ETF_EVENT_BACKTEST,registry/w4b_polymarket_recensus_venue_events_v1.csv.gz,79867,"Bitcoin Up or Down - November 13, 12:00PM-4:00PM ET",fed,,
MACRO_PM_OR_ETF_EVENT_BACKTEST,registry/w4b_polymarket_recensus_venue_events_v1.csv.gz,79903,"Bitcoin Up or Down - November 13, 1:15PM-1:30PM ET",fed,,
MACRO_PM_OR_ETF_EVENT_BACKTEST,registry/w4b_polymarket_recensus_venue_events_v1.csv.gz,79939,Dota 2: 4Pirates vs Runa Team (BO3),rates,,
MACRO_PM_OR_ETF_EVENT_BACKTEST,registry/w4b_polymarket_recensus_venue_events_v1.csv.gz,79963,"XRP Up or Down - November 13, 2:15PM-2:30PM ET",fed,,
MACRO_PM_OR_ETF_EVENT_BACKTEST,registry/w4b_polymarket_recensus_venue_events_v1.csv.gz,80068,"Ethereum Up or Down - November 14, 6PM ET",fed,,
MACRO_PM_OR_ETF_EVENT_BACKTEST,registry/w4b_polymarket_recensus_venue_events_v1.csv.gz,80115,"XRP Up or Down - November 13, 7:15PM-7:30PM ET",fed,,
MACRO_PM_OR_ETF_EVENT_BACKTEST,registry/w4b_polymarket_recensus_venue_events_v1.csv.gz,80133,"XRP Up or Down - November 13, 8:00PM-12:00AM ET",fed,,
MACRO_PM_OR_ETF_EVENT_BACKTEST,registry/w4b_polymarket_recensus_venue_events_v1.csv.gz,80148,"Solana Up or Down - November 13, 8:30PM-8:45PM ET",fed,,
MACRO_PM_OR_ETF_EVENT_BACKTEST,registry/w4b_polymarket_recensus_venue_events_v1.csv.gz,80198,"Ethereum Up or Down - November 13, 11:00PM-11:15PM ET",fed,,
MACRO_PM_OR_ETF_EVENT_BACKTEST,registry/w4b_polymarket_recensus_venue_events_v1.csv.gz,80214,"Bitcoin Up or Down - November 15, 12AM ET",fed,,
MACRO_PM_OR_ETF_EVENT_BACKTEST,registry/w4b_polymarket_recensus_venue_events_v1.csv.gz,80456,NYA (NYA) Up or Down on November 14?,fed,,
MACRO_PM_OR_ETF_EVENT_BACKTEST,registry/w4b_polymarket_recensus_venue_events_v1.csv.gz,80487,Madagascar vs. Equatorial Guinea,fed,,
MACRO_PM_OR_ETF_EVENT_BACKTEST,registry/w4b_polymarket_recensus_venue_events_v1.csv.gz,80516,Mid-America Christian Evangels vs. Campbell Fighting Camels,fed,,
MACRO_PM_OR_ETF_EVENT_BACKTEST,registry/w4b_polymarket_recensus_venue_events_v1.csv.gz,80522,UTSA Roadrunners vs. Incarnate Word Cardinals (W),fed,,
MACRO_PM_OR_ETF_EVENT_BACKTEST,registry/w4b_polymarket_recensus_venue_events_v1.csv.gz,80531,Wisconsin Badgers vs. UIC Flames (W),fed,,
MACRO_PM_OR_ETF_EVENT_BACKTEST,registry/w4b_polymarket_recensus_venue_events_v1.csv.gz,80636,November Inflation - Annual,inflation,,
MACRO_PM_OR_ETF_EVENT_BACKTEST,registry/w4b_polymarket_recensus_venue_events_v1.csv.gz,80638,November Inflation - Monthly,inflation,,
MACRO_PM_OR_ETF_EVENT_BACKTEST,registry/w4b_polymarket_recensus_venue_events_v1.csv.gz,80650,"Bitcoin Up or Down - November 14, 10:45AM-11:00AM ET",fed,,
MACRO_PM_OR_ETF_EVENT_BACKTEST,registry/w4b_polymarket_recensus_venue_events_v1.csv.gz,80742,Club Portugalete vs. Deportivo Alavés,fed,,
MACRO_PM_OR_ETF_EVENT_BACKTEST,registry/w4b_polymarket_recensus_venue_events_v1.csv.gz,80851,"XRP Up or Down - November 14, 3:00PM-3:15PM ET",fed,,
MACRO_PM_OR_ETF_EVENT_BACKTEST,registry/w4b_polymarket_recensus_venue_events_v1.csv.gz,80884,"Solana Up or Down - November 14, 4:15PM-4:30PM ET",fed,,
MACRO_PM_OR_ETF_EVENT_BACKTEST,registry/w4b_polymarket_recensus_venue_events_v1.csv.gz,80888,"Solana Up or Down - November 14, 4:30PM-4:45PM ET",fed,,
MACRO_PM_OR_ETF_EVENT_BACKTEST,registry/w4b_polymarket_recensus_venue_events_v1.csv.gz,80904,"Bitcoin Up or Down - November 14, 5:00PM-5:15PM ET",fed,,
MACRO_PM_OR_ETF_EVENT_BACKTEST,registry/w4b_polymarket_recensus_venue_events_v1.csv.gz,81028,"Bitcoin Up or Down - November 14, 10:15PM-10:30PM ET",fed,,
MACRO_PM_OR_ETF_EVENT_BACKTEST,registry/w4b_polymarket_recensus_venue_events_v1.csv.gz,81091,"Solana Up or Down - November 15, 12:45AM-1:00AM ET",fed,,
MACRO_PM_OR_ETF_EVENT_BACKTEST,registry/w4b_polymarket_recensus_venue_events_v1.csv.gz,81231,"XRP Up or Down - November 15, 7:15AM-7:30AM ET",fed,,
MACRO_PM_OR_ETF_EVENT_BACKTEST,registry/w4b_polymarket_recensus_venue_events_v1.csv.gz,81297,"Ethereum Up or Down - November 15, 9:15AM-9:30AM ET",fed,,
MACRO_PM_OR_ETF_EVENT_BACKTEST,registry/w4b_polymarket_recensus_venue_events_v1.csv.gz,81343,Fordham Rams vs. Seton Hall Pirates (W),rates,,
MACRO_PM_OR_ETF_EVENT_BACKTEST,registry/w4b_polymarket_recensus_venue_events_v1.csv.gz,81351,Florida Atlantic Owls vs. South Alabama Jaguars (W),fed,,
MACRO_PM_OR_ETF_EVENT_BACKTEST,registry/w4b_polymarket_recensus_venue_events_v1.csv.gz,81372,Purdue Boilermakers vs. Memphis Tigers,oil,,
MACRO_PM_OR_ETF_EVENT_BACKTEST,registry/w4b_polymarket_recensus_venue_events_v1.csv.gz,81404,Tarleton State Texans vs. TCU Horned Frogs (W),fed,,
MACRO_PM_OR_ETF_EVENT_BACKTEST,registry/w4b_polymarket_recensus_venue_events_v1.csv.gz,81448,Las Vegas Grand Prix: Practice 2 Fastest Lap,fed,,
MACRO_PM_OR_ETF_EVENT_BACKTEST,registry/w4b_polymarket_recensus_venue_events_v1.csv.gz,81479,Red Wings vs. Oilers,oil,,
MACRO_PM_OR_ETF_EVENT_BACKTEST,registry/w4b_polymarket_recensus_venue_events_v1.csv.gz,81495,Ethereum Up or Down on November 16?,fed,,
MACRO_PM_OR_ETF_EVENT_BACKTEST,registry/w4b_polymarket_recensus_venue_events_v1.csv.gz,81544,Will Bill Clinton be federally indicted by December 31?,fed,,
MACRO_PM_OR_ETF_EVENT_BACKTEST,registry/w4b_polymarket_recensus_venue_events_v1.csv.gz,81606,CMA Awards: Entertainer of the Year,fed,,
MACRO_PM_OR_ETF_EVENT_BACKTEST,registry/w4b_polymarket_recensus_venue_events_v1.csv.gz,81806,"Ethereum Up or Down - November 16, 11PM ET",fed,,
MACRO_PM_OR_ETF_EVENT_BACKTEST,registry/w4b_polymarket_recensus_venue_events_v1.csv.gz,81808,"XRP Up or Down - November 16, 11PM ET",fed,,
MACRO_PM_OR_ETF_EVENT_BACKTEST,registry/w4b_polymarket_recensus_venue_events_v1.csv.gz,81813,"Ethereum Up or Down - November 15, 11:15PM-11:30PM ET",fed,,
MACRO_PM_OR_ETF_EVENT_BACKTEST,registry/w4b_polymarket_recensus_venue_events_v1.csv.gz,81819,"Bitcoin Up or Down - November 15, 11:30PM-11:45PM ET",fed,,
MACRO_PM_OR_ETF_EVENT_BACKTEST,registry/w4b_polymarket_recensus_venue_events_v1.csv.gz,82092,Fisk Bulldogs vs. Belmont Bruins,fed,,
MACRO_PM_OR_ETF_EVENT_BACKTEST,registry/w4b_polymarket_recensus_venue_events_v1.csv.gz,82107,Old Dominion Monarchs vs. East Carolina Pirates (W),rates,,
MACRO_PM_OR_ETF_EVENT_BACKTEST,registry/w4b_polymarket_recensus_venue_events_v1.csv.gz,82115,Hampton Pirates vs. Norfolk State Spartans (W),rates,,
MACRO_PM_OR_ETF_EVENT_BACKTEST,registry/w4b_polymarket_recensus_venue_events_v1.csv.gz,82144,Charleston Southern Buccaneers vs. East Carolina Pirates,rates,,
MACRO_PM_OR_ETF_EVENT_BACKTEST,registry/w4b_polymarket_recensus_venue_events_v1.csv.gz,82160,Grambling State Tigers vs. California Baptist Lancers,fed,,
MACRO_PM_OR_ETF_EVENT_BACKTEST,registry/w4b_polymarket_recensus_venue_events_v1.csv.gz,82171,Morehead State Eagles vs. East Tennessee State Buccaneers,fed,,
MACRO_PM_OR_ETF_EVENT_BACKTEST,registry/w4b_polymarket_recensus_venue_events_v1.csv.gz,82174,Hampton Pirates vs. Norfolk State Spartans,rates,,
MACRO_PM_OR_ETF_EVENT_BACKTEST,registry/w4b_polymarket_recensus_venue_events_v1.csv.gz,82278,"Solana Up or Down - November 16, 1:00PM-1:15PM ET",fed,,
MACRO_PM_OR_ETF_EVENT_BACKTEST,registry/w4b_polymarket_recensus_venue_events_v1.csv.gz,82476,"Solana Up or Down - November 17, 10PM ET",fed,,
MACRO_PM_OR_ETF_EVENT_BACKTEST,registry/w4b_polymarket_recensus_venue_events_v1.csv.gz,82484,"Ethereum Up or Down - November 16, 10:15PM-10:30PM ET",fed,,
MACRO_PM_OR_ETF_EVENT_BACKTEST,registry/w4b_polymarket_recensus_venue_events_v1.csv.gz,82507,"Solana Up or Down - November 16, 11:30PM-11:45PM ET",fed,,
MACRO_PM_OR_ETF_EVENT_BACKTEST,registry/w4b_polymarket_recensus_venue_events_v1.csv.gz,82568,"XRP Up or Down - November 17, 12:45AM-1:00AM ET",fed,,
MACRO_PM_OR_ETF_EVENT_BACKTEST,registry/w4b_polymarket_recensus_venue_events_v1.csv.gz,82609,"Bitcoin Up or Down - November 17, 1:15AM-1:30AM ET",fed,,
MACRO_PM_OR_ETF_EVENT_BACKTEST,registry/w4b_polymarket_recensus_venue_events_v1.csv.gz,82644,"Ethereum Up or Down - November 17, 2:45AM-3:00AM ET",fed,,
MACRO_PM_OR_ETF_EVENT_BACKTEST,registry/w4b_polymarket_recensus_venue_events_v1.csv.gz,82667,"Bitcoin Up or Down - November 18, 4AM ET",fed,,
MACRO_PM_OR_ETF_EVENT_BACKTEST,registry/w4b_polymarket_recensus_venue_events_v1.csv.gz,82732,"Solana Up or Down - November 17, 6:45AM-7:00AM ET",fed,,
MACRO_PM_OR_ETF_EVENT_BACKTEST,registry/w4b_polymarket_recensus_venue_events_v1.csv.gz,82757,"XRP Up or Down - November 17, 8:00AM-12:00PM ET",fed,,
MACRO_PM_OR_ETF_EVENT_BACKTEST,registry/w4b_polymarket_recensus_venue_events_v1.csv.gz,82851,Mercer Bears vs. Georgia Southern Eagles (W),fed,,
MACRO_PM_OR_ETF_EVENT_BACKTEST,registry/w4b_polymarket_recensus_venue_events_v1.csv.gz,82869,Mississippi Valley State Delta Devils vs. Bakersfield Roadrunners,fed,,
MACRO_PM_OR_ETF_EVENT_BACKTEST,registry/w4b_polymarket_recensus_venue_events_v1.csv.gz,82897,California Merced Bobcats vs. Saint Mary's Gaels,fed,,
MACRO_PM_OR_ETF_EVENT_BACKTEST,registry/w4b_polymarket_recensus_venue_events_v1.csv.gz,82920,Sparta Rotterdam vs. SC Heerenveen,fed,,
MACRO_PM_OR_ETF_EVENT_BACKTEST,registry/w4b_polymarket_recensus_venue_events_v1.csv.gz,82949,Oilers vs. Maple Leafs,oil,,
MACRO_PM_OR_ETF_EVENT_BACKTEST,registry/w4b_polymarket_recensus_venue_events_v1.csv.gz,82979,Solana above ___ on November 23?,fed,,
MACRO_PM_OR_ETF_EVENT_BACKTEST,registry/w4b_polymarket_recensus_venue_events_v1.csv.gz,83032,"XRP Up or Down - November 17, 2:00PM-2:15PM ET",fed,,
MACRO_PM_OR_ETF_EVENT_BACKTEST,registry/w4b_polymarket_recensus_venue_events_v1.csv.gz,83095,"XRP Up or Down - November 17, 4:45PM-5:00PM ET",fed,,
MACRO_PM_OR_ETF_EVENT_BACKTEST,registry/w4b_polymarket_recensus_venue_events_v1.csv.gz,83117,"Ethereum Up or Down - November 18, 6PM ET",fed,,
MACRO_PM_OR_ETF_EVENT_BACKTEST,registry/w4b_polymarket_recensus_venue_events_v1.csv.gz,83341,"Solana Up or Down - November 19, 2AM ET",fed,,
MACRO_PM_OR_ETF_EVENT_BACKTEST,registry/w4b_polymarket_recensus_venue_events_v1.csv.gz,83392,"Solana Up or Down - November 18, 4:00AM-8:00AM ET",fed,,
MACRO_PM_OR_ETF_EVENT_BACKTEST,registry/w4b_polymarket_recensus_venue_events_v1.csv.gz,83409,"Bitcoin Up or Down - November 18, 4:45AM-5:00AM ET",fed,,
MACRO_PM_OR_ETF_EVENT_BACKTEST,registry/w4b_polymarket_recensus_venue_events_v1.csv.gz,83465,"Ethereum Up or Down - November 18, 7:15AM-7:30AM ET",fed,,
MACRO_PM_OR_ETF_EVENT_BACKTEST,registry/w4b_polymarket_recensus_venue_events_v1.csv.gz,83516,"Ethereum Up or Down - November 18, 8:30AM-8:45AM ET",fed,,
MACRO_PM_OR_ETF_EVENT_BACKTEST,registry/w4b_polymarket_recensus_venue_events_v1.csv.gz,83562,Queens (NC) Royals vs. South Carolina Gamecocks (W),fed,,
MACRO_PM_OR_ETF_EVENT_BACKTEST,registry/w4b_polymarket_recensus_venue_events_v1.csv.gz,83578,Clemson Tigers vs. Furman Paladins (W),fed,,
MACRO_PM_OR_ETF_EVENT_BACKTEST,registry/w4b_polymarket_recensus_venue_events_v1.csv.gz,83589,Miami (OH) RedHawks vs. Purdue Boilermakers (W),oil,,
MACRO_PM_OR_ETF_EVENT_BACKTEST,registry/w4b_polymarket_recensus_venue_events_v1.csv.gz,83608,Virginia Tech Hokies vs. James Madison Dukes (W),fed,,
MACRO_PM_OR_ETF_EVENT_BACKTEST,registry/w4b_polymarket_recensus_venue_events_v1.csv.gz,83646,Oakland Golden Grizzlies vs. Michigan State Spartans (W),fed,,
MACRO_PM_OR_ETF_EVENT_BACKTEST,registry/w4b_polymarket_recensus_venue_events_v1.csv.gz,83699,Oilers vs. Canadiens,oil,,
MACRO_PM_OR_ETF_EVENT_BACKTEST,registry/w4b_polymarket_recensus_venue_events_v1.csv.gz,83746,November Unemployment Rate,unemployment,,
MACRO_PM_OR_ETF_EVENT_BACKTEST,registry/w4b_polymarket_recensus_venue_events_v1.csv.gz,83758,"Ethereum Up or Down - November 19, 1PM ET",fed,,
MACRO_PM_OR_ETF_EVENT_BACKTEST,registry/w4b_polymarket_recensus_venue_events_v1.csv.gz,83854,Kentucky vs. Vanderbilt,fed,,
MACRO_PM_OR_ETF_EVENT_BACKTEST,registry/w4b_polymarket_recensus_venue_events_v1.csv.gz,83926,"XRP Up or Down - November 18, 3:45PM-4:00PM ET",fed,,
MACRO_PM_OR_ETF_EVENT_BACKTEST,registry/w4b_polymarket_recensus_venue_events_v1.csv.gz,83930,Will the UK designate the IRGC a terrorist organization by June 30?,fed,,
MACRO_PM_OR_ETF_EVENT_BACKTEST,registry/w4b_polymarket_recensus_venue_events_v1.csv.gz,83937,Counter-Strike: BESTIA vs Gaimin Gladiators (BO3),fed,,
MACRO_PM_OR_ETF_EVENT_BACKTEST,registry/w4b_polymarket_recensus_venue_events_v1.csv.gz,84095,"Bitcoin Up or Down - November 18, 10:15PM-10:30PM ET",fed,,
MACRO_PM_OR_ETF_EVENT_BACKTEST,registry/w4b_polymarket_recensus_venue_events_v1.csv.gz,84116,"Solana Up or Down - November 18, 11:30PM-11:45PM ET",fed,,
MACRO_PM_OR_ETF_EVENT_BACKTEST,registry/w4b_polymarket_recensus_venue_events_v1.csv.gz,84145,"Solana Up or Down - November 19, 12:30AM-12:45AM ET",fed,,
MACRO_PM_OR_ETF_EVENT_BACKTEST,registry/w4b_polymarket_recensus_venue_events_v1.csv.gz,84258,"Bitcoin Up or Down - November 20, 5AM ET",fed,,
MACRO_PM_OR_ETF_EVENT_BACKTEST,registry/w4b_polymarket_recensus_venue_events_v1.csv.gz,84364,"Ethereum Up or Down - November 19, 8:45AM-9:00AM ET",fed,,
MACRO_PM_OR_ETF_EVENT_BACKTEST,registry/w4b_polymarket_recensus_venue_events_v1.csv.gz,84469,North Carolina State Wolfpack vs. Seton Hall Pirates,rates,,
MACRO_PM_OR_ETF_EVENT_BACKTEST,registry/w4b_polymarket_recensus_venue_events_v1.csv.gz,84476,UTSA Roadrunners vs. Auburn Tigers (W),fed,,
MACRO_PM_OR_ETF_EVENT_BACKTEST,registry/w4b_polymarket_recensus_venue_events_v1.csv.gz,84485,Central Connecticut State Blue Devils vs. St. John's Red Storm (W),fed,,
MACRO_PM_OR_ETF_EVENT_BACKTEST,registry/w4b_polymarket_recensus_venue_events_v1.csv.gz,84493,Delaware State Hornets vs. Hampton Pirates (W),rates,,
MACRO_PM_OR_ETF_EVENT_BACKTEST,registry/w4b_polymarket_recensus_venue_events_v1.csv.gz,84546,"Bitcoin Up or Down - November 19, 10:00AM-10:15AM ET",fed,,
MACRO_PM_OR_ETF_EVENT_BACKTEST,registry/w4b_polymarket_recensus_venue_events_v1.csv.gz,84735,CD Riestra vs. CA Barracas Central,fed,,
MACRO_PM_OR_ETF_EVENT_BACKTEST,registry/w4b_polymarket_recensus_venue_events_v1.csv.gz,84875,"Solana Up or Down - November 19, 5:00PM-5:15PM ET",fed,,
MACRO_PM_OR_ETF_EVENT_BACKTEST,registry/w4b_polymarket_recensus_venue_events_v1.csv.gz,84892,"Solana Up or Down - November 19, 5:45PM-6:00PM ET",fed,,
MACRO_PM_OR_ETF_EVENT_BACKTEST,registry/w4b_polymarket_recensus_venue_events_v1.csv.gz,84988,"Ethereum Up or Down - November 19, 9:15PM-9:30PM ET",fed,,
MACRO_PM_OR_ETF_EVENT_BACKTEST,registry/w4b_polymarket_recensus_venue_events_v1.csv.gz,84998,"XRP Up or Down - November 19, 9:45PM-10:00PM ET",fed,,
MACRO_PM_OR_ETF_EVENT_BACKTEST,registry/w4b_polymarket_recensus_venue_events_v1.csv.gz,85069,"Solana Up or Down - November 21, 1AM ET",fed,,
MACRO_PM_OR_ETF_EVENT_BACKTEST,registry/w4b_polymarket_recensus_venue_events_v1.csv.gz,85110,"Solana Up or Down - November 21, 3AM ET",fed,,
MACRO_PM_OR_ETF_EVENT_BACKTEST,registry/w4b_polymarket_recensus_venue_events_v1.csv.gz,85246,"XRP Up or Down - November 21, 8AM ET",fed,,
MACRO_PM_OR_ETF_EVENT_BACKTEST,registry/w4b_polymarket_recensus_venue_events_v1.csv.gz,85282,"Bitcoin Up or Down - November 20, 8:45AM-9:00AM ET",fed,,
MACRO_PM_OR_ETF_EVENT_BACKTEST,registry/w4b_polymarket_recensus_venue_events_v1.csv.gz,85362,East Carolina Pirates vs. Michigan State Spartans,rates,,
MACRO_PM_OR_ETF_EVENT_BACKTEST,registry/w4b_polymarket_recensus_venue_events_v1.csv.gz,85363,Lehman College Lightning vs. Saint Peter's Peacocks (W),fed,,
MACRO_PM_OR_ETF_EVENT_BACKTEST,registry/w4b_polymarket_recensus_venue_events_v1.csv.gz,85395,Hampton Pirates vs. Maryland Eastern Shore Hawks,rates,,
MACRO_PM_OR_ETF_EVENT_BACKTEST,registry/w4b_polymarket_recensus_venue_events_v1.csv.gz,85426,UNCG Spartans vs. Delaware Fightin' Blue Hens,fed,,
MACRO_PM_OR_ETF_EVENT_BACKTEST,registry/w4b_polymarket_recensus_venue_events_v1.csv.gz,85473,Oilers vs. Penguins,oil,,
MACRO_PM_OR_ETF_EVENT_BACKTEST,registry/w4b_polymarket_recensus_venue_events_v1.csv.gz,85550,November Inflation Canada - Monthly,inflation,,
MACRO_PM_OR_ETF_EVENT_BACKTEST,registry/w4b_polymarket_recensus_venue_events_v1.csv.gz,85551,November Inflation Canada - Annual,inflation,,
MACRO_PM_OR_ETF_EVENT_BACKTEST,registry/w4b_polymarket_recensus_venue_events_v1.csv.gz,85560,"Ethereum Up or Down - November 21, 1PM ET",fed,,
MACRO_PM_OR_ETF_EVENT_BACKTEST,registry/w4b_polymarket_recensus_venue_events_v1.csv.gz,85649,November Inflation U.K. - Monthly,inflation,,
MACRO_PM_OR_ETF_EVENT_BACKTEST,registry/w4b_polymarket_recensus_venue_events_v1.csv.gz,85663,November Inflation U.K. - Annual,inflation,,
MACRO_PM_OR_ETF_EVENT_BACKTEST,registry/w4b_polymarket_recensus_venue_events_v1.csv.gz,85672,UK GDP growth in Q4 2025?,gdp,,
MACRO_PM_OR_ETF_EVENT_BACKTEST,registry/w4b_polymarket_recensus_venue_events_v1.csv.gz,85677,November Inflation Eurozone - Monthly,inflation,,
MACRO_PM_OR_ETF_EVENT_BACKTEST,registry/w4b_polymarket_recensus_venue_events_v1.csv.gz,85680,"Solana Up or Down - November 21, 5PM ET",fed,,
MACRO_PM_OR_ETF_EVENT_BACKTEST,registry/w4b_polymarket_recensus_venue_events_v1.csv.gz,85686,Eurozone GDP growth in Q4 2025?,gdp,,
MACRO_PM_OR_ETF_EVENT_BACKTEST,registry/w4b_polymarket_recensus_venue_events_v1.csv.gz,85687,November Inflation Eurozone - Annual,inflation,,
MACRO_PM_OR_ETF_EVENT_BACKTEST,registry/w4b_polymarket_recensus_venue_events_v1.csv.gz,85703,China GDP growth in Q4 2025?,gdp,,
MACRO_PM_OR_ETF_EVENT_BACKTEST,registry/w4b_polymarket_recensus_venue_events_v1.csv.gz,85715,Counter-Strike: BIG vs Leo Team (BO3),fed,,
MACRO_PM_OR_ETF_EVENT_BACKTEST,registry/w4b_polymarket_recensus_venue_events_v1.csv.gz,85725,November Inflation China - Monthly,inflation,,
MACRO_PM_OR_ETF_EVENT_BACKTEST,registry/w4b_polymarket_recensus_venue_events_v1.csv.gz,85732,November Inflation China - Annual,inflation,,
MACRO_PM_OR_ETF_EVENT_BACKTEST,registry/w4b_polymarket_recensus_venue_events_v1.csv.gz,85733,"Bitcoin Up or Down - November 20, 6:45PM-7:00PM ET",fed,,
MACRO_PM_OR_ETF_EVENT_BACKTEST,registry/w4b_polymarket_recensus_venue_events_v1.csv.gz,85831,"Ethereum Up or Down - November 21, 11PM ET",fed,,
MACRO_PM_OR_ETF_EVENT_BACKTEST,registry/w4b_polymarket_recensus_venue_events_v1.csv.gz,85855,Burnley FC vs. Crystal Palace,fed,,
MACRO_PM_OR_ETF_EVENT_BACKTEST,registry/w4b_polymarket_recensus_venue_events_v1.csv.gz,85956,"Ethereum Up or Down - November 21, 4:00AM-8:00AM ET",fed,,
MACRO_PM_OR_ETF_EVENT_BACKTEST,registry/w4b_polymarket_recensus_venue_events_v1.csv.gz,85962,"Bitcoin Up or Down - November 21, 4:15AM-4:30AM ET",fed,,
MACRO_PM_OR_ETF_EVENT_BACKTEST,registry/w4b_polymarket_recensus_venue_events_v1.csv.gz,86042,Apple (AAPL) Up or Down on November 21?,fed,,
MACRO_PM_OR_ETF_EVENT_BACKTEST,registry/w4b_polymarket_recensus_venue_events_v1.csv.gz,86060,DAX (DAX) Up or Down on November 21?,fed,,
MACRO_PM_OR_ETF_EVENT_BACKTEST,registry/w4b_polymarket_recensus_venue_events_v1.csv.gz,86084,"Bitcoin Up or Down - November 21, 8:30AM-8:45AM ET",fed,,
MACRO_PM_OR_ETF_EVENT_BACKTEST,registry/w4b_polymarket_recensus_venue_events_v1.csv.gz,86089,"Bitcoin Up or Down - November 21, 8:45AM-9:00AM ET",fed,,
MACRO_PM_OR_ETF_EVENT_BACKTEST,registry/w4b_polymarket_recensus_venue_events_v1.csv.gz,86144,Colorado State Rams vs. Virginia Tech Hokies,fed,,
MACRO_PM_OR_ETF_EVENT_BACKTEST,registry/w4b_polymarket_recensus_venue_events_v1.csv.gz,86148,East Carolina Pirates vs. UCF Knights (W),rates,,
MACRO_PM_OR_ETF_EVENT_BACKTEST,registry/w4b_polymarket_recensus_venue_events_v1.csv.gz,86164,Howard Bison vs. Purdue Boilermakers (W),oil,,
MACRO_PM_OR_ETF_EVENT_BACKTEST,registry/w4b_polymarket_recensus_venue_events_v1.csv.gz,86222,Omaha Mavericks vs. Florida International Golden Panthers,fed,,
MACRO_PM_OR_ETF_EVENT_BACKTEST,registry/w4b_polymarket_recensus_venue_events_v1.csv.gz,86303,"Bitcoin Up or Down - November 21, 12:00PM-12:15PM ET",fed,,
MACRO_PM_OR_ETF_EVENT_BACKTEST,registry/w4b_polymarket_recensus_venue_events_v1.csv.gz,86418,"Ethereum Up or Down - November 21, 4:15PM-4:30PM ET",fed,,
MACRO_PM_OR_ETF_EVENT_BACKTEST,registry/w4b_polymarket_recensus_venue_events_v1.csv.gz,86436,"Ethereum Up or Down - November 21, 5:00PM-5:15PM ET",fed,,
MACRO_PM_OR_ETF_EVENT_BACKTEST,registry/w4b_polymarket_recensus_venue_events_v1.csv.gz,86454,"Bitcoin Up or Down - November 22, 6PM ET",fed,,
MACRO_PM_OR_ETF_EVENT_BACKTEST,registry/w4b_polymarket_recensus_venue_events_v1.csv.gz,86488,"Bitcoin Up or Down - November 21, 7:15PM-7:30PM ET",fed,,
MACRO_PM_OR_ETF_EVENT_BACKTEST,registry/w4b_polymarket_recensus_venue_events_v1.csv.gz,86566,"Bitcoin Up or Down - November 22, 11PM ET",fed,,
MACRO_PM_OR_ETF_EVENT_BACKTEST,registry/w4b_polymarket_recensus_venue_events_v1.csv.gz,86568,"Solana Up or Down - November 22, 11PM ET",fed,,
MACRO_PM_OR_ETF_EVENT_BACKTEST,registry/w4b_polymarket_recensus_venue_events_v1.csv.gz,86689,"XRP Up or Down - November 23, 3AM ET",fed,,
MACRO_PM_OR_ETF_EVENT_BACKTEST,registry/w4b_polymarket_recensus_venue_events_v1.csv.gz,86807,Valorant: KRÜ Blaze vs GIANTX GC (BO3),fed,,
MACRO_PM_OR_ETF_EVENT_BACKTEST,registry/w4b_polymarket_recensus_venue_events_v1.csv.gz,86856,November Inflation Argentina - Monthly,inflation,,
MACRO_PM_OR_ETF_EVENT_BACKTEST,registry/w4b_polymarket_recensus_venue_events_v1.csv.gz,86857,December Inflation Argentina - Monthly,inflation,,
MACRO_PM_OR_ETF_EVENT_BACKTEST,registry/w4b_polymarket_recensus_venue_events_v1.csv.gz,86863,"XRP Up or Down - November 22, 9:00AM-9:15AM ET",fed,,
MACRO_PM_OR_ETF_EVENT_BACKTEST,registry/w4b_polymarket_recensus_venue_events_v1.csv.gz,86878,Texas Tech Red Raiders vs. Purdue Boilermakers,oil,,
MACRO_PM_OR_ETF_EVENT_BACKTEST,registry/w4b_polymarket_recensus_venue_events_v1.csv.gz,86883,Hampton Pirates vs. Stephen F. Austin Lumberjacks (W),rates,,
MACRO_PM_OR_ETF_EVENT_BACKTEST,registry/w4b_polymarket_recensus_venue_events_v1.csv.gz,86887,Illinois State Redbirds vs. East Carolina Pirates (W),rates,,
MACRO_PM_OR_ETF_EVENT_BACKTEST,registry/w4b_polymarket_recensus_venue_events_v1.csv.gz,86898,St. Bonaventure Bonnies vs. East Carolina Pirates,rates,,
MACRO_PM_OR_ETF_EVENT_BACKTEST,registry/w4b_polymarket_recensus_venue_events_v1.csv.gz,86917,"XRP Up or Down - November 22, 9:30AM-9:45AM ET",fed,,
MACRO_PM_OR_ETF_EVENT_BACKTEST,registry/w4b_polymarket_recensus_venue_events_v1.csv.gz,86972,Oilers vs. Bruins,oil,,
MACRO_PM_OR_ETF_EVENT_BACKTEST,registry/w4b_polymarket_recensus_venue_events_v1.csv.gz,86991,Bitcoin above ___ on November 28?,fed,,
MACRO_PM_OR_ETF_EVENT_BACKTEST,registry/w4b_polymarket_recensus_venue_events_v1.csv.gz,87008,"XRP Up or Down - November 22, 12:00PM-4:00PM ET",fed,,
MACRO_PM_OR_ETF_EVENT_BACKTEST,registry/w4b_polymarket_recensus_venue_events_v1.csv.gz,87020,Mexico GDP growth in Q4 2025?,gdp,,
MACRO_PM_OR_ETF_EVENT_BACKTEST,registry/w4b_polymarket_recensus_venue_events_v1.csv.gz,87021,"Fed Derivative: ""No Change"" or ""25bp cut"" favored on Monday?",fed;fomc,,
MACRO_PM_OR_ETF_EVENT_BACKTEST,registry/w4b_polymarket_recensus_venue_events_v1.csv.gz,87073,BLS delays another CPI release before 2027?,cpi;inflation,,
MACRO_PM_OR_ETF_EVENT_BACKTEST,registry/w4b_polymarket_recensus_venue_events_v1.csv.gz,87153,"Bitcoin Up or Down - November 22, 5:30PM-5:45PM ET",fed,,
MACRO_PM_OR_ETF_EVENT_BACKTEST,registry/w4b_polymarket_recensus_venue_events_v1.csv.gz,87334,"Ethereum Up or Down - November 23, 12:00AM-4:00AM ET",fed,,
MACRO_PM_OR_ETF_EVENT_BACKTEST,registry/w4b_polymarket_recensus_venue_events_v1.csv.gz,87342,"XRP Up or Down - November 23, 12:15AM-12:30AM ET",fed,,
MACRO_PM_OR_ETF_EVENT_BACKTEST,registry/w4b_polymarket_recensus_venue_events_v1.csv.gz,87424,"XRP Up or Down - November 23, 4:00AM-8:00AM ET",fed,,
MACRO_PM_OR_ETF_EVENT_BACKTEST,registry/w4b_polymarket_recensus_venue_events_v1.csv.gz,87427,"Solana Up or Down - November 23, 4:00AM-8:00AM ET",fed,,
MACRO_PM_OR_ETF_EVENT_BACKTEST,registry/w4b_polymarket_recensus_venue_events_v1.csv.gz,87439,"Bitcoin Up or Down - November 23, 4:30AM-4:45AM ET",fed,,
MACRO_PM_OR_ETF_EVENT_BACKTEST,registry/w4b_polymarket_recensus_venue_events_v1.csv.gz,87456,"Ethereum Up or Down - November 23, 5:30AM-5:45AM ET",fed,,
MACRO_PM_OR_ETF_EVENT_BACKTEST,registry/w4b_polymarket_recensus_venue_events_v1.csv.gz,87544,"Ethereum Up or Down - November 23, 9:30AM-9:45AM ET",fed,,
MACRO_PM_OR_ETF_EVENT_BACKTEST,registry/w4b_polymarket_recensus_venue_events_v1.csv.gz,87589,Bucks vs. Knicks,fed,,
MACRO_PM_OR_ETF_EVENT_BACKTEST,registry/w4b_polymarket_recensus_venue_events_v1.csv.gz,87617,Northeastern Huskies vs. Wake Forest Demon Deacons,fed,,
MACRO_PM_OR_ETF_EVENT_BACKTEST,registry/w4b_polymarket_recensus_venue_events_v1.csv.gz,87643,Eastern Illinois Panthers vs. Purdue Boilermakers,oil,,
MACRO_PM_OR_ETF_EVENT_BACKTEST,registry/w4b_polymarket_recensus_venue_events_v1.csv.gz,87650,Boston College Eagles vs. James Madison Dukes (W),fed,,
MACRO_PM_OR_ETF_EVENT_BACKTEST,registry/w4b_polymarket_recensus_venue_events_v1.csv.gz,87670,East Carolina Pirates vs. Hofstra Pride (W),rates,,
MACRO_PM_OR_ETF_EVENT_BACKTEST,registry/w4b_polymarket_recensus_venue_events_v1.csv.gz,87686,Clemson Tigers vs. Western Carolina Catamounts,fed,,
MACRO_PM_OR_ETF_EVENT_BACKTEST,registry/w4b_polymarket_recensus_venue_events_v1.csv.gz,87899,Will Dollar Tree (DLTR) beat quarterly earnings?,dollar,,
MACRO_PM_OR_ETF_EVENT_BACKTEST,registry/w4b_polymarket_recensus_venue_events_v1.csv.gz,87905,Will Hewlett Packard Enterprise (HPE) beat quarterly earnings?,fed,,
MACRO_PM_OR_ETF_EVENT_BACKTEST,registry/w4b_polymarket_recensus_venue_events_v1.csv.gz,87906,Will Dollar General (DG) beat quarterly earnings?,dollar,,
MACRO_PM_OR_ETF_EVENT_BACKTEST,registry/w4b_polymarket_recensus_venue_events_v1.csv.gz,88006,"XRP Up or Down - November 23, 7:30PM-7:45PM ET",fed,,
MACRO_PM_OR_ETF_EVENT_BACKTEST,registry/w4b_polymarket_recensus_venue_events_v1.csv.gz,88029,"Solana Up or Down - November 23, 8:30PM-8:45PM ET",fed,,
MACRO_PM_OR_ETF_EVENT_BACKTEST,registry/w4b_polymarket_recensus_venue_events_v1.csv.gz,88096,"Ethereum Up or Down - November 25, 12AM ET",fed,,
MACRO_PM_OR_ETF_EVENT_BACKTEST,registry/w4b_polymarket_recensus_venue_events_v1.csv.gz,88220,"Bitcoin Up or Down - November 24, 3:45AM-4:00AM ET",fed,,
MACRO_PM_OR_ETF_EVENT_BACKTEST,registry/w4b_polymarket_recensus_venue_events_v1.csv.gz,88230,"Ethereum Up or Down - November 24, 4:00AM-8:00AM ET",fed,,
MACRO_PM_OR_ETF_EVENT_BACKTEST,registry/w4b_polymarket_recensus_venue_events_v1.csv.gz,88298,"Solana Up or Down - November 25, 7AM ET",fed,,
MACRO_PM_OR_ETF_EVENT_BACKTEST,registry/w4b_polymarket_recensus_venue_events_v1.csv.gz,88388,Buffalo Bulls vs. Canisius Golden Griffins,fed,,
MACRO_PM_OR_ETF_EVENT_BACKTEST,registry/w4b_polymarket_recensus_venue_events_v1.csv.gz,88440,Le Moyne Dolphins vs. Monmouth Hawks,fed,,
MACRO_PM_OR_ETF_EVENT_BACKTEST,registry/w4b_polymarket_recensus_venue_events_v1.csv.gz,88475,Buffalo Bulls vs. Hampton Pirates (W),rates,,
MACRO_PM_OR_ETF_EVENT_BACKTEST,registry/w4b_polymarket_recensus_venue_events_v1.csv.gz,88483,High Point Panthers vs. Charleston Cougars (W),fed,,
MACRO_PM_OR_ETF_EVENT_BACKTEST,registry/w4b_polymarket_recensus_venue_events_v1.csv.gz,88498,Dartmouth Big Green vs. Saint Peter's Peacocks,fed,,
MACRO_PM_OR_ETF_EVENT_BACKTEST,registry/w4b_polymarket_recensus_venue_events_v1.csv.gz,88536,Oilers vs. Wild,oil,,
MACRO_PM_OR_ETF_EVENT_BACKTEST,registry/w4b_polymarket_recensus_venue_events_v1.csv.gz,88553,Indiana vs. Purdue Boilermakers,oil,,
MACRO_PM_OR_ETF_EVENT_BACKTEST,registry/w4b_polymarket_recensus_venue_events_v1.csv.gz,88554,Texas A&M vs. Texas,fed,,
MACRO_PM_OR_ETF_EVENT_BACKTEST,registry/w4b_polymarket_recensus_venue_events_v1.csv.gz,88600,Louisiana Tech vs. Missouri State,fed,,
MACRO_PM_OR_ETF_EVENT_BACKTEST,registry/w4b_polymarket_recensus_venue_events_v1.csv.gz,88615,Army vs. UTSA Roadrunners,fed,,
MACRO_PM_OR_ETF_EVENT_BACKTEST,registry/w4b_polymarket_recensus_venue_events_v1.csv.gz,88681,"Solana Up or Down - November 24, 1:30PM-1:45PM ET",fed,,
MACRO_PM_OR_ETF_EVENT_BACKTEST,registry/w4b_polymarket_recensus_venue_events_v1.csv.gz,88743,"XRP Up or Down - November 24, 4:00PM-4:15PM ET",fed,,
MACRO_PM_OR_ETF_EVENT_BACKTEST,registry/w4b_polymarket_recensus_venue_events_v1.csv.gz,88747,"Ethereum Up or Down - November 24, 4:15PM-4:30PM ET",fed,,
MACRO_PM_OR_ETF_EVENT_BACKTEST,registry/w4b_polymarket_recensus_venue_events_v1.csv.gz,88787,"Ethereum Up or Down - November 24, 6:00PM-6:15PM ET",fed,,
MACRO_PM_OR_ETF_EVENT_BACKTEST,registry/w4b_polymarket_recensus_venue_events_v1.csv.gz,88871,"XRP Up or Down - November 24, 10:00PM-10:15PM ET",fed,,
MACRO_PM_OR_ETF_EVENT_BACKTEST,registry/w4b_polymarket_recensus_venue_events_v1.csv.gz,88892,"Ethereum Up or Down - November 24, 11:00PM-11:15PM ET",fed,,
MACRO_PM_OR_ETF_EVENT_BACKTEST,registry/w4b_polymarket_recensus_venue_events_v1.csv.gz,88994,"XRP Up or Down - November 25, 2:15AM-2:30AM ET",fed,,
MACRO_PM_OR_ETF_EVENT_BACKTEST,registry/w4b_polymarket_recensus_venue_events_v1.csv.gz,89043,"XRP Up or Down - November 25, 4:30AM-4:45AM ET",fed,,
MACRO_PM_OR_ETF_EVENT_BACKTEST,registry/w4b_polymarket_recensus_venue_events_v1.csv.gz,89048,"XRP Up or Down - November 25, 4:45AM-5:00AM ET",fed,,
MACRO_PM_OR_ETF_EVENT_BACKTEST,registry/w4b_polymarket_recensus_venue_events_v1.csv.gz,89114,"Bitcoin Up or Down - November 26, 8AM ET",fed,,
MACRO_PM_OR_ETF_EVENT_BACKTEST,registry/w4b_polymarket_recensus_venue_events_v1.csv.gz,89141,Ceará SC vs. Cruzeiro EC - More Markets,fed,,
MACRO_PM_OR_ETF_EVENT_BACKTEST,registry/w4b_polymarket_recensus_venue_events_v1.csv.gz,89172,"XRP Up or Down - November 25, 8:15AM-8:30AM ET",fed,,
MACRO_PM_OR_ETF_EVENT_BACKTEST,registry/w4b_polymarket_recensus_venue_events_v1.csv.gz,89195,American Eagle Outfitters (AEO) Up or Down After Earnings?,fed,,
MACRO_PM_OR_ETF_EVENT_BACKTEST,registry/w4b_polymarket_recensus_venue_events_v1.csv.gz,89200,Dollar Tree (DLTR) Up or Down After Earnings?,dollar,,
MACRO_PM_OR_ETF_EVENT_BACKTEST,registry/w4b_polymarket_recensus_venue_events_v1.csv.gz,89210,Dollar General (DG) Up or Down After Earnings?,dollar,,
MACRO_PM_OR_ETF_EVENT_BACKTEST,registry/w4b_polymarket_recensus_venue_events_v1.csv.gz,89251,Purdue Boilermakers vs. Central Michigan Chippewas (W),oil,,
MACRO_PM_OR_ETF_EVENT_BACKTEST,registry/w4b_polymarket_recensus_venue_events_v1.csv.gz,89320,Smith & Wesson Brands (SWBI) Up or Down After Earnings?,fed,,
MACRO_PM_OR_ETF_EVENT_BACKTEST,registry/w4b_polymarket_recensus_venue_events_v1.csv.gz,89326,"Ethereum Up or Down - November 25, 10:00AM-10:15AM ET",fed,,
MACRO_PM_OR_ETF_EVENT_BACKTEST,registry/w4b_polymarket_recensus_venue_events_v1.csv.gz,89405,Golden Knights vs. Oilers,oil,,
MACRO_PM_OR_ETF_EVENT_BACKTEST,registry/w4b_polymarket_recensus_venue_events_v1.csv.gz,89497,October Unemployment Rate - Eurozone,unemployment,,
MACRO_PM_OR_ETF_EVENT_BACKTEST,registry/w4b_polymarket_recensus_venue_events_v1.csv.gz,89503,"Fed Derivative: ""No Change"" or ""25bps cut"" favored on Friday?",fed;fomc,,
MACRO_PM_OR_ETF_EVENT_BACKTEST,registry/w4b_polymarket_recensus_venue_events_v1.csv.gz,89512,"Fed Derivative: ""No Change"" or ""25bps cut"" favored on December 9?",fed;fomc,,
MACRO_PM_OR_ETF_EVENT_BACKTEST,registry/w4b_polymarket_recensus_venue_events_v1.csv.gz,89520,"Fed Derivative: ""No Change"" flips ""25bps cut"" by December 9?",fed;fomc,,
MACRO_PM_OR_ETF_EVENT_BACKTEST,registry/w4b_polymarket_recensus_venue_events_v1.csv.gz,89537,"Bitcoin Up or Down - November 25, 3:00PM-3:15PM ET",fed,,
MACRO_PM_OR_ETF_EVENT_BACKTEST,registry/w4b_polymarket_recensus_venue_events_v1.csv.gz,89981,"XRP Up or Down - November 26, 6:00AM-6:15AM ET",fed,,
MACRO_PM_OR_ETF_EVENT_BACKTEST,registry/w4b_polymarket_recensus_venue_events_v1.csv.gz,90023,"Bitcoin Up or Down - November 26, 7:45AM-8:00AM ET",fed,,
MACRO_PM_OR_ETF_EVENT_BACKTEST,registry/w4b_polymarket_recensus_venue_events_v1.csv.gz,90075,Will FedEx (FDX) beat quarterly earnings?,fed,,
MACRO_PM_OR_ETF_EVENT_BACKTEST,registry/w4b_polymarket_recensus_venue_events_v1.csv.gz,90100,"XRP Up or Down - November 26, 9:45AM-10:00AM ET",fed,,
MACRO_PM_OR_ETF_EVENT_BACKTEST,registry/w4b_polymarket_recensus_venue_events_v1.csv.gz,90122,USC Trojans vs. Seton Hall Pirates,rates,,
MACRO_PM_OR_ETF_EVENT_BACKTEST,registry/w4b_polymarket_recensus_venue_events_v1.csv.gz,90171,Newport News Apprentice Builders vs. Hampton Pirates,rates,,
MACRO_PM_OR_ETF_EVENT_BACKTEST,registry/w4b_polymarket_recensus_venue_events_v1.csv.gz,90217,FedEx (FDX) Up or Down After Earnings?,fed,,
MACRO_PM_OR_ETF_EVENT_BACKTEST,registry/w4b_polymarket_recensus_venue_events_v1.csv.gz,90307,"Ethereum Up or Down - November 26, 1:30PM-1:45PM ET",fed,,
MACRO_PM_OR_ETF_EVENT_BACKTEST,registry/w4b_polymarket_recensus_venue_events_v1.csv.gz,90338,"Solana Up or Down - November 26, 2:30PM-2:45PM ET",fed,,
MACRO_PM_OR_ETF_EVENT_BACKTEST,registry/w4b_polymarket_recensus_venue_events_v1.csv.gz,90407,"Fed Derivative: ""25bps cut"" Odds by December 5?",fed;fomc,,
MACRO_PM_OR_ETF_EVENT_BACKTEST,registry/w4b_polymarket_recensus_venue_events_v1.csv.gz,90649,"XRP Up or Down - November 26, 9:15PM-9:30PM ET",fed,,
MACRO_PM_OR_ETF_EVENT_BACKTEST,registry/w4b_polymarket_recensus_venue_events_v1.csv.gz,90705,Arsenal FC vs Crystal Palace FC,fed,,
MACRO_PM_OR_ETF_EVENT_BACKTEST,registry/w4b_polymarket_recensus_venue_events_v1.csv.gz,90719,"Ethereum Up or Down - November 27, 12:30AM-12:45AM ET",fed,,
MACRO_PM_OR_ETF_EVENT_BACKTEST,registry/w4b_polymarket_recensus_venue_events_v1.csv.gz,90755,"Ethereum Up or Down - November 27, 2:15AM-2:30AM ET",fed,,
MACRO_PM_OR_ETF_EVENT_BACKTEST,registry/w4b_polymarket_recensus_venue_events_v1.csv.gz,90771,"Solana Up or Down - November 27, 3:00AM-3:15AM ET",fed,,
MACRO_PM_OR_ETF_EVENT_BACKTEST,registry/w4b_polymarket_recensus_venue_events_v1.csv.gz,90809,"XRP Up or Down - November 27, 4:15AM-4:30AM ET",fed,,
MACRO_PM_OR_ETF_EVENT_BACKTEST,registry/w4b_polymarket_recensus_venue_events_v1.csv.gz,90982,Seton Hall Pirates vs. Washington State Cougars,rates,,
MACRO_PM_OR_ETF_EVENT_BACKTEST,registry/w4b_polymarket_recensus_venue_events_v1.csv.gz,91001,Seton Hall Pirates vs. Princeton Tigers (W),rates,,
MACRO_PM_OR_ETF_EVENT_BACKTEST,registry/w4b_polymarket_recensus_venue_events_v1.csv.gz,91013,Georgia Bulldogs vs. Florida State Seminoles,fed,,
MACRO_PM_OR_ETF_EVENT_BACKTEST,registry/w4b_polymarket_recensus_venue_events_v1.csv.gz,91034,Maryland Eastern Shore Hawks vs. East Carolina Pirates,rates,,
MACRO_PM_OR_ETF_EVENT_BACKTEST,registry/w4b_polymarket_recensus_venue_events_v1.csv.gz,91048,Purdue Boilermakers vs. Rutgers Scarlet Knights,oil,,
MACRO_PM_OR_ETF_EVENT_BACKTEST,registry/w4b_polymarket_recensus_venue_events_v1.csv.gz,91062,St. Mary of the Woods Pomeroys vs. Southeast Missouri State Redhawks,fed,,
MACRO_PM_OR_ETF_EVENT_BACKTEST,registry/w4b_polymarket_recensus_venue_events_v1.csv.gz,91091,Fed decision & dissent combo in December?,fed;fomc,,
MACRO_PM_OR_ETF_EVENT_BACKTEST,registry/w4b_polymarket_recensus_venue_events_v1.csv.gz,91117,Flames vs. Oilers,oil,,
MACRO_PM_OR_ETF_EVENT_BACKTEST,registry/w4b_polymarket_recensus_venue_events_v1.csv.gz,91157,"Ethereum Up or Down - November 27, 12:00PM-12:15PM ET",fed,,
MACRO_PM_OR_ETF_EVENT_BACKTEST,registry/w4b_polymarket_recensus_venue_events_v1.csv.gz,91171,"Ethereum Up or Down - November 27, 12:30PM-12:45PM ET",fed,,
MACRO_PM_OR_ETF_EVENT_BACKTEST,registry/w4b_polymarket_recensus_venue_events_v1.csv.gz,91363,"XRP Up or Down - November 28, 8PM ET",fed,,
MACRO_PM_OR_ETF_EVENT_BACKTEST,registry/w4b_polymarket_recensus_venue_events_v1.csv.gz,91494,"XRP Up or Down - November 29, 2AM ET",fed,,
MACRO_PM_OR_ETF_EVENT_BACKTEST,registry/w4b_polymarket_recensus_venue_events_v1.csv.gz,91603,"XRP Up or Down - November 28, 6:45AM-7:00AM ET",fed,,
MACRO_PM_OR_ETF_EVENT_BACKTEST,registry/w4b_polymarket_recensus_venue_events_v1.csv.gz,91616,"Solana Up or Down - November 28, 7:30AM-7:45AM ET",fed,,
MACRO_PM_OR_ETF_EVENT_BACKTEST,registry/w4b_polymarket_recensus_venue_events_v1.csv.gz,91638,"XRP Up or Down - November 28, 8:00AM-8:15AM ET",fed,,
MACRO_PM_OR_ETF_EVENT_BACKTEST,registry/w4b_polymarket_recensus_venue_events_v1.csv.gz,91642,"XRP Up or Down - November 28, 8:15AM-8:30AM ET",fed,,
MACRO_PM_OR_ETF_EVENT_BACKTEST,registry/w4b_polymarket_recensus_venue_events_v1.csv.gz,91711,Bucknell Bison vs. Akron Zips,fed,,
MACRO_PM_OR_ETF_EVENT_BACKTEST,registry/w4b_polymarket_recensus_venue_events_v1.csv.gz,91719,Central Connecticut State Blue Devils vs. Seton Hall Pirates,rates,,
MACRO_PM_OR_ETF_EVENT_BACKTEST,registry/w4b_polymarket_recensus_venue_events_v1.csv.gz,91732,Evansville Aces vs. Purdue Boilermakers (W),oil,,
MACRO_PM_OR_ETF_EVENT_BACKTEST,registry/w4b_polymarket_recensus_venue_events_v1.csv.gz,91748,Loyola Maryland Greyhounds vs. Hampton Pirates,rates,,
MACRO_PM_OR_ETF_EVENT_BACKTEST,registry/w4b_polymarket_recensus_venue_events_v1.csv.gz,91816,Arkansas-Pine Bluff Golden Lions vs. UIC Flames,fed,,
MACRO_PM_OR_ETF_EVENT_BACKTEST,registry/w4b_polymarket_recensus_venue_events_v1.csv.gz,91824,James Madison Dukes vs. East Carolina Pirates (W),rates,,
MACRO_PM_OR_ETF_EVENT_BACKTEST,registry/w4b_polymarket_recensus_venue_events_v1.csv.gz,91899,"Solana Up or Down - November 29, 12PM ET",fed,,
MACRO_PM_OR_ETF_EVENT_BACKTEST,registry/w4b_polymarket_recensus_venue_events_v1.csv.gz,92109,"Solana Up or Down - November 29, 6PM ET",fed,,
MACRO_PM_OR_ETF_EVENT_BACKTEST,registry/w4b_polymarket_recensus_venue_events_v1.csv.gz,92232,"Bitcoin Up or Down - November 28, 11:30PM-11:45PM ET",fed,,
MACRO_PM_OR_ETF_EVENT_BACKTEST,registry/w4b_polymarket_recensus_venue_events_v1.csv.gz,92236,"Solana Up or Down - November 28, 11:45PM-12:00AM ET",fed,,
MACRO_PM_OR_ETF_EVENT_BACKTEST,registry/w4b_polymarket_recensus_venue_events_v1.csv.gz,92244,"XRP Up or Down - November 30, 12AM ET",fed,,
MACRO_PM_OR_ETF_EVENT_BACKTEST,registry/w4b_polymarket_recensus_venue_events_v1.csv.gz,92285,"Bitcoin Up or Down - November 30, 2AM ET",fed,,
MACRO_PM_OR_ETF_EVENT_BACKTEST,registry/w4b_polymarket_recensus_venue_events_v1.csv.gz,92334,"Bitcoin Up or Down - November 29, 4:00AM-8:00AM ET",fed,,
MACRO_PM_OR_ETF_EVENT_BACKTEST,registry/w4b_polymarket_recensus_venue_events_v1.csv.gz,92467,Highest temperature in London on November 30?,fed,,
MACRO_PM_OR_ETF_EVENT_BACKTEST,registry/w4b_polymarket_recensus_venue_events_v1.csv.gz,92469,Highest temperature in NYC on December 1?,fed,,
MACRO_PM_OR_ETF_EVENT_BACKTEST,registry/w4b_polymarket_recensus_venue_events_v1.csv.gz,92498,Hapoel Tel Aviv vs. ASVEL Lyon-Villeurbanne,fed,,
MACRO_PM_OR_ETF_EVENT_BACKTEST,registry/w4b_polymarket_recensus_venue_events_v1.csv.gz,92542,Butler Bulldogs vs. Seton Hall Pirates (W),rates,,
MACRO_PM_OR_ETF_EVENT_BACKTEST,registry/w4b_polymarket_recensus_venue_events_v1.csv.gz,92582,"XRP Up or Down - November 29, 10:00AM-10:15AM ET",fed,,
MACRO_PM_OR_ETF_EVENT_BACKTEST,registry/w4b_polymarket_recensus_venue_events_v1.csv.gz,92607,"Solana Up or Down - November 29, 11:15AM-11:30AM ET",fed,,
MACRO_PM_OR_ETF_EVENT_BACKTEST,registry/w4b_polymarket_recensus_venue_events_v1.csv.gz,92671,XRP above ___ on December 5?,fed,,
MACRO_PM_OR_ETF_EVENT_BACKTEST,registry/w4b_polymarket_recensus_venue_events_v1.csv.gz,92735,LoL: Gen.G vs Vietnam (BO1),fed,,
MACRO_PM_OR_ETF_EVENT_BACKTEST,registry/w4b_polymarket_recensus_venue_events_v1.csv.gz,92763,SK Brann vs. Fenerbahçe SK,fed,,
MACRO_PM_OR_ETF_EVENT_BACKTEST,registry/w4b_polymarket_recensus_venue_events_v1.csv.gz,92778,"Solana Up or Down - November 29, 2:45PM-3:00PM ET",fed,,
MACRO_PM_OR_ETF_EVENT_BACKTEST,registry/w4b_polymarket_recensus_venue_events_v1.csv.gz,92865,Will Microsoft (MSFT) finish week of December 1 above___?,fed,,
MACRO_PM_OR_ETF_EVENT_BACKTEST,registry/w4b_polymarket_recensus_venue_events_v1.csv.gz,92964,"Solana Up or Down - November 29, 8:45PM-9:00PM ET",fed,,
MACRO_PM_OR_ETF_EVENT_BACKTEST,registry/w4b_polymarket_recensus_venue_events_v1.csv.gz,92970,"XRP Up or Down - November 30, 9PM ET",fed,,
MACRO_PM_OR_ETF_EVENT_BACKTEST,registry/w4b_polymarket_recensus_venue_events_v1.csv.gz,93026,"Bitcoin Up or Down - November 29, 11:45PM-12:00AM ET",fed,,
MACRO_PM_OR_ETF_EVENT_BACKTEST,registry/w4b_polymarket_recensus_venue_events_v1.csv.gz,93052,Wrexham AFC vs. Sheffield United FC,fed,,
MACRO_PM_OR_ETF_EVENT_BACKTEST,registry/w4b_polymarket_recensus_venue_events_v1.csv.gz,93136,"Ethereum Up or Down - November 30, 3:45AM-4:00AM ET",fed,,
MACRO_PM_OR_ETF_EVENT_BACKTEST,registry/w4b_polymarket_recensus_venue_events_v1.csv.gz,93298,Drake Bulldogs vs. Georgia Tech Yellow Jackets,fed,,
MACRO_PM_OR_ETF_EVENT_BACKTEST,registry/w4b_polymarket_recensus_venue_events_v1.csv.gz,93343,Lewis & Clark Pioneers vs. Portland Pilots,fed,,
MACRO_PM_OR_ETF_EVENT_BACKTEST,registry/w4b_polymarket_recensus_venue_events_v1.csv.gz,93354,Livingstone Blue Bears vs. Hampton Pirates (W),rates,,
MACRO_PM_OR_ETF_EVENT_BACKTEST,registry/w4b_polymarket_recensus_venue_events_v1.csv.gz,93359,Bucknell Bison vs. Vermont Catamounts (W),fed,,
MACRO_PM_OR_ETF_EVENT_BACKTEST,registry/w4b_polymarket_recensus_venue_events_v1.csv.gz,93404,SNHL: Davos vs. ZSC Lions,fed,,
MACRO_PM_OR_ETF_EVENT_BACKTEST,registry/w4b_polymarket_recensus_venue_events_v1.csv.gz,93496,"XRP Up or Down - November 30, 1:30PM-1:45PM ET",fed,,
MACRO_PM_OR_ETF_EVENT_BACKTEST,registry/w4b_polymarket_recensus_venue_events_v1.csv.gz,93593,"Bitcoin Up or Down - November 30, 5:00PM-5:15PM ET",fed,,
MACRO_PM_OR_ETF_EVENT_BACKTEST,registry/w4b_polymarket_recensus_venue_events_v1.csv.gz,93610,"Bitcoin Up or Down - November 30, 5:45PM-6:00PM ET",fed,,
MACRO_PM_OR_ETF_EVENT_BACKTEST,registry/w4b_polymarket_recensus_venue_events_v1.csv.gz,93653,"Solana Up or Down - December 1, 8PM ET",fed,,
MACRO_PM_OR_ETF_EVENT_BACKTEST,registry/w4b_polymarket_recensus_venue_events_v1.csv.gz,93678,"XRP Up or Down - December 1, 9PM ET",fed,,
MACRO_PM_OR_ETF_EVENT_BACKTEST,registry/w4b_polymarket_recensus_venue_events_v1.csv.gz,93709,"XRP Up or Down - November 30, 10:30PM-10:45PM ET",fed,,
MACRO_PM_OR_ETF_EVENT_BACKTEST,registry/w4b_polymarket_recensus_venue_events_v1.csv.gz,93749,Parma Calcio 1913 vs. SS Lazio,fed,,
MACRO_PM_OR_ETF_EVENT_BACKTEST,registry/w4b_polymarket_recensus_venue_events_v1.csv.gz,93796,"Solana Up or Down - December 1, 1:30AM-1:45AM ET",fed,,
MACRO_PM_OR_ETF_EVENT_BACKTEST,registry/w4b_polymarket_recensus_venue_events_v1.csv.gz,93813,Real Zaragoza vs. Cádiz CF,fed,,
MACRO_PM_OR_ETF_EVENT_BACKTEST,registry/w4b_polymarket_recensus_venue_events_v1.csv.gz,93835,AS Saint-Étienne vs. SC Bastia,fed,,
MACRO_PM_OR_ETF_EVENT_BACKTEST,registry/w4b_polymarket_recensus_venue_events_v1.csv.gz,93854,Rainbow Six Siege: Shopify Rebellion vs DarkZero Esports (BO3),fed,,
MACRO_PM_OR_ETF_EVENT_BACKTEST,registry/w4b_polymarket_recensus_venue_events_v1.csv.gz,93874,"Solana Up or Down - December 1, 4:15AM-4:30AM ET",fed,,
MACRO_PM_OR_ETF_EVENT_BACKTEST,registry/w4b_polymarket_recensus_venue_events_v1.csv.gz,93965,CR Vasco da Gama vs. Mirassol FC - More Markets,fed,,
MACRO_PM_OR_ETF_EVENT_BACKTEST,registry/w4b_polymarket_recensus_venue_events_v1.csv.gz,93975,"Bitcoin Up or Down - December 1, 8:15AM-8:30AM ET",fed,,
MACRO_PM_OR_ETF_EVENT_BACKTEST,registry/w4b_polymarket_recensus_venue_events_v1.csv.gz,94081,Brown Bears vs. George Washington Revolutionaries (W),fed,,
MACRO_PM_OR_ETF_EVENT_BACKTEST,registry/w4b_polymarket_recensus_venue_events_v1.csv.gz,94088,Youngstown State Penguins vs. IU Indy Jaguars,fed,,
MACRO_PM_OR_ETF_EVENT_BACKTEST,registry/w4b_polymarket_recensus_venue_events_v1.csv.gz,94096,Seton Hall Pirates vs. Kansas State Wildcats,rates,,
MACRO_PM_OR_ETF_EVENT_BACKTEST,registry/w4b_polymarket_recensus_venue_events_v1.csv.gz,94097,Iowa State Cyclones vs. Purdue Boilermakers,oil,,
MACRO_PM_OR_ETF_EVENT_BACKTEST,registry/w4b_polymarket_recensus_venue_events_v1.csv.gz,94102,Oklahoma Sooners vs. Arizona State Sun Devils,fed,,
MACRO_PM_OR_ETF_EVENT_BACKTEST,registry/w4b_polymarket_recensus_venue_events_v1.csv.gz,94107,UNCG Spartans vs. East Carolina Pirates,rates,,
MACRO_PM_OR_ETF_EVENT_BACKTEST,registry/w4b_polymarket_recensus_venue_events_v1.csv.gz,94137,Sam Houston Bearkats vs. Texas Southern Tigers,fed,,
MACRO_PM_OR_ETF_EVENT_BACKTEST,registry/w4b_polymarket_recensus_venue_events_v1.csv.gz,94209,"Ethereum Up or Down - December 2, 11AM ET",fed,,
MACRO_PM_OR_ETF_EVENT_BACKTEST,registry/w4b_polymarket_recensus_venue_events_v1.csv.gz,94226,AHL: Colorado Eagles vs. Rockford IceHogs,fed,,
MACRO_PM_OR_ETF_EVENT_BACKTEST,registry/w4b_polymarket_recensus_venue_events_v1.csv.gz,94257,Oilers vs. Flames,oil,,
MACRO_PM_OR_ETF_EVENT_BACKTEST,registry/w4b_polymarket_recensus_venue_events_v1.csv.gz,94277,Bitcoin above ___ on December 7?,fed,,
MACRO_PM_OR_ETF_EVENT_BACKTEST,registry/w4b_polymarket_recensus_venue_events_v1.csv.gz,94357,"Solana Up or Down - December 1, 3:15PM-3:30PM ET",fed,,
MACRO_PM_OR_ETF_EVENT_BACKTEST,registry/w4b_polymarket_recensus_venue_events_v1.csv.gz,94495,"Bitcoin Up or Down - December 1, 9:15PM-9:30PM ET",fed,,
MACRO_PM_OR_ETF_EVENT_BACKTEST,registry/w4b_polymarket_recensus_venue_events_v1.csv.gz,94518,"Solana Up or Down - December 1, 10:30PM-10:45PM ET",fed,,
MACRO_PM_OR_ETF_EVENT_BACKTEST,registry/w4b_polymarket_recensus_venue_events_v1.csv.gz,94686,"Ethereum Up or Down - December 2, 4:45AM-5:00AM ET",fed,,
MACRO_PM_OR_ETF_EVENT_BACKTEST,registry/w4b_polymarket_recensus_venue_events_v1.csv.gz,94781,Hang Seng (HSI) Up or Down on December 2?,fed,,
MACRO_PM_OR_ETF_EVENT_BACKTEST,registry/w4b_polymarket_recensus_venue_events_v1.csv.gz,94838,"Ethereum Up or Down - December 2, 9:30AM-9:45AM ET",fed,,
MACRO_PM_OR_ETF_EVENT_BACKTEST,registry/w4b_polymarket_recensus_venue_events_v1.csv.gz,94852,Boston Terriers vs. North Carolina Tar Heels (W),fed,,
MACRO_PM_OR_ETF_EVENT_BACKTEST,registry/w4b_polymarket_recensus_venue_events_v1.csv.gz,94866,Seton Hall Pirates vs. North Carolina State Wolfpack (W),rates,,
MACRO_PM_OR_ETF_EVENT_BACKTEST,registry/w4b_polymarket_recensus_venue_events_v1.csv.gz,94874,Central Michigan Chippewas vs. Kentucky Wildcats (W),fed,,
MACRO_PM_OR_ETF_EVENT_BACKTEST,registry/w4b_polymarket_recensus_venue_events_v1.csv.gz,94897,Creighton Bluejays vs. Nebraska Cornhuskers,fed,,
MACRO_PM_OR_ETF_EVENT_BACKTEST,registry/w4b_polymarket_recensus_venue_events_v1.csv.gz,94919,Purdue Boilermakers vs. Michigan Wolverines (W),oil,,
MACRO_PM_OR_ETF_EVENT_BACKTEST,registry/w4b_polymarket_recensus_venue_events_v1.csv.gz,94921,DePaul Blue Demons vs. Connecticut Huskies (W),fed,,
MACRO_PM_OR_ETF_EVENT_BACKTEST,registry/w4b_polymarket_recensus_venue_events_v1.csv.gz,94952,Elon Phoenix vs. East Carolina Pirates (W),rates,,
MACRO_PM_OR_ETF_EVENT_BACKTEST,registry/w4b_polymarket_recensus_venue_events_v1.csv.gz,95004,"XRP Up or Down - December 2, 10:15AM-10:30AM ET",fed,,
MACRO_PM_OR_ETF_EVENT_BACKTEST,registry/w4b_polymarket_recensus_venue_events_v1.csv.gz,95133,Rio Ave FC vs. Vitória SC,fed,,
MACRO_PM_OR_ETF_EVENT_BACKTEST,registry/w4b_polymarket_recensus_venue_events_v1.csv.gz,95189,Olympique Lyonnais vs. Go Ahead Eagles - More Markets,fed,,
MACRO_PM_OR_ETF_EVENT_BACKTEST,registry/w4b_polymarket_recensus_venue_events_v1.csv.gz,95230,"XRP Up or Down - December 2, 3:00PM-3:15PM ET",fed,,
MACRO_PM_OR_ETF_EVENT_BACKTEST,registry/w4b_polymarket_recensus_venue_events_v1.csv.gz,95359,Poker: HCL Million Dollar Marathon Biggest Winner,dollar,,
MACRO_PM_OR_ETF_EVENT_BACKTEST,registry/w4b_polymarket_recensus_venue_events_v1.csv.gz,95366,Poker: HCL Million Dollar Marathon Biggest Loser,dollar,,
MACRO_PM_OR_ETF_EVENT_BACKTEST,registry/w4b_polymarket_recensus_venue_events_v1.csv.gz,95379,HCL Million Dollar Marathon: Alan Keating VPIP above 70%?,dollar,,
MACRO_PM_OR_ETF_EVENT_BACKTEST,registry/w4b_polymarket_recensus_venue_events_v1.csv.gz,95414,"Solana Up or Down - December 3, 10PM ET",fed,,
MACRO_PM_OR_ETF_EVENT_BACKTEST,registry/w4b_polymarket_recensus_venue_events_v1.csv.gz,95453,"Elon Musk # tweets December 5 - December 12, 2025?",fed,,
MACRO_PM_OR_ETF_EVENT_BACKTEST,registry/w4b_polymarket_recensus_venue_events_v1.csv.gz,95512,Brighton vs. West Ham - More Markets,fed,,
MACRO_PM_OR_ETF_EVENT_BACKTEST,registry/w4b_polymarket_recensus_venue_events_v1.csv.gz,95566,"Solana Up or Down - December 3, 2:15AM-2:30AM ET",fed,,
MACRO_PM_OR_ETF_EVENT_BACKTEST,registry/w4b_polymarket_recensus_venue_events_v1.csv.gz,95620,"Bitcoin Up or Down - December 3, 4:15AM-4:30AM ET",fed,,
MACRO_PM_OR_ETF_EVENT_BACKTEST,registry/w4b_polymarket_recensus_venue_events_v1.csv.gz,95663,"Solana Up or Down - December 3, 6:15AM-6:30AM ET",fed,,
MACRO_PM_OR_ETF_EVENT_BACKTEST,registry/w4b_polymarket_recensus_venue_events_v1.csv.gz,95665,"Bitcoin Up or Down - December 3, 6:30AM-6:45AM ET",fed,,
MACRO_PM_OR_ETF_EVENT_BACKTEST,registry/w4b_polymarket_recensus_venue_events_v1.csv.gz,95669,"Ethereum Up or Down - December 3, 6:45AM-7:00AM ET",fed,,
MACRO_PM_OR_ETF_EVENT_BACKTEST,registry/w4b_polymarket_recensus_venue_events_v1.csv.gz,95712,Dow Jones (DJI) Up or Down on December 3?,fed,,
MACRO_PM_OR_ETF_EVENT_BACKTEST,registry/w4b_polymarket_recensus_venue_events_v1.csv.gz,95764,"Ethereum Up or Down - December 4, 10AM ET",fed,,
MACRO_PM_OR_ETF_EVENT_BACKTEST,registry/w4b_polymarket_recensus_venue_events_v1.csv.gz,95774,Temple Owls vs. Drexel Dragons (W),fed,,
MACRO_PM_OR_ETF_EVENT_BACKTEST,registry/w4b_polymarket_recensus_venue_events_v1.csv.gz,95794,"XRP Up or Down - December 3, 10:30AM-10:45AM ET",fed,,
MACRO_PM_OR_ETF_EVENT_BACKTEST,registry/w4b_polymarket_recensus_venue_events_v1.csv.gz,95832,KHL: SKA St. Petersburg vs. Amur Khabarovsk,fed,,
MACRO_PM_OR_ETF_EVENT_BACKTEST,registry/w4b_polymarket_recensus_venue_events_v1.csv.gz,95839,Oilers vs. Jets,oil,,
MACRO_PM_OR_ETF_EVENT_BACKTEST,registry/w4b_polymarket_recensus_venue_events_v1.csv.gz,95867,Solana Up or Down on December 4?,fed,,
MACRO_PM_OR_ETF_EVENT_BACKTEST,registry/w4b_polymarket_recensus_venue_events_v1.csv.gz,95964,"Ethereum Up or Down - December 3, 3:00PM-3:15PM ET",fed,,
MACRO_PM_OR_ETF_EVENT_BACKTEST,registry/w4b_polymarket_recensus_venue_events_v1.csv.gz,96043,"XRP Up or Down - December 3, 4:45PM-5:00PM ET",fed,,
MACRO_PM_OR_ETF_EVENT_BACKTEST,registry/w4b_polymarket_recensus_venue_events_v1.csv.gz,96061,"Ethereum Up or Down - December 3, 5:15PM-5:30PM ET",fed,,
MACRO_PM_OR_ETF_EVENT_BACKTEST,registry/w4b_polymarket_recensus_venue_events_v1.csv.gz,96079,"XRP Up or Down - December 4, 6PM ET",fed,,
MACRO_PM_OR_ETF_EVENT_BACKTEST,registry/w4b_polymarket_recensus_venue_events_v1.csv.gz,96140,"Bitcoin Up or Down - December 4, 9PM ET",fed,,
MACRO_PM_OR_ETF_EVENT_BACKTEST,registry/w4b_polymarket_recensus_venue_events_v1.csv.gz,96148,"Bitcoin Up or Down - December 3, 8:45PM-9:00PM ET",fed,,
MACRO_PM_OR_ETF_EVENT_BACKTEST,registry/w4b_polymarket_recensus_venue_events_v1.csv.gz,96215,"Solana Up or Down - December 4, 12:00AM-12:15AM ET",fed,,
MACRO_PM_OR_ETF_EVENT_BACKTEST,registry/w4b_polymarket_recensus_venue_events_v1.csv.gz,96240,"Bitcoin Up or Down - December 4, 1:15AM-1:30AM ET",fed,,
MACRO_PM_OR_ETF_EVENT_BACKTEST,registry/w4b_polymarket_recensus_venue_events_v1.csv.gz,96303,CF Cruz Azul vs. Tigres de la UANL - More Markets,fed,,
MACRO_PM_OR_ETF_EVENT_BACKTEST,registry/w4b_polymarket_recensus_venue_events_v1.csv.gz,96336,"XRP Up or Down - December 4, 5:30AM-5:45AM ET",fed,,
MACRO_PM_OR_ETF_EVENT_BACKTEST,registry/w4b_polymarket_recensus_venue_events_v1.csv.gz,96403,Tesla (TSLA) Up or Down on December 4?,fed,,
MACRO_PM_OR_ETF_EVENT_BACKTEST,registry/w4b_polymarket_recensus_venue_events_v1.csv.gz,96475,Columbia Lions vs. Seton Hall Pirates (W),rates,,
MACRO_PM_OR_ETF_EVENT_BACKTEST,registry/w4b_polymarket_recensus_venue_events_v1.csv.gz,96580,"Ethereum Up or Down - December 4, 12:00PM-4:00PM ET",fed,,
MACRO_PM_OR_ETF_EVENT_BACKTEST,registry/w4b_polymarket_recensus_venue_events_v1.csv.gz,96704,Highest temperature in Denver on December 4?,fed,,
MACRO_PM_OR_ETF_EVENT_BACKTEST,registry/w4b_polymarket_recensus_venue_events_v1.csv.gz,96723,'No change' or '25 bps cut' favored for Fed decision in January on December 10?,fed;fomc,,
MACRO_PM_OR_ETF_EVENT_BACKTEST,registry/w4b_polymarket_recensus_venue_events_v1.csv.gz,96730,"Ethereum Up or Down - December 4, 5:30PM-5:45PM ET",fed,,
MACRO_PM_OR_ETF_EVENT_BACKTEST,registry/w4b_polymarket_recensus_venue_events_v1.csv.gz,96733,"Fed Derivative: Jan ""25bps cut"" Odds on December 10?",fed;fomc,,
MACRO_PM_OR_ETF_EVENT_BACKTEST,registry/w4b_polymarket_recensus_venue_events_v1.csv.gz,96770,"Ethereum Up or Down - December 4, 7:00PM-7:15PM ET",fed,,
MACRO_PM_OR_ETF_EVENT_BACKTEST,registry/w4b_polymarket_recensus_venue_events_v1.csv.gz,96831,"Solana Up or Down - December 4, 9:45PM-10:00PM ET",fed,,
MACRO_PM_OR_ETF_EVENT_BACKTEST,registry/w4b_polymarket_recensus_venue_events_v1.csv.gz,96862,"Bitcoin Up or Down - December 4, 11:00PM-11:15PM ET",fed,,
MACRO_PM_OR_ETF_EVENT_BACKTEST,registry/w4b_polymarket_recensus_venue_events_v1.csv.gz,96871,"Bitcoin Up or Down - December 4, 11:45PM-12:00AM ET",fed,,
MACRO_PM_OR_ETF_EVENT_BACKTEST,registry/w4b_polymarket_recensus_venue_events_v1.csv.gz,96954,"XRP Up or Down - December 5, 3:30AM-3:45AM ET",fed,,
MACRO_PM_OR_ETF_EVENT_BACKTEST,registry/w4b_polymarket_recensus_venue_events_v1.csv.gz,96975,"Ethereum Up or Down - December 5, 4:15AM-4:30AM ET",fed,,
MACRO_PM_OR_ETF_EVENT_BACKTEST,registry/w4b_polymarket_recensus_venue_events_v1.csv.gz,96983,"Bitcoin Up or Down - December 5, 4:45AM-5:00AM ET",fed,,
MACRO_PM_OR_ETF_EVENT_BACKTEST,registry/w4b_polymarket_recensus_venue_events_v1.csv.gz,96989,"Solana Up or Down - December 6, 5AM ET",fed,,
MACRO_PM_OR_ETF_EVENT_BACKTEST,registry/w4b_polymarket_recensus_venue_events_v1.csv.gz,97043,"XRP Up or Down - December 5, 7:15AM-7:30AM ET",fed,,
MACRO_PM_OR_ETF_EVENT_BACKTEST,registry/w4b_polymarket_recensus_venue_events_v1.csv.gz,97056,Bitcoin ETF Flows on December 8?,fed,,
MACRO_PM_OR_ETF_EVENT_BACKTEST,registry/w4b_polymarket_recensus_venue_events_v1.csv.gz,97060,Microsoft (MSFT) Up or Down on December 5?,fed,,
MACRO_PM_OR_ETF_EVENT_BACKTEST,registry/w4b_polymarket_recensus_venue_events_v1.csv.gz,97119,"Bitcoin Up or Down - December 5, 9:15AM-9:30AM ET",fed,,
MACRO_PM_OR_ETF_EVENT_BACKTEST,registry/w4b_polymarket_recensus_venue_events_v1.csv.gz,97179,Minnesota Golden Gophers vs. Purdue Boilermakers,oil,,
MACRO_PM_OR_ETF_EVENT_BACKTEST,registry/w4b_polymarket_recensus_venue_events_v1.csv.gz,97182,Howard Bison vs. Virginia Cavaliers (W),fed,,
MACRO_PM_OR_ETF_EVENT_BACKTEST,registry/w4b_polymarket_recensus_venue_events_v1.csv.gz,97261,Bruins vs. Oilers,oil,,
MACRO_PM_OR_ETF_EVENT_BACKTEST,registry/w4b_polymarket_recensus_venue_events_v1.csv.gz,97303,"Ethereum Up or Down - December 5, 12:00PM-12:15PM ET",fed,,
MACRO_PM_OR_ETF_EVENT_BACKTEST,registry/w4b_polymarket_recensus_venue_events_v1.csv.gz,97360,Le Puy Foot 43 vs. FC Girondins de Bordeaux,fed,,
MACRO_PM_OR_ETF_EVENT_BACKTEST,registry/w4b_polymarket_recensus_venue_events_v1.csv.gz,97407,AS Omónoia Leukosías vs. RKS Raków Częstochowa,fed,,
MACRO_PM_OR_ETF_EVENT_BACKTEST,registry/w4b_polymarket_recensus_venue_events_v1.csv.gz,97478,What will FedEx say during their next earnings call?,fed,,
MACRO_PM_OR_ETF_EVENT_BACKTEST,registry/w4b_polymarket_recensus_venue_events_v1.csv.gz,97558,"XRP Up or Down - December 5, 7:30PM-7:45PM ET",fed,,
MACRO_PM_OR_ETF_EVENT_BACKTEST,registry/w4b_polymarket_recensus_venue_events_v1.csv.gz,97598,"Ethereum Up or Down - December 5, 9:00PM-9:15PM ET",fed,,
MACRO_PM_OR_ETF_EVENT_BACKTEST,registry/w4b_polymarket_recensus_venue_events_v1.csv.gz,97621,"Ethereum Up or Down - December 5, 10:15PM-10:30PM ET",fed,,
MACRO_PM_OR_ETF_EVENT_BACKTEST,registry/w4b_polymarket_recensus_venue_events_v1.csv.gz,97652,"Bitcoin Up or Down - December 7, 12AM ET",fed,,
MACRO_PM_OR_ETF_EVENT_BACKTEST,registry/w4b_polymarket_recensus_venue_events_v1.csv.gz,97740,"Solana Up or Down - December 6, 2:45AM-3:00AM ET",fed,,
MACRO_PM_OR_ETF_EVENT_BACKTEST,registry/w4b_polymarket_recensus_venue_events_v1.csv.gz,97754,"XRP Up or Down - December 6, 3:30AM-3:45AM ET",fed,,
MACRO_PM_OR_ETF_EVENT_BACKTEST,registry/w4b_polymarket_recensus_venue_events_v1.csv.gz,97860,"Bitcoin Up or Down - December 6, 7:45AM-8:00AM ET",fed,,
MACRO_PM_OR_ETF_EVENT_BACKTEST,registry/w4b_polymarket_recensus_venue_events_v1.csv.gz,97898,"XRP Up or Down - December 6, 8:00AM-8:15AM ET",fed,,
MACRO_PM_OR_ETF_EVENT_BACKTEST,registry/w4b_polymarket_recensus_venue_events_v1.csv.gz,97909,December Inflation US - Annual,inflation,,
MACRO_PM_OR_ETF_EVENT_BACKTEST,registry/w4b_polymarket_recensus_venue_events_v1.csv.gz,97910,December Inflation US - Monthly,inflation,,
MACRO_PM_OR_ETF_EVENT_BACKTEST,registry/w4b_polymarket_recensus_venue_events_v1.csv.gz,97958,Lipscomb Bisons vs. Purdue Boilermakers (W),oil,,
MACRO_PM_OR_ETF_EVENT_BACKTEST,registry/w4b_polymarket_recensus_venue_events_v1.csv.gz,97963,Appalachian State Mountaineers vs. East Carolina Pirates,rates,,
MACRO_PM_OR_ETF_EVENT_BACKTEST,registry/w4b_polymarket_recensus_venue_events_v1.csv.gz,98077,XRP above ___ on December 12?,fed,,
MACRO_PM_OR_ETF_EVENT_BACKTEST,registry/w4b_polymarket_recensus_venue_events_v1.csv.gz,98089,"Bitcoin Up or Down - December 6, 12:15PM-12:30PM ET",fed,,
MACRO_PM_OR_ETF_EVENT_BACKTEST,registry/w4b_polymarket_recensus_venue_events_v1.csv.gz,98108,"Bitcoin Up or Down - December 6, 1:15PM-1:30PM ET",fed,,
MACRO_PM_OR_ETF_EVENT_BACKTEST,registry/w4b_polymarket_recensus_venue_events_v1.csv.gz,98122,"Ethereum Up or Down - December 6, 1:45PM-2:00PM ET",fed,,
MACRO_PM_OR_ETF_EVENT_BACKTEST,registry/w4b_polymarket_recensus_venue_events_v1.csv.gz,98226,"XRP Up or Down - December 6, 4:45PM-5:00PM ET",fed,,
MACRO_PM_OR_ETF_EVENT_BACKTEST,registry/w4b_polymarket_recensus_venue_events_v1.csv.gz,98508,"Bitcoin Up or Down - December 7, 1:30AM-1:45AM ET",fed,,
MACRO_PM_OR_ETF_EVENT_BACKTEST,registry/w4b_polymarket_recensus_venue_events_v1.csv.gz,98569,"XRP Up or Down - December 7, 4:15AM-4:30AM ET",fed,,
MACRO_PM_OR_ETF_EVENT_BACKTEST,registry/w4b_polymarket_recensus_venue_events_v1.csv.gz,98588,"Ethereum Up or Down - December 7, 5:15AM-5:30AM ET",fed,,
MACRO_PM_OR_ETF_EVENT_BACKTEST,registry/w4b_polymarket_recensus_venue_events_v1.csv.gz,98608,"XRP Up or Down - December 7, 6:15AM-6:30AM ET",fed,,
MACRO_PM_OR_ETF_EVENT_BACKTEST,registry/w4b_polymarket_recensus_venue_events_v1.csv.gz,98624,"XRP Up or Down - December 8, 7AM ET",fed,,
MACRO_PM_OR_ETF_EVENT_BACKTEST,registry/w4b_polymarket_recensus_venue_events_v1.csv.gz,98686,Edward Waters Tigers vs. Hampton Pirates (W),rates,,
MACRO_PM_OR_ETF_EVENT_BACKTEST,registry/w4b_polymarket_recensus_venue_events_v1.csv.gz,98717,Southern-New Orleans Knights vs. Southern Jaguars (W),fed,,
MACRO_PM_OR_ETF_EVENT_BACKTEST,registry/w4b_polymarket_recensus_venue_events_v1.csv.gz,98884,"XRP Up or Down - December 7, 4:00PM-8:00PM ET",fed,,
MACRO_PM_OR_ETF_EVENT_BACKTEST,registry/w4b_polymarket_recensus_venue_events_v1.csv.gz,98960,ILT20: Abu Dhabi Knight Riders vs MI Emirates (Game 1),rates,,
MACRO_PM_OR_ETF_EVENT_BACKTEST,registry/w4b_polymarket_recensus_venue_events_v1.csv.gz,98962,ILT20: Desert Vipers vs MI Emirates (Game 1),rates,,
MACRO_PM_OR_ETF_EVENT_BACKTEST,registry/w4b_polymarket_recensus_venue_events_v1.csv.gz,98965,ILT20: Sharjah Warriorz vs MI Emirates (Game 1),rates,,
MACRO_PM_OR_ETF_EVENT_BACKTEST,registry/w4b_polymarket_recensus_venue_events_v1.csv.gz,99022,"Bitcoin Up or Down - December 7, 10:15PM-10:30PM ET",fed,,
MACRO_PM_OR_ETF_EVENT_BACKTEST,registry/w4b_polymarket_recensus_venue_events_v1.csv.gz,99027,"Ethereum Up or Down - December 7, 10:30PM-10:45PM ET",fed,,
MACRO_PM_OR_ETF_EVENT_BACKTEST,registry/w4b_polymarket_recensus_venue_events_v1.csv.gz,99068,Leeds United FC vs. Crystal Palace FC,fed,,
MACRO_PM_OR_ETF_EVENT_BACKTEST,registry/w4b_polymarket_recensus_venue_events_v1.csv.gz,99082,"Ethereum Up or Down - December 8, 12:30AM-12:45AM ET",fed,,
MACRO_PM_OR_ETF_EVENT_BACKTEST,registry/w4b_polymarket_recensus_venue_events_v1.csv.gz,99094,"Ethereum Up or Down - December 8, 1:15AM-1:30AM ET",fed,,
MACRO_PM_OR_ETF_EVENT_BACKTEST,registry/w4b_polymarket_recensus_venue_events_v1.csv.gz,99122,"Bitcoin Up or Down - December 8, 2:30AM-2:45AM ET",fed,,
MACRO_PM_OR_ETF_EVENT_BACKTEST,registry/w4b_polymarket_recensus_venue_events_v1.csv.gz,99261,"Ethereum Up or Down - December 8, 9:15AM-9:30AM ET",fed,,
MACRO_PM_OR_ETF_EVENT_BACKTEST,registry/w4b_polymarket_recensus_venue_events_v1.csv.gz,99285,Lindenwood Lions vs. Iowa Hawkeyes (W),fed,,
MACRO_PM_OR_ETF_EVENT_BACKTEST,registry/w4b_polymarket_recensus_venue_events_v1.csv.gz,99289,North Florida Ospreys vs. Dayton Flyers,fed,,
MACRO_PM_OR_ETF_EVENT_BACKTEST,registry/w4b_polymarket_recensus_venue_events_v1.csv.gz,99349,Boston Terriers vs. Albany Great Danes (W),fed,,
MACRO_PM_OR_ETF_EVENT_BACKTEST,registry/w4b_polymarket_recensus_venue_events_v1.csv.gz,99359,UNLV Runnin' Rebels vs. Cincinnati Bearcats (W),fed,,
MACRO_PM_OR_ETF_EVENT_BACKTEST,registry/w4b_polymarket_recensus_venue_events_v1.csv.gz,99365,Hampton Pirates vs. Howard Bison (W),rates,,
MACRO_PM_OR_ETF_EVENT_BACKTEST,registry/w4b_polymarket_recensus_venue_events_v1.csv.gz,99370,Marquette Golden Eagles vs. Purdue Boilermakers,oil,,
MACRO_PM_OR_ETF_EVENT_BACKTEST,registry/w4b_polymarket_recensus_venue_events_v1.csv.gz,99392,Howard Bison vs. Hampton Pirates,rates,,
MACRO_PM_OR_ETF_EVENT_BACKTEST,registry/w4b_polymarket_recensus_venue_events_v1.csv.gz,99399,Rutgers Scarlet Knights vs. Seton Hall Pirates,rates,,
MACRO_PM_OR_ETF_EVENT_BACKTEST,registry/w4b_polymarket_recensus_venue_events_v1.csv.gz,99409,Tulane Green Wave vs. California-San Diego Tritons,fed,,
MACRO_PM_OR_ETF_EVENT_BACKTEST,registry/w4b_polymarket_recensus_venue_events_v1.csv.gz,99463,Flyers vs. Oilers,oil,,
MACRO_PM_OR_ETF_EVENT_BACKTEST,registry/w4b_polymarket_recensus_venue_events_v1.csv.gz,99531,"Bitcoin Up or Down - December 8, 2:45PM-3:00PM ET",fed,,
MACRO_PM_OR_ETF_EVENT_BACKTEST,registry/w4b_polymarket_recensus_venue_events_v1.csv.gz,99540,"Ethereum Up or Down - December 8, 3:15PM-3:30PM ET",fed,,
MACRO_PM_OR_ETF_EVENT_BACKTEST,registry/w4b_polymarket_recensus_venue_events_v1.csv.gz,99596,"Bitcoin Up or Down - December 8, 6:00PM-6:15PM ET",fed,,
MACRO_PM_OR_ETF_EVENT_BACKTEST,registry/w4b_polymarket_recensus_venue_events_v1.csv.gz,99608,"Bitcoin Up or Down - December 8, 6:30PM-6:45PM ET",fed,,
MACRO_PM_OR_ETF_EVENT_BACKTEST,registry/w4b_polymarket_recensus_venue_events_v1.csv.gz,99629,"XRP Up or Down - December 8, 7:45PM-8:00PM ET",fed,,
MACRO_PM_OR_ETF_EVENT_BACKTEST,registry/w4b_polymarket_recensus_venue_events_v1.csv.gz,99747,"Ethereum Up or Down - December 9, 1:30AM-1:45AM ET",fed,,
MACRO_PM_OR_ETF_EVENT_BACKTEST,registry/w4b_polymarket_recensus_venue_events_v1.csv.gz,99806,"Ethereum Up or Down - December 9, 4:00AM-4:15AM ET",fed,,
MACRO_PM_OR_ETF_EVENT_BACKTEST,registry/w4b_polymarket_recensus_venue_events_v1.csv.gz,99936,Buffalo Bulls vs. East Carolina Pirates,rates,,
MACRO_PM_OR_ETF_EVENT_BACKTEST,registry/w4b_polymarket_recensus_venue_events_v1.csv.gz,99946,Dayton Flyers vs. Purdue Boilermakers (W),oil,,
MACRO_PM_OR_ETF_EVENT_BACKTEST,registry/w4b_polymarket_recensus_venue_events_v1.csv.gz,99985,UNC Asheville Bulldogs vs. East Carolina Pirates (W),rates,,
MACRO_PM_OR_ETF_EVENT_BACKTEST,registry/w4b_polymarket_recensus_venue_events_v1.csv.gz,99987,Southern Miss Golden Eagles vs. Mississippi State Bulldogs (W),fed,,
MACRO_PM_OR_ETF_EVENT_BACKTEST,registry/w4b_polymarket_recensus_venue_events_v1.csv.gz,99999,Auburn Tigers vs. Seton Hall Pirates (W),rates,,
MACRO_PM_OR_ETF_EVENT_BACKTEST,registry/w4b_polymarket_recensus_venue_events_v1.csv.gz,100039,ILT20: MI Emirates vs Sharjah Warriorz (Game 1),rates,,
MACRO_PM_OR_ETF_EVENT_BACKTEST,registry/w4b_polymarket_recensus_venue_events_v1.csv.gz,100049,Tech Mahindra Global Chess League Winner,fed,,
MACRO_PM_OR_ETF_EVENT_BACKTEST,registry/w4b_polymarket_recensus_venue_events_v1.csv.gz,100169,Crude Oil (CL) Up or Down on December 9?,oil,,
MACRO_PM_OR_ETF_EVENT_BACKTEST,registry/w4b_polymarket_recensus_venue_events_v1.csv.gz,100224,"Solana Up or Down - December 9, 12:45PM-1:00PM ET",fed,,
MACRO_PM_OR_ETF_EVENT_BACKTEST,registry/w4b_polymarket_recensus_venue_events_v1.csv.gz,100339,Trump announces Fed Chair nominee by...?,fed,,
MACRO_PM_OR_ETF_EVENT_BACKTEST,registry/w4b_polymarket_recensus_venue_events_v1.csv.gz,100534,"Solana Up or Down - December 9, 9AM ET",fed,,
MACRO_PM_OR_ETF_EVENT_BACKTEST,registry/w4b_polymarket_recensus_venue_events_v1.csv.gz,100546,"Bitcoin Up or Down - December 9, 8:45PM-9:00PM ET",fed,,
MACRO_PM_OR_ETF_EVENT_BACKTEST,registry/w4b_polymarket_recensus_venue_events_v1.csv.gz,100610,"Bitcoin Up or Down - December 9, 9:45PM-10:00PM ET",fed,,
MACRO_PM_OR_ETF_EVENT_BACKTEST,registry/w4b_polymarket_recensus_venue_events_v1.csv.gz,100651,Bulgarian government no-confidence motion passes?,fed,,
MACRO_PM_OR_ETF_EVENT_BACKTEST,registry/w4b_polymarket_recensus_venue_events_v1.csv.gz,100877,"Ethereum Up or Down - December 11, 8AM ET",fed,,
MACRO_PM_OR_ETF_EVENT_BACKTEST,registry/w4b_polymarket_recensus_venue_events_v1.csv.gz,100880,Crude Oil (CL) Up or Down on December 10?,oil,,
MACRO_PM_OR_ETF_EVENT_BACKTEST,registry/w4b_polymarket_recensus_venue_events_v1.csv.gz,101009,How high will 10-year Treasury yield go by March 31?,treasury;yield,,
MACRO_PM_OR_ETF_EVENT_BACKTEST,registry/w4b_polymarket_recensus_venue_events_v1.csv.gz,101024,Highest temperature in Buenos Aires on December 10?,fed,,
MACRO_PM_OR_ETF_EVENT_BACKTEST,registry/w4b_polymarket_recensus_venue_events_v1.csv.gz,101077,Braze (BRZE) Up or Down After Earnings?,fed,,
MACRO_PM_OR_ETF_EVENT_BACKTEST,registry/w4b_polymarket_recensus_venue_events_v1.csv.gz,101126,2026 Winter Games: 3rd Most Medals,fed,,
MACRO_PM_OR_ETF_EVENT_BACKTEST,registry/w4b_polymarket_recensus_venue_events_v1.csv.gz,101181,"Ethereum Up or Down - December 11, 4PM ET",fed,,
MACRO_PM_OR_ETF_EVENT_BACKTEST,registry/w4b_polymarket_recensus_venue_events_v1.csv.gz,101346,"Solana Up or Down - December 10, 11:00PM-11:15PM ET",fed,,
MACRO_PM_OR_ETF_EVENT_BACKTEST,registry/w4b_polymarket_recensus_venue_events_v1.csv.gz,101443,"Bitcoin Up or Down - December 11, 3:45AM-4:00AM ET",fed,,
MACRO_PM_OR_ETF_EVENT_BACKTEST,registry/w4b_polymarket_recensus_venue_events_v1.csv.gz,101470,"Solana Up or Down - December 11, 4:45AM-5:00AM ET",fed,,
MACRO_PM_OR_ETF_EVENT_BACKTEST,registry/w4b_polymarket_recensus_venue_events_v1.csv.gz,101537,"Solana Up or Down - December 11, 7:45AM-8:00AM ET",fed,,
MACRO_PM_OR_ETF_EVENT_BACKTEST,registry/w4b_polymarket_recensus_venue_events_v1.csv.gz,101546,Ethereum ETF Flows on December 12?,fed,,
MACRO_PM_OR_ETF_EVENT_BACKTEST,registry/w4b_polymarket_recensus_venue_events_v1.csv.gz,101551,Crude Oil (CL) Up or Down on December 11?,oil,,
MACRO_PM_OR_ETF_EVENT_BACKTEST,registry/w4b_polymarket_recensus_venue_events_v1.csv.gz,101584,"Bitcoin Up or Down - December 11, 8:30AM-8:45AM ET",fed,,
MACRO_PM_OR_ETF_EVENT_BACKTEST,registry/w4b_polymarket_recensus_venue_events_v1.csv.gz,101587,"Solana Up or Down - December 11, 8:45AM-9:00AM ET",fed,,
MACRO_PM_OR_ETF_EVENT_BACKTEST,registry/w4b_polymarket_recensus_venue_events_v1.csv.gz,101597,"Bitcoin Up or Down - December 11, 9:15AM-9:30AM ET",fed,,
MACRO_PM_OR_ETF_EVENT_BACKTEST,registry/w4b_polymarket_recensus_venue_events_v1.csv.gz,101613,Highest temperature in Atlanta on December 12?,fed,,
MACRO_PM_OR_ETF_EVENT_BACKTEST,registry/w4b_polymarket_recensus_venue_events_v1.csv.gz,101660,Geneva Golden Tornadoes vs. Akron Zips (W),fed,,
MACRO_PM_OR_ETF_EVENT_BACKTEST,registry/w4b_polymarket_recensus_venue_events_v1.csv.gz,101678,Washington State Cougars vs. Seton Hall Pirates (W),rates,,
MACRO_PM_OR_ETF_EVENT_BACKTEST,registry/w4b_polymarket_recensus_venue_events_v1.csv.gz,101753,Golden Knights vs. Jets,fed,,
MACRO_PM_OR_ETF_EVENT_BACKTEST,registry/w4b_polymarket_recensus_venue_events_v1.csv.gz,101754,Predators vs. Oilers,oil,,
MACRO_PM_OR_ETF_EVENT_BACKTEST,registry/w4b_polymarket_recensus_venue_events_v1.csv.gz,101764,How many jobs added in November?,payroll,,
MACRO_PM_OR_ETF_EVENT_BACKTEST,registry/w4b_polymarket_recensus_venue_events_v1.csv.gz,101772,Fed Decision in June?,fed;fomc,,
MACRO_PM_OR_ETF_EVENT_BACKTEST,registry/w4b_polymarket_recensus_venue_events_v1.csv.gz,101837,CD Eldense vs. Real Sociedad de Fútbol,fed,,
MACRO_PM_OR_ETF_EVENT_BACKTEST,registry/w4b_polymarket_recensus_venue_events_v1.csv.gz,101853,"XRP Up or Down - December 11, 1:00PM-1:15PM ET",fed,,
MACRO_PM_OR_ETF_EVENT_BACKTEST,registry/w4b_polymarket_recensus_venue_events_v1.csv.gz,101899,"Ethereum Up or Down - December 11, 2:30PM-2:45PM ET",fed,,
MACRO_PM_OR_ETF_EVENT_BACKTEST,registry/w4b_polymarket_recensus_venue_events_v1.csv.gz,101901,Will Trump release the sanctioned oil tanker by December 31?,oil,,
MACRO_PM_OR_ETF_EVENT_BACKTEST,registry/w4b_polymarket_recensus_venue_events_v1.csv.gz,101914,U.S. forces seize another Venezuela-linked oil ship in 2025?,oil,,
MACRO_PM_OR_ETF_EVENT_BACKTEST,registry/w4b_polymarket_recensus_venue_events_v1.csv.gz,101963,"Ethereum Up or Down - December 11, 4:30PM-4:45PM ET",fed,,
MACRO_PM_OR_ETF_EVENT_BACKTEST,registry/w4b_polymarket_recensus_venue_events_v1.csv.gz,101996,"Ethereum Up or Down - December 11, 5:30PM-5:45PM ET",fed,,
MACRO_PM_OR_ETF_EVENT_BACKTEST,registry/w4b_polymarket_recensus_venue_events_v1.csv.gz,102008,"Bitcoin Up or Down - December 12, 6PM ET",fed,,
MACRO_PM_OR_ETF_EVENT_BACKTEST,registry/w4b_polymarket_recensus_venue_events_v1.csv.gz,102028,"Ethereum Up or Down - December 11, 6:45PM-7:00PM ET",fed,,
MACRO_PM_OR_ETF_EVENT_BACKTEST,registry/w4b_polymarket_recensus_venue_events_v1.csv.gz,102046,"XRP Up or Down - December 11, 7:30PM-7:45PM ET",fed,,
MACRO_PM_OR_ETF_EVENT_BACKTEST,registry/w4b_polymarket_recensus_venue_events_v1.csv.gz,102090,"Ethereum Up or Down - December 11, 9:30PM-9:45PM ET",fed,,
MACRO_PM_OR_ETF_EVENT_BACKTEST,registry/w4b_polymarket_recensus_venue_events_v1.csv.gz,102138,"Bitcoin Up or Down - December 13, 12AM ET",fed,,
MACRO_PM_OR_ETF_EVENT_BACKTEST,registry/w4b_polymarket_recensus_venue_events_v1.csv.gz,102154,"Bitcoin Up or Down - December 12, 12:30AM-12:45AM ET",fed,,
MACRO_PM_OR_ETF_EVENT_BACKTEST,registry/w4b_polymarket_recensus_venue_events_v1.csv.gz,102228,"Solana Up or Down - December 12, 4:00AM-8:00AM ET",fed,,
MACRO_PM_OR_ETF_EVENT_BACKTEST,registry/w4b_polymarket_recensus_venue_events_v1.csv.gz,102292,"XRP Up or Down - December 12, 7:00AM-7:15AM ET",fed,,
MACRO_PM_OR_ETF_EVENT_BACKTEST,registry/w4b_polymarket_recensus_venue_events_v1.csv.gz,102313,Highest temperature in Buenos Aires on December 13?,fed,,
MACRO_PM_OR_ETF_EVENT_BACKTEST,registry/w4b_polymarket_recensus_venue_events_v1.csv.gz,102325,Crude Oil (CL) Up or Down on December 12?,fed;oil,,
MACRO_PM_OR_ETF_EVENT_BACKTEST,registry/w4b_polymarket_recensus_venue_events_v1.csv.gz,102353,"Ethereum Up or Down - December 12, 8:15AM-8:30AM ET",fed,,
MACRO_PM_OR_ETF_EVENT_BACKTEST,registry/w4b_polymarket_recensus_venue_events_v1.csv.gz,102444,Alabama State Hornets vs. Cincinnati Bearcats,fed,,
MACRO_PM_OR_ETF_EVENT_BACKTEST,registry/w4b_polymarket_recensus_venue_events_v1.csv.gz,102457,DePaul Blue Demons vs. UIC Flames (W),fed,,
MACRO_PM_OR_ETF_EVENT_BACKTEST,registry/w4b_polymarket_recensus_venue_events_v1.csv.gz,102534,"Ethereum Up or Down - December 12, 10:30AM-10:45AM ET",fed,,
MACRO_PM_OR_ETF_EVENT_BACKTEST,registry/w4b_polymarket_recensus_venue_events_v1.csv.gz,102628,"Bitcoin Up or Down - December 12, 1:00PM-1:15PM ET",fed,,
MACRO_PM_OR_ETF_EVENT_BACKTEST,registry/w4b_polymarket_recensus_venue_events_v1.csv.gz,102631,"XRP Up or Down - December 12, 12:45PM-1:00PM ET",fed,,
MACRO_PM_OR_ETF_EVENT_BACKTEST,registry/w4b_polymarket_recensus_venue_events_v1.csv.gz,102640,"XRP Up or Down - December 12, 1:30PM-1:45PM ET",fed,,
MACRO_PM_OR_ETF_EVENT_BACKTEST,registry/w4b_polymarket_recensus_venue_events_v1.csv.gz,102643,How many dissent at the next Fed meeting?,fed;fomc,,
MACRO_PM_OR_ETF_EVENT_BACKTEST,registry/w4b_polymarket_recensus_venue_events_v1.csv.gz,102660,"XRP Up or Down - December 12, 2:30PM-2:45PM ET",fed,,
MACRO_PM_OR_ETF_EVENT_BACKTEST,registry/w4b_polymarket_recensus_venue_events_v1.csv.gz,102661,"Ethereum Up or Down - December 12, 2:30PM-2:45PM ET",fed,,
MACRO_PM_OR_ETF_EVENT_BACKTEST,registry/w4b_polymarket_recensus_venue_events_v1.csv.gz,102775,"Bitcoin Up or Down - December 13, 6PM ET",fed,,
MACRO_PM_OR_ETF_EVENT_BACKTEST,registry/w4b_polymarket_recensus_venue_events_v1.csv.gz,102792,"XRP Up or Down - December 12, 6:00PM-6:15PM ET",fed,,
MACRO_PM_OR_ETF_EVENT_BACKTEST,registry/w4b_polymarket_recensus_venue_events_v1.csv.gz,102813,Rocket League: Oman vs United States (BO2),fed,,
MACRO_PM_OR_ETF_EVENT_BACKTEST,registry/w4b_polymarket_recensus_venue_events_v1.csv.gz,102840,Rocket League: England vs South Africa (BO2),fed,,
MACRO_PM_OR_ETF_EVENT_BACKTEST,registry/w4b_polymarket_recensus_venue_events_v1.csv.gz,102867,Rocket League: Brazil vs Saudi Arabia (BO2),fed,,
MACRO_PM_OR_ETF_EVENT_BACKTEST,registry/w4b_polymarket_recensus_venue_events_v1.csv.gz,102921,"Solana Up or Down - December 12, 8:00PM-8:15PM ET",fed,,
MACRO_PM_OR_ETF_EVENT_BACKTEST,registry/w4b_polymarket_recensus_venue_events_v1.csv.gz,103046,"Solana Up or Down - December 14, 2AM ET",fed,,
MACRO_PM_OR_ETF_EVENT_BACKTEST,registry/w4b_polymarket_recensus_venue_events_v1.csv.gz,103107,"Ethereum Up or Down - December 13, 4:45AM-5:00AM ET",fed,,
MACRO_PM_OR_ETF_EVENT_BACKTEST,registry/w4b_polymarket_recensus_venue_events_v1.csv.gz,103182,Crude Oil (CL) Up or Down on December 15?,oil,,
MACRO_PM_OR_ETF_EVENT_BACKTEST,registry/w4b_polymarket_recensus_venue_events_v1.csv.gz,103333,Grambling State Tigers vs. Hampton Pirates,rates,,
MACRO_PM_OR_ETF_EVENT_BACKTEST,registry/w4b_polymarket_recensus_venue_events_v1.csv.gz,103340,Radford Highlanders vs. Hampton Pirates (W),rates,,
MACRO_PM_OR_ETF_EVENT_BACKTEST,registry/w4b_polymarket_recensus_venue_events_v1.csv.gz,103343,Jackson State Tigers vs. Hampton Pirates,rates,,
MACRO_PM_OR_ETF_EVENT_BACKTEST,registry/w4b_polymarket_recensus_venue_events_v1.csv.gz,103391,ILT20: Dubai Capitals vs MI Emirates (Game 1),rates,,
MACRO_PM_OR_ETF_EVENT_BACKTEST,registry/w4b_polymarket_recensus_venue_events_v1.csv.gz,103392,ILT20: Dubai Capitals vs MI Emirates (Game 1) - Toss Match Double,rates,,
MACRO_PM_OR_ETF_EVENT_BACKTEST,registry/w4b_polymarket_recensus_venue_events_v1.csv.gz,103393,ILT20: Dubai Capitals vs MI Emirates (Game 1) - Most Sixes,rates,,
MACRO_PM_OR_ETF_EVENT_BACKTEST,registry/w4b_polymarket_recensus_venue_events_v1.csv.gz,103394,ILT20: Dubai Capitals vs MI Emirates (Game 1) - Team Top Batter,rates,,
MACRO_PM_OR_ETF_EVENT_BACKTEST,registry/w4b_polymarket_recensus_venue_events_v1.csv.gz,103437,KHL: Lokomotiv Yaroslavl vs. CSKA Moscow,fed,,
MACRO_PM_OR_ETF_EVENT_BACKTEST,registry/w4b_polymarket_recensus_venue_events_v1.csv.gz,103456,Oilers vs. Jets,oil,,
MACRO_PM_OR_ETF_EVENT_BACKTEST,registry/w4b_polymarket_recensus_venue_events_v1.csv.gz,103517,Germany GDP growth in Q4 2025?,gdp,,
MACRO_PM_OR_ETF_EVENT_BACKTEST,registry/w4b_polymarket_recensus_venue_events_v1.csv.gz,103518,"Ethereum Up or Down - December 13, 12:30PM-12:45PM ET",fed,,
MACRO_PM_OR_ETF_EVENT_BACKTEST,registry/w4b_polymarket_recensus_venue_events_v1.csv.gz,103687,Dota 2: Team Yandex vs Xtreme Gaming (BO3),fed,,
MACRO_PM_OR_ETF_EVENT_BACKTEST,registry/w4b_polymarket_recensus_venue_events_v1.csv.gz,103742,"Ethereum Up or Down - December 13, 7:00PM-7:15PM ET",fed,,
MACRO_PM_OR_ETF_EVENT_BACKTEST,registry/w4b_polymarket_recensus_venue_events_v1.csv.gz,104003,"Solana Up or Down - December 15, 7AM ET",fed,,
MACRO_PM_OR_ETF_EVENT_BACKTEST,registry/w4b_polymarket_recensus_venue_events_v1.csv.gz,104121,Seton Hall Pirates vs. Villanova Wildcats (W),rates,,
MACRO_PM_OR_ETF_EVENT_BACKTEST,registry/w4b_polymarket_recensus_venue_events_v1.csv.gz,104134,Seton Hall Pirates vs. Providence Friars,rates,,
MACRO_PM_OR_ETF_EVENT_BACKTEST,registry/w4b_polymarket_recensus_venue_events_v1.csv.gz,104154,Jackson State Tigers vs. Hampton Pirates,rates,,
MACRO_PM_OR_ETF_EVENT_BACKTEST,registry/w4b_polymarket_recensus_venue_events_v1.csv.gz,104159,Bethune-Cookman Wildcats vs. Stonehill Skyhawks (W),fed,,
MACRO_PM_OR_ETF_EVENT_BACKTEST,registry/w4b_polymarket_recensus_venue_events_v1.csv.gz,104162,Grambling State Tigers vs. Hampton Pirates,rates,,
MACRO_PM_OR_ETF_EVENT_BACKTEST,registry/w4b_polymarket_recensus_venue_events_v1.csv.gz,104172,Georgia Bulldogs vs. VCU Rams (W),fed,,
MACRO_PM_OR_ETF_EVENT_BACKTEST,registry/w4b_polymarket_recensus_venue_events_v1.csv.gz,104193,"Solana Up or Down - December 14, 10:45AM-11:00AM ET",fed,,
MACRO_PM_OR_ETF_EVENT_BACKTEST,registry/w4b_polymarket_recensus_venue_events_v1.csv.gz,104291,"XRP Up or Down - December 14, 1:00PM-1:15PM ET",fed,,
MACRO_PM_OR_ETF_EVENT_BACKTEST,registry/w4b_polymarket_recensus_venue_events_v1.csv.gz,104342,"Ethereum Up or Down - December 14, 2:15PM-2:30PM ET",fed,,
MACRO_PM_OR_ETF_EVENT_BACKTEST,registry/w4b_polymarket_recensus_venue_events_v1.csv.gz,104343,"XRP Up or Down - December 14, 2:15PM-2:30PM ET",fed,,
MACRO_PM_OR_ETF_EVENT_BACKTEST,registry/w4b_polymarket_recensus_venue_events_v1.csv.gz,104353,"Bitcoin Up or Down - December 15, 3PM ET",fed,,
MACRO_PM_OR_ETF_EVENT_BACKTEST,registry/w4b_polymarket_recensus_venue_events_v1.csv.gz,104454,"XRP Up or Down - December 14, 6:30PM-6:45PM ET",fed,,
MACRO_PM_OR_ETF_EVENT_BACKTEST,registry/w4b_polymarket_recensus_venue_events_v1.csv.gz,104475,"Bitcoin Up or Down - December 14, 7:30PM-7:45PM ET",fed,,
MACRO_PM_OR_ETF_EVENT_BACKTEST,registry/w4b_polymarket_recensus_venue_events_v1.csv.gz,104491,"Ethereum Up or Down - December 14, 8:00PM-8:15PM ET",fed,,
MACRO_PM_OR_ETF_EVENT_BACKTEST,registry/w4b_polymarket_recensus_venue_events_v1.csv.gz,104533,"Bitcoin Up or Down - December 14, 10:00PM-10:15PM ET",fed,,
MACRO_PM_OR_ETF_EVENT_BACKTEST,registry/w4b_polymarket_recensus_venue_events_v1.csv.gz,104593,ILT20: Abu Dhabi Knight Riders vs MI Emirates (Game 1),rates,,
MACRO_PM_OR_ETF_EVENT_BACKTEST,registry/w4b_polymarket_recensus_venue_events_v1.csv.gz,104594,ILT20: Abu Dhabi Knight Riders vs MI Emirates (Game 1) - Toss Match Double,rates,,
MACRO_PM_OR_ETF_EVENT_BACKTEST,registry/w4b_polymarket_recensus_venue_events_v1.csv.gz,104595,ILT20: Abu Dhabi Knight Riders vs MI Emirates (Game 1) - Most Sixes,rates,,
MACRO_PM_OR_ETF_EVENT_BACKTEST,registry/w4b_polymarket_recensus_venue_events_v1.csv.gz,104596,ILT20: Abu Dhabi Knight Riders vs MI Emirates (Game 1) - Team Top Batter,rates,,
MACRO_PM_OR_ETF_EVENT_BACKTEST,registry/w4b_polymarket_recensus_venue_events_v1.csv.gz,104696,"XRP Up or Down - December 15, 4:00AM-4:15AM ET",fed,,
MACRO_PM_OR_ETF_EVENT_BACKTEST,registry/w4b_polymarket_recensus_venue_events_v1.csv.gz,104863,Morehead State Eagles vs. Southern Indiana Screaming Eagles (W),fed,,
MACRO_PM_OR_ETF_EVENT_BACKTEST,registry/w4b_polymarket_recensus_venue_events_v1.csv.gz,104914,Buffalo Bulls vs. Western Michigan Broncos,fed,,
MACRO_PM_OR_ETF_EVENT_BACKTEST,registry/w4b_polymarket_recensus_venue_events_v1.csv.gz,104944,Auburn Tigers vs. Purdue Boilermakers,oil,,
MACRO_PM_OR_ETF_EVENT_BACKTEST,registry/w4b_polymarket_recensus_venue_events_v1.csv.gz,104953,Sacramento State Hornets vs. California Baptist Lancers,fed,,
MACRO_PM_OR_ETF_EVENT_BACKTEST,registry/w4b_polymarket_recensus_venue_events_v1.csv.gz,105066,SHL: Faerjestad vs. Roegle,fed,,
MACRO_PM_OR_ETF_EVENT_BACKTEST,registry/w4b_polymarket_recensus_venue_events_v1.csv.gz,105089,AHL: Utica Comets vs. Wilkes-Barre/Scranton Penguins,fed,,
MACRO_PM_OR_ETF_EVENT_BACKTEST,registry/w4b_polymarket_recensus_venue_events_v1.csv.gz,105109,Kings vs. Oilers,oil,,
MACRO_PM_OR_ETF_EVENT_BACKTEST,registry/w4b_polymarket_recensus_venue_events_v1.csv.gz,105144,December Inflation China - Monthly,inflation,,
MACRO_PM_OR_ETF_EVENT_BACKTEST,registry/w4b_polymarket_recensus_venue_events_v1.csv.gz,105158,December Inflation China - Annual,inflation,,
MACRO_PM_OR_ETF_EVENT_BACKTEST,registry/w4b_polymarket_recensus_venue_events_v1.csv.gz,105259,ILT20: Desert Vipers vs MI Emirates (Game 1),rates,,
MACRO_PM_OR_ETF_EVENT_BACKTEST,registry/w4b_polymarket_recensus_venue_events_v1.csv.gz,105260,ILT20: Desert Vipers vs MI Emirates (Game 1) - Toss Match Double,rates,,
MACRO_PM_OR_ETF_EVENT_BACKTEST,registry/w4b_polymarket_recensus_venue_events_v1.csv.gz,105261,ILT20: Desert Vipers vs MI Emirates (Game 1) - Most Sixes,rates,,
MACRO_PM_OR_ETF_EVENT_BACKTEST,registry/w4b_polymarket_recensus_venue_events_v1.csv.gz,105262,ILT20: Desert Vipers vs MI Emirates (Game 1) - Team Top Batter,rates,,
MACRO_PM_OR_ETF_EVENT_BACKTEST,registry/w4b_polymarket_recensus_venue_events_v1.csv.gz,105292,"XRP Up or Down - December 15, 6:00PM-6:15PM ET",fed,,
MACRO_PM_OR_ETF_EVENT_BACKTEST,registry/w4b_polymarket_recensus_venue_events_v1.csv.gz,105379,"Ethereum Up or Down - December 15, 10:00PM-10:15PM ET",fed,,
MACRO_PM_OR_ETF_EVENT_BACKTEST,registry/w4b_polymarket_recensus_venue_events_v1.csv.gz,105452,"Solana Up or Down - December 17, 1AM ET",fed,,
MACRO_PM_OR_ETF_EVENT_BACKTEST,registry/w4b_polymarket_recensus_venue_events_v1.csv.gz,105454,"Ethereum Up or Down - December 16, 1:00AM-1:15AM ET",fed,,
MACRO_PM_OR_ETF_EVENT_BACKTEST,registry/w4b_polymarket_recensus_venue_events_v1.csv.gz,105516,"Bitcoin Up or Down - December 16, 4:00AM-8:00AM ET",fed,,
MACRO_PM_OR_ETF_EVENT_BACKTEST,registry/w4b_polymarket_recensus_venue_events_v1.csv.gz,105618,Crude Oil (CL) Up or Down on December 16?,oil,,
MACRO_PM_OR_ETF_EVENT_BACKTEST,registry/w4b_polymarket_recensus_venue_events_v1.csv.gz,105634,Patriots vs. Jets,fed,,
MACRO_PM_OR_ETF_EVENT_BACKTEST,registry/w4b_polymarket_recensus_venue_events_v1.csv.gz,105691,"Solana Up or Down - December 16, 9:45AM-10:00AM ET",fed,,
MACRO_PM_OR_ETF_EVENT_BACKTEST,registry/w4b_polymarket_recensus_venue_events_v1.csv.gz,105768,Jackson State Tigers vs. Purdue Boilermakers (W),oil,,
MACRO_PM_OR_ETF_EVENT_BACKTEST,registry/w4b_polymarket_recensus_venue_events_v1.csv.gz,105826,Campbell Fighting Camels vs. East Carolina Pirates (W),rates,,
MACRO_PM_OR_ETF_EVENT_BACKTEST,registry/w4b_polymarket_recensus_venue_events_v1.csv.gz,105848,Indiana State Sycamores vs. Illinois State Redbirds,fed,,
MACRO_PM_OR_ETF_EVENT_BACKTEST,registry/w4b_polymarket_recensus_venue_events_v1.csv.gz,105916,"Bitcoin Up or Down - December 17, 11AM ET",fed,,
MACRO_PM_OR_ETF_EVENT_BACKTEST,registry/w4b_polymarket_recensus_venue_events_v1.csv.gz,105929,CEHL: Plzen vs. Dynamo Pardubice,fed,,
MACRO_PM_OR_ETF_EVENT_BACKTEST,registry/w4b_polymarket_recensus_venue_events_v1.csv.gz,106007,"Ethereum Up or Down - December 16, 12:15PM-12:30PM ET",fed,,
MACRO_PM_OR_ETF_EVENT_BACKTEST,registry/w4b_polymarket_recensus_venue_events_v1.csv.gz,106071,Highest temperature in Dallas on December 17?,fed,,
MACRO_PM_OR_ETF_EVENT_BACKTEST,registry/w4b_polymarket_recensus_venue_events_v1.csv.gz,106265,December Inflation Canada - Monthly,inflation,,
MACRO_PM_OR_ETF_EVENT_BACKTEST,registry/w4b_polymarket_recensus_venue_events_v1.csv.gz,106282,December Inflation Canada - Annual,inflation,,
MACRO_PM_OR_ETF_EVENT_BACKTEST,registry/w4b_polymarket_recensus_venue_events_v1.csv.gz,106327,"Bitcoin Up or Down - December 16, 10:30PM-10:45PM ET",fed,,
MACRO_PM_OR_ETF_EVENT_BACKTEST,registry/w4b_polymarket_recensus_venue_events_v1.csv.gz,106470,"Ethereum Up or Down - December 17, 3:45AM-4:00AM ET",fed,,
MACRO_PM_OR_ETF_EVENT_BACKTEST,registry/w4b_polymarket_recensus_venue_events_v1.csv.gz,106568,"Solana Up or Down - December 17, 7:45AM-8:00AM ET",fed,,
MACRO_PM_OR_ETF_EVENT_BACKTEST,registry/w4b_polymarket_recensus_venue_events_v1.csv.gz,106579,Crude Oil (CL) Up or Down on December 17?,oil,,
MACRO_PM_OR_ETF_EVENT_BACKTEST,registry/w4b_polymarket_recensus_venue_events_v1.csv.gz,106587,Meta (META) Up or Down on December 17?,fed,,
MACRO_PM_OR_ETF_EVENT_BACKTEST,registry/w4b_polymarket_recensus_venue_events_v1.csv.gz,106642,"Solana Up or Down - December 18, 10AM ET",fed,,
MACRO_PM_OR_ETF_EVENT_BACKTEST,registry/w4b_polymarket_recensus_venue_events_v1.csv.gz,106685,East Carolina Pirates vs. North Carolina Tar Heels,rates,,
MACRO_PM_OR_ETF_EVENT_BACKTEST,registry/w4b_polymarket_recensus_venue_events_v1.csv.gz,106692,St. John's Red Storm vs. Villanova Wildcats (W),fed,,
MACRO_PM_OR_ETF_EVENT_BACKTEST,registry/w4b_polymarket_recensus_venue_events_v1.csv.gz,106714,Seton Hall Pirates vs. Creighton Bluejays (W),rates,,
MACRO_PM_OR_ETF_EVENT_BACKTEST,registry/w4b_polymarket_recensus_venue_events_v1.csv.gz,106766,"Bitcoin Up or Down - December 17, 10:30AM-10:45AM ET",fed,,
MACRO_PM_OR_ETF_EVENT_BACKTEST,registry/w4b_polymarket_recensus_venue_events_v1.csv.gz,106812,December Unemployment Rate,unemployment,,
MACRO_PM_OR_ETF_EVENT_BACKTEST,registry/w4b_polymarket_recensus_venue_events_v1.csv.gz,106822,How many jobs added in December?,payroll,,
MACRO_PM_OR_ETF_EVENT_BACKTEST,registry/w4b_polymarket_recensus_venue_events_v1.csv.gz,106839,Oilers vs. Blackhawks,oil,,
MACRO_PM_OR_ETF_EVENT_BACKTEST,registry/w4b_polymarket_recensus_venue_events_v1.csv.gz,106853,"Ethereum Up or Down - December 17, 11:45AM-12:00PM ET",fed,,
MACRO_PM_OR_ETF_EVENT_BACKTEST,registry/w4b_polymarket_recensus_venue_events_v1.csv.gz,106928,Fed decisions (Jan-Apr),fed;fomc,,
MACRO_PM_OR_ETF_EVENT_BACKTEST,registry/w4b_polymarket_recensus_venue_events_v1.csv.gz,106930,"Ethereum Up or Down - December 18, 2PM ET",fed,,
MACRO_PM_OR_ETF_EVENT_BACKTEST,registry/w4b_polymarket_recensus_venue_events_v1.csv.gz,107083,"Solana Up or Down - December 17, 7:45PM-8:00PM ET",fed,,
MACRO_PM_OR_ETF_EVENT_BACKTEST,registry/w4b_polymarket_recensus_venue_events_v1.csv.gz,107105,"Bitcoin Up or Down - December 17, 8:45PM-9:00PM ET",fed,,
MACRO_PM_OR_ETF_EVENT_BACKTEST,registry/w4b_polymarket_recensus_venue_events_v1.csv.gz,107125,"Bitcoin Up or Down - December 17, 9:30PM-9:45PM ET",fed,,
MACRO_PM_OR_ETF_EVENT_BACKTEST,registry/w4b_polymarket_recensus_venue_events_v1.csv.gz,107189,ILT20: Gulf Giants vs MI Emirates (Game 1),rates,,
MACRO_PM_OR_ETF_EVENT_BACKTEST,registry/w4b_polymarket_recensus_venue_events_v1.csv.gz,107190,ILT20: Gulf Giants vs MI Emirates (Game 1) - Toss Match Double,rates,,
MACRO_PM_OR_ETF_EVENT_BACKTEST,registry/w4b_polymarket_recensus_venue_events_v1.csv.gz,107191,ILT20: Gulf Giants vs MI Emirates (Game 1) - Most Sixes,rates,,
MACRO_PM_OR_ETF_EVENT_BACKTEST,registry/w4b_polymarket_recensus_venue_events_v1.csv.gz,107192,ILT20: Gulf Giants vs MI Emirates (Game 1) - Team Top Batter,rates,,
MACRO_PM_OR_ETF_EVENT_BACKTEST,registry/w4b_polymarket_recensus_venue_events_v1.csv.gz,107347,"Solana Up or Down - December 18, 6:30AM-6:45AM ET",fed,,
MACRO_PM_OR_ETF_EVENT_BACKTEST,registry/w4b_polymarket_recensus_venue_events_v1.csv.gz,107389,Crude Oil (CL) Up or Down on December 18?,oil,,
MACRO_PM_OR_ETF_EVENT_BACKTEST,registry/w4b_polymarket_recensus_venue_events_v1.csv.gz,107420,Slovenian Parliamentary Election Winner,fed,,
MACRO_PM_OR_ETF_EVENT_BACKTEST,registry/w4b_polymarket_recensus_venue_events_v1.csv.gz,107437,Sept-Nov Unemployment Rate - U.K.,unemployment,,
MACRO_PM_OR_ETF_EVENT_BACKTEST,registry/w4b_polymarket_recensus_venue_events_v1.csv.gz,107490,Harvard Crimson vs. St. John's Red Storm,fed,,
MACRO_PM_OR_ETF_EVENT_BACKTEST,registry/w4b_polymarket_recensus_venue_events_v1.csv.gz,107501,Villanova Wildcats vs. Seton Hall Pirates,rates,,
MACRO_PM_OR_ETF_EVENT_BACKTEST,registry/w4b_polymarket_recensus_venue_events_v1.csv.gz,107542,Counter-Strike: Le Bandits vs VP.Prodigy (BO3),fed,,
MACRO_PM_OR_ETF_EVENT_BACKTEST,registry/w4b_polymarket_recensus_venue_events_v1.csv.gz,107584,KHL: Lokomotiv Yaroslavl vs. Admiral Vladivostok,fed,,
MACRO_PM_OR_ETF_EVENT_BACKTEST,registry/w4b_polymarket_recensus_venue_events_v1.csv.gz,107610,Oilers vs. Predators,oil,,
MACRO_PM_OR_ETF_EVENT_BACKTEST,registry/w4b_polymarket_recensus_venue_events_v1.csv.gz,107653,"Bitcoin Up or Down - December 18, 12:15PM-12:30PM ET",fed,,
MACRO_PM_OR_ETF_EVENT_BACKTEST,registry/w4b_polymarket_recensus_venue_events_v1.csv.gz,107714,"Solana Up or Down - December 19, 3PM ET",fed,,
MACRO_PM_OR_ETF_EVENT_BACKTEST,registry/w4b_polymarket_recensus_venue_events_v1.csv.gz,107715,"XRP Up or Down - December 19, 3PM ET",fed,,
MACRO_PM_OR_ETF_EVENT_BACKTEST,registry/w4b_polymarket_recensus_venue_events_v1.csv.gz,107864,"Bitcoin Up or Down - December 18, 1:05AM-1:10AM ET",fed,,
MACRO_PM_OR_ETF_EVENT_BACKTEST,registry/w4b_polymarket_recensus_venue_events_v1.csv.gz,107873,"Solana Up or Down - December 18, 3:05AM-3:10AM ET",fed,,
MACRO_PM_OR_ETF_EVENT_BACKTEST,registry/w4b_polymarket_recensus_venue_events_v1.csv.gz,107961,"Bitcoin Up or Down - December 18, 3:45PM-4:00PM ET",fed,,
MACRO_PM_OR_ETF_EVENT_BACKTEST,registry/w4b_polymarket_recensus_venue_events_v1.csv.gz,108172,"Ethereum Up or Down - December 18, 8:30AM-8:35AM ET",fed,,
MACRO_PM_OR_ETF_EVENT_BACKTEST,registry/w4b_polymarket_recensus_venue_events_v1.csv.gz,108185,"Ethereum Up or Down - December 18, 9:15AM-9:20AM ET",fed,,
MACRO_PM_OR_ETF_EVENT_BACKTEST,registry/w4b_polymarket_recensus_venue_events_v1.csv.gz,108312,"Bitcoin Up or Down - December 18, 11:55AM-12:00PM ET",fed,,
MACRO_PM_OR_ETF_EVENT_BACKTEST,registry/w4b_polymarket_recensus_venue_events_v1.csv.gz,108434,December Inflation U.K. - Monthly,inflation,,
MACRO_PM_OR_ETF_EVENT_BACKTEST,registry/w4b_polymarket_recensus_venue_events_v1.csv.gz,108574,"Solana Up or Down - December 18, 4:30PM-4:35PM ET",fed,,
MACRO_PM_OR_ETF_EVENT_BACKTEST,registry/w4b_polymarket_recensus_venue_events_v1.csv.gz,108578,December Inflation U.K. - Annual,inflation,,
MACRO_PM_OR_ETF_EVENT_BACKTEST,registry/w4b_polymarket_recensus_venue_events_v1.csv.gz,108649,December Inflation Eurozone - Monthly,inflation,,
MACRO_PM_OR_ETF_EVENT_BACKTEST,registry/w4b_polymarket_recensus_venue_events_v1.csv.gz,108662,December Inflation Eurozone - Annual,inflation,,
MACRO_PM_OR_ETF_EVENT_BACKTEST,registry/w4b_polymarket_recensus_venue_events_v1.csv.gz,108716,"XRP Up or Down - December 18, 7:05PM-7:10PM ET",fed,,
MACRO_PM_OR_ETF_EVENT_BACKTEST,registry/w4b_polymarket_recensus_venue_events_v1.csv.gz,108724,"XRP Up or Down - December 18, 7:15PM-7:30PM ET",fed,,
MACRO_PM_OR_ETF_EVENT_BACKTEST,registry/w4b_polymarket_recensus_venue_events_v1.csv.gz,108948,"XRP Up or Down - December 18, 8:15PM-8:30PM ET",fed,,
MACRO_PM_OR_ETF_EVENT_BACKTEST,registry/w4b_polymarket_recensus_venue_events_v1.csv.gz,108978,"Ethereum Up or Down - December 18, 10:25PM-10:30PM ET",fed,,
MACRO_PM_OR_ETF_EVENT_BACKTEST,registry/w4b_polymarket_recensus_venue_events_v1.csv.gz,109210,"Bitcoin Up or Down - December 19, 1:20AM-1:25AM ET",fed,,
MACRO_PM_OR_ETF_EVENT_BACKTEST,registry/w4b_polymarket_recensus_venue_events_v1.csv.gz,109263,"Bitcoin Up or Down - December 19, 2:00AM-2:05AM ET",fed,,
MACRO_PM_OR_ETF_EVENT_BACKTEST,registry/w4b_polymarket_recensus_venue_events_v1.csv.gz,109464,"Ethereum Up or Down - December 20, 5AM ET",fed,,
MACRO_PM_OR_ETF_EVENT_BACKTEST,registry/w4b_polymarket_recensus_venue_events_v1.csv.gz,109513,"Ethereum Up or Down - December 19, 5:35AM-5:40AM ET",fed,,
MACRO_PM_OR_ETF_EVENT_BACKTEST,registry/w4b_polymarket_recensus_venue_events_v1.csv.gz,109532,Highest temperature in London on December 20?,fed,,
MACRO_PM_OR_ETF_EVENT_BACKTEST,registry/w4b_polymarket_recensus_venue_events_v1.csv.gz,109576,"XRP Up or Down - December 19, 6:30AM-6:45AM ET",fed,,
MACRO_PM_OR_ETF_EVENT_BACKTEST,registry/w4b_polymarket_recensus_venue_events_v1.csv.gz,109687,Crude Oil (CL) Up or Down on December 19?,oil,,
MACRO_PM_OR_ETF_EVENT_BACKTEST,registry/w4b_polymarket_recensus_venue_events_v1.csv.gz,109767,"Ethereum Up or Down - December 19, 8:50AM-8:55AM ET",fed,,
MACRO_PM_OR_ETF_EVENT_BACKTEST,registry/w4b_polymarket_recensus_venue_events_v1.csv.gz,109939,"Ethereum Up or Down - December 19, 11:10AM-11:15AM ET",fed,,
MACRO_PM_OR_ETF_EVENT_BACKTEST,registry/w4b_polymarket_recensus_venue_events_v1.csv.gz,109949,"Solana Up or Down - December 19, 11:20AM-11:25AM ET",fed,,
MACRO_PM_OR_ETF_EVENT_BACKTEST,registry/w4b_polymarket_recensus_venue_events_v1.csv.gz,110022,ECB Interest Rates: March 2026,interest rate;rates,,
MACRO_PM_OR_ETF_EVENT_BACKTEST,registry/w4b_polymarket_recensus_venue_events_v1.csv.gz,110118,"Bitcoin Up or Down - December 19, 1:15PM-1:20PM ET",fed,,
MACRO_PM_OR_ETF_EVENT_BACKTEST,registry/w4b_polymarket_recensus_venue_events_v1.csv.gz,110159,"Solana Up or Down - December 20, 2PM ET",fed,,
MACRO_PM_OR_ETF_EVENT_BACKTEST,registry/w4b_polymarket_recensus_venue_events_v1.csv.gz,110202,"Solana Up or Down - December 19, 2:30PM-2:35PM ET",fed,,
MACRO_PM_OR_ETF_EVENT_BACKTEST,registry/w4b_polymarket_recensus_venue_events_v1.csv.gz,110249,Gabon vs. Côte d'Ivoire,fed,,
MACRO_PM_OR_ETF_EVENT_BACKTEST,registry/w4b_polymarket_recensus_venue_events_v1.csv.gz,110271,"XRP Up or Down - December 19, 2:55PM-3:00PM ET",fed,,
MACRO_PM_OR_ETF_EVENT_BACKTEST,registry/w4b_polymarket_recensus_venue_events_v1.csv.gz,110361,"XRP Up or Down - December 19, 4:10PM-4:15PM ET",fed,,
MACRO_PM_OR_ETF_EVENT_BACKTEST,registry/w4b_polymarket_recensus_venue_events_v1.csv.gz,110411,"Bitcoin Up or Down - December 20, 5PM ET",fed,,
MACRO_PM_OR_ETF_EVENT_BACKTEST,registry/w4b_polymarket_recensus_venue_events_v1.csv.gz,110486,"Ethereum Up or Down - December 19, 5:30PM-5:35PM ET",fed,,
MACRO_PM_OR_ETF_EVENT_BACKTEST,registry/w4b_polymarket_recensus_venue_events_v1.csv.gz,110511,"Ethereum Up or Down - December 19, 5:45PM-5:50PM ET",fed,,
MACRO_PM_OR_ETF_EVENT_BACKTEST,registry/w4b_polymarket_recensus_venue_events_v1.csv.gz,110546,"Solana Up or Down - December 19, 6:05PM-6:10PM ET",fed,,
MACRO_PM_OR_ETF_EVENT_BACKTEST,registry/w4b_polymarket_recensus_venue_events_v1.csv.gz,110562,"XRP Up or Down - December 19, 6:20PM-6:25PM ET",fed,,
MACRO_PM_OR_ETF_EVENT_BACKTEST,registry/w4b_polymarket_recensus_venue_events_v1.csv.gz,110846,"XRP Up or Down - December 19, 9:50PM-9:55PM ET",fed,,
MACRO_PM_OR_ETF_EVENT_BACKTEST,registry/w4b_polymarket_recensus_venue_events_v1.csv.gz,110853,"Ethereum Up or Down - December 19, 9:55PM-10:00PM ET",fed,,
MACRO_PM_OR_ETF_EVENT_BACKTEST,registry/w4b_polymarket_recensus_venue_events_v1.csv.gz,110880,"Bitcoin Up or Down - December 19, 10:25PM-10:30PM ET",fed,,
MACRO_PM_OR_ETF_EVENT_BACKTEST,registry/w4b_polymarket_recensus_venue_events_v1.csv.gz,110912,"Bitcoin Up or Down - December 20, 11PM ET",fed,,
MACRO_PM_OR_ETF_EVENT_BACKTEST,registry/w4b_polymarket_recensus_venue_events_v1.csv.gz,110956,"XRP Up or Down - December 19, 11:35PM-11:40PM ET",fed,,
MACRO_PM_OR_ETF_EVENT_BACKTEST,registry/w4b_polymarket_recensus_venue_events_v1.csv.gz,110959,"Solana Up or Down - December 19, 11:35PM-11:40PM ET",fed,,
MACRO_PM_OR_ETF_EVENT_BACKTEST,registry/w4b_polymarket_recensus_venue_events_v1.csv.gz,110973,"Solana Up or Down - December 19, 11:00PM-11:15PM ET",fed,,
MACRO_PM_OR_ETF_EVENT_BACKTEST,registry/w4b_polymarket_recensus_venue_events_v1.csv.gz,111039,January Inflation US - Monthly,inflation,,
MACRO_PM_OR_ETF_EVENT_BACKTEST,registry/w4b_polymarket_recensus_venue_events_v1.csv.gz,111050,January Inflation US - Annual,inflation,,
MACRO_PM_OR_ETF_EVENT_BACKTEST,registry/w4b_polymarket_recensus_venue_events_v1.csv.gz,111070,"Solana Up or Down - December 20, 12:55AM-1:00AM ET",fed,,
MACRO_PM_OR_ETF_EVENT_BACKTEST,registry/w4b_polymarket_recensus_venue_events_v1.csv.gz,111081,"Bitcoin Up or Down - December 20, 1:05AM-1:10AM ET",fed,,
MACRO_PM_OR_ETF_EVENT_BACKTEST,registry/w4b_polymarket_recensus_venue_events_v1.csv.gz,111086,"XRP Up or Down - December 20, 1:10AM-1:15AM ET",fed,,
MACRO_PM_OR_ETF_EVENT_BACKTEST,registry/w4b_polymarket_recensus_venue_events_v1.csv.gz,111092,"Bitcoin Up or Down - December 20, 1:15AM-1:20AM ET",fed,,
MACRO_PM_OR_ETF_EVENT_BACKTEST,registry/w4b_polymarket_recensus_venue_events_v1.csv.gz,111109,"Solana Up or Down - December 20, 1:30AM-1:35AM ET",fed,,
MACRO_PM_OR_ETF_EVENT_BACKTEST,registry/w4b_polymarket_recensus_venue_events_v1.csv.gz,111141,"Ethereum Up or Down - December 20, 1:55AM-2:00AM ET",fed,,
MACRO_PM_OR_ETF_EVENT_BACKTEST,registry/w4b_polymarket_recensus_venue_events_v1.csv.gz,111171,"XRP Up or Down - December 20, 2:25AM-2:30AM ET",fed,,
MACRO_PM_OR_ETF_EVENT_BACKTEST,registry/w4b_polymarket_recensus_venue_events_v1.csv.gz,111330,"Ethereum Up or Down - December 20, 4:40AM-4:45AM ET",fed,,
MACRO_PM_OR_ETF_EVENT_BACKTEST,registry/w4b_polymarket_recensus_venue_events_v1.csv.gz,111441,"Bitcoin Up or Down - December 20, 6:15AM-6:30AM ET",fed,,
MACRO_PM_OR_ETF_EVENT_BACKTEST,registry/w4b_polymarket_recensus_venue_events_v1.csv.gz,111669,"Solana Up or Down - December 20, 9:00AM-9:05AM ET",fed,,
MACRO_PM_OR_ETF_EVENT_BACKTEST,registry/w4b_polymarket_recensus_venue_events_v1.csv.gz,111680,"Solana Up or Down - December 20, 9:15AM-9:30AM ET",fed,,
MACRO_PM_OR_ETF_EVENT_BACKTEST,registry/w4b_polymarket_recensus_venue_events_v1.csv.gz,111714,"XRP Up or Down - December 20, 9:45AM-9:50AM ET",fed,,
MACRO_PM_OR_ETF_EVENT_BACKTEST,registry/w4b_polymarket_recensus_venue_events_v1.csv.gz,111751,"Bitcoin Up or Down - December 20, 10:10AM-10:15AM ET",fed,,
MACRO_PM_OR_ETF_EVENT_BACKTEST,registry/w4b_polymarket_recensus_venue_events_v1.csv.gz,111848,Islanders vs. Oilers,oil,,
MACRO_PM_OR_ETF_EVENT_BACKTEST,registry/w4b_polymarket_recensus_venue_events_v1.csv.gz,111996,"Ethereum Up or Down - December 20, 1:15PM-1:30PM ET",fed,,
MACRO_PM_OR_ETF_EVENT_BACKTEST,registry/w4b_polymarket_recensus_venue_events_v1.csv.gz,112029,"Solana Up or Down - December 20, 1:40PM-1:45PM ET",fed,,
MACRO_PM_OR_ETF_EVENT_BACKTEST,registry/w4b_polymarket_recensus_venue_events_v1.csv.gz,112056,"Ethereum Up or Down - December 20, 2:05PM-2:10PM ET",fed,,
MACRO_PM_OR_ETF_EVENT_BACKTEST,registry/w4b_polymarket_recensus_venue_events_v1.csv.gz,112060,"Solana Up or Down - December 20, 2:10PM-2:15PM ET",fed,,
MACRO_PM_OR_ETF_EVENT_BACKTEST,registry/w4b_polymarket_recensus_venue_events_v1.csv.gz,112138,"Ethereum Up or Down - December 20, 3:15PM-3:20PM ET",fed,,
MACRO_PM_OR_ETF_EVENT_BACKTEST,registry/w4b_polymarket_recensus_venue_events_v1.csv.gz,112166,"XRP Up or Down - December 20, 3:40PM-3:45PM ET",fed,,
MACRO_PM_OR_ETF_EVENT_BACKTEST,registry/w4b_polymarket_recensus_venue_events_v1.csv.gz,112189,"XRP Up or Down - December 20, 4:00PM-4:15PM ET",fed,,
MACRO_PM_OR_ETF_EVENT_BACKTEST,registry/w4b_polymarket_recensus_venue_events_v1.csv.gz,112317,"XRP Up or Down - December 20, 5:15PM-5:30PM ET",fed,,
MACRO_PM_OR_ETF_EVENT_BACKTEST,registry/w4b_polymarket_recensus_venue_events_v1.csv.gz,112370,Mobile Legends Bang Bang: DianFengYaoGuai vs Team Vamos (BO3),fed,,
MACRO_PM_OR_ETF_EVENT_BACKTEST,registry/w4b_polymarket_recensus_venue_events_v1.csv.gz,112375,Mobile Legends Bang Bang: Verso Time vs HomeBois (BO3),fed,,
MACRO_PM_OR_ETF_EVENT_BACKTEST,registry/w4b_polymarket_recensus_venue_events_v1.csv.gz,112417,"XRP Up or Down - December 20, 6:15PM-6:30PM ET",fed,,
MACRO_PM_OR_ETF_EVENT_BACKTEST,registry/w4b_polymarket_recensus_venue_events_v1.csv.gz,112608,"Bitcoin Up or Down - December 20, 8:55PM-9:00PM ET",fed,,
MACRO_PM_OR_ETF_EVENT_BACKTEST,registry/w4b_polymarket_recensus_venue_events_v1.csv.gz,112621,"Solana Up or Down - December 20, 9:05PM-9:10PM ET",fed,,
MACRO_PM_OR_ETF_EVENT_BACKTEST,registry/w4b_polymarket_recensus_venue_events_v1.csv.gz,112723,"XRP Up or Down - December 20, 10:35PM-10:40PM ET",fed,,
MACRO_PM_OR_ETF_EVENT_BACKTEST,registry/w4b_polymarket_recensus_venue_events_v1.csv.gz,112797,"XRP Up or Down - December 20, 11:45PM-12:00AM ET",fed,,
MACRO_PM_OR_ETF_EVENT_BACKTEST,registry/w4b_polymarket_recensus_venue_events_v1.csv.gz,112906,"Ethereum Up or Down - December 22, 1AM ET",fed,,
MACRO_PM_OR_ETF_EVENT_BACKTEST,registry/w4b_polymarket_recensus_venue_events_v1.csv.gz,112969,"Ethereum Up or Down - December 21, 1:50AM-1:55AM ET",fed,,
MACRO_PM_OR_ETF_EVENT_BACKTEST,registry/w4b_polymarket_recensus_venue_events_v1.csv.gz,113056,"XRP Up or Down - December 21, 3:00AM-3:05AM ET",fed,,
MACRO_PM_OR_ETF_EVENT_BACKTEST,registry/w4b_polymarket_recensus_venue_events_v1.csv.gz,113069,"XRP Up or Down - December 21, 3:10AM-3:15AM ET",fed,,
MACRO_PM_OR_ETF_EVENT_BACKTEST,registry/w4b_polymarket_recensus_venue_events_v1.csv.gz,113291,"Solana Up or Down - December 21, 6:15AM-6:20AM ET",fed,,
MACRO_PM_OR_ETF_EVENT_BACKTEST,registry/w4b_polymarket_recensus_venue_events_v1.csv.gz,113322,"Solana Up or Down - December 21, 6:45AM-6:50AM ET",fed,,
MACRO_PM_OR_ETF_EVENT_BACKTEST,registry/w4b_polymarket_recensus_venue_events_v1.csv.gz,113387,"Bitcoin Up or Down - December 21, 7:30AM-7:35AM ET",fed,,
MACRO_PM_OR_ETF_EVENT_BACKTEST,registry/w4b_polymarket_recensus_venue_events_v1.csv.gz,113514,"Ethereum Up or Down - December 21, 9:20AM-9:25AM ET",fed,,
MACRO_PM_OR_ETF_EVENT_BACKTEST,registry/w4b_polymarket_recensus_venue_events_v1.csv.gz,113525,"Bitcoin Up or Down - December 21, 9:15AM-9:30AM ET",fed,,
MACRO_PM_OR_ETF_EVENT_BACKTEST,registry/w4b_polymarket_recensus_venue_events_v1.csv.gz,113619,"Bitcoin Up or Down - December 21, 10:35AM-10:40AM ET",fed,,
MACRO_PM_OR_ETF_EVENT_BACKTEST,registry/w4b_polymarket_recensus_venue_events_v1.csv.gz,113671,"XRP Up or Down - December 21, 11:05AM-11:10AM ET",fed,,
MACRO_PM_OR_ETF_EVENT_BACKTEST,registry/w4b_polymarket_recensus_venue_events_v1.csv.gz,113722,Predators vs. Avalanche,fed,,
