event_id,resolved_family,independence_cluster_id,title,slug,semantic_end_utc,asof_state,jurisdiction,primary_source_route,linked_asset,linked_asset_mapping_state,linked_asset_mapping_basis,revelation_state,revelation_precision,public_revelation_utc,safe_cutoff_utc,revelation_source_type,revelation_source_url,revelation_response_sha256,resolution_state,resolution_source_type,resolution_source_url,resolution_response_sha256,resolution_ambiguous,asset_data_state,asset_data_first_date,asset_data_last_date,asset_data_rows,asset_data_response_sha256,mandatory_account_gated_dependency,mandatory_field_state,adjudication_notes,gamma_state,nested_market_count,pm_condition_ids,pm_token_ids,tokens_with_price_history,tokens_unresolved,pm_earliest_verified_history_utc,pm_latest_verified_history_utc,pm_platform_collection_state,linked_asset_mapping_source_url,safe_cutoff_state,pm_mapping_state,pm_mapping_conflict,layer_a_mapping_missing,pm_pre_cutoff_state,pm_24h_state,history_state,pre_cutoff_history_hours_lower_bound,f2_state,pm_price_witness_pre_cutoff,pm_price_witness_24h,pm_price_witness_pre_cutoff_utc,pm_price_witness_minus_24h_or_earlier_utc,f2_event_pass,pit_event_eligible_state,pit_event_eligible,network_unresolved_components
219986,EARNINGS_EPS,69a84a816e323923cc0ea786,Will GoPro (GPRO) beat quarterly earnings?,gpro-quarterly-earnings-nongaap-eps-03-05-2026-0pt04,2026-03-05T22:00:00Z,DUE_ASOF,UNITED_STATES,ISSUER_IR_AND_SEC_EDGAR,GPRO,PASS,EXACT_SEC_TICKER_TO_CIK,UNRESOLVED,UNRESOLVED,,,SEC_ACCEPTANCE_CORROBORATION_ONLY,https://www.sec.gov/Archives/edgar/data/1500435/000150043526000003/gpro2025-12x31ex991xer.htm,758489fe9c52dd922054c6c42d99e5aa9934117927e1af4a0818cd377fef14c7,PASS,SEC_EDGAR_8-K,https://www.sec.gov/Archives/edgar/data/1500435/000150043526000003/gpro2025-12x31ex991xer.htm,758489fe9c52dd922054c6c42d99e5aa9934117927e1af4a0818cd377fef14c7,false,PASS,2025-12-22,2026-04-10,75,f73036f3a4b045f01dfd5e2758d4a80c90fb00ba85107f0f356c31654dfffccf,false,PASS,SEC acceptance corroborated at 2026-03-05T21:02:18Z; earlier issuer-IR timestamp not independently resolved.,PASS,1,0xf30336690af57f64f7e87478c386a8006965f85e38bbb4af104b764150338b22,38803567097716142771174192247110322216790334390455897209513339451385763986670|5870992078853029144742931965475919889077655317559945416872688959385219181063,0,0,,,NO_PRICE_HISTORY_OBSERVED,https://www.sec.gov/files/company_tickers.json,UNRESOLVED,PASS,false,false,FAIL,FAIL,FAIL,,FAIL,false,false,,,false,FAIL,false,revelation_state|safe_cutoff_state
69094,EARNINGS_EPS,16056cf297b5ad9ebe959d00,Will Hyatt Hotels (H) beat quarterly earnings?,h-quarterly-earnings-nongaap-eps-11-06-2025-0pt49,2025-11-06T14:00:00Z,DUE_ASOF,UNITED_STATES,ISSUER_IR_AND_SEC_EDGAR,H,PASS,EXACT_SEC_TICKER_TO_CIK,UNRESOLVED,UNRESOLVED,,,SEC_ACCEPTANCE_CORROBORATION_ONLY,https://www.sec.gov/Archives/edgar/data/1468174/000146817425000108/q32025earningsrelease.htm,da16e5afdbd5a19710e969f13621bd78237901afeb167378dc7937f3b751c55e,PASS,SEC_EDGAR_8-K,https://www.sec.gov/Archives/edgar/data/1468174/000146817425000108/q32025earningsrelease.htm,da16e5afdbd5a19710e969f13621bd78237901afeb167378dc7937f3b751c55e,false,PASS,2025-08-25,2025-12-11,77,3bdf7914b68203c50d2b6e568401168129952ddd50a8c99773a09ac7c69c850f,false,PASS,SEC acceptance corroborated at 2025-11-06T11:58:09Z; earlier issuer-IR timestamp not independently resolved.,PASS,1,0x615a2a38e8d86cf7cfae2613359f15201f8533506004415d27825de9d99923b3,64731858116237959203194310535102435666314786719050436528457503195937395893091|92860897731459924630024438290059902452051793561763477561867642780934732533483,0,0,,,NO_PRICE_HISTORY_OBSERVED,https://www.sec.gov/files/company_tickers.json,UNRESOLVED,PASS,false,false,FAIL,FAIL,FAIL,,FAIL,false,false,,,false,FAIL,false,revelation_state|safe_cutoff_state
428546,EARNINGS_EPS,c155ff20af53f6a94e2ae548,Will Circle Internet (CRCL) beat quarterly earnings?,crcl-quarterly-earnings-gaap-eps-05-11-2026-0pt18,2026-05-11T13:00:00Z,DUE_ASOF,UNITED_STATES,ISSUER_IR_AND_SEC_EDGAR,CRCL,PASS,EXACT_SEC_TICKER_TO_CIK,UNRESOLVED,UNRESOLVED,,,SEC_ACCEPTANCE_CORROBORATION_ONLY,https://www.sec.gov/Archives/edgar/data/1876042/000187604226000148/0001876042-26-000148.txt,67b129760f5ddc70f299281cb5b0c885b2ef8333874f7b52f14c98098ff38d3f,PASS,SEC_EDGAR_8-K,https://www.sec.gov/Archives/edgar/data/1876042/000187604226000148/0001876042-26-000148.txt,67b129760f5ddc70f299281cb5b0c885b2ef8333874f7b52f14c98098ff38d3f,false,PASS,2026-02-25,2026-06-15,77,fc8a0d5882b089070ad9e4b0f13636039bd116fd5cc2de4f6e0dfbd22518a9d3,false,PASS,SEC acceptance corroborated at 2026-05-11T10:27:16Z; earlier issuer-IR timestamp not independently resolved.,PASS,1,0x3f9b435ef787a1e2ac26c410668b29a4aecbc68a348b56ae4e152284e1bf4348,9524085053035923006369501419495078173118270368277391328990642551723846436093|96120978057030622063598214332848196653944851663304488391480949108663690508582,0,0,,,NO_PRICE_HISTORY_OBSERVED,https://www.sec.gov/files/company_tickers.json,UNRESOLVED,PASS,false,false,FAIL,FAIL,FAIL,,FAIL,false,false,,,false,FAIL,false,revelation_state|safe_cutoff_state
87221,EARNINGS_EPS,8c24f167252516643ac23aee,Will Asana (ASAN) beat quarterly earnings?,asan-quarterly-earnings-nongaap-eps-12-02-2025-0pt06,2025-12-02T22:00:00Z,DUE_ASOF,UNITED_STATES,ISSUER_IR_AND_SEC_EDGAR,ASAN,PASS,EXACT_SEC_TICKER_TO_CIK,UNRESOLVED,UNRESOLVED,,,SEC_ACCEPTANCE_CORROBORATION_ONLY,https://www.sec.gov/Archives/edgar/data/1477720/000147772025000235/asana8-kex991q3fy26.htm,76622a973d3216b1cd6f7baa9ac1e39243bb358f8d5f03f47c1b6dafb5e8bd49,PASS,SEC_EDGAR_8-K,https://www.sec.gov/Archives/edgar/data/1477720/000147772025000235/asana8-kex991q3fy26.htm,76622a973d3216b1cd6f7baa9ac1e39243bb358f8d5f03f47c1b6dafb5e8bd49,false,PASS,2025-09-18,2026-01-07,77,2c2ecbae9a730ee385ad591dc73752ac643b3409bd5bc3df92bc45db0f177020,false,PASS,SEC acceptance corroborated at 2025-12-02T21:06:16Z; earlier issuer-IR timestamp not independently resolved.,PASS,1,0xa20cdd3bd8f1f51c4adafadd3882bb0bc143e684942e0b6199208cb0dce8a8d9,113030002990037083919926232602294538699272161927747973188242642883244538702851|51241224332966857408860479947825751336342850951320636701628549190014998309958,0,0,,,NO_PRICE_HISTORY_OBSERVED,https://www.sec.gov/files/company_tickers.json,UNRESOLVED,PASS,false,false,FAIL,FAIL,FAIL,,FAIL,false,false,,,false,FAIL,false,revelation_state|safe_cutoff_state
179864,EARNINGS_EPS,cbf1f7bcfaff2fb1cb0cc47b,Will Ford Motor (F) beat quarterly earnings?,f-quarterly-earnings-nongaap-eps-02-04-2026-0pt18,2026-02-10T22:00:00Z,DUE_ASOF,UNITED_STATES,ISSUER_IR_AND_SEC_EDGAR,F,PASS,EXACT_SEC_TICKER_TO_CIK,UNRESOLVED,UNRESOLVED,,,SEC_ACCEPTANCE_CORROBORATION_ONLY,https://www.sec.gov/Archives/edgar/data/37996/000003799626000014/exhibit99tofebruary10202.htm,125b6bd8f60f0ec04702cc400aa62e3f62250c4a255d938aa502b944c5b757fb,PASS,SEC_EDGAR_8-K,https://www.sec.gov/Archives/edgar/data/37996/000003799626000014/exhibit99tofebruary10202.htm,125b6bd8f60f0ec04702cc400aa62e3f62250c4a255d938aa502b944c5b757fb,false,PASS,2025-11-28,2026-03-18,75,a1f27ce1866f1008810ab653bd4704b434ab4819467091b8d61677d2c07541da,false,PASS,SEC acceptance corroborated at 2026-02-10T16:08:19Z; earlier issuer-IR timestamp not independently resolved.,PASS,1,0xafb23268a1782cd0eb4c5d43e400f78a39030c7cf708c060a258f2334b3f9d77,35382845073974328147565314769549690056208862145322670294408453474329463835648|74551600767062947222291891614408884465454226500838360341456146362778851766173,0,0,,,NO_PRICE_HISTORY_OBSERVED,https://www.sec.gov/files/company_tickers.json,UNRESOLVED,PASS,false,false,FAIL,FAIL,FAIL,,FAIL,false,false,,,false,FAIL,false,revelation_state|safe_cutoff_state
358470,EARNINGS_EPS,b1b3cc0774fe279b27f78c73,Will IMAX (IMAX) beat quarterly earnings?,imax-quarterly-earnings-nongaap-eps-04-22-2026-0pt19,2026-04-30T21:00:00Z,DUE_ASOF,UNITED_STATES,ISSUER_IR_AND_SEC_EDGAR,IMAX,PASS,EXACT_SEC_TICKER_TO_CIK,UNRESOLVED,UNRESOLVED,,,SEC_ACCEPTANCE_CORROBORATION_ONLY,https://www.sec.gov/Archives/edgar/data/921582/000162828026028907/0001628280-26-028907.txt,0141925122705cafc95444350ab14076cbfab09ee4fbe8504c32473df98b455c,PASS,SEC_EDGAR_8-K,https://www.sec.gov/Archives/edgar/data/921582/000162828026028907/0001628280-26-028907.txt,0141925122705cafc95444350ab14076cbfab09ee4fbe8504c32473df98b455c,false,PASS,2026-02-17,2026-06-05,77,93f2f7dfab676a329139c05f1bc74953a1a5e9e9b4e8bac0b834fbcaea2dd20b,false,PASS,SEC acceptance corroborated at 2026-04-30T20:16:01Z; earlier issuer-IR timestamp not independently resolved.,PASS,1,0x9d5751efa34a643e5c37fc5b9d8349592d6abb283bcab8bf315eee02e2774ebb,23323855346958111307439001094439832545588549351125069320470361808303057689432|84283309723193403601434702861351628781561809944891827169190618821471883919642,0,0,,,NO_PRICE_HISTORY_OBSERVED,https://www.sec.gov/files/company_tickers.json,UNRESOLVED,PASS,false,false,FAIL,FAIL,FAIL,,FAIL,false,false,,,false,FAIL,false,revelation_state|safe_cutoff_state
572856,EARNINGS_EPS,069410fb87e36d4b1e95ed51,Will Carnival (CCL) beat quarterly earnings?,ccl-quarterly-earnings-nongaap-eps-06-22-2026-0pt34,2026-06-22T13:00:00Z,DUE_ASOF,UNITED_STATES,ISSUER_IR_AND_SEC_EDGAR,CCL,PASS,EXACT_SEC_TICKER_TO_CIK,UNRESOLVED,UNRESOLVED,,,SEC_ACCEPTANCE_CORROBORATION_ONLY,https://www.sec.gov/Archives/edgar/data/815097/000081509726000086/a20262qearningsrelease8-k.htm,4a879bf1879e74581df7f112c15e33a92b3345a7c417efe2bf2647effe5743fb,PASS,SEC_EDGAR_8-K,https://www.sec.gov/Archives/edgar/data/815097/000081509726000086/a20262qearningsrelease8-k.htm,4a879bf1879e74581df7f112c15e33a92b3345a7c417efe2bf2647effe5743fb,false,PASS,2026-04-08,2026-07-27,76,f78b4ada0ce46801cbb9cc5fff3c7a2162a2a31940b9b63b22323eaec613745d,false,PASS,SEC acceptance corroborated at 2026-06-23T13:16:37Z; earlier issuer-IR timestamp not independently resolved.,PASS,1,0x54487fd78889f128397ba012a21020d7a46d73168d8ae278fb21c8ff2f9023ab,15389680440673531101974136834103982007917329951219027499272709077360538518852|38414716527078240287701950568831385192373645451772962922852668653967032361656,0,0,,,NO_PRICE_HISTORY_OBSERVED,https://www.sec.gov/files/company_tickers.json,UNRESOLVED,PASS,false,false,FAIL,FAIL,FAIL,,FAIL,false,false,,,false,FAIL,false,revelation_state|safe_cutoff_state
715656,EARNINGS_EPS,1c4fcde0f549da3fc23fd2d1,Will Integra Lifesciences (IART) beat quarterly earnings?,iart-quarterly-earnings-nongaap-eps-07-29-2026-0pt48,2026-07-29T13:00:00Z,DUE_ASOF,UNITED_STATES,ISSUER_IR_AND_SEC_EDGAR,IART,PASS,EXACT_SEC_TICKER_TO_CIK,UNRESOLVED,UNRESOLVED,,,SEC_ACCEPTANCE_CORROBORATION_ONLY,https://www.sec.gov/Archives/edgar/data/917520/000091752026000055/ex991-q22026earningsrelease.htm,cbaaf9f2e5dcb63dc7c7e891bea23f167b5c6fdaf3007f6705d0f4d750210272,PASS,SEC_EDGAR_8-K,https://www.sec.gov/Archives/edgar/data/917520/000091752026000055/ex991-q22026earningsrelease.htm,cbaaf9f2e5dcb63dc7c7e891bea23f167b5c6fdaf3007f6705d0f4d750210272,false,PASS,2026-05-15,2026-08-12,61,8f271e349b6f01578b1669a64181e4faa26d1207da564c1f3bdc8e1260b9e3e8,false,PASS,SEC acceptance corroborated at 2026-07-29T10:15:13Z; earlier issuer-IR timestamp not independently resolved.,PASS,1,0x105f7e63b07c079be5e52a3c15ba8ce15022c45b189ea9a54d23c31bd972eb1f,18150975493695232359558019794384083281889095728683283101953737008354767621114|6770057802130727512814080368355292490852375832082532835888891584387601610133,2,0,2026-07-18T20:30:07Z,2026-07-29T12:00:49Z,PASS_HISTORY_OBSERVED,https://www.sec.gov/files/company_tickers.json,UNRESOLVED,PASS,false,false,UNRESOLVED,UNRESOLVED,UNRESOLVED,,UNRESOLVED,,,,,,UNRESOLVED,false,pm_pre_cutoff_state|pm_24h_state|history_state|f2_state|revelation_state|safe_cutoff_state
559487,EARNINGS_EPS,5ceed5c319b44a8d03a48e6c,Will Kroger (KR) beat quarterly earnings?,kr-quarterly-earnings-nongaap-eps-06-18-2026-1pt58,2026-06-18T13:00:00Z,DUE_ASOF,UNITED_STATES,ISSUER_IR_AND_SEC_EDGAR,KR,PASS,EXACT_SEC_TICKER_TO_CIK,UNRESOLVED,UNRESOLVED,,,SEC_ACCEPTANCE_CORROBORATION_ONLY,https://www.sec.gov/Archives/edgar/data/56873/000110465926075395/tm2618219d1_ex99-1.htm,6133843a7e061feb74a48a231db48d1d8eefac5621b5fceb98a4054d16e482d9,PASS,SEC_EDGAR_8-K,https://www.sec.gov/Archives/edgar/data/56873/000110465926075395/tm2618219d1_ex99-1.htm,6133843a7e061feb74a48a231db48d1d8eefac5621b5fceb98a4054d16e482d9,false,PASS,2026-04-06,2026-07-23,76,0c941e09b641e096a2bc5c36ad7ee6bc2dc3cde702e761f370b052b63f25adb5,false,PASS,SEC acceptance corroborated at 2026-06-18T10:52:56Z; earlier issuer-IR timestamp not independently resolved.,PASS,1,0x7a2bde1f360189caa1ea1f199ffad7be798f335c9dfbe7b9d2bc65b8a126b6d0,87282808270713002981392424045318527169309022140809545276291180814642371263977|9317780758867115426391375962559682167733174517340671165049348767024643005761,0,0,,,NO_PRICE_HISTORY_OBSERVED,https://www.sec.gov/files/company_tickers.json,UNRESOLVED,PASS,false,false,FAIL,FAIL,FAIL,,FAIL,false,false,,,false,FAIL,false,revelation_state|safe_cutoff_state
62711,EARNINGS_EPS,13fac72007c648b945051892,Will BGC Group (BGC) beat quarterly earnings?,bgc-quarterly-earnings-nongaap-eps-11-06-2025-0pt28,2025-11-06T14:00:00Z,DUE_ASOF,UNITED_STATES,ISSUER_IR_AND_SEC_EDGAR,BGC,PASS,EXACT_SEC_TICKER_TO_CIK,UNRESOLVED,UNRESOLVED,,,SEC_ACCEPTANCE_CORROBORATION_ONLY,https://www.sec.gov/Archives/edgar/data/1094831/000162828025049883/bgc-2025930xexx991.htm,7e6e9d11c8c8ccf96df3486d26b25b3f5ab1e5eae52393feccab417a612df8d1,PASS,SEC_EDGAR_8-K,https://www.sec.gov/Archives/edgar/data/1094831/000162828025049883/bgc-2025930xexx991.htm,7e6e9d11c8c8ccf96df3486d26b25b3f5ab1e5eae52393feccab417a612df8d1,false,PASS,2025-08-25,2025-12-11,77,8057900e7afa1a1af71a58ced2daec938445671c3bb30a7d887b63341d0e0cf5,false,PASS,SEC acceptance corroborated at 2025-11-06T13:06:16Z; earlier issuer-IR timestamp not independently resolved.,PASS,1,0xe724500a327bd2b511a0f819931b274d9df550a16fab238e28a01704bed48374,22257046603311732549024757492359200390190273875680885475613932645230141629963|54798924035317851059504949978681071685000783393648087542078264533821333490110,0,0,,,NO_PRICE_HISTORY_OBSERVED,https://www.sec.gov/files/company_tickers.json,UNRESOLVED,PASS,false,false,FAIL,FAIL,FAIL,,FAIL,false,false,,,false,FAIL,false,revelation_state|safe_cutoff_state
60662,EARNINGS_EPS,d199c8b4d64ca6f7d2da7333,Will Coursera (COUR) beat quarterly earnings?,cour-quarterly-earnings-nongaap-eps-10-23-2025-0pt08,2025-10-23T21:00:00Z,DUE_ASOF,UNITED_STATES,ISSUER_IR_AND_SEC_EDGAR,COUR,PASS,EXACT_SEC_TICKER_TO_CIK,UNRESOLVED,UNRESOLVED,,,SEC_ACCEPTANCE_CORROBORATION_ONLY,https://www.sec.gov/Archives/edgar/data/1651562/000165156225000056/cour-20250930xexx991.htm,21c9689a773e6086bdeff27b295d7b45615a622d47e019220320bdab2fe16a64,PASS,SEC_EDGAR_8-K,https://www.sec.gov/Archives/edgar/data/1651562/000165156225000056/cour-20250930xexx991.htm,21c9689a773e6086bdeff27b295d7b45615a622d47e019220320bdab2fe16a64,false,PASS,2025-08-11,2025-11-28,78,633eaca33db3533194b7360b362f55e2c244361de1d06b2ce442be53e7ea8e4b,false,PASS,SEC acceptance corroborated at 2025-10-23T20:15:26Z; earlier issuer-IR timestamp not independently resolved.,PASS,1,0x66cb0f5cbfbb888eec1963fd9d8304f6792e27e078fd25d842d32b205e80f89a,36738440831482532074925499073092128287083095066843373365723561723832150028490|57871045156873474733427214491167602494784530210281492017475693155367774477126,0,0,,,NO_PRICE_HISTORY_OBSERVED,https://www.sec.gov/files/company_tickers.json,UNRESOLVED,PASS,false,false,FAIL,FAIL,FAIL,,FAIL,false,false,,,false,FAIL,false,revelation_state|safe_cutoff_state
686409,EARNINGS_EPS,0f8d5780614937f24f5a34bc,Will Tractor Supply (TSCO) beat quarterly earnings?,tsco-quarterly-earnings-gaap-eps-07-23-2026-0pt85,2026-07-23T13:00:00Z,DUE_ASOF,UNITED_STATES,ISSUER_IR_AND_SEC_EDGAR,TSCO,PASS,EXACT_SEC_TICKER_TO_CIK,UNRESOLVED,UNRESOLVED,,,SEC_ACCEPTANCE_CORROBORATION_ONLY,https://www.sec.gov/Archives/edgar/data/916365/000091636526000052/ex991-q22026earningsrelease.htm,13be782ff8219f580f8f6747aee1445bdf6750295e89bcc665c07f3b1b811993,PASS,SEC_EDGAR_8-K,https://www.sec.gov/Archives/edgar/data/916365/000091636526000052/ex991-q22026earningsrelease.htm,13be782ff8219f580f8f6747aee1445bdf6750295e89bcc665c07f3b1b811993,false,PASS,2026-05-11,2026-08-12,65,02e4f06582b758a01a3090e3e0729f0eb11c670ae3e0e2a2cf90fd5d64ce62f9,false,PASS,SEC acceptance corroborated at 2026-07-23T11:03:12Z; earlier issuer-IR timestamp not independently resolved.,PASS,1,0x39ccc23a7ec7d240d5f1c9af5ce0cec6555644b2a39d3c59fcc7e0ff4db1ae15,48779727045140645872835417999643829345120093855979537784439254482868856523494|55116703549039784243657174510423020916201333175340579237127625831355775049204,2,0,2026-07-12T20:20:03Z,2026-07-23T13:00:15Z,PASS_HISTORY_OBSERVED,https://www.sec.gov/files/company_tickers.json,UNRESOLVED,PASS,false,false,UNRESOLVED,UNRESOLVED,UNRESOLVED,,UNRESOLVED,,,,,,UNRESOLVED,false,pm_pre_cutoff_state|pm_24h_state|history_state|f2_state|revelation_state|safe_cutoff_state
199211,EARNINGS_EPS,75dccde4ffdd1166fa1b9499,Will Amplitude (AMPL) beat quarterly earnings?,ampl-quarterly-earnings-nongaap-eps-02-18-2026-0pt05,2026-02-18T22:00:00Z,DUE_ASOF,UNITED_STATES,ISSUER_IR_AND_SEC_EDGAR,AMPL,PASS,EXACT_SEC_TICKER_TO_CIK,UNRESOLVED,UNRESOLVED,,,SEC_ACCEPTANCE_CORROBORATION_ONLY,https://www.sec.gov/Archives/edgar/data/1866692/000119312526057052/ampl-ex99_1.htm,4dc15f66337329aded449dc973feeb077fa89529cfacce49a75b12cd455f5b0e,PASS,SEC_EDGAR_8-K,https://www.sec.gov/Archives/edgar/data/1866692/000119312526057052/ampl-ex99_1.htm,4dc15f66337329aded449dc973feeb077fa89529cfacce49a75b12cd455f5b0e,false,PASS,2025-12-05,2026-03-26,76,f7e72385ca44b4e52fdecc6834a6ea037f147468cbd52b870febf3363dfb8466,false,PASS,SEC acceptance corroborated at 2026-02-18T21:11:03Z; earlier issuer-IR timestamp not independently resolved.,PASS,1,0x4a20448e4cb273e274fb12b15e75f15bc2bf84cede380b0ccc658e2e71c9d271,34035447928962631479663441647974902138629143895605387434760592649754165487005|56776121629020412544444303885588724059708753579738399125412076663279996551400,0,0,,,NO_PRICE_HISTORY_OBSERVED,https://www.sec.gov/files/company_tickers.json,UNRESOLVED,PASS,false,false,FAIL,FAIL,FAIL,,FAIL,false,false,,,false,FAIL,false,revelation_state|safe_cutoff_state
242205,EARNINGS_EPS,fcd47fbb6331bff4cd096007,Will DocuSign (DOCU) beat quarterly earnings?,docu-quarterly-earnings-nongaap-eps-03-17-2026-0pt95,2026-03-17T21:00:00Z,DUE_ASOF,UNITED_STATES,ISSUER_IR_AND_SEC_EDGAR,DOCU,PASS,EXACT_SEC_TICKER_TO_CIK,UNRESOLVED,,,,,,,UNRESOLVED,,,,false,PASS,2026-01-02,2026-04-22,76,ad5d714079888a2df5cbe0d4ef187d5dc15f4ee910aa71ad3fe69853591515e0,false,PASS,SEC candidate found but metric/period/value evidence did not clear frozen objective checks.,PASS,1,0xd7c275ba6e0ec876a20db252e1d9f41e164376835e3573e7965c09a257fcb4c0,41493427808735939563732272874313121148571906576667998800283964590915605239102|7644792066892953394700815353678293108082176145755075857914576588922535126567,0,0,,,NO_PRICE_HISTORY_OBSERVED,https://www.sec.gov/files/company_tickers.json,UNRESOLVED,PASS,false,false,FAIL,FAIL,FAIL,,FAIL,false,false,,,false,FAIL,false,revelation_state|resolution_state|safe_cutoff_state
53162,EARNINGS_EPS,c6ee886403e208e00e35c9ae,Will Nurix Therapeutics (NRIX) beat quarterly earnings?,nrix-quarterly-earnings-gaap-eps-2025-10-9-neg0pt85,2025-10-09T00:00:00Z,DUE_ASOF,UNITED_STATES,ISSUER_IR_AND_SEC_EDGAR,NRIX,PASS,EXACT_SEC_TICKER_TO_CIK,UNRESOLVED,UNRESOLVED,,,SEC_ACCEPTANCE_CORROBORATION_ONLY,https://www.sec.gov/Archives/edgar/data/1549595/000154959525000113/nrix-20250831.htm,bd7e810907f17d4e36adf54e66897e4a80edf9bfba354629912d39af2d96d73d,PASS,SEC_EDGAR_10-Q,https://www.sec.gov/Archives/edgar/data/1549595/000154959525000113/nrix-20250831.htm,bd7e810907f17d4e36adf54e66897e4a80edf9bfba354629912d39af2d96d73d,false,PASS,2025-07-28,2025-11-13,78,e622cd175ea6d1dcbec7ff8f59e88b928e6b44585f65b7282b792fd9fea896bc,false,PASS,SEC acceptance corroborated at 2025-10-09T20:04:18Z; earlier issuer-IR timestamp not independently resolved.,PASS,1,0xcceacf84e616fdd9bd7fffc339e4deb267c41c7e817c78723e62bd814358eeed,75449248108081447291629112992085737919153726875924456218383082152480743168848|89180819592312179567354452226305568030422120425974318359373816604228079744548,0,0,,,NO_PRICE_HISTORY_OBSERVED,https://www.sec.gov/files/company_tickers.json,UNRESOLVED,PASS,false,false,FAIL,FAIL,FAIL,,FAIL,false,false,,,false,FAIL,false,revelation_state|safe_cutoff_state
708245,EARNINGS_EPS,d9278dbf9bbecc204c6e048d,Will Caesars Entertainment (CZR) beat quarterly earnings?,czr-quarterly-earnings-gaap-eps-07-28-2026-0pt05,2026-07-28T21:00:00Z,DUE_ASOF,UNITED_STATES,ISSUER_IR_AND_SEC_EDGAR,CZR,PASS,EXACT_SEC_TICKER_TO_CIK,UNRESOLVED,UNRESOLVED,,,SEC_ACCEPTANCE_CORROBORATION_ONLY,https://www.sec.gov/Archives/edgar/data/1590895/000159089526000027/ex991-2026q2ceiearningsrel.htm,206f39ec08ff1ed693e6567af484d91b3af9e5d48c835ad35deaf95256183156,PASS,SEC_EDGAR_8-K,https://www.sec.gov/Archives/edgar/data/1590895/000159089526000027/ex991-2026q2ceiearningsrel.htm,206f39ec08ff1ed693e6567af484d91b3af9e5d48c835ad35deaf95256183156,false,PASS,2026-05-14,2026-08-12,62,208502f1326ba394ea06b79969330ce701cbb277f6150eceee6e7842b707dd69,false,PASS,SEC acceptance corroborated at 2026-07-28T20:11:18Z; earlier issuer-IR timestamp not independently resolved.,PASS,1,0x13805b2ba317a2c26ff596bb59534c23c4808fd26eac9be6f847977b92fd6bf3,19028458811341172734683037498839507717671383216629677083105775935932932029777|9825579902639874055153659171549110933134237392703741050588043578397877575974,2,0,2026-07-16T01:10:05Z,2026-07-28T22:10:21Z,PASS_HISTORY_OBSERVED,https://www.sec.gov/files/company_tickers.json,UNRESOLVED,PASS,false,false,UNRESOLVED,UNRESOLVED,UNRESOLVED,,UNRESOLVED,,,,,,UNRESOLVED,false,pm_pre_cutoff_state|pm_24h_state|history_state|f2_state|revelation_state|safe_cutoff_state
686396,EARNINGS_EPS,fd217ee3150c4fbe55d11d3d,Will United Bankshares (UBSI) beat quarterly earnings?,ubsi-quarterly-earnings-gaap-eps-07-23-2026-0pt89,2026-07-23T13:00:00Z,DUE_ASOF,UNITED_STATES,ISSUER_IR_AND_SEC_EDGAR,UBSI,PASS,EXACT_SEC_TICKER_TO_CIK,UNRESOLVED,UNRESOLVED,,,SEC_ACCEPTANCE_CORROBORATION_ONLY,https://www.sec.gov/Archives/edgar/data/729986/000119312526313364/d139267dex991.htm,087a16580083837ace8a1a59ca2001b3a5f4c840d17cb9f2dc8e1ef3691f6816,PASS,SEC_EDGAR_8-K,https://www.sec.gov/Archives/edgar/data/729986/000119312526313364/d139267dex991.htm,087a16580083837ace8a1a59ca2001b3a5f4c840d17cb9f2dc8e1ef3691f6816,false,PASS,2026-05-11,2026-08-12,65,88537256a7b073cbe808a933a609865da4608a03fb75dcaafa48b4fb1ba86a7a,false,PASS,SEC acceptance corroborated at 2026-07-23T12:00:07Z; earlier issuer-IR timestamp not independently resolved.,PASS,1,0xeecec90bfe0c89db437fdfdabbb6c7920fcc7454262213c9656a0bcb82eca43c,107105472733233780709143240680384756761344766424061745727899556057306718865715|56035319713350303195452077580753388436975113649725922400220735648251702803662,2,0,2026-07-12T20:20:04Z,2026-07-23T13:50:06Z,PASS_HISTORY_OBSERVED,https://www.sec.gov/files/company_tickers.json,UNRESOLVED,PASS,false,false,UNRESOLVED,UNRESOLVED,UNRESOLVED,,UNRESOLVED,,,,,,UNRESOLVED,false,pm_pre_cutoff_state|pm_24h_state|history_state|f2_state|revelation_state|safe_cutoff_state
192042,EARNINGS_EPS,23d0150e4941c38ce10f4738,Will McDonald's (MCD) beat quarterly earnings?,mcd-quarterly-earnings-nongaap-eps-02-11-2026-3pt04,2026-02-11T22:00:00Z,DUE_ASOF,UNITED_STATES,ISSUER_IR_AND_SEC_EDGAR,MCD,PASS,EXACT_SEC_TICKER_TO_CIK,UNRESOLVED,,,,,,,UNRESOLVED,,,,false,PASS,2025-11-28,2026-03-19,76,5d5fb71405841891e4b255893349d5a5abcd842abed5ac913ab272245d66702a,false,PASS,SEC candidate found but metric/period/value evidence did not clear frozen objective checks.,PASS,1,0x82b9d301e0acf4b0da7a06e568e30d8a583a42c2c285e03ada358f9b72bf0bfa,86936074980255290942792920782263260340262998930489130371912125412326661297140|9032212935946752888502268962938764548287850607698993098791208818863909378425,0,0,,,NO_PRICE_HISTORY_OBSERVED,https://www.sec.gov/files/company_tickers.json,UNRESOLVED,PASS,false,false,FAIL,FAIL,FAIL,,FAIL,false,false,,,false,FAIL,false,revelation_state|resolution_state|safe_cutoff_state
326946,EARNINGS_EPS,f6e93f08dee462ebd0cb3216,Will Goldman Sachs (GS) beat quarterly earnings?,gs-quarterly-earnings-gaap-eps-04-13-2026-15pt95,2026-04-13T13:00:00Z,DUE_ASOF,UNITED_STATES,ISSUER_IR_AND_SEC_EDGAR,GS,PASS,EXACT_SEC_TICKER_TO_CIK,UNRESOLVED,UNRESOLVED,,,SEC_ACCEPTANCE_CORROBORATION_ONLY,https://www.sec.gov/Archives/edgar/data/886982/000088698226000096/a1q26gsearningsresults.htm,d53d936a712aba8b79eb3760d9a5b6dc75e7ced368db9ef43a77f2caf09300ac,PASS,SEC_EDGAR_8-K,https://www.sec.gov/Archives/edgar/data/886982/000088698226000096/a1q26gsearningsresults.htm,d53d936a712aba8b79eb3760d9a5b6dc75e7ced368db9ef43a77f2caf09300ac,false,PASS,2026-01-28,2026-05-18,77,c8114ad629ed1d39c2a64b46c96922ae9c7bb71ed0a33fe0bbbb1edde1b36cf4,false,PASS,SEC acceptance corroborated at 2026-04-13T11:40:26Z; earlier issuer-IR timestamp not independently resolved.,PASS,1,0xebb4e5764a2ccb47c9cef80f74e4aacf464f663987ad89522ccc13b89d433448,17089772261105906068130322494335495857524431934252795297495761669179083105474|46423992391982788874777196025208344438048498486216021316082341559788147186164,0,0,,,NO_PRICE_HISTORY_OBSERVED,https://www.sec.gov/files/company_tickers.json,UNRESOLVED,PASS,false,false,FAIL,FAIL,FAIL,,FAIL,false,false,,,false,FAIL,false,revelation_state|safe_cutoff_state
326991,EARNINGS_EPS,d2aa40d279be939b63b5aa59,Will Wells Fargo (WFC) beat quarterly earnings?,wfc-quarterly-earnings-gaap-eps-04-14-2026-1pt58,2026-04-14T13:00:00Z,DUE_ASOF,UNITED_STATES,ISSUER_IR_AND_SEC_EDGAR,WFC,PASS,EXACT_SEC_TICKER_TO_CIK,UNRESOLVED,UNRESOLVED,,,SEC_ACCEPTANCE_CORROBORATION_ONLY,https://www.sec.gov/Archives/edgar/data/72971/000007297126000213/ex993-wellsfargo1q26pres.htm,a7e3ba46ea78d6f540412790af87c4121bf8a6393bb56a1dab1663958c3bf912,PASS,SEC_EDGAR_8-K,https://www.sec.gov/Archives/edgar/data/72971/000007297126000213/ex993-wellsfargo1q26pres.htm,a7e3ba46ea78d6f540412790af87c4121bf8a6393bb56a1dab1663958c3bf912,false,PASS,2026-01-29,2026-05-19,77,5c034b5b2f0c2121e75e738348ca1c164565d0d2c07cae293d0c2d5203a58e8f,false,PASS,SEC acceptance corroborated at 2026-04-14T10:28:12Z; earlier issuer-IR timestamp not independently resolved.,PASS,1,0x42805e0a43125b1d66004e1032db2e461218d83619c6090d2c631319f014bc4e,81938994242424065378510413875088118716880638446743954974897582282711920045577|93762469162036147974600432767969362583007723801070406862710018663930888635474,0,0,,,NO_PRICE_HISTORY_OBSERVED,https://www.sec.gov/files/company_tickers.json,UNRESOLVED,PASS,false,false,FAIL,FAIL,FAIL,,FAIL,false,false,,,false,FAIL,false,revelation_state|safe_cutoff_state
69198,EARNINGS_EPS,a25fdd5e957190aed1c5efcf,Will Rivian Automotive (RIVN) beat quarterly earnings?,rivn-quarterly-earnings-gaap-eps-11-04-2025-neg0pt86,2025-11-04T22:00:00Z,DUE_ASOF,UNITED_STATES,ISSUER_IR_AND_SEC_EDGAR,RIVN,PASS,EXACT_SEC_TICKER_TO_CIK,UNRESOLVED,UNRESOLVED,,,SEC_ACCEPTANCE_CORROBORATION_ONLY,https://www.sec.gov/Archives/edgar/data/1874178/000187417825000051/ex-991pressrelease3q25earn.htm,64d748f5e927d74f0e6473b2c08349a82eabd2aa288c3b115df03140f7ca443f,PASS,SEC_EDGAR_8-K,https://www.sec.gov/Archives/edgar/data/1874178/000187417825000051/ex-991pressrelease3q25earn.htm,64d748f5e927d74f0e6473b2c08349a82eabd2aa288c3b115df03140f7ca443f,false,PASS,2025-08-21,2025-12-10,78,2ce82ffc2bc087278e5ebdbcdc5f04039602178b87a4cc783c51bb9c76e534da,false,PASS,SEC acceptance corroborated at 2025-11-04T21:01:44Z; earlier issuer-IR timestamp not independently resolved.,PASS,1,0x29cf5736f96e42daf6db45baeacc0e05bd054447a50cdbca1b2c58eaacc2432b,46755884992268379732131311884889604554907274726026868600485823103051307460429|58209033125649969473738486315579204127790081300182833623315761662631479747199,0,0,,,NO_PRICE_HISTORY_OBSERVED,https://www.sec.gov/files/company_tickers.json,UNRESOLVED,PASS,false,false,FAIL,FAIL,FAIL,,FAIL,false,false,,,false,FAIL,false,revelation_state|safe_cutoff_state
686377,EARNINGS_EPS,09317f14b44ec2cff5ac5c70,Will Blackstone (BX) beat quarterly earnings?,bx-quarterly-earnings-gaap-eps-07-23-2026-1pt33,2026-07-23T13:00:00Z,DUE_ASOF,UNITED_STATES,ISSUER_IR_AND_SEC_EDGAR,BX,PASS,EXACT_SEC_TICKER_TO_CIK,UNRESOLVED,UNRESOLVED,,,SEC_ACCEPTANCE_CORROBORATION_ONLY,https://www.sec.gov/Archives/edgar/data/1393818/000119312526313250/d153439dex991.htm,829334d4608ca10e11260da08e4b668bc2e41ded87de972e3464ced99d3b21aa,PASS,SEC_EDGAR_8-K,https://www.sec.gov/Archives/edgar/data/1393818/000119312526313250/d153439dex991.htm,829334d4608ca10e11260da08e4b668bc2e41ded87de972e3464ced99d3b21aa,false,PASS,2026-05-11,2026-08-12,65,a3624612b1a757ee4ecc91acbebb867055ba21c8ac10cdfb353c712d096936af,false,PASS,SEC acceptance corroborated at 2026-07-23T10:55:07Z; earlier issuer-IR timestamp not independently resolved.,PASS,1,0x3fb7a3601d37752fe0653070d3c35d12cd8d0d457659698930e6ae245a23943a,113302358016369672129448327129817703428202898031568430399072857200810237262986|24312735798772315993435690092513888228909865748188757168500496557464963204625,2,0,2026-07-12T20:20:03Z,2026-07-23T13:00:11Z,PASS_HISTORY_OBSERVED,https://www.sec.gov/files/company_tickers.json,UNRESOLVED,PASS,false,false,UNRESOLVED,UNRESOLVED,UNRESOLVED,,UNRESOLVED,,,,,,UNRESOLVED,false,pm_pre_cutoff_state|pm_24h_state|history_state|f2_state|revelation_state|safe_cutoff_state
192666,EARNINGS_EPS,b4d150cfaf3a5567c961781f,Will Rivian Automotive (RIVN) beat quarterly earnings?,rivn-quarterly-earnings-gaap-eps-02-12-2026-neg0pt8,2026-02-12T22:00:00Z,DUE_ASOF,UNITED_STATES,ISSUER_IR_AND_SEC_EDGAR,RIVN,PASS,EXACT_SEC_TICKER_TO_CIK,UNRESOLVED,UNRESOLVED,,,SEC_ACCEPTANCE_CORROBORATION_ONLY,https://www.sec.gov/Archives/edgar/data/1874178/000187417826000007/ex-991pressrelease4q25earn.htm,c7c3ef47f6b368cf657c8c0068613664231ce29bb0e5e3ba733bca45fd7fd829,PASS,SEC_EDGAR_8-K,https://www.sec.gov/Archives/edgar/data/1874178/000187417826000007/ex-991pressrelease4q25earn.htm,c7c3ef47f6b368cf657c8c0068613664231ce29bb0e5e3ba733bca45fd7fd829,false,PASS,2025-12-01,2026-03-20,76,541063ca60238898f577b82a885c03f22726f457c1d1df95afd4fb5ee1f1966b,false,PASS,SEC acceptance corroborated at 2026-02-12T21:01:27Z; earlier issuer-IR timestamp not independently resolved.,PASS,1,0x129079c6f09b11e0c6d57162f3d396251baec4a01d38a94ccf04506fda7b604b,35321087001674201918235970340885774653663606997822205393990842890122912674328|35947332457047996316567420959480113629634383210017656106076532123886203161660,0,0,,,NO_PRICE_HISTORY_OBSERVED,https://www.sec.gov/files/company_tickers.json,UNRESOLVED,PASS,false,false,FAIL,FAIL,FAIL,,FAIL,false,false,,,false,FAIL,false,revelation_state|safe_cutoff_state
729799,EARNINGS_EPS,b0e833271651016e2713bf05,Will Palantir Technologies (PLTR) beat quarterly earnings?,pltr-quarterly-earnings-nongaap-eps-08-03-2026-0pt35,2026-08-03T21:00:00Z,DUE_ASOF,UNITED_STATES,ISSUER_IR_AND_SEC_EDGAR,PLTR,PASS,EXACT_SEC_TICKER_TO_CIK,UNRESOLVED,UNRESOLVED,,,SEC_ACCEPTANCE_CORROBORATION_ONLY,https://www.sec.gov/Archives/edgar/data/1321655/000132165526000039/a2026q2ex991pressrelease.htm,80bf5822a8be80ac00a23e50da2c3f567d9139473f22b087e1b008eac404b434,PASS,SEC_EDGAR_8-K,https://www.sec.gov/Archives/edgar/data/1321655/000132165526000039/a2026q2ex991pressrelease.htm,80bf5822a8be80ac00a23e50da2c3f567d9139473f22b087e1b008eac404b434,false,PASS,2026-05-20,2026-08-12,58,5d0b90281828cab8a3b084b4b20e303775caef765fd72ce8299468939fa244a1,false,PASS,SEC acceptance corroborated at 2026-08-03T20:06:14Z; earlier issuer-IR timestamp not independently resolved.,PASS,1,0xbe142284f909a1fd25c179d594a55927ceef01be55555bbdc218b1708f393a64,89248157383544688352911150301535654999534557602201899002916211667945942863323|92376183847992123031481745713180722670587740157985117422158735369970711469689,2,0,2026-07-22T00:30:05Z,2026-08-03T22:10:12Z,PASS_HISTORY_OBSERVED,https://www.sec.gov/files/company_tickers.json,UNRESOLVED,PASS,false,false,UNRESOLVED,UNRESOLVED,UNRESOLVED,,UNRESOLVED,,,,,,UNRESOLVED,false,pm_pre_cutoff_state|pm_24h_state|history_state|f2_state|revelation_state|safe_cutoff_state
196862,EARNINGS_EPS,9e7c91d450095a640c8dfe13,Will Estee Lauder (EL) beat quarterly earnings?,el-quarterly-earnings-nongaap-eps-02-05-2026-0pt83,2026-02-05T14:00:00Z,DUE_ASOF,UNITED_STATES,ISSUER_IR_AND_SEC_EDGAR,EL,PASS,EXACT_SEC_TICKER_TO_CIK,UNRESOLVED,UNRESOLVED,,,SEC_ACCEPTANCE_CORROBORATION_ONLY,https://www.sec.gov/Archives/edgar/data/1001250/000100125026000004/fy2026q2exhibit991.htm,207971e3bd13ef57b23577849fc18997c5fbf9046dd5de4a4915506ce96df64a,PASS,SEC_EDGAR_8-K,https://www.sec.gov/Archives/edgar/data/1001250/000100125026000004/fy2026q2exhibit991.htm,207971e3bd13ef57b23577849fc18997c5fbf9046dd5de4a4915506ce96df64a,false,PASS,2025-11-24,2026-03-13,75,c909b11b75bdf594577cd7a6b3807062f2fa1ff35e98a27f0d691cf3c01606cf,false,PASS,SEC acceptance corroborated at 2026-02-05T13:05:08Z; earlier issuer-IR timestamp not independently resolved.,PASS,1,0xfa329502c8b388213ea57089a8081fddecd7b33b715a2734b0c66883cf8ee021,23895944330559170989330381008150349910005166385164710475076133814321039436359|93519796055893473192627346290019236904424307249371343686517171965056820805059,0,0,,,NO_PRICE_HISTORY_OBSERVED,https://www.sec.gov/files/company_tickers.json,UNRESOLVED,PASS,false,false,FAIL,FAIL,FAIL,,FAIL,false,false,,,false,FAIL,false,revelation_state|safe_cutoff_state
652170,EARNINGS_EPS,d483b681be85e330776b19f8,Will Unity Bancorp (UNTY) beat quarterly earnings?,unty-quarterly-earnings-gaap-eps-07-14-2026-1pt44,2026-07-14T13:00:00Z,DUE_ASOF,UNITED_STATES,ISSUER_IR_AND_SEC_EDGAR,UNTY,PASS,EXACT_SEC_TICKER_TO_CIK,UNRESOLVED,UNRESOLVED,,,SEC_ACCEPTANCE_CORROBORATION_ONLY,https://www.sec.gov/Archives/edgar/data/920427/000119312526302425/unty-ex99_1.htm,227f2cb35b7edf4d21044247f5da1cd9d47158f2e215c83549be467ebae1972b,PASS,SEC_EDGAR_8-K,https://www.sec.gov/Archives/edgar/data/920427/000119312526302425/unty-ex99_1.htm,227f2cb35b7edf4d21044247f5da1cd9d47158f2e215c83549be467ebae1972b,false,PASS,2026-04-30,2026-08-12,72,c2508fab9eae49ed7718f0e657d81ecbe13d83ea4a89a0572c7d9b0bfc2ba630,false,PASS,SEC acceptance corroborated at 2026-07-14T10:00:30Z; earlier issuer-IR timestamp not independently resolved.,PASS,1,0x1a411427ac6a2757090b9fa7dd9e4b1898e66045078bbc5ab968b5386dfbd5f1,47359263298653571197443991606212438825489446150172799578979837274153404936764|77692075526522150910927090258017248338255568376914938750493873491508804322340,2,0,2026-07-12T20:20:04Z,2026-07-14T12:00:15Z,PASS_HISTORY_OBSERVED,https://www.sec.gov/files/company_tickers.json,UNRESOLVED,PASS,false,false,UNRESOLVED,UNRESOLVED,UNRESOLVED,,UNRESOLVED,,,,,,UNRESOLVED,false,pm_pre_cutoff_state|pm_24h_state|history_state|f2_state|revelation_state|safe_cutoff_state
49945,EARNINGS_EPS,700d6f0c10ff3d622622a13f,Will Delta Air Lines (DAL) beat quarterly earnings?,dal-quarterly-earnings-nongaap-eps-2025-10-09-1pt52,2025-10-09T00:00:00Z,DUE_ASOF,UNITED_STATES,ISSUER_IR_AND_SEC_EDGAR,DAL,PASS,EXACT_SEC_TICKER_TO_CIK,UNRESOLVED,UNRESOLVED,,,SEC_ACCEPTANCE_CORROBORATION_ONLY,https://www.sec.gov/Archives/edgar/data/27904/000002790425000018/0000027904-25-000018.txt,7079d92872143054eaf86c2fc469598ccc91e7dfd1ac8c6fc92f3635f0fe0fcb,PASS,SEC_EDGAR_8-K,https://www.sec.gov/Archives/edgar/data/27904/000002790425000018/0000027904-25-000018.txt,7079d92872143054eaf86c2fc469598ccc91e7dfd1ac8c6fc92f3635f0fe0fcb,false,PASS,2025-07-28,2025-11-13,78,a9125fb46ae56d1f65e2f7da823861526bff1f04fda31a1f2d49ffa62492eb32,false,PASS,SEC acceptance corroborated at 2025-10-09T10:30:03Z; earlier issuer-IR timestamp not independently resolved.,PASS,1,0xca3f4b688bce03a24747d339ff30aa2cf45fff9addfd43ea11e1f20689ae091b,12978163259469013400784985517624043911322058196259556942456526848315450005146|80065717401962378679510621072775912147194629802976638407532933107238550767601,0,0,,,NO_PRICE_HISTORY_OBSERVED,https://www.sec.gov/files/company_tickers.json,UNRESOLVED,PASS,false,false,FAIL,FAIL,FAIL,,FAIL,false,false,,,false,FAIL,false,revelation_state|safe_cutoff_state
67829,EARNINGS_EPS,8df370e08b5a0314af0a3b34,Will TKO Group Holdings (TKO) beat quarterly earnings?,tko-quarterly-earnings-gaap-eps-11-05-2025-0pt52,2025-11-05T22:00:00Z,DUE_ASOF,UNITED_STATES,ISSUER_IR_AND_SEC_EDGAR,TKO,PASS,EXACT_SEC_TICKER_TO_CIK,UNRESOLVED,UNRESOLVED,,,SEC_ACCEPTANCE_CORROBORATION_ONLY,https://www.sec.gov/Archives/edgar/data/1973266/000119312525267014/tko-20250930.htm,857b4c350e2fce3a7634ccc53be0a4a4dc8aeb8bfc0f5439e89d4729639e0b69,PASS,SEC_EDGAR_10-Q,https://www.sec.gov/Archives/edgar/data/1973266/000119312525267014/tko-20250930.htm,857b4c350e2fce3a7634ccc53be0a4a4dc8aeb8bfc0f5439e89d4729639e0b69,false,PASS,2025-08-22,2025-12-11,78,bfb8952c45fe6691a7db6518ee7349776b653c93ca3dfe8e078dccf59b390928,false,PASS,SEC acceptance corroborated at 2025-11-05T21:20:09Z; earlier issuer-IR timestamp not independently resolved.,PASS,1,0x91e382ae262dc07f6839fa413615d4211cccdb3d03cf32b7d591c59e0593528b,105329548350748525199753364185646661433376069894845797952725519723854992977970|14636366836060656063507620484157601434342122251437323812970748500450007964466,0,0,,,NO_PRICE_HISTORY_OBSERVED,https://www.sec.gov/files/company_tickers.json,UNRESOLVED,PASS,false,false,FAIL,FAIL,FAIL,,FAIL,false,false,,,false,FAIL,false,revelation_state|safe_cutoff_state
146165,EARNINGS_EPS,44c0e4aabf5635e59ddcf796,Will 3M (MMM) beat quarterly earnings?,mmm-quarterly-earnings-nongaap-eps-01-20-2026-1pt81,2026-01-20T14:00:00Z,DUE_ASOF,UNITED_STATES,ISSUER_IR_AND_SEC_EDGAR,MMM,PASS,EXACT_SEC_TICKER_TO_CIK,UNRESOLVED,UNRESOLVED,,,SEC_ACCEPTANCE_CORROBORATION_ONLY,https://www.sec.gov/Archives/edgar/data/66740/000006674026000003/q42025-8kerexx991.htm,73540c97ae4a826b27ae2eef02ea0d5f2e7ea260d815eba39a5e4551e024e2d9,PASS,SEC_EDGAR_8-K,https://www.sec.gov/Archives/edgar/data/66740/000006674026000003/q42025-8kerexx991.htm,73540c97ae4a826b27ae2eef02ea0d5f2e7ea260d815eba39a5e4551e024e2d9,false,PASS,2025-11-06,2026-02-24,74,0a614891982ed28a942bd52632cdfdc4b440ef76ed9936642892ffa76137a91e,false,PASS,SEC acceptance corroborated at 2026-01-20T11:34:40Z; earlier issuer-IR timestamp not independently resolved.,PASS,1,0xc3e2caf899d38010e4797d6c9f7c1b3b46ee01e5ccfed0322ab20678b3362fb7,22921777811456967329397264493046179220235501060220098064078492966005292268441|28233311832074378256038579887234457345921698383889414782445199180685915049313,0,0,,,NO_PRICE_HISTORY_OBSERVED,https://www.sec.gov/files/company_tickers.json,UNRESOLVED,PASS,false,false,FAIL,FAIL,FAIL,,FAIL,false,false,,,false,FAIL,false,revelation_state|safe_cutoff_state
230135,EARNINGS_EPS,0dcc1c6f6e37fb21257b8c2e,Will Build-A-Bear Workshop (BBW) beat quarterly earnings?,bbw-quarterly-earnings-gaap-eps-03-12-2026-1pt27,2026-03-12T13:00:00Z,DUE_ASOF,UNITED_STATES,ISSUER_IR_AND_SEC_EDGAR,BBW,PASS,EXACT_SEC_TICKER_TO_CIK,UNRESOLVED,UNRESOLVED,,,SEC_ACCEPTANCE_CORROBORATION_ONLY,https://www.sec.gov/Archives/edgar/data/1113809/000143774926007824/0001437749-26-007824.txt,55b9e847c92914bf9e5f86255c17156971f63afe6910e59a418d1aa8babdea8a,PASS,SEC_EDGAR_8-K,https://www.sec.gov/Archives/edgar/data/1113809/000143774926007824/0001437749-26-007824.txt,55b9e847c92914bf9e5f86255c17156971f63afe6910e59a418d1aa8babdea8a,false,PASS,2025-12-29,2026-04-16,75,1a6c85622c5fda50438a7a1fd7f18ff6f55edbb10a8cbb9c043357e63fe00c7b,false,PASS,SEC acceptance corroborated at 2026-03-12T10:55:11Z; earlier issuer-IR timestamp not independently resolved.,PASS,1,0xba32ef1ced81ce80a2fe32c674ff54562f99eae779ef62d99af3f73e0d316514,38233486155792535285334840610434130074907186982057319429932357246515405451080|85408125313181111420145233574890590886501699117643715335349240185614525407904,0,0,,,NO_PRICE_HISTORY_OBSERVED,https://www.sec.gov/files/company_tickers.json,UNRESOLVED,PASS,false,false,FAIL,FAIL,FAIL,,FAIL,false,false,,,false,FAIL,false,revelation_state|safe_cutoff_state
89619,EARNINGS_EPS,f2b3cea996c55bcd20cfd9b2,Will Casey's General Stores (CASY) beat quarterly earnings?,casy-quarterly-earnings-gaap-eps-12-09-2025-5pt2,2025-12-09T22:00:00Z,DUE_ASOF,UNITED_STATES,ISSUER_IR_AND_SEC_EDGAR,CASY,PASS,EXACT_SEC_TICKER_TO_CIK,UNRESOLVED,UNRESOLVED,,,SEC_ACCEPTANCE_CORROBORATION_ONLY,https://www.sec.gov/Archives/edgar/data/726958/000072695825000116/q2fy2026earningspressrelea.htm,536e814c756ce44b6f73cf1ff042f46319f0ede211c9da1b31fea987aa588fea,PASS,SEC_EDGAR_8-K,https://www.sec.gov/Archives/edgar/data/726958/000072695825000116/q2fy2026earningspressrelea.htm,536e814c756ce44b6f73cf1ff042f46319f0ede211c9da1b31fea987aa588fea,false,PASS,2025-09-25,2026-01-14,77,7f20f81edef96503e72fdc49f797750cc118feea15388facf3208c5b7ffffc05,false,PASS,SEC acceptance corroborated at 2025-12-09T21:34:19Z; earlier issuer-IR timestamp not independently resolved.,PASS,1,0x59326d68ec624aa2e19132b40dc7a6da2da850b83274d6cb751dd441bb286340,13698626683054112030368460254408434324707680604956356885298767706127561194501|49737112076629901654207780946871467736085847802333106216006087225221314906458,0,0,,,NO_PRICE_HISTORY_OBSERVED,https://www.sec.gov/files/company_tickers.json,UNRESOLVED,PASS,false,false,FAIL,FAIL,FAIL,,FAIL,false,false,,,false,FAIL,false,revelation_state|safe_cutoff_state
90095,EARNINGS_EPS,dca3b6be7b1956000ccb47a6,Will Paychex (PAYX) beat quarterly earnings?,payx-quarterly-earnings-nongaap-eps-12-18-2025-1pt23,2025-12-18T14:00:00Z,DUE_ASOF,UNITED_STATES,ISSUER_IR_AND_SEC_EDGAR,PAYX,PASS,EXACT_SEC_TICKER_TO_CIK,UNRESOLVED,UNRESOLVED,,,SEC_ACCEPTANCE_CORROBORATION_ONLY,https://www.sec.gov/Archives/edgar/data/723531/000119312525325838/payx-ex99_1.htm,571299fc28cbd328d39b4fd5e88c723da09d02f0053d11b0731fe133db058bd1,PASS,SEC_EDGAR_8-K,https://www.sec.gov/Archives/edgar/data/723531/000119312525325838/payx-ex99_1.htm,571299fc28cbd328d39b4fd5e88c723da09d02f0053d11b0731fe133db058bd1,false,PASS,2025-10-06,2026-01-22,75,0ed83536baa2cf7c9d7864e85c8b35d530d35cea3a468eb673b14a8681c15dcd,false,PASS,SEC acceptance corroborated at 2025-12-19T13:36:17Z; earlier issuer-IR timestamp not independently resolved.,PASS,1,0xa609275ff11d44a796888759b03dcb6bbc6cedf7adf57f97d17510d2aba252ad,11059160969498462886700973427122584130528753467876448095308516862623631320577|59257303661567661863349158015862814279133108857327474475727467017630337062,0,0,,,NO_PRICE_HISTORY_OBSERVED,https://www.sec.gov/files/company_tickers.json,UNRESOLVED,PASS,false,false,FAIL,FAIL,FAIL,,FAIL,false,false,,,false,FAIL,false,revelation_state|safe_cutoff_state
56577,EARNINGS_EPS,7d2baf1500dc031834f16ef7,Will AT&T (T) beat quarterly earnings?,t-quarterly-earnings-nongaap-eps-10-22-2025-0pt54,2025-10-22T13:00:00Z,DUE_ASOF,UNITED_STATES,ISSUER_IR_AND_SEC_EDGAR,T,PASS,EXACT_SEC_TICKER_TO_CIK,UNRESOLVED,UNRESOLVED,,,SEC_ACCEPTANCE_CORROBORATION_ONLY,https://www.sec.gov/Archives/edgar/data/732717/000073271725000163/t-3q2025exhibit991.htm,e698b168b66a1eb11bc6bde308ec8209af0f436af7505d4fc6860d39f7fa8746,PASS,SEC_EDGAR_8-K,https://www.sec.gov/Archives/edgar/data/732717/000073271725000163/t-3q2025exhibit991.htm,e698b168b66a1eb11bc6bde308ec8209af0f436af7505d4fc6860d39f7fa8746,false,PASS,2025-08-08,2025-11-26,78,d91d875cb2d11d5e5864a579f694f2e4862665dc52595bafcb7b9accb82e38a4,false,PASS,SEC acceptance corroborated at 2025-10-22T10:35:30Z; earlier issuer-IR timestamp not independently resolved.,PASS,1,0xa63b0b2a3b01d8363bf3c141db92e476fd9a8e4eeedef39ab382e571e40e3e7d,104490631198817078892950472011335056289825349347225786445492874939105905353017|44286543353545238213800593291200490772927690902675715485755758759097531004929,0,0,,,NO_PRICE_HISTORY_OBSERVED,https://www.sec.gov/files/company_tickers.json,UNRESOLVED,PASS,false,false,FAIL,FAIL,FAIL,,FAIL,false,false,,,false,FAIL,false,revelation_state|safe_cutoff_state
206313,EARNINGS_EPS,b1d4a2e0e2f89892bb52cc2e,Will Autodesk (ADSK) beat quarterly earnings?,adsk-quarterly-earnings-nongaap-eps-02-26-2026-2pt64,2026-02-26T22:00:00Z,DUE_ASOF,UNITED_STATES,ISSUER_IR_AND_SEC_EDGAR,ADSK,PASS,EXACT_SEC_TICKER_TO_CIK,UNRESOLVED,UNRESOLVED,,,SEC_ACCEPTANCE_CORROBORATION_ONLY,https://www.sec.gov/Archives/edgar/data/769397/000076939726000010/q426pressrelease.htm,23f369305ef9fd397741de962bb343af370215ca95413cc2f918b927694c0259,PASS,SEC_EDGAR_8-K,https://www.sec.gov/Archives/edgar/data/769397/000076939726000010/q426pressrelease.htm,23f369305ef9fd397741de962bb343af370215ca95413cc2f918b927694c0259,false,PASS,2025-12-15,2026-04-02,75,ff25cafff52082bd955c3277511ce6a35628a58c88edd22ce59657ec30c8e7fd,false,PASS,SEC acceptance corroborated at 2026-02-26T21:07:03Z; earlier issuer-IR timestamp not independently resolved.,PASS,1,0x055dda80d2596defe1bb72d34b291dbf618a7f99be1cda4a2393e9b200704ddc,26941390560552306792051171882686039525230915319650732528639324258261540808573|28982834263368779273746584029600052136216073367665931484015811370121375491745,0,0,,,NO_PRICE_HISTORY_OBSERVED,https://www.sec.gov/files/company_tickers.json,UNRESOLVED,PASS,false,false,FAIL,FAIL,FAIL,,FAIL,false,false,,,false,FAIL,false,revelation_state|safe_cutoff_state
66538,EARNINGS_EPS,0ee976e421bafb694a7bc57d,Will Chime Financial (CHYM) beat quarterly earnings?,chym-quarterly-earnings-gaap-eps-11-05-2025-neg0pt24,2025-11-05T22:00:00Z,DUE_ASOF,UNITED_STATES,ISSUER_IR_AND_SEC_EDGAR,CHYM,PASS,EXACT_SEC_TICKER_TO_CIK,UNRESOLVED,UNRESOLVED,,,SEC_ACCEPTANCE_CORROBORATION_ONLY,https://www.sec.gov/Archives/edgar/data/1795586/000179558625000015/ex991q325.htm,780d3b188b7ba78b819ccc41e04aeebd94969993a704e532d52f4acdfe8c82ad,PASS,SEC_EDGAR_8-K,https://www.sec.gov/Archives/edgar/data/1795586/000179558625000015/ex991q325.htm,780d3b188b7ba78b819ccc41e04aeebd94969993a704e532d52f4acdfe8c82ad,false,PASS,2025-08-22,2025-12-11,78,3cd7c4807bda44582576b33a682c81f944a62446c8f81557bc797d47610f329d,false,PASS,SEC acceptance corroborated at 2025-11-05T21:10:14Z; earlier issuer-IR timestamp not independently resolved.,PASS,1,0xe6ef2b93e7f5482aed7c0d12b22365f3d28ab348208b6c97d053ec5316055275,35693208763051420765902537762475763742292094466509150631831144739480564184947|52736597762219581615766397051646286972757554762728922133129596309585930634160,0,0,,,NO_PRICE_HISTORY_OBSERVED,https://www.sec.gov/files/company_tickers.json,UNRESOLVED,PASS,false,false,FAIL,FAIL,FAIL,,FAIL,false,false,,,false,FAIL,false,revelation_state|safe_cutoff_state
729858,EARNINGS_EPS,df63525d2b3683b169a0fb65,Will Pfizer (PFE) beat quarterly earnings?,pfe-quarterly-earnings-nongaap-eps-08-04-2026-0pt68,2026-08-04T13:00:00Z,DUE_ASOF,UNITED_STATES,ISSUER_IR_AND_SEC_EDGAR,PFE,PASS,EXACT_SEC_TICKER_TO_CIK,UNRESOLVED,UNRESOLVED,,,SEC_ACCEPTANCE_CORROBORATION_ONLY,https://www.sec.gov/Archives/edgar/data/78003/000007800326000094/pfe-6282026xex99.htm,ccc38cf8f9459787819cafaf834fd325b528e76aa18a50e90bde11718e5eb125,PASS,SEC_EDGAR_8-K,https://www.sec.gov/Archives/edgar/data/78003/000007800326000094/pfe-6282026xex99.htm,ccc38cf8f9459787819cafaf834fd325b528e76aa18a50e90bde11718e5eb125,false,PASS,2026-05-21,2026-08-12,57,16899b9fdb4b2a6f8ed04a8fba883c3c6ef24296107f6aa990753c36d8e4a739,false,PASS,SEC acceptance corroborated at 2026-08-04T11:02:43Z; earlier issuer-IR timestamp not independently resolved.,PASS,1,0x59ca19f50ef2151b8dfca625afd0a42b94ca577a7b859af300b996c5fdf3107d,107411801813002520410952139921733690813678715941109662971299017906161818347796|52094918833685405177725153129961136545541005837244007755899350653257524847310,2,0,2026-07-22T00:00:08Z,2026-08-04T12:40:09Z,PASS_HISTORY_OBSERVED,https://www.sec.gov/files/company_tickers.json,UNRESOLVED,PASS,false,false,UNRESOLVED,UNRESOLVED,UNRESOLVED,,UNRESOLVED,,,,,,UNRESOLVED,false,pm_pre_cutoff_state|pm_24h_state|history_state|f2_state|revelation_state|safe_cutoff_state
525416,EARNINGS_EPS,ed060ee821d0d84746d1a807,Will Marvell Tech (MRVL) beat quarterly earnings?,mrvl-quarterly-earnings-nongaap-eps-05-27-2026-0pt79,2026-05-27T21:00:00Z,DUE_ASOF,UNITED_STATES,ISSUER_IR_AND_SEC_EDGAR,MRVL,PASS,EXACT_SEC_TICKER_TO_CIK,UNRESOLVED,UNRESOLVED,,,SEC_ACCEPTANCE_CORROBORATION_ONLY,https://www.sec.gov/Archives/edgar/data/1835632/000183563226000019/0001835632-26-000019.txt,50afa8bb99c40e30f146c28b0b35060addd11b8a43a6961d518bdff8c98739eb,PASS,SEC_EDGAR_10-Q,https://www.sec.gov/Archives/edgar/data/1835632/000183563226000019/0001835632-26-000019.txt,50afa8bb99c40e30f146c28b0b35060addd11b8a43a6961d518bdff8c98739eb,false,PASS,2026-03-13,2026-07-02,77,b088c316a023ee6afdc1f3293773abdf499f44a74e99b99ac92075a21f32472b,false,PASS,SEC acceptance corroborated at 2026-05-28T20:09:32Z; earlier issuer-IR timestamp not independently resolved.,PASS,1,0xcde399d8da0d2d5502fcc74b265cd8656f767363a9b1d25bf3308540d93cad7e,25007583481870060427344473964186161914390101506055027213401530639578254267316|90201177713267380093581873056454310524428441077292202388112557155774873444636,0,0,,,NO_PRICE_HISTORY_OBSERVED,https://www.sec.gov/files/company_tickers.json,UNRESOLVED,PASS,false,false,FAIL,FAIL,FAIL,,FAIL,false,false,,,false,FAIL,false,revelation_state|safe_cutoff_state
686500,EARNINGS_EPS,5635c70d0244b92f7f013d52,Will KeyCorp (KEY) beat quarterly earnings?,key-quarterly-earnings-gaap-eps-07-21-2026-0pt42,2026-07-21T13:00:00Z,DUE_ASOF,UNITED_STATES,ISSUER_IR_AND_SEC_EDGAR,KEY,PASS,EXACT_SEC_TICKER_TO_CIK,UNRESOLVED,UNRESOLVED,,,SEC_ACCEPTANCE_CORROBORATION_ONLY,https://www.sec.gov/Archives/edgar/data/91576/000009157626000017/a2q26earningspresentatio.htm,c39f67d1e6b592d2f13644db1d3b3d6c6a901285abb02379cfafb44b34ca0853,PASS,SEC_EDGAR_8-K,https://www.sec.gov/Archives/edgar/data/91576/000009157626000017/a2q26earningspresentatio.htm,c39f67d1e6b592d2f13644db1d3b3d6c6a901285abb02379cfafb44b34ca0853,false,PASS,2026-05-07,2026-08-12,67,d338b57d6ef1df40ad8466f6daa070335a40be9073aeb48ea962fe3921fd4130,false,PASS,SEC acceptance corroborated at 2026-07-21T10:31:09Z; earlier issuer-IR timestamp not independently resolved.,PASS,1,0x2250e086c0e5e8fe1d1f945b3d60897fe8c56a56eddb429f31dfd01c82eafa60,56705246630442311099596333678364322922849665920998081913295887837813925630673|694908626346354527342691990091151333591208119483274254249959501158870335594,2,0,2026-07-12T20:20:04Z,2026-07-21T12:30:13Z,PASS_HISTORY_OBSERVED,https://www.sec.gov/files/company_tickers.json,UNRESOLVED,PASS,false,false,UNRESOLVED,UNRESOLVED,UNRESOLVED,,UNRESOLVED,,,,,,UNRESOLVED,false,pm_pre_cutoff_state|pm_24h_state|history_state|f2_state|revelation_state|safe_cutoff_state
49950,EARNINGS_EPS,96d9b40586a3d8f35fa156a1,Will Goldman Sachs (GS) beat quarterly earnings?,gs-quarterly-earnings-gaap-eps-2025-10-14-10pt47,2025-10-14T00:00:00Z,DUE_ASOF,UNITED_STATES,ISSUER_IR_AND_SEC_EDGAR,GS,PASS,EXACT_SEC_TICKER_TO_CIK,UNRESOLVED,UNRESOLVED,,,SEC_ACCEPTANCE_CORROBORATION_ONLY,https://www.sec.gov/Archives/edgar/data/886982/000119312525238058/d899312dex991.htm,ec7e891745fc78e6b135c4b4d04a6e7458a155e583aae4f0e9283bfbd6560afb,PASS,SEC_EDGAR_8-K,https://www.sec.gov/Archives/edgar/data/886982/000119312525238058/d899312dex991.htm,ec7e891745fc78e6b135c4b4d04a6e7458a155e583aae4f0e9283bfbd6560afb,false,PASS,2025-07-31,2025-11-18,78,9a63aba0c8763c5d6e8db3211af97482bf2c5ab16f271d9ad01a7893f5e29673,false,PASS,SEC acceptance corroborated at 2025-10-14T11:37:10Z; earlier issuer-IR timestamp not independently resolved.,PASS,1,0x90e3d9debdf680213bd15218b2071aba5cbaa3ed5c937dc5fd88330a07561e1b,55874799563926381698021159934362538264948675244469542439845035540057028953210|91771212222297069608932930888737773407561247962546089564930493435960290953474,0,0,,,NO_PRICE_HISTORY_OBSERVED,https://www.sec.gov/files/company_tickers.json,UNRESOLVED,PASS,false,false,FAIL,FAIL,FAIL,,FAIL,false,false,,,false,FAIL,false,revelation_state|safe_cutoff_state
525455,EARNINGS_EPS,5d2de38baa717ca3d1d317a6,Will GitLab (GTLB) beat quarterly earnings?,gtlb-quarterly-earnings-nongaap-eps-06-02-2026-0pt2,2026-06-02T21:00:00Z,DUE_ASOF,UNITED_STATES,ISSUER_IR_AND_SEC_EDGAR,GTLB,PASS,EXACT_SEC_TICKER_TO_CIK,UNRESOLVED,UNRESOLVED,,,SEC_ACCEPTANCE_CORROBORATION_ONLY,https://www.sec.gov/Archives/edgar/data/1653482/000162828026039805/gitlab-ex99120260430fy27.htm,c171f12131bfa67e969a53f752ee30785f9fd35ba3f7b2a491dba9e3fae0fbbb,PASS,SEC_EDGAR_8-K,https://www.sec.gov/Archives/edgar/data/1653482/000162828026039805/gitlab-ex99120260430fy27.htm,c171f12131bfa67e969a53f752ee30785f9fd35ba3f7b2a491dba9e3fae0fbbb,false,PASS,2026-03-19,2026-07-08,76,09c12236c43645768aec61318c08c0411a1aaaea4b76161453b7ffe94b840a44,false,PASS,SEC acceptance corroborated at 2026-06-02T20:17:31Z; earlier issuer-IR timestamp not independently resolved.,PASS,1,0x97c046a1eb28fef4b28f89b8f60d81132587b412dce2935f0bc8d311f88dd520,110720552257588309503878426824876213445939947210006682956642386566578425176153|31676632901422383692332237648848989929548405092169258591134260043264157331089,0,0,,,NO_PRICE_HISTORY_OBSERVED,https://www.sec.gov/files/company_tickers.json,UNRESOLVED,PASS,false,false,FAIL,FAIL,FAIL,,FAIL,false,false,,,false,FAIL,false,revelation_state|safe_cutoff_state
410677,EARNINGS_EPS,16bdf37c1c8e4ce8b7d89edc,Will Datadog (DDOG) beat quarterly earnings?,ddog-quarterly-earnings-nongaap-eps-05-07-2026-0pt51,2026-05-07T13:00:00Z,DUE_ASOF,UNITED_STATES,ISSUER_IR_AND_SEC_EDGAR,DDOG,PASS,EXACT_SEC_TICKER_TO_CIK,UNRESOLVED,,,,,,,UNRESOLVED,,,,false,PASS,2026-02-23,2026-06-11,77,c0a9e269ff7311530486623e339ff299e9ab403b34073dbeb714b438e9180541,false,PASS,SEC candidate found but metric/period/value evidence did not clear frozen objective checks.,PASS,1,0x7bbf3132e90bd94cba8a801215d97547fdee61b529ea89f6e9e20ad616bb8aa3,77725291410402992596900309862992716435256256403216029086969593595067050307323|79987864597810654581461213874611219850107946893681408099045946471286437037151,0,0,,,NO_PRICE_HISTORY_OBSERVED,https://www.sec.gov/files/company_tickers.json,UNRESOLVED,PASS,false,false,FAIL,FAIL,FAIL,,FAIL,false,false,,,false,FAIL,false,revelation_state|resolution_state|safe_cutoff_state
364289,EARNINGS_EPS,e36bcb359f50402d92ad4910,Will CBRE Group (CBRE) beat quarterly earnings?,cbre-quarterly-earnings-nongaap-eps-04-23-2026-1pt12,2026-04-23T13:00:00Z,DUE_ASOF,UNITED_STATES,ISSUER_IR_AND_SEC_EDGAR,CBRE,PASS,EXACT_SEC_TICKER_TO_CIK,UNRESOLVED,UNRESOLVED,,,SEC_ACCEPTANCE_CORROBORATION_ONLY,https://www.sec.gov/Archives/edgar/data/1138118/000113811826000013/cbre-20260423x8kexx991.htm,c45e83da786d7b4ec46f178a9c7cbb2dd26830d1efea7ccd9d97aeb3c33f49d1,PASS,SEC_EDGAR_8-K,https://www.sec.gov/Archives/edgar/data/1138118/000113811826000013/cbre-20260423x8kexx991.htm,c45e83da786d7b4ec46f178a9c7cbb2dd26830d1efea7ccd9d97aeb3c33f49d1,false,PASS,2026-02-09,2026-05-28,76,858d5b4cb3d7da588d1d295cb968cbd1095fe5f928070305c1a0f0f167b3ffa2,false,PASS,SEC acceptance corroborated at 2026-04-23T11:01:04Z; earlier issuer-IR timestamp not independently resolved.,PASS,1,0xcb4f0c28834522c4d5b3e98df6bd8a9e299a93be521afcc0251e375c4837d680,3304642769480150076644247515461349243156146087647502388963925443167633793224|85387314011271868621520053897203355123167072894114370261277204847495755847019,0,0,,,NO_PRICE_HISTORY_OBSERVED,https://www.sec.gov/files/company_tickers.json,UNRESOLVED,PASS,false,false,FAIL,FAIL,FAIL,,FAIL,false,false,,,false,FAIL,false,revelation_state|safe_cutoff_state
146136,EARNINGS_EPS,bf2f6971e11432a2ecb91479,Will Interactive Brokers (IBKR) beat quarterly earnings?,ibkr-quarterly-earnings-nongaap-eps-01-20-2026-0pt56,2026-01-20T22:00:00Z,DUE_ASOF,UNITED_STATES,ISSUER_IR_AND_SEC_EDGAR,IBKR,PASS,EXACT_SEC_TICKER_TO_CIK,UNRESOLVED,UNRESOLVED,,,SEC_ACCEPTANCE_CORROBORATION_ONLY,https://www.sec.gov/Archives/edgar/data/1381197/000119312526016540/ibkr-ex99_1.htm,da2cd4cb38d7653536bf9b740c663b53140e38eb5be33703b75669b5a8492356,PASS,SEC_EDGAR_8-K,https://www.sec.gov/Archives/edgar/data/1381197/000119312526016540/ibkr-ex99_1.htm,da2cd4cb38d7653536bf9b740c663b53140e38eb5be33703b75669b5a8492356,false,PASS,2025-11-06,2026-02-25,75,0ef32384d8a79b6f6a41c8d6303779351892a760f04a610d2f9ce47fc3ba4c9d,false,PASS,SEC acceptance corroborated at 2026-01-20T21:02:18Z; earlier issuer-IR timestamp not independently resolved.,PASS,1,0xa9794d2a4b066f143edaa6728bd2946e54e8c2fedb56244ab6a3d52cbac5dec2,5994620669307885979661080536782093406572491565808897741131761644614746194137|92877283230300581253809022852925516523647723292825309075843709839999193789834,0,0,,,NO_PRICE_HISTORY_OBSERVED,https://www.sec.gov/files/company_tickers.json,UNRESOLVED,PASS,false,false,FAIL,FAIL,FAIL,,FAIL,false,false,,,false,FAIL,false,revelation_state|safe_cutoff_state
100416,EARNINGS_EPS,f579bf5ab51e319b0e374791,Will Broadcom Inc. (AVGO) beat quarterly earnings?,avgo-quarterly-earnings-nongaap-eps-12-11-2025-1pt87,2025-12-11T22:00:00Z,DUE_ASOF,UNITED_STATES,ISSUER_IR_AND_SEC_EDGAR,AVGO,PASS,EXACT_SEC_TICKER_TO_CIK,UNRESOLVED,UNRESOLVED,,,SEC_ACCEPTANCE_CORROBORATION_ONLY,https://www.sec.gov/Archives/edgar/data/1730168/000173016825000116/avgo-11022025x8kxex99.htm,e465c9005f093457753e05f4954d544b637ab41d3738233ace6b2267335c563f,PASS,SEC_EDGAR_8-K,https://www.sec.gov/Archives/edgar/data/1730168/000173016825000116/avgo-11022025x8kxex99.htm,e465c9005f093457753e05f4954d544b637ab41d3738233ace6b2267335c563f,false,PASS,2025-09-29,2026-01-16,77,33bd2cb299e6e9e4c2415d28880ec8e494326f63ab5f3b84d1181eb0eb20bf86,false,PASS,SEC acceptance corroborated at 2025-12-11T21:17:37Z; earlier issuer-IR timestamp not independently resolved.,PASS,1,0xd541614fedf1fc0d9e6e6405dfe0b57d5e47bbb4411cda591ccfd8fcf580f874,110588993760992752504350185583687012388823417160011970138922884232634052565518|111045979807853884829826400323355639153898754162890517430128454019692237855320,0,0,,,NO_PRICE_HISTORY_OBSERVED,https://www.sec.gov/files/company_tickers.json,UNRESOLVED,PASS,false,false,FAIL,FAIL,FAIL,,FAIL,false,false,,,false,FAIL,false,revelation_state|safe_cutoff_state
226383,EARNINGS_EPS,2d9a597e1310479fd900711f,Will Kohls (KSS) beat quarterly earnings?,kss-quarterly-earnings-gaap-eps-03-10-2026-0pt72,2026-03-10T13:00:00Z,DUE_ASOF,UNITED_STATES,ISSUER_IR_AND_SEC_EDGAR,KSS,PASS,EXACT_SEC_TICKER_TO_CIK,UNRESOLVED,UNRESOLVED,,,SEC_ACCEPTANCE_CORROBORATION_ONLY,https://www.sec.gov/Archives/edgar/data/885639/000119312526099319/d65722dex991.htm,5d3d21125dbf77731a9bb38d2ebedc788d9421774a565653370c08edb43066d1,PASS,SEC_EDGAR_8-K,https://www.sec.gov/Archives/edgar/data/885639/000119312526099319/d65722dex991.htm,5d3d21125dbf77731a9bb38d2ebedc788d9421774a565653370c08edb43066d1,false,PASS,2025-12-26,2026-04-14,74,20936e701eecd23eb795f68529f1c118804332d8c32080f0f2d2966a65ecdec2,false,PASS,SEC acceptance corroborated at 2026-03-10T11:00:20Z; earlier issuer-IR timestamp not independently resolved.,PASS,1,0xb819eecb4a37e3e629a590f3f90f9bd8483d8ced0f23985cff1ae8ba799825c8,91365721448152229486279963689337456239580843298607073179777986259771891907614|95539004662181386152956917735955625559089186872075371357510755080137123361854,0,0,,,NO_PRICE_HISTORY_OBSERVED,https://www.sec.gov/files/company_tickers.json,UNRESOLVED,PASS,false,false,FAIL,FAIL,FAIL,,FAIL,false,false,,,false,FAIL,false,revelation_state|safe_cutoff_state
64602,EARNINGS_EPS,a747cc8d9bfd01b330e1cd79,Will Mastercard (MA) beat quarterly earnings?,ma-quarterly-earnings-nongaap-eps-10-30-2025-4pt31,2025-10-30T13:00:00Z,DUE_ASOF,UNITED_STATES,ISSUER_IR_AND_SEC_EDGAR,MA,PASS,EXACT_SEC_TICKER_TO_CIK,UNRESOLVED,UNRESOLVED,,,SEC_ACCEPTANCE_CORROBORATION_ONLY,https://www.sec.gov/Archives/edgar/data/1141391/000114139125000191/ma09302025-exx991xearnings.htm,99a8516f76772cdcd7b9c97fb979340bfab5a0bf23a593428e9e0ad05ba4a30a,PASS,SEC_EDGAR_8-K,https://www.sec.gov/Archives/edgar/data/1141391/000114139125000191/ma09302025-exx991xearnings.htm,99a8516f76772cdcd7b9c97fb979340bfab5a0bf23a593428e9e0ad05ba4a30a,false,PASS,2025-08-18,2025-12-04,77,c621c655c0d8b02bb8a9cd2827946c48ce151827eb2ac7930bbd4c104900bfc5,false,PASS,SEC acceptance corroborated at 2025-10-30T12:03:18Z; earlier issuer-IR timestamp not independently resolved.,PASS,1,0x2def86f0dd8833060353d0462072444a0b515d4f5ffc49d84506cfa12f25bdaf,114128043632316016617992705767443334385770710666343826220305445329988902949423|46307823371749488452852226193800520788572413171536153371008419860404474455562,0,0,,,NO_PRICE_HISTORY_OBSERVED,https://www.sec.gov/files/company_tickers.json,UNRESOLVED,PASS,false,false,FAIL,FAIL,FAIL,,FAIL,false,false,,,false,FAIL,false,revelation_state|safe_cutoff_state
87898,EARNINGS_EPS,1463bd620048f7f47a9e644d,Will Snowflake (SNOW) beat quarterly earnings?,snow-quarterly-earnings-nongaap-eps-12-03-2025-0pt31,2025-12-03T22:00:00Z,DUE_ASOF,UNITED_STATES,ISSUER_IR_AND_SEC_EDGAR,SNOW,PASS,EXACT_SEC_TICKER_TO_CIK,UNRESOLVED,UNRESOLVED,,,SEC_ACCEPTANCE_CORROBORATION_ONLY,https://www.sec.gov/Archives/edgar/data/1640147/000164014725000207/fy2026q3earnings.htm,db98934aa4f1868118b13610def713d4e27c29b6f267aa0d886328c7b062c7bd,PASS,SEC_EDGAR_8-K,https://www.sec.gov/Archives/edgar/data/1640147/000164014725000207/fy2026q3earnings.htm,db98934aa4f1868118b13610def713d4e27c29b6f267aa0d886328c7b062c7bd,false,PASS,2025-09-19,2026-01-08,77,fa90e1ef9315ffa1083c0c9ac5c278e96949709bd5acc570f125a192f1779f7f,false,PASS,SEC acceptance corroborated at 2025-12-03T21:06:11Z; earlier issuer-IR timestamp not independently resolved.,PASS,1,0xaf26bfb76e1f2925408f22f15749f815c78e873b773e516dfdef335d54188758,1552913594698577807820957749555716049569199009530798974011817278888944619027|53627494300661860981229875166620401346410690376921512772432002904862346138264,0,0,,,NO_PRICE_HISTORY_OBSERVED,https://www.sec.gov/files/company_tickers.json,UNRESOLVED,PASS,false,false,FAIL,FAIL,FAIL,,FAIL,false,false,,,false,FAIL,false,revelation_state|safe_cutoff_state
74643,EARNINGS_EPS,bea79424a3223661d11f1a18,Will Tyson Foods (TSN) beat quarterly earnings?,tsn-quarterly-earnings-nongaap-eps-11-10-2025-0pt83,2025-11-10T14:00:00Z,DUE_ASOF,UNITED_STATES,ISSUER_IR_AND_SEC_EDGAR,TSN,PASS,EXACT_SEC_TICKER_TO_CIK,UNRESOLVED,UNRESOLVED,,,SEC_ACCEPTANCE_CORROBORATION_ONLY,https://www.sec.gov/Archives/edgar/data/100493/000010049325000094/tsn2025q4exh-991.htm,ab1bace81c7a8a20cb5120cbe43fb84e6de56367864734a8347a7df75a79a922,PASS,SEC_EDGAR_8-K,https://www.sec.gov/Archives/edgar/data/100493/000010049325000094/tsn2025q4exh-991.htm,ab1bace81c7a8a20cb5120cbe43fb84e6de56367864734a8347a7df75a79a922,false,PASS,2025-08-27,2025-12-15,77,80bda871189e0ae300fd321445e7f48813fbc4f49b7fc336b36f84b807f7d6b9,false,PASS,SEC acceptance corroborated at 2025-11-10T12:32:37Z; earlier issuer-IR timestamp not independently resolved.,PASS,1,0x459bde2fcf6d0a9fc8f1d1c6665c247a8d82a222c4ff3a68b8c0ace0430856a9,18722815566417759523068533850783353701998817056159895338319762222975215799898|31101607031528125389938566289162132064515603066978846056213738217635280611450,0,0,,,NO_PRICE_HISTORY_OBSERVED,https://www.sec.gov/files/company_tickers.json,UNRESOLVED,PASS,false,false,FAIL,FAIL,FAIL,,FAIL,false,false,,,false,FAIL,false,revelation_state|safe_cutoff_state
686380,EARNINGS_EPS,c3a288de5800d7decf81d05f,Will Infosys (INFY) beat quarterly earnings?,infy-quarterly-earnings-gaap-eps-07-23-2026-0pt21,2026-07-23T13:00:00Z,DUE_ASOF,UNITED_STATES,ISSUER_IR_AND_SEC_EDGAR,INFY,PASS,EXACT_SEC_TICKER_TO_CIK,UNRESOLVED,,,,,,,UNRESOLVED,,,,false,PASS,2026-05-11,2026-08-12,65,f289a52b317070302ed86323547820cb2e005c8840408c88482f2c71a8ec11ce,false,PASS,SEC candidate found but metric/period/value evidence did not clear frozen objective checks.,PASS,1,0xdedbb6c7b3d621779e023ad0444b8038405362a91eac48a9bbe8ec65bf59ba78,25925002227805108765360124501495563262084977741557814169730983526057828353705|68422368787479164095616549082908401315811783800810599402212758332155393327696,2,0,2026-07-12T20:20:03Z,2026-07-23T13:50:06Z,PASS_HISTORY_OBSERVED,https://www.sec.gov/files/company_tickers.json,UNRESOLVED,PASS,false,false,UNRESOLVED,UNRESOLVED,UNRESOLVED,,UNRESOLVED,,,,,,UNRESOLVED,false,pm_pre_cutoff_state|pm_24h_state|history_state|f2_state|revelation_state|resolution_state|safe_cutoff_state
715645,EARNINGS_EPS,5859cec1ba6f4b62e9429b00,Will Hyatt Hotels (H) beat quarterly earnings?,h-quarterly-earnings-nongaap-eps-07-30-2026-0pt91,2026-07-30T13:00:00Z,DUE_ASOF,UNITED_STATES,ISSUER_IR_AND_SEC_EDGAR,H,PASS,EXACT_SEC_TICKER_TO_CIK,UNRESOLVED,UNRESOLVED,,,SEC_ACCEPTANCE_CORROBORATION_ONLY,https://www.sec.gov/Archives/edgar/data/1468174/000146817426000021/q22026earningsrelease.htm,ef24f057c1890d92e89491713cb1694f806395ec42b784b640c85cf4132336ac,PASS,SEC_EDGAR_8-K,https://www.sec.gov/Archives/edgar/data/1468174/000146817426000021/q22026earningsrelease.htm,ef24f057c1890d92e89491713cb1694f806395ec42b784b640c85cf4132336ac,false,PASS,2026-05-18,2026-08-12,60,a5923938d090926e9aec71b4da75ef1cda004bc6d5200afaa05e776b703859e0,false,PASS,SEC acceptance corroborated at 2026-07-30T10:56:36Z; earlier issuer-IR timestamp not independently resolved.,PASS,1,0xbacfe33b8d37d9d89575c2e8403a23143fca1e87b2da8656cc78107be3b06be5,101289294558180778407507359795601805586430009252741065807110525698395731023153|91525189356504719161521982787755128695338298016133694892627006807107380330831,2,0,2026-07-18T20:30:05Z,2026-07-30T12:50:07Z,PASS_HISTORY_OBSERVED,https://www.sec.gov/files/company_tickers.json,UNRESOLVED,PASS,false,false,UNRESOLVED,UNRESOLVED,UNRESOLVED,,UNRESOLVED,,,,,,UNRESOLVED,false,pm_pre_cutoff_state|pm_24h_state|history_state|f2_state|revelation_state|safe_cutoff_state
387395,EARNINGS_EPS,46f63739ea2793e1a670538d,Will Dolby Laboratories (DLB) beat quarterly earnings?,dlb-quarterly-earnings-nongaap-eps-04-30-2026-1pt34,2026-04-30T21:00:00Z,DUE_ASOF,UNITED_STATES,ISSUER_IR_AND_SEC_EDGAR,DLB,PASS,EXACT_SEC_TICKER_TO_CIK,UNRESOLVED,UNRESOLVED,,,SEC_ACCEPTANCE_CORROBORATION_ONLY,https://www.sec.gov/Archives/edgar/data/1308547/000119312526197338/d16309dex991.htm,88de1d6072eaf30f862dd7b09fd4d419d06a1061ee04ed4901b89347774d9894,PASS,SEC_EDGAR_8-K,https://www.sec.gov/Archives/edgar/data/1308547/000119312526197338/d16309dex991.htm,88de1d6072eaf30f862dd7b09fd4d419d06a1061ee04ed4901b89347774d9894,false,PASS,2026-02-17,2026-06-05,77,69a0a5d70e35bba033785ec4a5b75346f5cea3549cd7beee54e13b2fd6cdd040,false,PASS,SEC acceptance corroborated at 2026-04-30T20:15:44Z; earlier issuer-IR timestamp not independently resolved.,PASS,1,0xf9c3693574cb52bd6396f0dfc76016856200ee654bb7a076511c20ccb1d42742,54118809459521997802241933376793540584564990339909829033342831252000265803394|74299611166056192916924578968925221901701976004170247320473568364669710599158,0,0,,,NO_PRICE_HISTORY_OBSERVED,https://www.sec.gov/files/company_tickers.json,UNRESOLVED,PASS,false,false,FAIL,FAIL,FAIL,,FAIL,false,false,,,false,FAIL,false,revelation_state|safe_cutoff_state
686398,EARNINGS_EPS,9a3f46dd65e30ff61214abb4,Will Lockheed Martin (LMT) beat quarterly earnings?,lmt-quarterly-earnings-gaap-eps-07-23-2026-7pt23,2026-07-23T13:00:00Z,DUE_ASOF,UNITED_STATES,ISSUER_IR_AND_SEC_EDGAR,LMT,PASS,EXACT_SEC_TICKER_TO_CIK,UNRESOLVED,UNRESOLVED,,,SEC_ACCEPTANCE_CORROBORATION_ONLY,https://www.sec.gov/Archives/edgar/data/936468/000162828026049277/ex991q22026.htm,ea23bbf794fc2304deacedb14b93d482940183348894ce86f2365d3c32133870,PASS,SEC_EDGAR_8-K,https://www.sec.gov/Archives/edgar/data/936468/000162828026049277/ex991q22026.htm,ea23bbf794fc2304deacedb14b93d482940183348894ce86f2365d3c32133870,false,PASS,2026-05-11,2026-08-12,65,8d3cf101d77ef1335667fd32d99c05e6b8e1ccb68dd4391a08eed5be8b0c0971,false,PASS,SEC acceptance corroborated at 2026-07-23T10:30:57Z; earlier issuer-IR timestamp not independently resolved.,PASS,1,0x168f973e2aa48e5ee9fbc334f99ed0dbd723a8c8a11f4626cd8068c973905a12,30421505086284571135322581235861307205856844139944657531900127257042968986058|59917420819387112198900776885004806515676513541243860332419384585540102252583,2,0,2026-07-12T20:20:04Z,2026-07-23T12:30:12Z,PASS_HISTORY_OBSERVED,https://www.sec.gov/files/company_tickers.json,UNRESOLVED,PASS,false,false,UNRESOLVED,UNRESOLVED,UNRESOLVED,,UNRESOLVED,,,,,,UNRESOLVED,false,pm_pre_cutoff_state|pm_24h_state|history_state|f2_state|revelation_state|safe_cutoff_state
525417,EARNINGS_EPS,1f8ad1c3e38cc6d73aa6d857,Will Dick's Sporting Goods (DKS) beat quarterly earnings?,dks-quarterly-earnings-nongaap-eps-05-27-2026-2pt91,2026-05-27T13:00:00Z,DUE_ASOF,UNITED_STATES,ISSUER_IR_AND_SEC_EDGAR,DKS,PASS,EXACT_SEC_TICKER_TO_CIK,UNRESOLVED,UNRESOLVED,,,SEC_ACCEPTANCE_CORROBORATION_ONLY,https://www.sec.gov/Archives/edgar/data/1089063/000108906326000021/dks-2026502xex991earningsr.htm,d6f3c2ab8bf46fba87bdfeeb92d3a104df68f41f096b2a42be227f7e12006762,PASS,SEC_EDGAR_8-K,https://www.sec.gov/Archives/edgar/data/1089063/000108906326000021/dks-2026502xex991earningsr.htm,d6f3c2ab8bf46fba87bdfeeb92d3a104df68f41f096b2a42be227f7e12006762,false,PASS,2026-03-13,2026-07-01,76,a78ed0939b526f7456dc66cdf08573996b2f3381a36790d23e3415906d85af77,false,PASS,SEC acceptance corroborated at 2026-05-27T11:02:25Z; earlier issuer-IR timestamp not independently resolved.,PASS,1,0x75df5fe8454fe223d3a9f3923095c10b9bbf9b4005dffbcbc3ed640d4f79fe8a,3553419005861385594505271810097935516572486382977015385155524153011574991342|85144940398417469600435323839188497857981226479677741924119992747749799717938,0,0,,,NO_PRICE_HISTORY_OBSERVED,https://www.sec.gov/files/company_tickers.json,UNRESOLVED,PASS,false,false,FAIL,FAIL,FAIL,,FAIL,false,false,,,false,FAIL,false,revelation_state|safe_cutoff_state
64603,EARNINGS_EPS,502e8220a554cbb91cefa852,Will Roblox (RBLX) beat quarterly earnings?,rblx-quarterly-earnings-gaap-eps-10-30-2025-neg0pt51,2025-10-30T13:00:00Z,DUE_ASOF,UNITED_STATES,ISSUER_IR_AND_SEC_EDGAR,RBLX,PASS,EXACT_SEC_TICKER_TO_CIK,UNRESOLVED,UNRESOLVED,,,SEC_ACCEPTANCE_CORROBORATION_ONLY,https://www.sec.gov/Archives/edgar/data/1315098/000131509825000326/ex991-q32025shareholderl.htm,fa8091a0701c0ad580f7f45059b9a7854f7f2c8a25b963bbcd7c35964cd5b6bf,PASS,SEC_EDGAR_8-K,https://www.sec.gov/Archives/edgar/data/1315098/000131509825000326/ex991-q32025shareholderl.htm,fa8091a0701c0ad580f7f45059b9a7854f7f2c8a25b963bbcd7c35964cd5b6bf,false,PASS,2025-08-18,2025-12-04,77,c6ee5b14d0ae2e67bc4f6a70b6b8fa5d3da8a7f6e8ae05558294631ed76ee930,false,PASS,SEC acceptance corroborated at 2025-10-30T11:52:56Z; earlier issuer-IR timestamp not independently resolved.,PASS,1,0x328b085c81fad69bbe0da269441f019207175ddd63faffcc812aff93c1d34278,24284225942565701788782843501479471977496689557502657791964241712977856745177|9198168614770034191756297549368271493765071618286401278396230158914057154621,0,0,,,NO_PRICE_HISTORY_OBSERVED,https://www.sec.gov/files/company_tickers.json,UNRESOLVED,PASS,false,false,FAIL,FAIL,FAIL,,FAIL,false,false,,,false,FAIL,false,revelation_state|safe_cutoff_state
387357,EARNINGS_EPS,fd04e58ccedd6446abfcee28,Will SoFi Technologies (SOFI) beat quarterly earnings?,sofi-quarterly-earnings-gaap-eps-04-29-2026-0pt12,2026-04-29T13:00:00Z,DUE_ASOF,UNITED_STATES,ISSUER_IR_AND_SEC_EDGAR,SOFI,PASS,EXACT_SEC_TICKER_TO_CIK,UNRESOLVED,UNRESOLVED,,,SEC_ACCEPTANCE_CORROBORATION_ONLY,https://www.sec.gov/Archives/edgar/data/1818874/000181887426000020/a2026q1earningsrelease.htm,690684a241925e835edf976cedf1bbf9c2d4a78647bf9906ae4dc8580985823c,PASS,SEC_EDGAR_8-K,https://www.sec.gov/Archives/edgar/data/1818874/000181887426000020/a2026q1earningsrelease.htm,690684a241925e835edf976cedf1bbf9c2d4a78647bf9906ae4dc8580985823c,false,PASS,2026-02-13,2026-06-03,76,6fe1f14ef2ae345667fe86ac9092211ff6cf6d5ce5ed5fdbe55a081a416aedf9,false,PASS,SEC acceptance corroborated at 2026-04-29T11:09:05Z; earlier issuer-IR timestamp not independently resolved.,PASS,1,0x01712033768f53116ecfad4e4234902bac1c72a4285aa6c034b844f986fabf5d,34269022648219459448650220493426485629457756865777575548898803580837119569019|65381392446247716131078837659403768862269641850430731440571849138297815952729,0,0,,,NO_PRICE_HISTORY_OBSERVED,https://www.sec.gov/files/company_tickers.json,UNRESOLVED,PASS,false,false,FAIL,FAIL,FAIL,,FAIL,false,false,,,false,FAIL,false,revelation_state|safe_cutoff_state
196877,EARNINGS_EPS,18a2cd644d4c54da9e96a806,Will Chegg (CHGG) beat quarterly earnings?,chgg-quarterly-earnings-nongaap-eps-02-09-2026-neg0pt1,2026-02-09T22:00:00Z,DUE_ASOF,UNITED_STATES,ISSUER_IR_AND_SEC_EDGAR,CHGG,PASS,EXACT_SEC_TICKER_TO_CIK,UNRESOLVED,UNRESOLVED,,,SEC_ACCEPTANCE_CORROBORATION_ONLY,https://www.sec.gov/Archives/edgar/data/1364954/000136495426000009/a9901-financialresultsq420.htm,da41ed13e9260f8399e65033070600b2f1bdda9084032542a21c9db1fd90108f,PASS,SEC_EDGAR_8-K,https://www.sec.gov/Archives/edgar/data/1364954/000136495426000009/a9901-financialresultsq420.htm,da41ed13e9260f8399e65033070600b2f1bdda9084032542a21c9db1fd90108f,false,PASS,2025-11-26,2026-03-17,75,a0e450da9e813d9c48d451fa099ac2c6d46d4801192228a2095fe764612a2fda,false,PASS,SEC acceptance corroborated at 2026-02-09T21:06:33Z; earlier issuer-IR timestamp not independently resolved.,PASS,1,0x8fe749360541e75a6e60ecaa0bbd6aa46c76c7a09fc152bfa6d2981d6d243579,16350399573170258672784280354277379756654902694762902305472982848567411546103|440390036107032855099463044756061522942208217397127160027417672687667756907,0,0,,,NO_PRICE_HISTORY_OBSERVED,https://www.sec.gov/files/company_tickers.json,UNRESOLVED,PASS,false,false,FAIL,FAIL,FAIL,,FAIL,false,false,,,false,FAIL,false,revelation_state|safe_cutoff_state
146144,EARNINGS_EPS,efa051b5899da6e9df659f14,Will Bank First (BFC) beat quarterly earnings?,bfc-quarterly-earnings-gaap-eps-01-20-2026-1pt8,2026-01-20T22:00:00Z,DUE_ASOF,UNITED_STATES,ISSUER_IR_AND_SEC_EDGAR,BFC,PASS,EXACT_SEC_TICKER_TO_CIK,UNRESOLVED,UNRESOLVED,,,SEC_ACCEPTANCE_CORROBORATION_ONLY,https://www.sec.gov/Archives/edgar/data/1746109/000110465926005776/tm263763d1_ex99-1.htm,bd289708f0136bf35c4a0a2502b5cd6ceca068629011c11469af154f244f0f0c,PASS,SEC_EDGAR_8-K,https://www.sec.gov/Archives/edgar/data/1746109/000110465926005776/tm263763d1_ex99-1.htm,bd289708f0136bf35c4a0a2502b5cd6ceca068629011c11469af154f244f0f0c,false,PASS,2025-11-06,2026-02-25,75,a578474ea68b15965f1abe2538734473eff885a32a06e243058076fd53688261,false,PASS,SEC acceptance corroborated at 2026-01-22T21:02:36Z; earlier issuer-IR timestamp not independently resolved.,PASS,1,0x745ce7e964dd8c5949cceb57482d0d98f8e334a4dfdb2aad5b1238e6c4562ed2,14758150450950413450722650725499664066743698480060368975814419045472985322459|3423120817119874182085568653848018100600137792121113345564228441888617831622,0,0,,,NO_PRICE_HISTORY_OBSERVED,https://www.sec.gov/files/company_tickers.json,UNRESOLVED,PASS,false,false,FAIL,FAIL,FAIL,,FAIL,false,false,,,false,FAIL,false,revelation_state|safe_cutoff_state
212240,EARNINGS_EPS,3302ed21862205879814cef0,Will Eventbrite (EB) beat quarterly earnings?,eb-quarterly-earnings-gaap-eps-02-26-2026-neg0pt01,2026-02-26T22:00:00Z,DUE_ASOF,UNITED_STATES,ISSUER_IR_AND_SEC_EDGAR,EB,UNRESOLVED,FROZEN_V2_1_STRUCTURAL_ROUTE,UNRESOLVED,,,,,,,UNRESOLVED,,,,false,UNRESOLVED,,,,,false,PASS,No exact SEC ticker mapping.,PASS,1,0x25afa79a84eb8b7a89cb8ac46df47b1cc232d4b7a185e315dded78173a5b209b,10013409352907417920130634222062286388193588082504658798416995426963281546868|113565624144319424414308413884625130597912242894848748902087926457131913299019,0,0,,,NO_PRICE_HISTORY_OBSERVED,https://www.sec.gov/files/company_tickers.json,UNRESOLVED,PASS,false,false,FAIL,FAIL,FAIL,,FAIL,false,false,,,false,FAIL,false,revelation_state|resolution_state|linked_asset_mapping_state|asset_data_state|safe_cutoff_state
100629,EARNINGS_EPS,dd239cf690f1416bdb5d4aa4,Will Lululemon (LULU) beat quarterly earnings?,lulu-quarterly-earnings-gaap-eps-12-11-2025-2pt21,2025-12-11T22:00:00Z,DUE_ASOF,UNITED_STATES,ISSUER_IR_AND_SEC_EDGAR,LULU,PASS,EXACT_SEC_TICKER_TO_CIK,UNRESOLVED,UNRESOLVED,,,SEC_ACCEPTANCE_CORROBORATION_ONLY,https://www.sec.gov/Archives/edgar/data/1397187/000139718725000054/lulu-20251102xex991.htm,4720f9fc8bf1f41304ebca9433336c8423c124e6a040fe6c2133cc70ee76d948,PASS,SEC_EDGAR_8-K,https://www.sec.gov/Archives/edgar/data/1397187/000139718725000054/lulu-20251102xex991.htm,4720f9fc8bf1f41304ebca9433336c8423c124e6a040fe6c2133cc70ee76d948,false,PASS,2025-09-29,2026-01-16,77,4a4a4704cbe78a7036eb23a7e17fa952516edc29a022f40279ec4e648b1edff7,false,PASS,SEC acceptance corroborated at 2025-12-11T21:08:54Z; earlier issuer-IR timestamp not independently resolved.,PASS,1,0x713bdf7975f449c3e8d61ddd5f2f840d4be0eb8b1a02d6afbf6b09ba3ff9aaf2,79780350498839207028816362368198393712386637544198350589203302441760989872713|99610059441095053273431543632615156466221402311912600137028605772564679555355,0,0,,,NO_PRICE_HISTORY_OBSERVED,https://www.sec.gov/files/company_tickers.json,UNRESOLVED,PASS,false,false,FAIL,FAIL,FAIL,,FAIL,false,false,,,false,FAIL,false,revelation_state|safe_cutoff_state
410685,EARNINGS_EPS,369e6e7d6d23ab566f1bc3fe,Will Cloudflare (NET) beat quarterly earnings?,net-quarterly-earnings-nongaap-eps-05-07-2026-0pt23,2026-05-07T21:00:00Z,DUE_ASOF,UNITED_STATES,ISSUER_IR_AND_SEC_EDGAR,NET,PASS,EXACT_SEC_TICKER_TO_CIK,UNRESOLVED,UNRESOLVED,,,SEC_ACCEPTANCE_CORROBORATION_ONLY,https://www.sec.gov/Archives/edgar/data/1477333/000147733326000033/q126exhibit991.htm,e075fe17285dab295b5f096523ea0bbc56027d36d9449e1c0818f07ff96227e0,PASS,SEC_EDGAR_8-K,https://www.sec.gov/Archives/edgar/data/1477333/000147733326000033/q126exhibit991.htm,e075fe17285dab295b5f096523ea0bbc56027d36d9449e1c0818f07ff96227e0,false,PASS,2026-02-23,2026-06-12,78,b0ccbca4f67786962f02c1502facf71629fa8e8f7074125e538457468ebef512,false,PASS,SEC acceptance corroborated at 2026-05-07T20:21:23Z; earlier issuer-IR timestamp not independently resolved.,PASS,1,0x7c13006d6fb7a4b980405173b6eb05e7a5aa30a044f41896a25ab18a6c3489da,20253808270148004929350809479868531411701527231261399226031933099867075705760|27041306596736540818939104075234215830823757942812798814320461226733041968965,0,0,,,NO_PRICE_HISTORY_OBSERVED,https://www.sec.gov/files/company_tickers.json,UNRESOLVED,PASS,false,false,FAIL,FAIL,FAIL,,FAIL,false,false,,,false,FAIL,false,revelation_state|safe_cutoff_state
410637,EARNINGS_EPS,5f23d7f8b54c6129eb1ae195,Will CVS Health (CVS) beat quarterly earnings?,cvs-quarterly-earnings-nongaap-eps-05-06-2026-2pt21,2026-05-06T13:00:00Z,DUE_ASOF,UNITED_STATES,ISSUER_IR_AND_SEC_EDGAR,CVS,PASS,EXACT_SEC_TICKER_TO_CIK,UNRESOLVED,UNRESOLVED,,,SEC_ACCEPTANCE_CORROBORATION_ONLY,https://www.sec.gov/Archives/edgar/data/64803/000006480326000051/cvs_ex99x1q1-26.htm,248d86294f5ea358749b65002c5002528818d001f57c9eb0422740d213a329ef,PASS,SEC_EDGAR_8-K,https://www.sec.gov/Archives/edgar/data/64803/000006480326000051/cvs_ex99x1q1-26.htm,248d86294f5ea358749b65002c5002528818d001f57c9eb0422740d213a329ef,false,PASS,2026-02-20,2026-06-10,77,41a36220dd5923e2d85d29c92da05055ef9862a7d15c99827bd4607125e0f472,false,PASS,SEC acceptance corroborated at 2026-05-06T10:31:25Z; earlier issuer-IR timestamp not independently resolved.,PASS,1,0x0e02c9fb7b1dacb8a129bc2d9fd51b529d74d97f8c69598670caf151cb69b631,29783494672658965572858134273727024619960684603906701773859181667336087112610|78066773501816007671026426246470156320665742480946866697821099995713545009829,0,0,,,NO_PRICE_HISTORY_OBSERVED,https://www.sec.gov/files/company_tickers.json,UNRESOLVED,PASS,false,false,FAIL,FAIL,FAIL,,FAIL,false,false,,,false,FAIL,false,revelation_state|safe_cutoff_state
53154,EARNINGS_EPS,34c8b517323fa93a6319ba3b,Will Helen of Troy (HELE) beat quarterly earnings?,hele-quarterly-earnings-nongaap-eps-2025-10-09-0pt52,2025-10-09T00:00:00Z,DUE_ASOF,UNITED_STATES,ISSUER_IR_AND_SEC_EDGAR,HELE,PASS,EXACT_SEC_TICKER_TO_CIK,UNRESOLVED,UNRESOLVED,,,SEC_ACCEPTANCE_CORROBORATION_ONLY,https://www.sec.gov/Archives/edgar/data/916789/000091678925000096/fy26_q2xex-991.htm,10c444a29f0955d4c4374b03db3dbc8b57c41bb21d19aa95a9a1f5dce17eb488,PASS,SEC_EDGAR_8-K,https://www.sec.gov/Archives/edgar/data/916789/000091678925000096/fy26_q2xex-991.htm,10c444a29f0955d4c4374b03db3dbc8b57c41bb21d19aa95a9a1f5dce17eb488,false,PASS,2025-07-28,2025-11-13,78,41db9935e1728fa7e7f5d0db9a9f58aacf418bbb2323f5d9487a8a3b39787cb4,false,PASS,SEC acceptance corroborated at 2025-10-09T10:50:15Z; earlier issuer-IR timestamp not independently resolved.,PASS,1,0x2b7e81eb5a5b5b33f6c96d13192c4512411cf58fe73c4fb3f4dad39bb8e90991,35001997328738137346525262385409939407615706067351206704127889745262708087444|36595540883444483049397704165859734165296213208797590130209779223515442527136,0,0,,,NO_PRICE_HISTORY_OBSERVED,https://www.sec.gov/files/company_tickers.json,UNRESOLVED,PASS,false,false,FAIL,FAIL,FAIL,,FAIL,false,false,,,false,FAIL,false,revelation_state|safe_cutoff_state
63166,EARNINGS_EPS,ec84b675893397739ec93365,Will PayPal Holdings (PYPL) beat quarterly earnings?,pypl-quarterly-earnings-nongaap-eps-10-28-2025-1pt21,2025-10-28T13:00:00Z,DUE_ASOF,UNITED_STATES,ISSUER_IR_AND_SEC_EDGAR,PYPL,PASS,EXACT_SEC_TICKER_TO_CIK,UNRESOLVED,UNRESOLVED,,,SEC_ACCEPTANCE_CORROBORATION_ONLY,https://www.sec.gov/Archives/edgar/data/1633917/000163391725000194/pypl3q-25earningsrelease.htm,e253f43cd6dd531affe66f985b728716d013432bde773a73023cdb2ba6a2f753,PASS,SEC_EDGAR_8-K,https://www.sec.gov/Archives/edgar/data/1633917/000163391725000194/pypl3q-25earningsrelease.htm,e253f43cd6dd531affe66f985b728716d013432bde773a73023cdb2ba6a2f753,false,PASS,2025-08-14,2025-12-02,77,b0ff8d14bc297bb3528a11be2c9e17c780ec7351e2c1c9086af42f5be4bc4507,false,PASS,SEC acceptance corroborated at 2025-10-28T11:01:13Z; earlier issuer-IR timestamp not independently resolved.,PASS,1,0xe4180735b2b0f5c83751da4a2a3adae259e29fd9212d771cf564636522a4bbca,28085588552630073268231195885967869547656255335563583909425355982236140245110|569929307023394477704392671738728432215380094547487564614208050219793561358,0,0,,,NO_PRICE_HISTORY_OBSERVED,https://www.sec.gov/files/company_tickers.json,UNRESOLVED,PASS,false,false,FAIL,FAIL,FAIL,,FAIL,false,false,,,false,FAIL,false,revelation_state|safe_cutoff_state
196890,EARNINGS_EPS,e86fb889e2f7a96f969c1449,Will Goodyear Tire & Rubber (GT) beat quarterly earnings?,gt-quarterly-earnings-nongaap-eps-02-12-2026-0pt49,2026-02-12T22:00:00Z,DUE_ASOF,UNITED_STATES,ISSUER_IR_AND_SEC_EDGAR,GT,PASS,EXACT_SEC_TICKER_TO_CIK,UNRESOLVED,UNRESOLVED,,,SEC_ACCEPTANCE_CORROBORATION_ONLY,https://www.sec.gov/Archives/edgar/data/42582/000119312526042892/d32741dex991.htm,b18bdca34ec3ce2a389e36599da612d7310a8207b1924c0fa7fe2abbc4295277,PASS,SEC_EDGAR_8-K,https://www.sec.gov/Archives/edgar/data/42582/000119312526042892/d32741dex991.htm,b18bdca34ec3ce2a389e36599da612d7310a8207b1924c0fa7fe2abbc4295277,false,PASS,2025-12-01,2026-03-20,76,c6cc9929e7819d38c21cdb2967c7c658b1f777ca320e07de08f5dba22501c804,false,PASS,SEC acceptance corroborated at 2026-02-09T21:30:25Z; earlier issuer-IR timestamp not independently resolved.,PASS,1,0xbdbe413591a2e4c725cd9bb310bc3d9c948e23591b3b03e5eb9efc482e4f1d34,27034867706536757879415294925555011384665351140576328357996376907057733027604|99061732895832688414299581035605482555330977329980950240911251251376079030404,0,0,,,NO_PRICE_HISTORY_OBSERVED,https://www.sec.gov/files/company_tickers.json,UNRESOLVED,PASS,false,false,FAIL,FAIL,FAIL,,FAIL,false,false,,,false,FAIL,false,revelation_state|safe_cutoff_state
652149,EARNINGS_EPS,8a1e8980892b172ef85e6d7e,Will Wells Fargo (WFC) beat quarterly earnings?,wfc-quarterly-earnings-gaap-eps-07-14-2026-1pt71,2026-07-14T13:00:00Z,DUE_ASOF,UNITED_STATES,ISSUER_IR_AND_SEC_EDGAR,WFC,PASS,EXACT_SEC_TICKER_TO_CIK,UNRESOLVED,UNRESOLVED,,,SEC_ACCEPTANCE_CORROBORATION_ONLY,https://www.sec.gov/Archives/edgar/data/72971/000007297126000288/ex993-wellsfargo2q26pres.htm,864b60833990526004143af82cf1378e57e23de43846639f6ae19566e088ad8a,PASS,SEC_EDGAR_8-K,https://www.sec.gov/Archives/edgar/data/72971/000007297126000288/ex993-wellsfargo2q26pres.htm,864b60833990526004143af82cf1378e57e23de43846639f6ae19566e088ad8a,false,PASS,2026-04-30,2026-08-12,72,b58b98f5a2247b6ce099ba0686e95ad66522ce6bbf166c1a21ae6a19bae76425,false,PASS,SEC acceptance corroborated at 2026-07-14T10:28:21Z; earlier issuer-IR timestamp not independently resolved.,PASS,1,0x78bab6a2c295dff2cd7e70fced18d522477acf05d29d57d82f5aa577ecc3685a,108313207065328335423283238537474322991559399021450676122611495766740881929567|87400465963157611483248447716009227348330598402917796455450379122684177671691,2,0,2026-07-12T20:20:04Z,2026-07-14T12:30:09Z,PASS_HISTORY_OBSERVED,https://www.sec.gov/files/company_tickers.json,UNRESOLVED,PASS,false,false,UNRESOLVED,UNRESOLVED,UNRESOLVED,,UNRESOLVED,,,,,,UNRESOLVED,false,pm_pre_cutoff_state|pm_24h_state|history_state|f2_state|revelation_state|safe_cutoff_state
199306,EARNINGS_EPS,b255e3cb08cf26a73d81942f,Will Texas Roadhouse (TXRH) beat quarterly earnings?,txrh-quarterly-earnings-gaap-eps-02-19-2026-1pt49,2026-02-19T22:00:00Z,DUE_ASOF,UNITED_STATES,ISSUER_IR_AND_SEC_EDGAR,TXRH,PASS,EXACT_SEC_TICKER_TO_CIK,UNRESOLVED,UNRESOLVED,,,SEC_ACCEPTANCE_CORROBORATION_ONLY,https://www.sec.gov/Archives/edgar/data/1289460/000110465926017538/txrh-20260218xex99d1.htm,c24e665f75431a4899080be2b7a3dfbd4b2f7a15a5c9277cf1938b38083b27c1,PASS,SEC_EDGAR_8-K,https://www.sec.gov/Archives/edgar/data/1289460/000110465926017538/txrh-20260218xex99d1.htm,c24e665f75431a4899080be2b7a3dfbd4b2f7a15a5c9277cf1938b38083b27c1,false,PASS,2025-12-08,2026-03-27,76,266031aa0587edbc3cf0187b68731b5e120c49cd58ffc05b22b423cd3ecf435e,false,PASS,SEC acceptance corroborated at 2026-02-19T21:05:52Z; earlier issuer-IR timestamp not independently resolved.,PASS,1,0x17dce37ec2ca13843e676a8f70bd4e3c575a42831811f16088b45f5999d8bb4f,58168295847746935594966979569939519217965181117258126486643131221049925578668|68173111838613576894206430345099096075555856014696350245853886391953705018366,0,0,,,NO_PRICE_HISTORY_OBSERVED,https://www.sec.gov/files/company_tickers.json,UNRESOLVED,PASS,false,false,FAIL,FAIL,FAIL,,FAIL,false,false,,,false,FAIL,false,revelation_state|safe_cutoff_state
69824,EARNINGS_EPS,1857fd9d787b4ebd6d5a6e4c,Will USA Rare Earth (USAR) beat quarterly earnings?,usar-quarterly-earnings-nongaap-eps-11-06-2025-neg0pt07,2025-11-06T22:00:00Z,DUE_ASOF,UNITED_STATES,ISSUER_IR_AND_SEC_EDGAR,USAR,PASS,EXACT_SEC_TICKER_TO_CIK,UNRESOLVED,UNRESOLVED,,,SEC_ACCEPTANCE_CORROBORATION_ONLY,https://www.sec.gov/Archives/edgar/data/1970622/000197062225000073/exhibit991-earningsrelease.htm,6159264c9ad5794cc8ed23772061749882c4838689c4bdc1efc232af4fb27ec8,PASS,SEC_EDGAR_8-K,https://www.sec.gov/Archives/edgar/data/1970622/000197062225000073/exhibit991-earningsrelease.htm,6159264c9ad5794cc8ed23772061749882c4838689c4bdc1efc232af4fb27ec8,false,PASS,2025-08-25,2025-12-12,78,b8355fd4c53d534b08d44651de6a64aaa1c43bd03070ed29fcd1f9f18b55ca73,false,PASS,SEC acceptance corroborated at 2025-11-06T21:14:51Z; earlier issuer-IR timestamp not independently resolved.,PASS,1,0x28672a0b6507d61e5530fe2a585dbe5c9eb9cd3a9b9845332ebf4883bfe2a5eb,111126276898830146241880784788361951153569388862269234754309838089325441183714|48168062086276070022366671371036519865471113089872153796605818109211295184677,0,0,,,NO_PRICE_HISTORY_OBSERVED,https://www.sec.gov/files/company_tickers.json,UNRESOLVED,PASS,false,false,FAIL,FAIL,FAIL,,FAIL,false,false,,,false,FAIL,false,revelation_state|safe_cutoff_state
50332,EARNINGS_EPS,22947e9630f47d419a8ed1e4,Will Tesla (TSLA) beat quarterly earnings?,tsla-quarterly-earnings-nongaap-eps-2025-10-22-0pt5,2025-10-22T00:00:00Z,DUE_ASOF,UNITED_STATES,ISSUER_IR_AND_SEC_EDGAR,TSLA,PASS,EXACT_SEC_TICKER_TO_CIK,UNRESOLVED,UNRESOLVED,,,SEC_ACCEPTANCE_CORROBORATION_ONLY,https://www.sec.gov/Archives/edgar/data/1318605/000162828025045861/exhibit991.htm,432126c999d2c5f5d94480ba2b0ad46e2e782accf3e138bb56156a97f884415c,PASS,SEC_EDGAR_8-K,https://www.sec.gov/Archives/edgar/data/1318605/000162828025045861/exhibit991.htm,432126c999d2c5f5d94480ba2b0ad46e2e782accf3e138bb56156a97f884415c,false,PASS,2025-08-08,2025-11-26,78,50cc60d093ccbab3bc754da5cabf90e4b2b678dca923c3eaf8689f25f4d29a3f,false,PASS,SEC acceptance corroborated at 2025-10-22T20:06:36Z; earlier issuer-IR timestamp not independently resolved.,PASS,1,0x0aaf73677aeda3cda88c7337343177267011f1d6d08fbdc83174e5bee6a48edc,19633015308665515809540164863866960264374452588900338058031105544479007548468|37685800668457844386765803839320595988837106080582104665596998819815810884299,0,0,,,NO_PRICE_HISTORY_OBSERVED,https://www.sec.gov/files/company_tickers.json,UNRESOLVED,PASS,false,false,FAIL,FAIL,FAIL,,FAIL,false,false,,,false,FAIL,false,revelation_state|safe_cutoff_state
62698,EARNINGS_EPS,3845f2571d9399236f73c3bf,Will Piper Sandler Companies (PIPR) beat quarterly earnings?,pipr-quarterly-earnings-nongaap-eps-10-28-2025-3pt27,2025-10-28T13:00:00Z,DUE_ASOF,UNITED_STATES,ISSUER_IR_AND_SEC_EDGAR,PIPR,PASS,EXACT_SEC_TICKER_TO_CIK,UNRESOLVED,UNRESOLVED,,,SEC_ACCEPTANCE_CORROBORATION_ONLY,https://www.sec.gov/Archives/edgar/data/1230245/000123024525000141/q32025ex99earningspressrel.htm,40e692db8751350e0138c6344c778785c583924590b435dbabcc81c81522e42b,PASS,SEC_EDGAR_8-K,https://www.sec.gov/Archives/edgar/data/1230245/000123024525000141/q32025ex99earningspressrel.htm,40e692db8751350e0138c6344c778785c583924590b435dbabcc81c81522e42b,false,PASS,2025-08-14,2025-12-02,77,ed5ccb2c98c23056caae2cee9d01a2271a666fe2ef04e337c76b1062f60def63,false,PASS,SEC acceptance corroborated at 2025-10-31T11:03:56Z; earlier issuer-IR timestamp not independently resolved.,PASS,1,0x62056f9fc743a5213415ad1ec877894341ef46184d45f5f686d35e91a967bdf7,21008502799119892715830026953266028022007637688309825381141453426672228432162|39155163003457905717923645419419948477288516386579993989817015440610002794830,0,0,,,NO_PRICE_HISTORY_OBSERVED,https://www.sec.gov/files/company_tickers.json,UNRESOLVED,PASS,false,false,FAIL,FAIL,FAIL,,FAIL,false,false,,,false,FAIL,false,revelation_state|safe_cutoff_state
56589,EARNINGS_EPS,79e3ab835465efc63cecffeb,Will International Business Machines (IBM) beat quarterly earnings?,ibm-quarterly-earnings-nongaap-eps-10-22-2025-2pt44,2025-10-22T21:00:00Z,DUE_ASOF,UNITED_STATES,ISSUER_IR_AND_SEC_EDGAR,IBM,PASS,EXACT_SEC_TICKER_TO_CIK,UNRESOLVED,UNRESOLVED,,,SEC_ACCEPTANCE_CORROBORATION_ONLY,https://www.sec.gov/Archives/edgar/data/51143/000005114325000061/ibm-20251022xex991.htm,aee47add2117c3d2260a069d57e8267cd9b1904687c586707483bb8abffabc5e,PASS,SEC_EDGAR_8-K,https://www.sec.gov/Archives/edgar/data/51143/000005114325000061/ibm-20251022xex991.htm,aee47add2117c3d2260a069d57e8267cd9b1904687c586707483bb8abffabc5e,false,PASS,2025-08-08,2025-11-26,78,f4250b5a91dc6e768c1c6ff936e5dfa5d37da9a0a18b28912c8034254b3d4f2d,false,PASS,SEC acceptance corroborated at 2025-10-22T20:13:59Z; earlier issuer-IR timestamp not independently resolved.,PASS,1,0x0869c3b2f29775e02f21395f5841926bb4218e6bd4a8256b2e1106d45835ad06,38321353817130629050824093398352782268162497479677984460065695238738908716367|67629868953966123263139563032466485190565527980819176687999911552955385458425,0,0,,,NO_PRICE_HISTORY_OBSERVED,https://www.sec.gov/files/company_tickers.json,UNRESOLVED,PASS,false,false,FAIL,FAIL,FAIL,,FAIL,false,false,,,false,FAIL,false,revelation_state|safe_cutoff_state
74801,EARNINGS_EPS,307f160f39faeba08220c721,Will Theravance Biopharma (TBPH) beat quarterly earnings?,tbph-quarterly-earnings-gaap-eps-11-10-2025-neg0pt13,2025-11-10T22:00:00Z,DUE_ASOF,UNITED_STATES,ISSUER_IR_AND_SEC_EDGAR,TBPH,PASS,EXACT_SEC_TICKER_TO_CIK,UNRESOLVED,UNRESOLVED,,,SEC_ACCEPTANCE_CORROBORATION_ONLY,https://www.sec.gov/Archives/edgar/data/1583107/000110465925109146/0001104659-25-109146.txt,390f1522e9053a74dc5cfc1fd035b16cdfaeb7476404a1030d6b54df710d2ea2,PASS,SEC_EDGAR_8-K,https://www.sec.gov/Archives/edgar/data/1583107/000110465925109146/0001104659-25-109146.txt,390f1522e9053a74dc5cfc1fd035b16cdfaeb7476404a1030d6b54df710d2ea2,false,PASS,2025-08-27,2025-12-16,78,6d7c6e55db65c2e2a57e2a7bf7e719f52e9cb9836d4ccc9e954318b79bdb33bf,false,PASS,SEC acceptance corroborated at 2025-11-10T21:11:07Z; earlier issuer-IR timestamp not independently resolved.,PASS,1,0x06dd9bd00c4d8db2d220963c5e4d68a76bc9d0d5ef750dcfad601f2880bb9c07,68250432623578886746145289395365830442765580484880669174147559851520520639230|95601242411932939830118951552561740048417388603055554477143696436867809586149,0,0,,,NO_PRICE_HISTORY_OBSERVED,https://www.sec.gov/files/company_tickers.json,UNRESOLVED,PASS,false,false,FAIL,FAIL,FAIL,,FAIL,false,false,,,false,FAIL,false,revelation_state|safe_cutoff_state
87916,EARNINGS_EPS,9b8c44248d914b4ea7881f40,Will Academy Sports and Outdoors (ASO) beat quarterly earnings?,aso-quarterly-earnings-nongaap-eps-12-09-2025-1pt06,2025-12-09T14:00:00Z,DUE_ASOF,UNITED_STATES,ISSUER_IR_AND_SEC_EDGAR,ASO,PASS,EXACT_SEC_TICKER_TO_CIK,UNRESOLVED,UNRESOLVED,,,SEC_ACCEPTANCE_CORROBORATION_ONLY,https://www.sec.gov/Archives/edgar/data/1817358/000181735825000189/exhibit991pressreleaseq320.htm,0a800fe6a888978dd648216627803dce087334c11f3ee5734ed85f96f29d199f,PASS,SEC_EDGAR_8-K,https://www.sec.gov/Archives/edgar/data/1817358/000181735825000189/exhibit991pressreleaseq320.htm,0a800fe6a888978dd648216627803dce087334c11f3ee5734ed85f96f29d199f,false,PASS,2025-09-25,2026-01-13,76,a0b965eb6f6149bb015e207632da95b40a607ad615a12573233074c825a7bf63,false,PASS,SEC acceptance corroborated at 2025-12-09T13:03:54Z; earlier issuer-IR timestamp not independently resolved.,PASS,1,0xb922ab1a9b47dbd6d6349e43462e03f33f44c38f0039f5e41c82b364903e39cf,10490134186713500828801542360532774125243684318260430102670975422273531625826|2629684463565331888649398251868785151129696363519962552646617660394201292754,0,0,,,NO_PRICE_HISTORY_OBSERVED,https://www.sec.gov/files/company_tickers.json,UNRESOLVED,PASS,false,false,FAIL,FAIL,FAIL,,FAIL,false,false,,,false,FAIL,false,revelation_state|safe_cutoff_state
90064,EARNINGS_EPS,9922f07526615e3eb0d4cbd8,Will General Mills (GIS) beat quarterly earnings?,gis-quarterly-earnings-nongaap-eps-12-17-2025-1pt02,2025-12-17T14:00:00Z,DUE_ASOF,UNITED_STATES,ISSUER_IR_AND_SEC_EDGAR,GIS,PASS,EXACT_SEC_TICKER_TO_CIK,UNRESOLVED,UNRESOLVED,,,SEC_ACCEPTANCE_CORROBORATION_ONLY,https://www.sec.gov/Archives/edgar/data/40704/000162828025057486/gis-20251217xex99.htm,1ddc1176d8d8090ce8b4822c483f34d92c671a579b01f0cee641ceb71c2dd517,PASS,SEC_EDGAR_8-K,https://www.sec.gov/Archives/edgar/data/40704/000162828025057486/gis-20251217xex99.htm,1ddc1176d8d8090ce8b4822c483f34d92c671a579b01f0cee641ceb71c2dd517,false,PASS,2025-10-03,2026-01-21,75,2f05d44f8815e2bf8a1424adc3ebcc0c84b6a30ca3b76079178df14b65a473f8,false,PASS,SEC acceptance corroborated at 2025-12-17T12:02:31Z; earlier issuer-IR timestamp not independently resolved.,PASS,1,0xdd2db1de97992c0c91941560e0e101537167835f5b0ea67fd6697350b3e76c7a,110025026514398170239087876015200803882735343015811888649216872862413842010996|280395810385585286276358694682008830994484356722603160825999603993560526048,0,0,,,NO_PRICE_HISTORY_OBSERVED,https://www.sec.gov/files/company_tickers.json,UNRESOLVED,PASS,false,false,FAIL,FAIL,FAIL,,FAIL,false,false,,,false,FAIL,false,revelation_state|safe_cutoff_state
206325,EARNINGS_EPS,39a6af4593c54c77bc6538cb,Will Intuit (INTU) beat quarterly earnings?,intu-quarterly-earnings-nongaap-eps-02-26-2026-3pt68,2026-02-26T22:00:00Z,DUE_ASOF,UNITED_STATES,ISSUER_IR_AND_SEC_EDGAR,INTU,PASS,EXACT_SEC_TICKER_TO_CIK,UNRESOLVED,UNRESOLVED,,,SEC_ACCEPTANCE_CORROBORATION_ONLY,https://www.sec.gov/Archives/edgar/data/896878/000089687826000012/fy26q2earningspressrelease.htm,45e8bf504636f6e4a771d39cf1578c5eb1629e489ada8225fe79c9bda5cea8fe,PASS,SEC_EDGAR_8-K,https://www.sec.gov/Archives/edgar/data/896878/000089687826000012/fy26q2earningspressrelease.htm,45e8bf504636f6e4a771d39cf1578c5eb1629e489ada8225fe79c9bda5cea8fe,false,PASS,2025-12-15,2026-04-02,75,5fcde6637cb5c1a707aef996bbf83e9dfe97ff4a34cba224b90c95562b4d3047,false,PASS,SEC acceptance corroborated at 2026-02-26T21:02:55Z; earlier issuer-IR timestamp not independently resolved.,PASS,1,0x403061a4ef4ce00912ad4822552fc2e996c6d5721065020b6517f4d377601f8a,23727699410331847899574564873947177671866314850212206728061472661270167519504|94706210020908623394560199080494530519426865912693226682453246515190617260317,0,0,,,NO_PRICE_HISTORY_OBSERVED,https://www.sec.gov/files/company_tickers.json,UNRESOLVED,PASS,false,false,FAIL,FAIL,FAIL,,FAIL,false,false,,,false,FAIL,false,revelation_state|safe_cutoff_state
410664,EARNINGS_EPS,5c616c3332608dfc4aaee399,Will Teleflex (TFX) beat quarterly earnings?,tfx-quarterly-earnings-nongaap-eps-05-07-2026-1pt22,2026-05-07T13:00:00Z,DUE_ASOF,UNITED_STATES,ISSUER_IR_AND_SEC_EDGAR,TFX,PASS,EXACT_SEC_TICKER_TO_CIK,UNRESOLVED,UNRESOLVED,,,SEC_ACCEPTANCE_CORROBORATION_ONLY,https://www.sec.gov/Archives/edgar/data/96943/000009694326000048/ex991to5-6x2026req12026ear.htm,d58cf5a386fac99fc22ffe25d86845d3c783f099ea25dd683ae57285a930f455,PASS,SEC_EDGAR_8-K,https://www.sec.gov/Archives/edgar/data/96943/000009694326000048/ex991to5-6x2026req12026ear.htm,d58cf5a386fac99fc22ffe25d86845d3c783f099ea25dd683ae57285a930f455,false,PASS,2026-02-23,2026-06-11,77,a7726604937110fd557afa9274f1cda92b08cf521c0494b6508c2f55cca16812,false,PASS,SEC acceptance corroborated at 2026-05-07T11:04:23Z; earlier issuer-IR timestamp not independently resolved.,PASS,1,0x0acfca3e8d9c6a1c30e0cc672a293ac19807a6346270a7d50b2ea8295286bd80,88052576360013526823141525814765292524021552391655569115327759478464492383468|91310018111869385179937327805339045172592339743194141278964298420692177569149,0,0,,,NO_PRICE_HISTORY_OBSERVED,https://www.sec.gov/files/company_tickers.json,UNRESOLVED,PASS,false,false,FAIL,FAIL,FAIL,,FAIL,false,false,,,false,FAIL,false,revelation_state|safe_cutoff_state
715597,EARNINGS_EPS,047e35b3986ffe0712f11d31,Will Hilton Grand Vacations (HGV) beat quarterly earnings?,hgv-quarterly-earnings-nongaap-eps-07-30-2026-1pt01,2026-07-30T13:00:00Z,DUE_ASOF,UNITED_STATES,ISSUER_IR_AND_SEC_EDGAR,HGV,PASS,EXACT_SEC_TICKER_TO_CIK,UNRESOLVED,UNRESOLVED,,,SEC_ACCEPTANCE_CORROBORATION_ONLY,https://www.sec.gov/Archives/edgar/data/1674168/000167416826000098/hgvq22026earningsreleaseex.htm,8aeabf90d7a3a77e4ecc6d5e751b2c63190793685372451458d1b066bcba4ace,PASS,SEC_EDGAR_8-K,https://www.sec.gov/Archives/edgar/data/1674168/000167416826000098/hgvq22026earningsreleaseex.htm,8aeabf90d7a3a77e4ecc6d5e751b2c63190793685372451458d1b066bcba4ace,false,PASS,2026-05-18,2026-08-12,60,3f4273edd98d28ffd5826c147974d3dee0516f584137d31bf8860461b1641400,false,PASS,SEC acceptance corroborated at 2026-07-30T11:08:02Z; earlier issuer-IR timestamp not independently resolved.,PASS,1,0xed28fe614ddb367d9cd5a79fc87875068ee5744fc29aea5ef68dedbd6a19801b,12654067115346150163642067363396593650322652448423737548839238158831361270969|1831042381899917441580620576741122167086429795902478331697213813257444829501,2,0,2026-07-18T20:40:04Z,2026-07-30T13:00:09Z,PASS_HISTORY_OBSERVED,https://www.sec.gov/files/company_tickers.json,UNRESOLVED,PASS,false,false,UNRESOLVED,UNRESOLVED,UNRESOLVED,,UNRESOLVED,,,,,,UNRESOLVED,false,pm_pre_cutoff_state|pm_24h_state|history_state|f2_state|revelation_state|safe_cutoff_state
387361,EARNINGS_EPS,7da20c574a2e960dc1972a6d,Will Microsoft (MSFT) beat quarterly earnings?,msft-quarterly-earnings-gaap-eps-04-29-2026-4pt05,2026-04-29T21:00:00Z,DUE_ASOF,UNITED_STATES,ISSUER_IR_AND_SEC_EDGAR,MSFT,PASS,EXACT_SEC_TICKER_TO_CIK,UNRESOLVED,UNRESOLVED,,,SEC_ACCEPTANCE_CORROBORATION_ONLY,https://www.sec.gov/Archives/edgar/data/789019/000119312526191457/msft-ex99_1.htm,f875e9460e7e50ff6f5aac73ae82cfcb7fec4bfaa3c8ef714ae356063f14418d,PASS,SEC_EDGAR_8-K,https://www.sec.gov/Archives/edgar/data/789019/000119312526191457/msft-ex99_1.htm,f875e9460e7e50ff6f5aac73ae82cfcb7fec4bfaa3c8ef714ae356063f14418d,false,PASS,2026-02-13,2026-06-04,77,cd9751655b9d4d4a3437251c1fd7be8a406f5c6e44afdd230961bb5d480dd835,false,PASS,SEC acceptance corroborated at 2026-04-29T20:03:31Z; earlier issuer-IR timestamp not independently resolved.,PASS,1,0x7d32292f9b305098581859a93ef954f34f92efd8d2fd10fee7ce263b9c5474c3,19468829451923821672158613848416340867063311076831413563135485028599487667972|52237913185074050880108385902927497591014997864674990476536295251219140022365,0,0,,,NO_PRICE_HISTORY_OBSERVED,https://www.sec.gov/files/company_tickers.json,UNRESOLVED,PASS,false,false,FAIL,FAIL,FAIL,,FAIL,false,false,,,false,FAIL,false,revelation_state|safe_cutoff_state
401604,EARNINGS_EPS,1627371f65ffcb4b00f485ca,Will Moderna (MRNA) beat quarterly earnings?,mrna-quarterly-earnings-gaap-eps-05-01-2026-neg2pt67,2026-05-01T13:00:00Z,DUE_ASOF,UNITED_STATES,ISSUER_IR_AND_SEC_EDGAR,MRNA,PASS,EXACT_SEC_TICKER_TO_CIK,UNRESOLVED,UNRESOLVED,,,SEC_ACCEPTANCE_CORROBORATION_ONLY,https://www.sec.gov/Archives/edgar/data/1682852/000168285226000057/exhibit9912026q1pressrelea.htm,82fdaa94d44a5905ee77653c3416e32e458e2f844fe3c6c080c758e23c2fa2f0,PASS,SEC_EDGAR_8-K,https://www.sec.gov/Archives/edgar/data/1682852/000168285226000057/exhibit9912026q1pressrelea.htm,82fdaa94d44a5905ee77653c3416e32e458e2f844fe3c6c080c758e23c2fa2f0,false,PASS,2026-02-17,2026-06-05,77,62f1d3567de81ccd0f65727a4e6e8b6a518630a305406e336fb1288dc9ee58ba,false,PASS,SEC acceptance corroborated at 2026-05-01T10:32:54Z; earlier issuer-IR timestamp not independently resolved.,PASS,1,0xc0a568643af8ef72532e0562c199a335e997df697f9ae64b3474747dea5e9942,21448435450520248127095991812347777307645467832498676681921743207518501583856|50781578954209032945476691816629460073419456124096720732595904691198221273312,0,0,,,NO_PRICE_HISTORY_OBSERVED,https://www.sec.gov/files/company_tickers.json,UNRESOLVED,PASS,false,false,FAIL,FAIL,FAIL,,FAIL,false,false,,,false,FAIL,false,revelation_state|safe_cutoff_state
69065,EARNINGS_EPS,ec19d177c70e877e4f4cb119,Will DraftKings (DKNG) beat quarterly earnings?,dkng-quarterly-earnings-nongaap-eps-11-06-2025-neg0pt25,2025-11-06T22:00:00Z,DUE_ASOF,UNITED_STATES,ISSUER_IR_AND_SEC_EDGAR,DKNG,PASS,EXACT_SEC_TICKER_TO_CIK,UNRESOLVED,UNRESOLVED,,,SEC_ACCEPTANCE_CORROBORATION_ONLY,https://www.sec.gov/Archives/edgar/data/1883685/000188368525000038/0001883685-25-000038.txt,8da45d21a134ece8a38268a03a52e3d98cc7769762e8949835c1e01ba1cadd52,PASS,SEC_EDGAR_10-Q,https://www.sec.gov/Archives/edgar/data/1883685/000188368525000038/0001883685-25-000038.txt,8da45d21a134ece8a38268a03a52e3d98cc7769762e8949835c1e01ba1cadd52,false,PASS,2025-08-25,2025-12-12,78,d872f240bfde12e9c573c7d2d6b64a3791441119d7c6655fb2c7908058a59a59,false,PASS,SEC acceptance corroborated at 2025-11-07T12:07:18Z; earlier issuer-IR timestamp not independently resolved.,PASS,1,0x639424255d09a79664e90a46da6f072d73294ff27e99d9462c60493b5750a452,108658361606667047574113788647747617557510073467596618736945434917364748709453|93252164873248641840356759638765547996328408563567859096433211838924946021786,0,0,,,NO_PRICE_HISTORY_OBSERVED,https://www.sec.gov/files/company_tickers.json,UNRESOLVED,PASS,false,false,FAIL,FAIL,FAIL,,FAIL,false,false,,,false,FAIL,false,revelation_state|safe_cutoff_state
148035,EARNINGS_EPS,b7969c23f062ce17a321c7af,Will Unity Bancorp (UNTY) beat quarterly earnings?,unty-quarterly-earnings-gaap-eps-01-21-2026-1pt36,2026-01-21T14:00:00Z,DUE_ASOF,UNITED_STATES,ISSUER_IR_AND_SEC_EDGAR,UNTY,PASS,EXACT_SEC_TICKER_TO_CIK,UNRESOLVED,,,,,,,UNRESOLVED,,,,false,PASS,2025-11-07,2026-02-25,74,0c59817957ed9ff2ed199e5653bdfefca2a4f8711640e35d9d570bbe42c6c7f1,false,PASS,No SEC earnings-window filing candidate.,PASS,1,0xbd97540446a2a4a084e55d240de00d3bd3387c70d3cadc9b5517a482fafe4b8b,43703174379616419116297580961071652714159066172394612821563073929035662502657|5628095518569326894821650014361870092458631717709367122788311512326164843535,0,0,,,NO_PRICE_HISTORY_OBSERVED,https://www.sec.gov/files/company_tickers.json,UNRESOLVED,PASS,false,false,FAIL,FAIL,FAIL,,FAIL,false,false,,,false,FAIL,false,revelation_state|resolution_state|safe_cutoff_state
387366,EARNINGS_EPS,f0a5659a682482b9ea03afb4,Will Garmin (GRMN) beat quarterly earnings?,grmn-quarterly-earnings-nongaap-eps-04-29-2026-1pt84,2026-04-29T13:00:00Z,DUE_ASOF,UNITED_STATES,ISSUER_IR_AND_SEC_EDGAR,GRMN,PASS,EXACT_SEC_TICKER_TO_CIK,UNRESOLVED,UNRESOLVED,,,SEC_ACCEPTANCE_CORROBORATION_ONLY,https://www.sec.gov/Archives/edgar/data/1121788/000119312526188907/grmn-ex99_1.htm,d78d86e44930ebf6cb49d59791933b9442b3b4023995d723b809eaf7dfe35fa1,PASS,SEC_EDGAR_8-K,https://www.sec.gov/Archives/edgar/data/1121788/000119312526188907/grmn-ex99_1.htm,d78d86e44930ebf6cb49d59791933b9442b3b4023995d723b809eaf7dfe35fa1,false,PASS,2026-02-13,2026-06-03,76,76de9452a85450fee832b4f701b0f0bfe63f904c28d5a1a63cfddbbe8733ee56,false,PASS,SEC acceptance corroborated at 2026-04-29T11:00:18Z; earlier issuer-IR timestamp not independently resolved.,PASS,1,0x42abc0d45d1985a2fd9cf9047b9d9da5759005506ede2e63555ec082033aab76,101748331176592888666377181785626567624083507059677335974486974680372873390644|80853148693976485571628667913234776469448993850155992934205702165969816780050,0,0,,,NO_PRICE_HISTORY_OBSERVED,https://www.sec.gov/files/company_tickers.json,UNRESOLVED,PASS,false,false,FAIL,FAIL,FAIL,,FAIL,false,false,,,false,FAIL,false,revelation_state|safe_cutoff_state
63149,EARNINGS_EPS,5e811e6e9d323c50540b5afc,Will Invesco (IVZ) beat quarterly earnings?,ivz-quarterly-earnings-nongaap-eps-10-28-2025-0pt44,2025-10-28T13:00:00Z,DUE_ASOF,UNITED_STATES,ISSUER_IR_AND_SEC_EDGAR,IVZ,PASS,EXACT_SEC_TICKER_TO_CIK,UNRESOLVED,UNRESOLVED,,,SEC_ACCEPTANCE_CORROBORATION_ONLY,https://www.sec.gov/Archives/edgar/data/914208/000091420825000360/ivzpressrelease3q2025.htm,a6ca5986bec5ce0182d9cbc0fac129b4720c79377ecd3fc59ba5bb4d6d27f4ef,PASS,SEC_EDGAR_8-K,https://www.sec.gov/Archives/edgar/data/914208/000091420825000360/ivzpressrelease3q2025.htm,a6ca5986bec5ce0182d9cbc0fac129b4720c79377ecd3fc59ba5bb4d6d27f4ef,false,PASS,2025-08-14,2025-12-02,77,b9eb30365909898d70fb90ada3e79ee67e4ecf187c9d9fc290f28ef7b49a02d6,false,PASS,SEC acceptance corroborated at 2025-10-28T10:58:58Z; earlier issuer-IR timestamp not independently resolved.,PASS,1,0xcf1e39e8e54392442711030179952dd9029afde35c0868fb510ac28b72da5998,46861148150949206824898678824342987403808835386211777769604834672290493970124|67711473053555708663584788417379206837459155413443739893022153392226477766133,0,0,,,NO_PRICE_HISTORY_OBSERVED,https://www.sec.gov/files/company_tickers.json,UNRESOLVED,PASS,false,false,FAIL,FAIL,FAIL,,FAIL,false,false,,,false,FAIL,false,revelation_state|safe_cutoff_state
311428,EARNINGS_EPS,13660002f4ce246c1bafc825,Will WD-40 (WDFC) beat quarterly earnings?,wdfc-quarterly-earnings-gaap-eps-04-09-2026-1pt43,2026-04-09T21:00:00Z,DUE_ASOF,UNITED_STATES,ISSUER_IR_AND_SEC_EDGAR,WDFC,PASS,EXACT_SEC_TICKER_TO_CIK,UNRESOLVED,UNRESOLVED,,,SEC_ACCEPTANCE_CORROBORATION_ONLY,https://www.sec.gov/Archives/edgar/data/105132/000010513226000026/wdfc-20260409xexx991.htm,0b8d9e0ce3f0227b394bd231e774040415354a06f3cf6eebddaa2635a006b815,PASS,SEC_EDGAR_8-K,https://www.sec.gov/Archives/edgar/data/105132/000010513226000026/wdfc-20260409xexx991.htm,0b8d9e0ce3f0227b394bd231e774040415354a06f3cf6eebddaa2635a006b815,false,PASS,2026-01-26,2026-05-15,78,d6dd018e5e6c75262d53db000b84dd5d26e8cfda7b1fd8aef8d78f8b395038b4,false,PASS,SEC acceptance corroborated at 2026-04-09T20:07:56Z; earlier issuer-IR timestamp not independently resolved.,PASS,1,0x8328fe4809abededdf34ec74091f94d88d12d882c9b8932fb1b2924be9a7ce40,44930277740658862614728401544896285865690448983784549160952909438068277650536|98296854913772750675149100098815806545764055465909972313847121449561518001030,0,0,,,NO_PRICE_HISTORY_OBSERVED,https://www.sec.gov/files/company_tickers.json,UNRESOLVED,PASS,false,false,FAIL,FAIL,FAIL,,FAIL,false,false,,,false,FAIL,false,revelation_state|safe_cutoff_state
184516,EARNINGS_EPS,c111b2ef8322ffe62f5c2aa2,Will ConocoPhillips (COP) beat quarterly earnings?,cop-quarterly-earnings-nongaap-eps-02-05-2026-1pt11,2026-02-05T14:00:00Z,DUE_ASOF,UNITED_STATES,ISSUER_IR_AND_SEC_EDGAR,COP,PASS,EXACT_SEC_TICKER_TO_CIK,UNRESOLVED,UNRESOLVED,,,SEC_ACCEPTANCE_CORROBORATION_ONLY,https://www.sec.gov/Archives/edgar/data/1163165/000116316526000005/cop-20260205x8kexx991.htm,be7281ad1f79704c448a0f29f741f35748f2b22fcc65b819bc31c0b583fa43c3,PASS,SEC_EDGAR_8-K,https://www.sec.gov/Archives/edgar/data/1163165/000116316526000005/cop-20260205x8kexx991.htm,be7281ad1f79704c448a0f29f741f35748f2b22fcc65b819bc31c0b583fa43c3,false,PASS,2025-11-24,2026-03-13,75,0782ed623359b9867641d1d2a7bff5a13dd030828cc2861a41753ef2906d9a20,false,PASS,SEC acceptance corroborated at 2026-02-05T12:43:54Z; earlier issuer-IR timestamp not independently resolved.,PASS,1,0x561fbcac1b906bfc402452d6b78e1e96b9fd22b1ea300b39bf53bf6a07baba13,29676705333169940461347040056126056079934951329499186492802247818185725100894|75863487666157339093275956500894580497267058502965366467719210100093450458221,0,0,,,NO_PRICE_HISTORY_OBSERVED,https://www.sec.gov/files/company_tickers.json,UNRESOLVED,PASS,false,false,FAIL,FAIL,FAIL,,FAIL,false,false,,,false,FAIL,false,revelation_state|safe_cutoff_state
67841,EARNINGS_EPS,78d08461c7a7aea8c1507e27,Will HubSpot (HUBS) beat quarterly earnings?,hubs-quarterly-earnings-nongaap-eps-11-05-2025-2pt59,2025-11-05T22:00:00Z,DUE_ASOF,UNITED_STATES,ISSUER_IR_AND_SEC_EDGAR,HUBS,PASS,EXACT_SEC_TICKER_TO_CIK,UNRESOLVED,,,,,,,UNRESOLVED,,,,false,PASS,2025-08-22,2025-12-11,78,73ec04e0f000b91fe2add60661484f396884dc4f5edff89538bfedff4bde618f,false,PASS,SEC candidate found but metric/period/value evidence did not clear frozen objective checks.,PASS,1,0xfb19ac4840a66e8a3025e4d66fa0cbad7ffedf835c17d5dabdbdaac3a9e31cd1,13322883896883676657848383105577634475147087431701322777512768657997948761924|20983477653798269874059311273647525851819391895779846830751745364980610372650,0,0,,,NO_PRICE_HISTORY_OBSERVED,https://www.sec.gov/files/company_tickers.json,UNRESOLVED,PASS,false,false,FAIL,FAIL,FAIL,,FAIL,false,false,,,false,FAIL,false,revelation_state|resolution_state|safe_cutoff_state
60671,EARNINGS_EPS,f671714c1899a60c3466cc6e,Will Intel (INTC) beat quarterly earnings?,intc-quarterly-earnings-nongaap-eps-10-23-2025-0,2025-10-23T21:00:00Z,DUE_ASOF,UNITED_STATES,ISSUER_IR_AND_SEC_EDGAR,INTC,PASS,EXACT_SEC_TICKER_TO_CIK,UNRESOLVED,UNRESOLVED,,,SEC_ACCEPTANCE_CORROBORATION_ONLY,https://www.sec.gov/Archives/edgar/data/50863/000005086325000169/q325earningsrelease.htm,cd4ad11119ddadcf2256913e678af3c2b529f2395a7965e50918ba0efc5692c8,PASS,SEC_EDGAR_8-K,https://www.sec.gov/Archives/edgar/data/50863/000005086325000169/q325earningsrelease.htm,cd4ad11119ddadcf2256913e678af3c2b529f2395a7965e50918ba0efc5692c8,false,PASS,2025-08-11,2025-11-28,78,a68e03da1ac2a9da0674163e2156a4729a9f9eef5511ce38c6e456e9c2db99d4,false,PASS,SEC acceptance corroborated at 2025-10-23T20:10:22Z; earlier issuer-IR timestamp not independently resolved.,PASS,1,0xe05b325a9661cdb2b6fbc751865ef7cc6678ac314433ea31745e36a397561cb2,55170701535071011983612286610356156392444068444654721026306393446305265455581|82557758895926461878316124086892816652074651800049630852980355473666974680889,0,0,,,NO_PRICE_HISTORY_OBSERVED,https://www.sec.gov/files/company_tickers.json,UNRESOLVED,PASS,false,false,FAIL,FAIL,FAIL,,FAIL,false,false,,,false,FAIL,false,revelation_state|safe_cutoff_state
74815,EARNINGS_EPS,0539305e7d4360763c212e98,Will Rumble (RUM) beat quarterly earnings?,rum-quarterly-earnings-gaap-eps-11-12-2025-neg0pt06,2025-11-12T22:00:00Z,DUE_ASOF,UNITED_STATES,ISSUER_IR_AND_SEC_EDGAR,RUM,PASS,EXACT_SEC_TICKER_TO_CIK,UNRESOLVED,UNRESOLVED,,,SEC_ACCEPTANCE_CORROBORATION_ONLY,https://www.sec.gov/Archives/edgar/data/1830081/000121390025107926/ea026473501ex99-1_rumble.htm,4b23f1aa365d0af79fab0df97fc56b46aa44e8956c1f7170edd27977e2edb381,PASS,SEC_EDGAR_8-K,https://www.sec.gov/Archives/edgar/data/1830081/000121390025107926/ea026473501ex99-1_rumble.htm,4b23f1aa365d0af79fab0df97fc56b46aa44e8956c1f7170edd27977e2edb381,false,PASS,2025-08-29,2025-12-18,78,409ca9dffb8cf7d7e6a82115d72eee855a62bdb397c3d04708d90b4d50a8c0a8,false,PASS,SEC acceptance corroborated at 2025-11-10T13:48:05Z; earlier issuer-IR timestamp not independently resolved.,PASS,1,0x7d370250f820f7b00cf54a1a7080f722c03ad649c41559e29520479a448c6f46,44425838012357220645158166289627790393297139157879058884541786211638756166805|83566668390187639021033206655679404631855265020616851691330746694768828893323,0,0,,,NO_PRICE_HISTORY_OBSERVED,https://www.sec.gov/files/company_tickers.json,UNRESOLVED,PASS,false,false,FAIL,FAIL,FAIL,,FAIL,false,false,,,false,FAIL,false,revelation_state|safe_cutoff_state
686502,EARNINGS_EPS,3039ac2900a61ea68ac1e184,Will Capital One (COF) beat quarterly earnings?,cof-quarterly-earnings-nongaap-eps-07-21-2026-4pt75,2026-07-21T21:00:00Z,DUE_ASOF,UNITED_STATES,ISSUER_IR_AND_SEC_EDGAR,COF,PASS,EXACT_SEC_TICKER_TO_CIK,UNRESOLVED,UNRESOLVED,,,SEC_ACCEPTANCE_CORROBORATION_ONLY,https://www.sec.gov/Archives/edgar/data/927628/000092762826000083/ex992q22026earningsrelease.htm,eb29a93766db01db1a223c25a42e53f1bc24f2a310329350929932882c67c4b3,PASS,SEC_EDGAR_8-K,https://www.sec.gov/Archives/edgar/data/927628/000092762826000083/ex992q22026earningsrelease.htm,eb29a93766db01db1a223c25a42e53f1bc24f2a310329350929932882c67c4b3,false,PASS,2026-05-07,2026-08-12,67,8e29755569c51261a3c69cd7c0a227a4ac9b64f687706b7866bcc4365b58c32c,false,PASS,SEC acceptance corroborated at 2026-07-21T20:05:52Z; earlier issuer-IR timestamp not independently resolved.,PASS,1,0x2a074d948c954e35b43dd3fe0a0e2e49393892bc0127462865a18e7f54df3549,109141105309930576313906437360500184336773436115762487464208425119373430140682|96260216331822258144315339118594186937806001085201450066861800467078469745925,2,0,2026-07-12T20:20:04Z,2026-07-21T22:10:07Z,PASS_HISTORY_OBSERVED,https://www.sec.gov/files/company_tickers.json,UNRESOLVED,PASS,false,false,UNRESOLVED,UNRESOLVED,UNRESOLVED,,UNRESOLVED,,,,,,UNRESOLVED,false,pm_pre_cutoff_state|pm_24h_state|history_state|f2_state|revelation_state|safe_cutoff_state
56568,EARNINGS_EPS,5792e551805da7d282dfc7c5,Will Texas Instruments (TXN) beat quarterly earnings?,txn-quarterly-earnings-gaap-eps-10-21-2025-1pt49,2025-10-21T21:00:00Z,DUE_ASOF,UNITED_STATES,ISSUER_IR_AND_SEC_EDGAR,TXN,PASS,EXACT_SEC_TICKER_TO_CIK,UNRESOLVED,UNRESOLVED,,,SEC_ACCEPTANCE_CORROBORATION_ONLY,https://www.sec.gov/Archives/edgar/data/97476/000009747625000056/q32025txnex99-eredgarversi.htm,19cb3e85fb3aa768de6933f413ac86a70dc291734d0394dd1018615be9e11933,PASS,SEC_EDGAR_8-K,https://www.sec.gov/Archives/edgar/data/97476/000009747625000056/q32025txnex99-eredgarversi.htm,19cb3e85fb3aa768de6933f413ac86a70dc291734d0394dd1018615be9e11933,false,PASS,2025-08-07,2025-11-26,79,b82ebfdc315ed0c8c460acc53e93c2919715dd967bdd4b95446a52a96bd35a20,false,PASS,SEC acceptance corroborated at 2025-10-21T20:05:00Z; earlier issuer-IR timestamp not independently resolved.,PASS,1,0x89a173d1eaccd405324ba8319d351cee132b2e47cf10964a6421fcc21d09320a,109071406739892517444235501252002190038273179835209054774842801487428339295765|22329352791846594728771629032132241785507675179134234929244775027027752145214,0,0,,,NO_PRICE_HISTORY_OBSERVED,https://www.sec.gov/files/company_tickers.json,UNRESOLVED,PASS,false,false,FAIL,FAIL,FAIL,,FAIL,false,false,,,false,FAIL,false,revelation_state|safe_cutoff_state
708189,EARNINGS_EPS,ca01b83458e701d345a9111e,Will Etsy (ETSY) beat quarterly earnings?,etsy-quarterly-earnings-gaap-eps-07-29-2026-0pt72,2026-07-29T13:00:00Z,DUE_ASOF,UNITED_STATES,ISSUER_IR_AND_SEC_EDGAR,ETSY,PASS,EXACT_SEC_TICKER_TO_CIK,UNRESOLVED,UNRESOLVED,,,SEC_ACCEPTANCE_CORROBORATION_ONLY,https://www.sec.gov/Archives/edgar/data/1370637/000137063726000079/0001370637-26-000079.txt,189713a5037a8783a963d7e978d18b48b025a9a16a0a0c03b674bf18ad3a42ef,PASS,SEC_EDGAR_8-K,https://www.sec.gov/Archives/edgar/data/1370637/000137063726000079/0001370637-26-000079.txt,189713a5037a8783a963d7e978d18b48b025a9a16a0a0c03b674bf18ad3a42ef,false,PASS,2026-05-15,2026-08-12,61,a26125b8f85d5245cc75fdb04e5a5777431a9b43f8cd4f5199329db264cabc84,false,PASS,SEC acceptance corroborated at 2026-08-05T20:06:57Z; earlier issuer-IR timestamp not independently resolved.,PASS,1,0xd85d55793f1d99b82572825176521527f0c7144b9e9a40d25cd597f0c3ebcce1,114166998782260915334092602370986539803225451659614230606339219811430934345995|19225873092727722162922163126430202229721232243489339432862719268177664903391,2,0,2026-07-16T01:10:05Z,2026-08-06T13:10:12Z,PASS_HISTORY_OBSERVED,https://www.sec.gov/files/company_tickers.json,UNRESOLVED,PASS,false,false,UNRESOLVED,UNRESOLVED,UNRESOLVED,,UNRESOLVED,,,,,,UNRESOLVED,false,pm_pre_cutoff_state|pm_24h_state|history_state|f2_state|revelation_state|safe_cutoff_state
741368,EARNINGS_EPS,8cecee5cf616bae33bcc4e20,Will Amplitude (AMPL) beat quarterly earnings?,ampl-quarterly-earnings-nongaap-eps-08-05-2026-neg0pt01,2026-08-05T21:00:00Z,DUE_ASOF,UNITED_STATES,ISSUER_IR_AND_SEC_EDGAR,AMPL,PASS,EXACT_SEC_TICKER_TO_CIK,UNRESOLVED,UNRESOLVED,,,SEC_ACCEPTANCE_CORROBORATION_ONLY,https://www.sec.gov/Archives/edgar/data/1866692/000119312526335305/ampl-ex99_1.htm,206b219ec35505c78a5f0df245ef3da568f2784db20a1586e573824617152fa7,PASS,SEC_EDGAR_8-K,https://www.sec.gov/Archives/edgar/data/1866692/000119312526335305/ampl-ex99_1.htm,206b219ec35505c78a5f0df245ef3da568f2784db20a1586e573824617152fa7,false,PASS,2026-05-22,2026-08-12,56,8b5d42400322075b84f54527017d61930386fb915fd1c5de2839b9504af142ba,false,PASS,SEC acceptance corroborated at 2026-08-05T20:38:23Z; earlier issuer-IR timestamp not independently resolved.,PASS,1,0x92b7f70907be6f04a92548583f8cc0a1191ffde963b2dcd7716c130017ddd2a7,111152277880378488805326159013476524955239006429745306261362090322872815299981|45444175555167140519884076731679293508794361936709674326054386112023175544594,2,0,2026-07-24T03:40:23Z,2026-08-05T22:40:12Z,PASS_HISTORY_OBSERVED,https://www.sec.gov/files/company_tickers.json,UNRESOLVED,PASS,false,false,UNRESOLVED,UNRESOLVED,UNRESOLVED,,UNRESOLVED,,,,,,UNRESOLVED,false,pm_pre_cutoff_state|pm_24h_state|history_state|f2_state|revelation_state|safe_cutoff_state
62706,EARNINGS_EPS,4148cd97d074f952944394b0,Will IMAX (IMAX) beat quarterly earnings?,imax-quarterly-earnings-nongaap-eps-10-23-2025-0pt39,2025-10-23T13:00:00Z,DUE_ASOF,UNITED_STATES,ISSUER_IR_AND_SEC_EDGAR,IMAX,PASS,EXACT_SEC_TICKER_TO_CIK,UNRESOLVED,UNRESOLVED,,,SEC_ACCEPTANCE_CORROBORATION_ONLY,https://www.sec.gov/Archives/edgar/data/921582/000162828025045977/0001628280-25-045977.txt,8f95d9d85e5291ea1edbae83bc9fe70ce98fe188217ad4ac9c84a6a18e5124da,PASS,SEC_EDGAR_8-K,https://www.sec.gov/Archives/edgar/data/921582/000162828025045977/0001628280-25-045977.txt,8f95d9d85e5291ea1edbae83bc9fe70ce98fe188217ad4ac9c84a6a18e5124da,false,PASS,2025-08-11,2025-11-26,77,94342401d346d2ae5ac82add864500b70df8e021d994ca497c741f5414fd50bf,false,PASS,SEC acceptance corroborated at 2025-10-23T12:07:42Z; earlier issuer-IR timestamp not independently resolved.,PASS,1,0x734225cb1a89b9b7f0100711f212c7a6d0b0cfae5acd9353100f772ea87d5b8b,27574877903811359408330577582013551815333362702886828304508994542855736271877|33259377128556830161890089993124241894578396254122933230642406680611920971378,0,0,,,NO_PRICE_HISTORY_OBSERVED,https://www.sec.gov/files/company_tickers.json,UNRESOLVED,PASS,false,false,FAIL,FAIL,FAIL,,FAIL,false,false,,,false,FAIL,false,revelation_state|safe_cutoff_state
56575,EARNINGS_EPS,c1fae6707690ad387dfc7b6e,Will Moody's (MCO) beat quarterly earnings?,mco-quarterly-earnings-nongaap-eps-10-22-2025-3pt52,2025-10-22T13:00:00Z,DUE_ASOF,UNITED_STATES,ISSUER_IR_AND_SEC_EDGAR,MCO,PASS,EXACT_SEC_TICKER_TO_CIK,UNRESOLVED,UNRESOLVED,,,SEC_ACCEPTANCE_CORROBORATION_ONLY,https://www.sec.gov/Archives/edgar/data/1059556/000162828025045770/a3q25earningsrelease.htm,babc2160c7a4b6ce6c1d56112734fa6d8cdb01fcff80530f7fcba4e503c1521e,PASS,SEC_EDGAR_8-K,https://www.sec.gov/Archives/edgar/data/1059556/000162828025045770/a3q25earningsrelease.htm,babc2160c7a4b6ce6c1d56112734fa6d8cdb01fcff80530f7fcba4e503c1521e,false,PASS,2025-08-08,2025-11-26,78,29da0d34479f6f274996271e2656403e020b6ce16afc47ab2cda4235f1543114,false,PASS,SEC acceptance corroborated at 2025-10-22T10:56:01Z; earlier issuer-IR timestamp not independently resolved.,PASS,1,0x2e532dae75fa1ae58eac865fa50491eafb15b727030d9c075cc4ddebe8232778,66680795724096314018734306248290897892682458336049246347652680104367081880566|97462307907086349881662872522965718833906740878116303772884875202381235684553,0,0,,,NO_PRICE_HISTORY_OBSERVED,https://www.sec.gov/files/company_tickers.json,UNRESOLVED,PASS,false,false,FAIL,FAIL,FAIL,,FAIL,false,false,,,false,FAIL,false,revelation_state|safe_cutoff_state
380014,EARNINGS_EPS,4c31882e7aeb9d00b4295c9f,Will Lockheed Martin (LMT) beat quarterly earnings?,lmt-quarterly-earnings-gaap-eps-04-23-2026-6pt68,2026-04-23T13:00:00Z,DUE_ASOF,UNITED_STATES,ISSUER_IR_AND_SEC_EDGAR,LMT,PASS,EXACT_SEC_TICKER_TO_CIK,UNRESOLVED,UNRESOLVED,,,SEC_ACCEPTANCE_CORROBORATION_ONLY,https://www.sec.gov/Archives/edgar/data/936468/000162828026026683/ex991q12026.htm,00ba884e82672d511fb4b46db29578c934fa813cfd8f5726e469034fd06300a9,PASS,SEC_EDGAR_8-K,https://www.sec.gov/Archives/edgar/data/936468/000162828026026683/ex991q12026.htm,00ba884e82672d511fb4b46db29578c934fa813cfd8f5726e469034fd06300a9,false,PASS,2026-02-09,2026-05-28,76,a0f1678c1ca506a4ef9ec4d8eb077d4eeb5a58728d80a28904f0fde8e7df53d9,false,PASS,SEC acceptance corroborated at 2026-04-23T10:36:10Z; earlier issuer-IR timestamp not independently resolved.,PASS,1,0xdaf0d231910eca6cbc6ce914e127463824acd2e34afd9f54ef1c8e5f8e4fc246,64131436983245907940506502953673618001391220533151731617283768740717195287009|8721083684842846483046310071017474008288921385577975821601426429064828065602,0,0,,,NO_PRICE_HISTORY_OBSERVED,https://www.sec.gov/files/company_tickers.json,UNRESOLVED,PASS,false,false,FAIL,FAIL,FAIL,,FAIL,false,false,,,false,FAIL,false,revelation_state|safe_cutoff_state
410631,EARNINGS_EPS,7a748c492426b762a975baed,Will Dupont (DD) beat quarterly earnings?,dd-quarterly-earnings-nongaap-eps-05-05-2026-0pt49,2026-05-05T13:00:00Z,DUE_ASOF,UNITED_STATES,ISSUER_IR_AND_SEC_EDGAR,DD,PASS,EXACT_SEC_TICKER_TO_CIK,UNRESOLVED,UNRESOLVED,,,SEC_ACCEPTANCE_CORROBORATION_ONLY,https://www.sec.gov/Archives/edgar/data/1666700/000166670026000029/exhibit991enrschedules-1q26.htm,8e43240b224d8c740151cec9e3c69777e023ff53d4eadbef9ead95daa7c49d69,PASS,SEC_EDGAR_8-K,https://www.sec.gov/Archives/edgar/data/1666700/000166670026000029/exhibit991enrschedules-1q26.htm,8e43240b224d8c740151cec9e3c69777e023ff53d4eadbef9ead95daa7c49d69,false,PASS,2026-02-19,2026-06-09,77,4c729406dc3d716219b943f0322e3c88390c97ab3c1e5ee0d8559a34c3919afe,false,PASS,SEC acceptance corroborated at 2026-05-05T10:08:04Z; earlier issuer-IR timestamp not independently resolved.,PASS,1,0xe9f91cd30b1e6b5f046d0676726acb497db71bff3cf8223fb46707fdfa755af8,106994965053125869593473244892430899790415728892921231340146943066801826044152|56708768798284410920385996830982590842942067262182858120460350522569388311240,0,0,,,NO_PRICE_HISTORY_OBSERVED,https://www.sec.gov/files/company_tickers.json,UNRESOLVED,PASS,false,false,FAIL,FAIL,FAIL,,FAIL,false,false,,,false,FAIL,false,revelation_state|safe_cutoff_state
74838,EARNINGS_EPS,d099a769624ddd0d5d03a7e8,Will Bitcoin Depot (BTM) beat quarterly earnings?,btm-quarterly-earnings-gaap-eps-11-13-2025-0pt1,2025-11-13T14:00:00Z,DUE_ASOF,UNITED_STATES,ISSUER_IR_AND_SEC_EDGAR,BTM,UNRESOLVED,FROZEN_V2_1_STRUCTURAL_ROUTE,UNRESOLVED,,,,,,,UNRESOLVED,,,,false,UNRESOLVED,,,,,false,PASS,No exact SEC ticker mapping.,PASS,1,0xbebda69dc045036e38e043d68f6cddd76815f2edfc05aed5f63a3071c8e5da14,49930612160153299573152760437933213142298879762442241055948847725524198910040|87231884204737088458070004013262356788321942727997164144275875954036222249836,0,0,,,NO_PRICE_HISTORY_OBSERVED,https://www.sec.gov/files/company_tickers.json,UNRESOLVED,PASS,false,false,FAIL,FAIL,FAIL,,FAIL,false,false,,,false,FAIL,false,revelation_state|resolution_state|linked_asset_mapping_state|asset_data_state|safe_cutoff_state
582058,EARNINGS_EPS,62f5c3ea28af78e1ea4e6793,Will General Mills (GIS) beat quarterly earnings?,gis-quarterly-earnings-nongaap-eps-06-23-2026-0pt8,2026-06-23T21:00:00Z,DUE_ASOF,UNITED_STATES,ISSUER_IR_AND_SEC_EDGAR,GIS,PASS,EXACT_SEC_TICKER_TO_CIK,UNRESOLVED,UNRESOLVED,,,SEC_ACCEPTANCE_CORROBORATION_ONLY,https://www.sec.gov/Archives/edgar/data/40704/000162828026046337/a20260701ex99.htm,3199a97f5275564e0e23eb81c0056285bfd5bffaf76b0052700d544bf0b14c77,PASS,SEC_EDGAR_8-K,https://www.sec.gov/Archives/edgar/data/40704/000162828026046337/a20260701ex99.htm,3199a97f5275564e0e23eb81c0056285bfd5bffaf76b0052700d544bf0b14c77,false,PASS,2026-04-09,2026-07-29,77,f04a329ad08f9106edf6c571f2ee341f51f155ee03cf67d68b82b7f265de19f9,false,PASS,SEC acceptance corroborated at 2026-07-01T11:01:47Z; earlier issuer-IR timestamp not independently resolved.,PASS,1,0x10bcb7a4fb9e7b1cf32f2c30f8ef9514b2c690e151e039d9a4cbf50c2adc12ef,15017377819718371760943203663632782116726246504642177105968828290220217029508|62214865043772053407968608094253115882831630396601276606413258507663680971929,0,0,,,NO_PRICE_HISTORY_OBSERVED,https://www.sec.gov/files/company_tickers.json,UNRESOLVED,PASS,false,false,FAIL,FAIL,FAIL,,FAIL,false,false,,,false,FAIL,false,revelation_state|safe_cutoff_state
741386,EARNINGS_EPS,72e116a292cf6d67c55ad50c,Will Kraft Heinz (KHC) beat quarterly earnings?,khc-quarterly-earnings-nongaap-eps-08-05-2026-0pt53,2026-08-05T13:00:00Z,DUE_ASOF,UNITED_STATES,ISSUER_IR_AND_SEC_EDGAR,KHC,PASS,EXACT_SEC_TICKER_TO_CIK,UNRESOLVED,UNRESOLVED,,,SEC_ACCEPTANCE_CORROBORATION_ONLY,https://www.sec.gov/Archives/edgar/data/1637459/000163745926000052/ex991-erq22026.htm,2105c77f4c410671499695ccae3bf8323bef7c2d1036a9cd15a4fd63045740be,PASS,SEC_EDGAR_8-K,https://www.sec.gov/Archives/edgar/data/1637459/000163745926000052/ex991-erq22026.htm,2105c77f4c410671499695ccae3bf8323bef7c2d1036a9cd15a4fd63045740be,false,PASS,2026-05-22,2026-08-12,56,bc7d2189724fdd0868fe31a537974199c056811815d2b2b53f4b591e45f24726,false,PASS,SEC acceptance corroborated at 2026-08-05T11:01:49Z; earlier issuer-IR timestamp not independently resolved.,PASS,1,0x5d6766edcbba95bf28787722a239b37d37a32040f762ff8cae83f34621a22b96,21524093929858356240332935013274638073017071872662050898896897465330616469444|3865926850990285895197281127975927887676985749281156136868805563277663929239,2,0,2026-07-24T03:00:19Z,2026-08-05T13:00:11Z,PASS_HISTORY_OBSERVED,https://www.sec.gov/files/company_tickers.json,UNRESOLVED,PASS,false,false,UNRESOLVED,UNRESOLVED,UNRESOLVED,,UNRESOLVED,,,,,,UNRESOLVED,false,pm_pre_cutoff_state|pm_24h_state|history_state|f2_state|revelation_state|safe_cutoff_state
201445,EARNINGS_EPS,76f8b3108ea5fc350292b728,Will Fidelity National Financial (FNF) beat quarterly earnings?,fnf-quarterly-earnings-nongaap-eps-02-19-2026-1pt5,2026-02-19T22:00:00Z,DUE_ASOF,UNITED_STATES,ISSUER_IR_AND_SEC_EDGAR,FNF,PASS,EXACT_SEC_TICKER_TO_CIK,UNRESOLVED,UNRESOLVED,,,SEC_ACCEPTANCE_CORROBORATION_ONLY,https://www.sec.gov/Archives/edgar/data/1331875/000133187526000021/fnfpressreleaseq42025.htm,28e017a3d6e2618c3c1d5ee134a50f6304370afb3317602cc70661804e775dc5,PASS,SEC_EDGAR_8-K,https://www.sec.gov/Archives/edgar/data/1331875/000133187526000021/fnfpressreleaseq42025.htm,28e017a3d6e2618c3c1d5ee134a50f6304370afb3317602cc70661804e775dc5,false,PASS,2025-12-08,2026-03-27,76,15a8336c637f36ed233eb899f718c0366d4930799cc8ea3a8d1c8fa60f64c303,false,PASS,SEC acceptance corroborated at 2026-02-19T21:50:38Z; earlier issuer-IR timestamp not independently resolved.,PASS,1,0xcdb1a38de3470c5ba12171a7015866daa072408190bd6c7598ba47609ba99ae5,21940533035805837667351231262884374312138917802957558705522695878127807054444|83300059241012916014927297192467449376974279956232507146097331304979203872273,0,0,,,NO_PRICE_HISTORY_OBSERVED,https://www.sec.gov/files/company_tickers.json,UNRESOLVED,PASS,false,false,FAIL,FAIL,FAIL,,FAIL,false,false,,,false,FAIL,false,revelation_state|safe_cutoff_state
192722,EARNINGS_EPS,983b0918f3519182c14fed80,Will Hyatt Hotels (H) beat quarterly earnings?,h-quarterly-earnings-nongaap-eps-02-12-2026-0pt39,2026-02-12T14:00:00Z,DUE_ASOF,UNITED_STATES,ISSUER_IR_AND_SEC_EDGAR,H,PASS,EXACT_SEC_TICKER_TO_CIK,UNRESOLVED,UNRESOLVED,,,SEC_ACCEPTANCE_CORROBORATION_ONLY,https://www.sec.gov/Archives/edgar/data/1468174/000146817426000004/q42025earningsrelease.htm,124fbe098f4ed9e725fb699040b0c592d4500b107c7049774fd088ac91ce7b35,PASS,SEC_EDGAR_8-K,https://www.sec.gov/Archives/edgar/data/1468174/000146817426000004/q42025earningsrelease.htm,124fbe098f4ed9e725fb699040b0c592d4500b107c7049774fd088ac91ce7b35,false,PASS,2025-12-01,2026-03-20,76,d94cfbc3c48e29f25e7483d2a3780463449d4a56c5b1d2d5e11301cc531d2b7e,false,PASS,SEC acceptance corroborated at 2026-02-12T11:58:37Z; earlier issuer-IR timestamp not independently resolved.,PASS,1,0x90ce00c0743967e61fef9e3e5cd164e1f1ed2f181d2f6e19fb067d4a5860046c,105957002583969980583518401516096904371586546994807309483391635551593618224201|63573048031879389094303632345087491849304881653685908838218543759848842768303,0,0,,,NO_PRICE_HISTORY_OBSERVED,https://www.sec.gov/files/company_tickers.json,UNRESOLVED,PASS,false,false,FAIL,FAIL,FAIL,,FAIL,false,false,,,false,FAIL,false,revelation_state|safe_cutoff_state
652072,FDA_FINAL_PDUFA_DECISION,adb43ec981518b070de283ea,FDA approves Daiichi Sankyo & AstraZeneca's Enhertu?,fda-approves-daiichi-sankyo-astrazeneca-enhertu-07-07-2026,2026-07-07T00:00:00Z,DUE_ASOF,FDA_US_REGULATORY_PROCESS,FDA_AND_ISSUER_PRIMARY,,UNRESOLVED,,UNRESOLVED,,,,,,,UNRESOLVED,,,,false,UNRESOLVED,,,,,false,PASS,"Drug/sponsor match exists, but no nearby official approval document; no CRL/non-approval inference.",PASS,1,0x5a497b6ef756ae62782d32300eb2b73a064ba25fe91133c06aa7a67ef76d9340,2798083288563975313237687597606010646933063534903147263654043851120403853767|83956783554724696517721765286214001893068558241774755134820388239928184712435,0,0,,,NO_PRICE_HISTORY_OBSERVED,https://www.fda.gov/media/89850/download?attachment=,UNRESOLVED,PASS,false,false,FAIL,FAIL,FAIL,,FAIL,false,false,,,false,FAIL,false,revelation_state|resolution_state|linked_asset_mapping_state|asset_data_state|safe_cutoff_state
400491,FDA_FINAL_PDUFA_DECISION,f982a2fcd1d47e3a3f22a064,FDA approves Merck's Doravirine/Islatravir?,fda-approves-mercks-doravirineislatravir,2026-04-28T00:00:00Z,DUE_ASOF,FDA_US_REGULATORY_PROCESS,FDA_AND_ISSUER_PRIMARY,,UNRESOLVED,,UNRESOLVED,,,,,,,UNRESOLVED,,,,false,UNRESOLVED,,,,,false,PASS,"Drug/sponsor match exists, but no nearby official approval document; no CRL/non-approval inference.",PASS,1,0x98de9caf3ecfd76205c1f0c899e12aaeed99560b62793cf32b9a726308488474,104393374134852006594969952880959063125370121697760825266023713216489634334827|61693105835088611644948044790517465652531885753061994393264017102457586761887,0,0,,,NO_PRICE_HISTORY_OBSERVED,https://www.fda.gov/media/89850/download?attachment=,UNRESOLVED,PASS,false,false,FAIL,FAIL,FAIL,,FAIL,false,false,,,false,FAIL,false,revelation_state|resolution_state|linked_asset_mapping_state|asset_data_state|safe_cutoff_state
400550,FDA_FINAL_PDUFA_DECISION,3f437921a604930d750e648f,FDA approves AstraZeneca's Truqap (capivasertib)?,fda-approves-astrazenecas-truqap-capivasertib,2026-04-30T00:00:00Z,DUE_ASOF,FDA_US_REGULATORY_PROCESS,FDA_AND_ISSUER_PRIMARY,AZN,PASS,DRUGSATFDA_SPONSOR_TO_UNIQUE_SEC_ISSUER,UNRESOLVED,,,,,,,UNRESOLVED,,,,false,PASS,2026-02-17,2026-06-04,76,34532a2c81e16f69e1405fd95c48d19383c391084db11dfa66eabd9577c0692b,false,PASS,"Drug/sponsor match exists, but no nearby official approval document; no CRL/non-approval inference.",PASS,1,0x0b3d7aad450bf734174e23e3608c10e325a431a1cccf60502d9946e81698f787,36859007223489533597225129160790463426016069574533365321506599489476480672870|91129593454233596737822113432026264072705867184559977052746298922597082445217,0,0,,,NO_PRICE_HISTORY_OBSERVED,https://www.fda.gov/media/89850/download?attachment=,UNRESOLVED,PASS,false,false,FAIL,FAIL,FAIL,,FAIL,false,false,,,false,FAIL,false,revelation_state|resolution_state|safe_cutoff_state
556094,FDA_FINAL_PDUFA_DECISION,f2fc6e64d38010858d48834b,FDA approves Ionis' Olezarsen?,fda-approves-ionis-olezarsen-06-30-2026,2026-06-30T00:00:00Z,DUE_ASOF,FDA_US_REGULATORY_PROCESS,FDA_AND_ISSUER_PRIMARY,,UNRESOLVED,,UNRESOLVED,,,,,,,UNRESOLVED,,,,false,UNRESOLVED,,,,,false,PASS,No deterministic Drugs@FDA product match; non-approval is not inferred.,PASS,1,0xe15a1b92153dcc68c313b3601cb230f9d3b3b1eff180ae5f98ee350fbf352e6e,18478356096311768507525181003099343533673988861855446773599807234745588398226|48103501461697647160044534931374305477294950808194962645947470346168910609658,0,0,,,NO_PRICE_HISTORY_OBSERVED,,UNRESOLVED,PASS,false,false,FAIL,FAIL,FAIL,,FAIL,false,false,,,false,FAIL,false,revelation_state|resolution_state|linked_asset_mapping_state|asset_data_state|safe_cutoff_state
3518,FDA_FINAL_PDUFA_DECISION,e93fb5a5abc06b6b920134a4,Will the FDA approve any COVID-19 vaccination for children under 12 by October 15? ,will-the-fda-approve-any-covid-19-vaccination-for-children-under-12-by-october-15,2021-10-15T00:00:00Z,DUE_ASOF,FDA_US_REGULATORY_PROCESS,FDA_AND_ISSUER_PRIMARY,,UNRESOLVED,,UNRESOLVED,,,,,,,UNRESOLVED,,,,false,UNRESOLVED,,,,,false,PASS,No deterministic Drugs@FDA product match; non-approval is not inferred.,PASS,1,0x26fade492d45ed7a22023ea939478694f317e1ba052328c10700357ee595a432,11811316720326038860102471022022583904713040650156983640386087434918676989339|49554131399000965988735305637549937909740397952141349640659435327749607715334,0,0,,,NO_PRICE_HISTORY_OBSERVED,,UNRESOLVED,PASS,false,false,FAIL,FAIL,FAIL,,FAIL,false,false,,,false,FAIL,false,revelation_state|resolution_state|linked_asset_mapping_state|asset_data_state|safe_cutoff_state
652107,FDA_FINAL_PDUFA_DECISION,87380ebf42a9237220bae945,FDA approves Celcuity's Gedatolisib?,fda-approves-celcuitys-gedatolisib-07-17-2026,2026-07-17T00:00:00Z,DUE_ASOF,FDA_US_REGULATORY_PROCESS,FDA_AND_ISSUER_PRIMARY,CELC,PASS,DRUGSATFDA_SPONSOR_TO_UNIQUE_SEC_ISSUER,UNRESOLVED,,,,,,,UNRESOLVED,,,,false,PASS,2026-05-04,2026-08-12,70,22f8820e7702352f147fe1377b7e0610b5004bc1b48e26d52107d4b3039a182c,false,PASS,"Drug/sponsor match exists, but no nearby official approval document; no CRL/non-approval inference.",PASS,1,0x101f88956c7759c821cbea04e2a9bde17cf7f5c475c9e0c7471149235b4c0d9d,27140954177137839353555146891883807825149967798570854708844141596127373744447|78310181983601638684225399483601048203059570565340590319780218313538104561971,2,0,2026-07-12T20:20:03Z,2026-07-16T13:40:06Z,PASS_HISTORY_OBSERVED,https://www.fda.gov/media/89850/download?attachment=,UNRESOLVED,PASS,false,false,UNRESOLVED,UNRESOLVED,UNRESOLVED,,UNRESOLVED,,,,,,UNRESOLVED,false,pm_pre_cutoff_state|pm_24h_state|history_state|f2_state|revelation_state|resolution_state|safe_cutoff_state
556064,FDA_FINAL_PDUFA_DECISION,75d1677e94676a3f9a2cc59c,FDA approves Arcutis' Zoryve cream?,fda-approves-arcutis-zoryve-cream-06-29-2026,2026-06-29T00:00:00Z,DUE_ASOF,FDA_US_REGULATORY_PROCESS,FDA_AND_ISSUER_PRIMARY,,UNRESOLVED,,UNRESOLVED,,,,,,,UNRESOLVED,,,,false,UNRESOLVED,,,,,false,PASS,No deterministic Drugs@FDA product match; non-approval is not inferred.,PASS,1,0xb7c2d7f522335da5c7cb4c9ea13b6e7caa434edf592a696e5a23ddc516715536,112053394931601951078685087694816063040578631816280033954054311951936677570613|5326686830403320881315123977898684912619539791198259198721594979452835065069,0,0,,,NO_PRICE_HISTORY_OBSERVED,,UNRESOLVED,PASS,false,false,FAIL,FAIL,FAIL,,FAIL,false,false,,,false,FAIL,false,revelation_state|resolution_state|linked_asset_mapping_state|asset_data_state|safe_cutoff_state
652256,FDA_FINAL_PDUFA_DECISION,3b3954dc310841ac037f18ca,FDA approves Outlook Therapeutics' ONS-5010?,fda-approves-outlook-therapeutics-ons-5010-07-29-2026,2026-07-29T00:00:00Z,DUE_ASOF,FDA_US_REGULATORY_PROCESS,FDA_AND_ISSUER_PRIMARY,,UNRESOLVED,,UNRESOLVED,,,,,,,UNRESOLVED,,,,false,UNRESOLVED,,,,,false,PASS,No deterministic Drugs@FDA product match; non-approval is not inferred.,PASS,1,0xefc5fea3f444ed6b4731d637cd7ada5b96fa0042b6be966788e7b410630d948b,111244271851300338959940102295947436679068841281838886639463402912292418804758|14089584736734776827106737873300299912732223760935904145312692636146244941458,2,0,2026-07-12T20:20:03Z,2026-07-24T21:50:07Z,PASS_HISTORY_OBSERVED,,UNRESOLVED,PASS,false,false,UNRESOLVED,UNRESOLVED,UNRESOLVED,,UNRESOLVED,,,,,,UNRESOLVED,false,pm_pre_cutoff_state|pm_24h_state|history_state|f2_state|revelation_state|resolution_state|linked_asset_mapping_state|asset_data_state|safe_cutoff_state
382921,FDA_FINAL_PDUFA_DECISION,51b91933dfb6d4f6e54398db,FDA approves Sanofi’s Subcutaneous Sarclisa?,fda-approves-sanofis-sarclisa,2026-04-23T00:00:00Z,DUE_ASOF,FDA_US_REGULATORY_PROCESS,FDA_AND_ISSUER_PRIMARY,,UNRESOLVED,,UNRESOLVED,,,,,,,UNRESOLVED,,,,false,UNRESOLVED,,,,,false,PASS,No deterministic Drugs@FDA product match; non-approval is not inferred.,PASS,1,0x6c2beb5de99b17455f47867abc38b17376789e70931497101b57142dd662f8ac,49746537589239804822677095949218030012348050927620835449042701425110987537956|85264948624586487595286264047668050986275514305565924755672972942080319549588,0,0,,,NO_PRICE_HISTORY_OBSERVED,,UNRESOLVED,PASS,false,false,FAIL,FAIL,FAIL,,FAIL,false,false,,,false,FAIL,false,revelation_state|resolution_state|linked_asset_mapping_state|asset_data_state|safe_cutoff_state
652146,FDA_FINAL_PDUFA_DECISION,1408ee7ca0de0b6707951959,FDA approves Sanofi's Subcutaneous Sarclisa?,fda-approves-sanofi-subcutaneous-sarclisa-07-23-2026,2026-07-23T00:00:00Z,DUE_ASOF,FDA_US_REGULATORY_PROCESS,FDA_AND_ISSUER_PRIMARY,,UNRESOLVED,,UNRESOLVED,,,,,,,UNRESOLVED,,,,false,UNRESOLVED,,,,,false,PASS,No deterministic Drugs@FDA product match; non-approval is not inferred.,PASS,1,0x0c78f452b62aff1fb8ea16aa7988c2fcbc1a965c9798875daa088b90e5d65db8,79479056408383040360747472698844522189213100911768560665383561324735330595010|93829000191041887454872806444257706170428095203451897480891397858393919235429,0,0,,,NO_PRICE_HISTORY_OBSERVED,,UNRESOLVED,PASS,false,false,FAIL,FAIL,FAIL,,FAIL,false,false,,,false,FAIL,false,revelation_state|resolution_state|linked_asset_mapping_state|asset_data_state|safe_cutoff_state
6089,FDA_FINAL_PDUFA_DECISION,d6b8563b4b913702f7e49408,Will Pfizer's COVID-19 vaccine be the first to receive FDA approval or Emergency Use Authorization (EUA)?,will-pfizer-s-covid-19-vaccine-be-the-first-to-receive-fda-approval-or-emergency-use-authorization-eua,2022-02-08T00:00:00Z,DUE_ASOF,FDA_US_REGULATORY_PROCESS,FDA_AND_ISSUER_PRIMARY,,UNRESOLVED,,UNRESOLVED,,,,,,,UNRESOLVED,,,,false,UNRESOLVED,,,,,false,PASS,No deterministic Drugs@FDA product match; non-approval is not inferred.,PASS,1,0x797330e1fc7eac7d4b41dea0643f3565325687a3fda1024273fd261de9256876,42368846817379124395266564489050523221614239246950986180954981184735603278215|76625554965645192011862512149634110331180506869048019105309237488240154369372,0,0,,,NO_PRICE_HISTORY_OBSERVED,,UNRESOLVED,PASS,false,false,FAIL,FAIL,FAIL,,FAIL,false,false,,,false,FAIL,false,revelation_state|resolution_state|linked_asset_mapping_state|asset_data_state|safe_cutoff_state
556033,FDA_FINAL_PDUFA_DECISION,8418fde49ea1d74d15b76d92,FDA approves Arcalyst technology transfer?,fda-approves-kiniksa-regeneron-arcalyst-06-19-2026,2026-06-19T00:00:00Z,DUE_ASOF,FDA_US_REGULATORY_PROCESS,FDA_AND_ISSUER_PRIMARY,,UNRESOLVED,,UNRESOLVED,,,,,,,UNRESOLVED,,,,false,UNRESOLVED,,,,,false,PASS,No deterministic Drugs@FDA product match; non-approval is not inferred.,PASS,1,0x867d2b14e4334057aa0a8172e3be513e9dd907ec6181c3275878144d46eb44e9,86314011341674034526185287193461955886179458842282344239667398454076760038957|98678819069478680617064953082888421117999069425418620706355486116533458039721,0,0,,,NO_PRICE_HISTORY_OBSERVED,,UNRESOLVED,PASS,false,false,FAIL,FAIL,FAIL,,FAIL,false,false,,,false,FAIL,false,revelation_state|resolution_state|linked_asset_mapping_state|asset_data_state|safe_cutoff_state
555980,FDA_FINAL_PDUFA_DECISION,01f84828dad3fa3d86782667,FDA approves Vepdegestrant?,fda-approves-arvinas-vepdegestrant-06-05-2026,2026-06-05T00:00:00Z,DUE_ASOF,FDA_US_REGULATORY_PROCESS,FDA_AND_ISSUER_PRIMARY,,UNRESOLVED,,UNRESOLVED,,,,,,,UNRESOLVED,,,,false,UNRESOLVED,,,,,false,PASS,"Drug/sponsor match exists, but no nearby official approval document; no CRL/non-approval inference.",PASS,1,0x33bc65234a165163b12f0436e7a2df55853645129f3f6d8f5c1ace280227a381,106288703384550053356326931093614322768148442265935356533968417534625833563685|19675190979063428584460012417029540764817099974380042355019255641503684988201,0,0,,,NO_PRICE_HISTORY_OBSERVED,https://www.fda.gov/media/89850/download?attachment=,UNRESOLVED,PASS,false,false,FAIL,FAIL,FAIL,,FAIL,false,false,,,false,FAIL,false,revelation_state|resolution_state|linked_asset_mapping_state|asset_data_state|safe_cutoff_state
382447,FDA_FINAL_PDUFA_DECISION,821fe6553e4b76ebf34109ce,FDA approves a psychedelic for medical use in 2026?,fda-approves-a-psychedelic-for-medical-use-in-2026,2026-12-31T00:00:00Z,RIGHT_CENSORED_ASOF,FDA_US_REGULATORY_PROCESS,FDA_AND_ISSUER_PRIMARY,,PENDING_PRIMARY_SPONSOR_MAPPING,,RIGHT_CENSORED_ASOF,,,,,,,RIGHT_CENSORED_ASOF,,,,false,RIGHT_CENSORED_ASOF,,,,,false,PASS,,PASS,1,0x7ec2aaec75c826754697dc042c93ab3ec508f3ca546a0d0260f2bdbedbc68459,60580648533799922693070490076127788324101424464787775768413397482105354840|76955464940506623835704949798126873413500120471993846412619749033481937962994,0,0,,,NO_PRICE_HISTORY_OBSERVED,,RIGHT_CENSORED_ASOF,RIGHT_CENSORED_ASOF,false,false,RIGHT_CENSORED_ASOF,RIGHT_CENSORED_ASOF,RIGHT_CENSORED_ASOF,,RIGHT_CENSORED_ASOF,,,,,,RIGHT_CENSORED_ASOF,false,
34552,FDA_FINAL_PDUFA_DECISION,037fcc2fb089b154b83d19f8,FDA approves PTC Therapeutics’ Vatiquinone for Friedreich’s ataxia?,fda-approves-ptc-therapeutics-vatiquinone-for-friedreichs-ataxia-by-august-31,2025-08-19T16:00:00Z,DUE_ASOF,FDA_US_REGULATORY_PROCESS,FDA_AND_ISSUER_PRIMARY,,UNRESOLVED,,UNRESOLVED,,,,,,,UNRESOLVED,,,,false,UNRESOLVED,,,,,false,PASS,No deterministic Drugs@FDA product match; non-approval is not inferred.,PASS,1,0x1f485f50d24f005c81a8559571e42849c0cb67ad3d0d1d29e0b572b833645d74,4939687102038669128401154328007008576855061929314380881101431256952634902692|89443927207074596437328157448549305585954048204498035505961547052723454298911,0,0,,,NO_PRICE_HISTORY_OBSERVED,,UNRESOLVED,PASS,false,false,FAIL,FAIL,FAIL,,FAIL,false,false,,,false,FAIL,false,revelation_state|resolution_state|linked_asset_mapping_state|asset_data_state|safe_cutoff_state
431125,FDA_FINAL_PDUFA_DECISION,a977ce071a9cb995762158d4,FDA approves Daiichi Sankyo & AstraZeneca's Enhertu?,fda-approves-daiichi-sankyo-astrazenecas-enhertu,2026-05-18T00:00:00Z,DUE_ASOF,FDA_US_REGULATORY_PROCESS,FDA_AND_ISSUER_PRIMARY,,UNRESOLVED,,UNRESOLVED,,,,,,,UNRESOLVED,,,,false,UNRESOLVED,,,,,false,PASS,"Drug/sponsor match exists, but no nearby official approval document; no CRL/non-approval inference.",PASS,1,0x2adcde0d2e4f04de4b30d2532fd858f15a02ce509015c00e77f1505c0f2de292,69400397468967449995917313835111737034508590183323257665363807189355138758019|75203288269517206880762799151369003979200965066965662320269724051838531639449,0,0,,,NO_PRICE_HISTORY_OBSERVED,https://www.fda.gov/media/89850/download?attachment=,UNRESOLVED,PASS,false,false,FAIL,FAIL,FAIL,,FAIL,false,false,,,false,FAIL,false,revelation_state|resolution_state|linked_asset_mapping_state|asset_data_state|safe_cutoff_state
652097,FDA_FINAL_PDUFA_DECISION,c5f192cc783a1274f847fd93,FDA approves Corcept Therapeutics' Relacorilant?,fda-approves-corcept-therapeutics-relacorilant-07-11-2026,2026-07-11T00:00:00Z,DUE_ASOF,FDA_US_REGULATORY_PROCESS,FDA_AND_ISSUER_PRIMARY,,UNRESOLVED,,UNRESOLVED,,,,,,,UNRESOLVED,,,,false,UNRESOLVED,,,,,false,PASS,No deterministic Drugs@FDA product match; non-approval is not inferred.,PASS,1,0x2ff249e0010bab324121bc29dc897d2002d247f4f73add79e0dbe9a94a6725cc,1747751391217342252586730517681883678228728225020657018355915464776178371392|85005628805726598667265747732292076541030610953358494106691655055981481138888,0,0,,,NO_PRICE_HISTORY_OBSERVED,,UNRESOLVED,PASS,false,false,FAIL,FAIL,FAIL,,FAIL,false,false,,,false,FAIL,false,revelation_state|resolution_state|linked_asset_mapping_state|asset_data_state|safe_cutoff_state
34565,FDA_FINAL_PDUFA_DECISION,7a131f1a7b2818c024c6e035,FDA approves Leqembi auto-injection for early Alzheimer’s?,fda-approves-leqembi-auto-injection-for-early-alzheimers-by-august-31,2025-08-31T16:00:00Z,DUE_ASOF,FDA_US_REGULATORY_PROCESS,FDA_AND_ISSUER_PRIMARY,,UNRESOLVED,,UNRESOLVED,,,,,,,UNRESOLVED,,,,false,UNRESOLVED,,,,,false,PASS,No deterministic Drugs@FDA product match; non-approval is not inferred.,PASS,1,0x42e6fd138841c2b61970cf485dfd70f6619cea9ff465f6738a1bd85b51d72057,78359937548305549743434705849437065800007393249716313739969280274843995846349|84093409081912477009172618663267637476240056354859801196681034236431212936425,0,0,,,NO_PRICE_HISTORY_OBSERVED,,UNRESOLVED,PASS,false,false,FAIL,FAIL,FAIL,,FAIL,false,false,,,false,FAIL,false,revelation_state|resolution_state|linked_asset_mapping_state|asset_data_state|safe_cutoff_state
34570,FDA_FINAL_PDUFA_DECISION,1de2125d996966dfebb09651,FDA approves UX111?,fda-approves-ux111,2025-08-18T16:00:00Z,DUE_ASOF,FDA_US_REGULATORY_PROCESS,FDA_AND_ISSUER_PRIMARY,,UNRESOLVED,,UNRESOLVED,,,,,,,UNRESOLVED,,,,false,UNRESOLVED,,,,,false,PASS,No deterministic Drugs@FDA product match; non-approval is not inferred.,PASS,1,0x032963ccc792728f2bba86bfd6dc5e4298088e5e3b7b2e71f3d41061d1536147,13783670567537722742033458543913413354181983476910968934688207822905305695062|9366371954563428207522237010786169178466714475606664979483578141765192277870,0,0,,,NO_PRICE_HISTORY_OBSERVED,,UNRESOLVED,PASS,false,false,FAIL,FAIL,FAIL,,FAIL,false,false,,,false,FAIL,false,revelation_state|resolution_state|linked_asset_mapping_state|asset_data_state|safe_cutoff_state
503876,FDA_FINAL_PDUFA_DECISION,89fdecc973cbcb19b3ef8a50,FDA approves Cingulate's Ctx-1301?,fda-approves-cingulates-ctx-1301,2026-05-31T00:00:00Z,DUE_ASOF,FDA_US_REGULATORY_PROCESS,FDA_AND_ISSUER_PRIMARY,,UNRESOLVED,,UNRESOLVED,,,,,,,UNRESOLVED,,,,false,UNRESOLVED,,,,,false,PASS,No deterministic Drugs@FDA product match; non-approval is not inferred.,PASS,1,0xd875a7397c450d59deff30a9c696422d14db52db14087c8540380567880e2e36,100424870191122042078498362995444536848262353838665605867188417274254717266522|49872305991103339214866503746011032262187436778710748940993675465153655840327,0,0,,,NO_PRICE_HISTORY_OBSERVED,,UNRESOLVED,PASS,false,false,FAIL,FAIL,FAIL,,FAIL,false,false,,,false,FAIL,false,revelation_state|resolution_state|linked_asset_mapping_state|asset_data_state|safe_cutoff_state
652095,FDA_FINAL_PDUFA_DECISION,818f7dfd896e0b83ec875468,FDA approves Vera Therapeutics' Atacicept?,fda-approves-vera-therapeutics-atacicept-07-07-2026,2026-07-07T00:00:00Z,DUE_ASOF,FDA_US_REGULATORY_PROCESS,FDA_AND_ISSUER_PRIMARY,,UNRESOLVED,,UNRESOLVED,,,,,,,UNRESOLVED,,,,false,UNRESOLVED,,,,,false,PASS,No deterministic Drugs@FDA product match; non-approval is not inferred.,PASS,1,0x4fbca0dd41192d19d5d676d1eba414d2018b88d3d7ef9a0b65e06c1480e839e0,12312370920080671551598979171011030955269197826866582953299088259361338375584|95654740027373670230343033723643038822998830463453535268372029163427929006906,0,0,,,NO_PRICE_HISTORY_OBSERVED,,UNRESOLVED,PASS,false,false,FAIL,FAIL,FAIL,,FAIL,false,false,,,false,FAIL,false,revelation_state|resolution_state|linked_asset_mapping_state|asset_data_state|safe_cutoff_state
400511,FDA_FINAL_PDUFA_DECISION,6fb78d0f5abcd97188c3fa82,FDA approves Sanofi's Tzield?,fda-approves-sanofis-tzield,2026-04-29T00:00:00Z,DUE_ASOF,FDA_US_REGULATORY_PROCESS,FDA_AND_ISSUER_PRIMARY,,UNRESOLVED,,UNRESOLVED,,,,,,,UNRESOLVED,,,,false,UNRESOLVED,,,,,false,PASS,"Drug/sponsor match exists, but no nearby official approval document; no CRL/non-approval inference.",PASS,1,0x729068e73cba063d37da18c022b71f1cb98929d77e11c227b08d2ae806bc566a,10193223976173067441690098517433078322812632645104738191156672748681683693680|31664239167373057556552459244482529304545646016185098683486305722764842416716,0,0,,,NO_PRICE_HISTORY_OBSERVED,https://www.fda.gov/media/89850/download?attachment=,UNRESOLVED,PASS,false,false,FAIL,FAIL,FAIL,,FAIL,false,false,,,false,FAIL,false,revelation_state|resolution_state|linked_asset_mapping_state|asset_data_state|safe_cutoff_state
652131,FDA_FINAL_PDUFA_DECISION,1e2a4079673de87ed521fc98,FDA approves Elevar Therapeutics' Rivoceranib + camrelizumab?,fda-approves-elevar-therapeutics-rivoceranib-camrelizumab-07-23-2026,2026-07-23T00:00:00Z,DUE_ASOF,FDA_US_REGULATORY_PROCESS,FDA_AND_ISSUER_PRIMARY,,UNRESOLVED,,UNRESOLVED,,,,,,,UNRESOLVED,,,,false,UNRESOLVED,,,,,false,PASS,No deterministic Drugs@FDA product match; non-approval is not inferred.,PASS,1,0x160693bb96f6bdc1c34006333f36bf590e78b52d33c47a2e8ccc2293ee5dfdcb,110886170608476861797308269040361229674478666830622711950283485692861934692722|66246102781108233619652302274645683943969919271292397345991594231663282796950,0,0,,,NO_PRICE_HISTORY_OBSERVED,,UNRESOLVED,PASS,false,false,FAIL,FAIL,FAIL,,FAIL,false,false,,,false,FAIL,false,revelation_state|resolution_state|linked_asset_mapping_state|asset_data_state|safe_cutoff_state
652185,FDA_FINAL_PDUFA_DECISION,9ff1d6c9de38da03568a2098,FDA approves MannKind's FUROSCIX ReadyFlow Autoinjector?,fda-approves-mannkind-furoscix-readyflow-autoinjector-07-26-2026,2026-07-26T00:00:00Z,DUE_ASOF,FDA_US_REGULATORY_PROCESS,FDA_AND_ISSUER_PRIMARY,,UNRESOLVED,,UNRESOLVED,,,,,,,UNRESOLVED,,,,false,UNRESOLVED,,,,,false,PASS,No deterministic Drugs@FDA product match; non-approval is not inferred.,PASS,1,0xb5cfcba87d7ef0286c52d4c5365463def6b0eb5199768c024f4de750a29d3c72,5487979710358944734532274735370112650461192617692583566919964053858591548185|61219376844993576105136932327129437831167499054873618462274159874084913734997,2,0,2026-07-12T20:20:04Z,2026-07-24T21:40:10Z,PASS_HISTORY_OBSERVED,,UNRESOLVED,PASS,false,false,UNRESOLVED,UNRESOLVED,UNRESOLVED,,UNRESOLVED,,,,,,UNRESOLVED,false,pm_pre_cutoff_state|pm_24h_state|history_state|f2_state|revelation_state|resolution_state|linked_asset_mapping_state|asset_data_state|safe_cutoff_state
652233,FDA_FINAL_PDUFA_DECISION,eee75fa3c7e012b49eea89c8,FDA approves Viatris' low-dose estrogen weekly patch?,fda-approves-viatris-low-dose-estrogen-weekly-patch-07-30-2026,2026-07-30T17:59:56.626000Z,DUE_ASOF,FDA_US_REGULATORY_PROCESS,FDA_AND_ISSUER_PRIMARY,,UNRESOLVED,,UNRESOLVED,,,,,,,UNRESOLVED,,,,false,UNRESOLVED,,,,,false,PASS,No deterministic Drugs@FDA product match; non-approval is not inferred.,PASS,1,0x824513835f0490f618a52386585a8912e2c7f756d185f62d28a6c07bcbbcf776,27548898104638406678505643012898724900575415625636105342687200390778110598489|97771002660602090236006140616236754792862144005814359862999919915035444352372,2,0,2026-07-12T20:20:04Z,2026-07-30T17:40:09Z,PASS_HISTORY_OBSERVED,,UNRESOLVED,PASS,false,false,UNRESOLVED,UNRESOLVED,UNRESOLVED,,UNRESOLVED,,,,,,UNRESOLVED,false,pm_pre_cutoff_state|pm_24h_state|history_state|f2_state|revelation_state|resolution_state|linked_asset_mapping_state|asset_data_state|safe_cutoff_state
158107,FDA_FINAL_PDUFA_DECISION,4258b42a8a85eb947a824b57,FDA approves Retatrutide this year?,fda-approves-retatrutide-this-year,2026-12-31T00:00:00Z,RIGHT_CENSORED_ASOF,FDA_US_REGULATORY_PROCESS,FDA_AND_ISSUER_PRIMARY,,PENDING_PRIMARY_SPONSOR_MAPPING,,RIGHT_CENSORED_ASOF,,,,,,,RIGHT_CENSORED_ASOF,,,,false,RIGHT_CENSORED_ASOF,,,,,false,PASS,,PASS,1,0xa9e844555c3aeac59e6104f266bee4ce930b6941fbea4053eb1ab440cdc4ea8e,37046612607917670308080402239015003453544974634272162340833828461002861888000|88804198326803208210051239842322035314858564707784139836567124873063625803223,2,0,2026-07-12T20:20:04Z,2026-08-12T20:17:12Z,PASS_HISTORY_OBSERVED,,RIGHT_CENSORED_ASOF,RIGHT_CENSORED_ASOF,false,false,RIGHT_CENSORED_ASOF,RIGHT_CENSORED_ASOF,RIGHT_CENSORED_ASOF,,RIGHT_CENSORED_ASOF,,,,,,RIGHT_CENSORED_ASOF,false,
4334,FDA_FINAL_PDUFA_DECISION,b751a2077b707d6b1da492b9,"Will Johnson and Johnson's COVID-19 vaccine receive FDA approval or Emergency Use Authorization (EUA) by March 15, 2021?",will-johnson-and-johnson-s-covid-19-vaccine-receive-fda-approval-or-emergency-use-authorization-eua-by-march-15-2021,2021-03-15T00:00:00Z,DUE_ASOF,FDA_US_REGULATORY_PROCESS,FDA_AND_ISSUER_PRIMARY,,UNRESOLVED,,UNRESOLVED,,,,,,,UNRESOLVED,,,,false,UNRESOLVED,,,,,false,PASS,No deterministic Drugs@FDA product match; non-approval is not inferred.,PASS,1,0x6172725a733624bdca8ab5b97f4663b170ca6139d815b8f9bbcd67690d8ca919,35681275948734191254244776697722544539201200813493975236213658393932478200981|44783729984817936811850528267702447907574912069203180029611000798208027908194,0,0,,,NO_PRICE_HISTORY_OBSERVED,,UNRESOLVED,PASS,false,false,FAIL,FAIL,FAIL,,FAIL,false,false,,,false,FAIL,false,revelation_state|resolution_state|linked_asset_mapping_state|asset_data_state|safe_cutoff_state
34549,FDA_FINAL_PDUFA_DECISION,324ef196a3019ff47e31cc99,FDA approves Insmed’s Brensocatib for bronchiectasis?,fda-approves-insmeds-brensocatib-for-bronchiectasis-by-august-31,2025-08-12T16:00:00Z,DUE_ASOF,FDA_US_REGULATORY_PROCESS,FDA_AND_ISSUER_PRIMARY,,UNRESOLVED,,UNRESOLVED,,,,,,,UNRESOLVED,,,,false,UNRESOLVED,,,,,false,PASS,No deterministic Drugs@FDA product match; non-approval is not inferred.,PASS,1,0xcbfdb4244b408a9b37bfdfb1b1489ca1a4e7901ee21d178beccfc6de2a11698c,26113043283557318483122134496165485549290307169614775819960973654150293464539|87977984603609058684300417056970055498591987155559358910067368653985018440021,0,0,,,NO_PRICE_HISTORY_OBSERVED,,UNRESOLVED,PASS,false,false,FAIL,FAIL,FAIL,,FAIL,false,false,,,false,FAIL,false,revelation_state|resolution_state|linked_asset_mapping_state|asset_data_state|safe_cutoff_state
4694,FDA_FINAL_PDUFA_DECISION,26d17ec5ba68026a20d00351,Will any of the COVID vaccines be granted full FDA approval by September 1?,will-any-of-the-covid-vaccines-be-granted-full-fda-approval-by-september-1,2021-09-01T00:00:00Z,DUE_ASOF,FDA_US_REGULATORY_PROCESS,FDA_AND_ISSUER_PRIMARY,,UNRESOLVED,,UNRESOLVED,,,,,,,UNRESOLVED,,,,false,UNRESOLVED,,,,,false,PASS,No deterministic Drugs@FDA product match; non-approval is not inferred.,PASS,1,0xdac49f148a665056c5be50435f801979da021f8346ecd3eb9c01450fc6f2ca14,58860784743912751680916862569313380665839850754793052193097274667360285000374|74157647915317576184903845754314068056164891790258940871598836172059735973226,0,0,,,NO_PRICE_HISTORY_OBSERVED,,UNRESOLVED,PASS,false,false,FAIL,FAIL,FAIL,,FAIL,false,false,,,false,FAIL,false,revelation_state|resolution_state|linked_asset_mapping_state|asset_data_state|safe_cutoff_state
400481,FDA_FINAL_PDUFA_DECISION,8063eb9a98b99f78d4f08153,FDA approves Sanofi's Dupixent?,fda-approves-sanofis-dupixent,2026-04-27T00:00:00Z,DUE_ASOF,FDA_US_REGULATORY_PROCESS,FDA_AND_ISSUER_PRIMARY,REGN,PASS,DRUGSATFDA_SPONSOR_TO_UNIQUE_SEC_ISSUER,UNRESOLVED,,,,,,,UNRESOLVED,,,,false,PASS,2026-02-11,2026-06-01,76,045bd255d20c00b516d80a97018aa498127032c32d3647fb8f4e5fc92b57aa51,false,PASS,"Drug/sponsor match exists, but no nearby official approval document; no CRL/non-approval inference.",PASS,1,0x1227564e7ae629400b526b03c86a52e83776d9efe000590a28a8062353a7ca45,41163601770967680234003870604269025596723115498380023200663320410926690367262|95823234161378177284416409047886716357009197216254062227325587550442088286650,0,0,,,NO_PRICE_HISTORY_OBSERVED,https://www.fda.gov/media/89850/download?attachment=,UNRESOLVED,PASS,false,false,FAIL,FAIL,FAIL,,FAIL,false,false,,,false,FAIL,false,revelation_state|resolution_state|safe_cutoff_state
556116,FDA_FINAL_PDUFA_DECISION,2d8512750cbc369052792ac9,FDA approves Viridian Therapeutics' Veligrotug?,fda-approves-viridian-therapeutics-veligrotug-06-30-2026,2026-06-30T00:00:00Z,DUE_ASOF,FDA_US_REGULATORY_PROCESS,FDA_AND_ISSUER_PRIMARY,,UNRESOLVED,,UNRESOLVED,,,,,,,UNRESOLVED,,,,false,UNRESOLVED,,,,,false,PASS,No deterministic Drugs@FDA product match; non-approval is not inferred.,PASS,1,0xebbcaedbd2ab0c9e8aef9fce18af2322657f15326ab419e4271a6708d5024741,94941213406340806045557755753797378247822133257915957054702804581499829802358|998551630088519161733333705538873405055359592430918272762879243823110139076,0,0,,,NO_PRICE_HISTORY_OBSERVED,,UNRESOLVED,PASS,false,false,FAIL,FAIL,FAIL,,FAIL,false,false,,,false,FAIL,false,revelation_state|resolution_state|linked_asset_mapping_state|asset_data_state|safe_cutoff_state
34548,FDA_FINAL_PDUFA_DECISION,672399543a8a2bd7c91eb35c,FDA approves PharmaTher Holdings’ Ketamine?,fda-approves-pharmather-holdings-ketamine-by-august-31,2025-08-09T16:00:00Z,DUE_ASOF,FDA_US_REGULATORY_PROCESS,FDA_AND_ISSUER_PRIMARY,,UNRESOLVED,,UNRESOLVED,,,,,,,UNRESOLVED,,,,false,UNRESOLVED,,,,,false,PASS,No deterministic Drugs@FDA product match; non-approval is not inferred.,PASS,1,0x0ed02c34f9d55d1500ff2ba8e205cb7f75dd48904d5efd3ea362b9510cc793c2,63474464408802694572995609929671569171112818588381896190318206801959189204575|97406041229647566345606202639672101928689384218992306010706541144530593807267,0,0,,,NO_PRICE_HISTORY_OBSERVED,,UNRESOLVED,PASS,false,false,FAIL,FAIL,FAIL,,FAIL,false,false,,,false,FAIL,false,revelation_state|resolution_state|linked_asset_mapping_state|asset_data_state|safe_cutoff_state
34547,FDA_FINAL_PDUFA_DECISION,75fb4bf0a523949da39527d8,FDA approves LENZ Therapeutics’ LNZ100 for presbyopia by August 31?,fda-approves-lenz-therapeutics-lnz100-for-presbyopia-by-august-31,2025-08-08T16:00:00Z,DUE_ASOF,FDA_US_REGULATORY_PROCESS,FDA_AND_ISSUER_PRIMARY,,UNRESOLVED,,UNRESOLVED,,,,,,,UNRESOLVED,,,,false,UNRESOLVED,,,,,false,PASS,No deterministic Drugs@FDA product match; non-approval is not inferred.,PASS,1,0xd37923db43e10042a9b43cbba87485ecc09408b713bd52a1cd33305bd836c373,41193387401863684510473689608354395818640779163807004224493207514422228862984|61595128362696317276283304452609666748816686682740946530157967712825478530694,0,0,,,NO_PRICE_HISTORY_OBSERVED,,UNRESOLVED,PASS,false,false,FAIL,FAIL,FAIL,,FAIL,false,false,,,false,FAIL,false,revelation_state|resolution_state|linked_asset_mapping_state|asset_data_state|safe_cutoff_state
4810,FDA_FINAL_PDUFA_DECISION,bf530d4379bb6e878c8ce409,Will any of the COVID vaccines be granted full FDA approval by December 1?,will-any-of-the-covid-vaccines-be-granted-full-fda-approval-by-december-1,2021-12-01T00:00:00Z,DUE_ASOF,FDA_US_REGULATORY_PROCESS,FDA_AND_ISSUER_PRIMARY,,UNRESOLVED,,UNRESOLVED,,,,,,,UNRESOLVED,,,,false,UNRESOLVED,,,,,false,PASS,No deterministic Drugs@FDA product match; non-approval is not inferred.,PASS,1,0x92c0eb0d4b1b7239cee38bf94cef8ad0a79bc4c83b6215b14c68ef9364f3ada6,21722552001422490980560260964521461386013918113571253876309051855603481480308|85025792504689799680701507249970966600337632226601287544527384275949982868185,0,0,,,NO_PRICE_HISTORY_OBSERVED,,UNRESOLVED,PASS,false,false,FAIL,FAIL,FAIL,,FAIL,false,false,,,false,FAIL,false,revelation_state|resolution_state|linked_asset_mapping_state|asset_data_state|safe_cutoff_state
555997,FDA_FINAL_PDUFA_DECISION,9d35f5d8868e4f799a6ed943,FDA approves Camurus' Oclaiz?,fda-approves-camurus-oclaiz-06-10-2026,2026-06-10T00:00:00Z,DUE_ASOF,FDA_US_REGULATORY_PROCESS,FDA_AND_ISSUER_PRIMARY,,UNRESOLVED,,UNRESOLVED,,,,,,,UNRESOLVED,,,,false,UNRESOLVED,,,,,false,PASS,No deterministic Drugs@FDA product match; non-approval is not inferred.,PASS,1,0x17583eea72358d7a1a07e42505900db66eb7f8006c9ae7ddb8831f7d64a4962e,71787882178814728103812947133927223500602892814349404385877196683285205354177|9790467751495698944577542019395549510548745636189774197376277039957068798277,0,0,,,NO_PRICE_HISTORY_OBSERVED,,UNRESOLVED,PASS,false,false,FAIL,FAIL,FAIL,,FAIL,false,false,,,false,FAIL,false,revelation_state|resolution_state|linked_asset_mapping_state|asset_data_state|safe_cutoff_state
34558,FDA_FINAL_PDUFA_DECISION,9a668ce823b69f5bb6e2c827,FDA approves Sanofi’s Rilzabrutinib for immune thrombocytopenia?,fda-approves-sanofis-rilzabrutinib-for-immune-thrombocytopenia-by-august-31,2025-08-29T16:00:00Z,DUE_ASOF,FDA_US_REGULATORY_PROCESS,FDA_AND_ISSUER_PRIMARY,,UNRESOLVED,,UNRESOLVED,,,,,,,UNRESOLVED,,,,false,UNRESOLVED,,,,,false,PASS,No deterministic Drugs@FDA product match; non-approval is not inferred.,PASS,1,0x5c6f49bbe93a7f2ca9aacd817a70ed39c7922f3f4e3f811dbd7d09101bb9a8e1,86004379767740111850094216304146907339776946612989113918655830339256820823576|94617087183983285791087918970453814166115494731721421476686068284390729399596,0,0,,,NO_PRICE_HISTORY_OBSERVED,,UNRESOLVED,PASS,false,false,FAIL,FAIL,FAIL,,FAIL,false,false,,,false,FAIL,false,revelation_state|resolution_state|linked_asset_mapping_state|asset_data_state|safe_cutoff_state
3720,FDA_FINAL_PDUFA_DECISION,8c138056a95c764c38c6ba97,Will the FDA give emergency use authorization or otherwise approve Paxlovid before 2022?,will-the-fda-give-emergency-use-authorization-or-otherwise-approve-paxlovid-before-2022,2022-01-01T00:00:00Z,DUE_ASOF,FDA_US_REGULATORY_PROCESS,FDA_AND_ISSUER_PRIMARY,,UNRESOLVED,,UNRESOLVED,,,,,,,UNRESOLVED,,,,false,UNRESOLVED,,,,,false,PASS,No deterministic Drugs@FDA product match; non-approval is not inferred.,PASS,1,0xd957d14a7d5161e76b90ec934d8168eab1fe50eb63412978e302f4f360ea5655,101488116188171847215799211425300508610224061926376707053584670311064186208516|81113836842110042673383044259890127470369461328456394548745608239183972420948,0,0,,,NO_PRICE_HISTORY_OBSERVED,,UNRESOLVED,PASS,false,false,FAIL,FAIL,FAIL,,FAIL,false,false,,,false,FAIL,false,revelation_state|resolution_state|linked_asset_mapping_state|asset_data_state|safe_cutoff_state
503854,FDA_FINAL_PDUFA_DECISION,a9c4365b3470734963665dd8,FDA approves MannKind's Afrezza?,fda-approves-mannkinds-afrezza,2026-05-29T00:00:00Z,DUE_ASOF,FDA_US_REGULATORY_PROCESS,FDA_AND_ISSUER_PRIMARY,MNKD,PASS,DRUGSATFDA_SPONSOR_TO_UNIQUE_SEC_ISSUER,UNRESOLVED,,,,,,,UNRESOLVED,,,,false,PASS,2026-03-16,2026-07-02,76,54654407311a0d6ca3f1941dac611c79aa7615edd5b4374bc6ee6aa499c56a5a,false,PASS,"Drug/sponsor match exists, but no nearby official approval document; no CRL/non-approval inference.",PASS,1,0xfd1864c35c1ae22c3f5b68904a178e7c950c4f3cf2d6510c540a49a5af082765,66665076381031090526699217818790364699357159322802016641307232473113503876522|79127495791978058124289140201339283810704766892738013113616067695776240067131,0,0,,,NO_PRICE_HISTORY_OBSERVED,https://www.fda.gov/media/89850/download?attachment=,UNRESOLVED,PASS,false,false,FAIL,FAIL,FAIL,,FAIL,false,false,,,false,FAIL,false,revelation_state|resolution_state|safe_cutoff_state
431116,FDA_FINAL_PDUFA_DECISION,bb2cff0a14f572e623d76151,FDA approves argenx's Vyvgart?,fda-approves-argenxs-vyvgart,2026-05-10T00:00:00Z,DUE_ASOF,FDA_US_REGULATORY_PROCESS,FDA_AND_ISSUER_PRIMARY,ARGX,PASS,DRUGSATFDA_SPONSOR_TO_UNIQUE_SEC_ISSUER,UNRESOLVED,,,,,,,UNRESOLVED,,,,false,PASS,2026-02-24,2026-06-12,77,b73eb794add3505c2f1b6fe0e41070bf1eebdf018f13fcf453baf96dfcfc5b54,false,PASS,"Drug/sponsor match exists, but no nearby official approval document; no CRL/non-approval inference.",PASS,1,0x10c1548bbd6c2da56e3ca73e966f595d2258ebc194c168e8a81837aa23aac69d,66007911101707302190148735167450517628970472782888009492359692471595464474238|98886563935484367656431194809053261089422639464394989381151958744968129809741,0,0,,,NO_PRICE_HISTORY_OBSERVED,https://www.fda.gov/media/89850/download?attachment=,UNRESOLVED,PASS,false,false,FAIL,FAIL,FAIL,,FAIL,false,false,,,false,FAIL,false,revelation_state|resolution_state|safe_cutoff_state
556012,FDA_FINAL_PDUFA_DECISION,a40dfe5684db32af4b03cc3d,FDA approves GSK & Spero Therapeutics' Tebipenem HBr?,fda-approves-gsk-spero-therapeutics-tebipenem-hbr-06-18-2026,2026-06-18T00:00:00Z,DUE_ASOF,FDA_US_REGULATORY_PROCESS,FDA_AND_ISSUER_PRIMARY,,UNRESOLVED,,UNRESOLVED,,,,,,,UNRESOLVED,,,,false,UNRESOLVED,,,,,false,PASS,No deterministic Drugs@FDA product match; non-approval is not inferred.,PASS,1,0x1b4b89d1eb8b516f8c65bfd42a652a4430f2820a10a183cc00dfb1f5924ecac6,19328717987046459351831442923027633200185233937220413514193990019512915547300|78995205365570565066249949387638649229709537783656066690162225076290008296743,0,0,,,NO_PRICE_HISTORY_OBSERVED,,UNRESOLVED,PASS,false,false,FAIL,FAIL,FAIL,,FAIL,false,false,,,false,FAIL,false,revelation_state|resolution_state|linked_asset_mapping_state|asset_data_state|safe_cutoff_state
3018,FDA_FINAL_PDUFA_DECISION,00356d79ff892f0e1b1b8f8c,"Will AstraZeneca's COVID-19 vaccine receive FDA approval or Emergency Use Authorization (EUA) by May 1, 2021?",will-astrazenecas-covid-19-vaccine-receive-fda-approval-or-emergency-use-authorization-eua-by-may-1-2021,2021-05-01T00:00:00Z,DUE_ASOF,FDA_US_REGULATORY_PROCESS,FDA_AND_ISSUER_PRIMARY,,UNRESOLVED,,UNRESOLVED,,,,,,,UNRESOLVED,,,,false,UNRESOLVED,,,,,false,PASS,No deterministic Drugs@FDA product match; non-approval is not inferred.,PASS,1,0xe51c3b29e7d31393993ce4f9dd11d7f714023304b179c51ffa57233f61140b58,107416562872845972192447558489780741608613017861184095772343980203893120114599|15189990518854685218345483494677321732332853945206199375554512009044166828519,0,0,,,NO_PRICE_HISTORY_OBSERVED,,UNRESOLVED,PASS,false,false,FAIL,FAIL,FAIL,,FAIL,false,false,,,false,FAIL,false,revelation_state|resolution_state|linked_asset_mapping_state|asset_data_state|safe_cutoff_state
34568,FDA_FINAL_PDUFA_DECISION,ffacb1e98220dcb52aefa112,FDA approves EYLEA HD?,fda-approves-eylea-hd-by-august-31,2025-08-19T16:00:00Z,DUE_ASOF,FDA_US_REGULATORY_PROCESS,FDA_AND_ISSUER_PRIMARY,REGN,PASS,DRUGSATFDA_SPONSOR_TO_UNIQUE_SEC_ISSUER,UNRESOLVED,,,,,,,UNRESOLVED,,,,false,PASS,2025-06-05,2025-09-24,77,fac7dcebd8a44681a35944222fd3354e4e42e3d96bbcfb43f1d8daeb2a9acf73,false,PASS,"Drug/sponsor match exists, but no nearby official approval document; no CRL/non-approval inference.",PASS,1,0xd8bf33618342b8f97ef2db07fad4c1facb0934ab60d21f5b5e5a1d382b8269a7,27754487970411878834344315616304366094263896584748903766271808951117586529208|36243485577433892299108653292834249568919233893071779667482687612229838739273,0,0,,,NO_PRICE_HISTORY_OBSERVED,https://www.fda.gov/media/89850/download?attachment=,UNRESOLVED,PASS,false,false,FAIL,FAIL,FAIL,,FAIL,false,false,,,false,FAIL,false,revelation_state|resolution_state|safe_cutoff_state
27386,FDA_FINAL_PDUFA_DECISION,70774f0eecd8728ddb3e3835,FDA approves Gilead’s lenacapavir for treating HIV?,fda-approves-gileads-lenacapavir-for-treating-hiv-human-immunodeficiency-virus,2025-06-19T00:00:00Z,DUE_ASOF,FDA_US_REGULATORY_PROCESS,FDA_AND_ISSUER_PRIMARY,,UNRESOLVED,,UNRESOLVED,,,,,,,UNRESOLVED,,,,false,UNRESOLVED,,,,,false,PASS,No deterministic Drugs@FDA product match; non-approval is not inferred.,PASS,1,0x11039e885cdc6019a73715569da44dd3577debdaf54a7a85f107e345dd5cc97d,100245270205360204116456694799691889005020264135408401386104160729238938332731|74791633337136725287146513478286073837277086591109537091868763217922592268760,0,0,,,NO_PRICE_HISTORY_OBSERVED,,UNRESOLVED,PASS,false,false,FAIL,FAIL,FAIL,,FAIL,false,false,,,false,FAIL,false,revelation_state|resolution_state|linked_asset_mapping_state|asset_data_state|safe_cutoff_state
3176,FDA_FINAL_PDUFA_DECISION,a8a27d33abac217eb371d683,Will the FDA approve any COVID-19 vaccination for children under 12 by November 1?,will-the-fda-approve-any-covid-19-vaccination-for-children-under-12-by-november-1,2021-11-01T00:00:00Z,DUE_ASOF,FDA_US_REGULATORY_PROCESS,FDA_AND_ISSUER_PRIMARY,,UNRESOLVED,,UNRESOLVED,,,,,,,UNRESOLVED,,,,false,UNRESOLVED,,,,,false,PASS,No deterministic Drugs@FDA product match; non-approval is not inferred.,PASS,1,0xc47a5bf4c5d0aa567881ac25ff55222e13f6eb26786afa7729f669372191b9c9,25845138944184344971848383280755940754281063621311364779220565234160024262938|67782589148688164308703541623046538868748100768532543889987699674507931092267,0,0,,,NO_PRICE_HISTORY_OBSERVED,,UNRESOLVED,PASS,false,false,FAIL,FAIL,FAIL,,FAIL,false,false,,,false,FAIL,false,revelation_state|resolution_state|linked_asset_mapping_state|asset_data_state|safe_cutoff_state
400551,FDA_FINAL_PDUFA_DECISION,79e525561769afe638c56ed9,FDA approves AstraZeneca's Camizestrant?,fda-approves-astrazenecas-camizestrant,2026-04-30T00:00:00Z,DUE_ASOF,FDA_US_REGULATORY_PROCESS,FDA_AND_ISSUER_PRIMARY,,UNRESOLVED,,UNRESOLVED,,,,,,,UNRESOLVED,,,,false,UNRESOLVED,,,,,false,PASS,No deterministic Drugs@FDA product match; non-approval is not inferred.,PASS,1,0x949c85ac014a123dba57cd6b3516aeb49a3c36d5e9cd240556715abd6196f7e5,47420833285410714113991781737443860288623661048128828882761753511363425424707|53242812239942100887456304319877300979147274515811765080842618941498855469669,0,0,,,NO_PRICE_HISTORY_OBSERVED,,UNRESOLVED,PASS,false,false,FAIL,FAIL,FAIL,,FAIL,false,false,,,false,FAIL,false,revelation_state|resolution_state|linked_asset_mapping_state|asset_data_state|safe_cutoff_state
26351,FDA_FINAL_PDUFA_DECISION,2eeecd66fe059125ab179563,FDA approves Merck’s clesrovimab infant RSV prevention (MK‑1654)?,fda-approves-mercks-clesrovimab-infant-rsv-prevention-mk1654,2025-06-17T00:00:00Z,DUE_ASOF,FDA_US_REGULATORY_PROCESS,FDA_AND_ISSUER_PRIMARY,,UNRESOLVED,,UNRESOLVED,,,,,,,UNRESOLVED,,,,false,UNRESOLVED,,,,,false,PASS,No deterministic Drugs@FDA product match; non-approval is not inferred.,PASS,1,0x108e7a674ae7c86ff698b50833e2c8ee8d02bc336cc3ca1a2c42bc348cbbc738,110277767978162820657507122560579831140491170286088857058778075751412428867594|70799734104664715408631734640682620690445973392429122858338693410839545371422,0,0,,,NO_PRICE_HISTORY_OBSERVED,,UNRESOLVED,PASS,false,false,FAIL,FAIL,FAIL,,FAIL,false,false,,,false,FAIL,false,revelation_state|resolution_state|linked_asset_mapping_state|asset_data_state|safe_cutoff_state
34571,FDA_FINAL_PDUFA_DECISION,a72bcf52b038db22d13b3aa0,FDA approves Dordaviprone?,fda-approves-dordaviprone,2025-08-18T16:00:00Z,DUE_ASOF,FDA_US_REGULATORY_PROCESS,FDA_AND_ISSUER_PRIMARY,,UNRESOLVED,,UNRESOLVED,,,,,,,UNRESOLVED,,,,false,UNRESOLVED,,,,,false,PASS,"Drug/sponsor match exists, but no nearby official approval document; no CRL/non-approval inference.",PASS,1,0xa0d5b03a433c5f7928ba7f10d7a1f6a37852e4b5b841b8d7ba58980d9e64142d,73379400047247392373901855763534279776008913837962621878817655780902532971045|76628419154947670081036820659796925735587332776513135303430316833969427000162,0,0,,,NO_PRICE_HISTORY_OBSERVED,https://www.fda.gov/media/89850/download?attachment=,UNRESOLVED,PASS,false,false,FAIL,FAIL,FAIL,,FAIL,false,false,,,false,FAIL,false,revelation_state|resolution_state|linked_asset_mapping_state|asset_data_state|safe_cutoff_state
382885,FDA_FINAL_PDUFA_DECISION,f32bb471ec5aca6c5127ed95,FDA approves Grace Therapeutics’ GTx-104?,fda-approves-grace-therapeutics-gtx-104,2026-04-23T00:00:00Z,DUE_ASOF,FDA_US_REGULATORY_PROCESS,FDA_AND_ISSUER_PRIMARY,,UNRESOLVED,,UNRESOLVED,,,,,,,UNRESOLVED,,,,false,UNRESOLVED,,,,,false,PASS,No deterministic Drugs@FDA product match; non-approval is not inferred.,PASS,1,0x97cdd396ed95e3172e5c1595338205a4ebd2a6c0200070d50250f2e386a14b39,56343407792433561279715628699108762320541998811409825945088878439267640812072|63885249881613818073618451909719033007658834926472640109051991064449081303432,0,0,,,NO_PRICE_HISTORY_OBSERVED,,UNRESOLVED,PASS,false,false,FAIL,FAIL,FAIL,,FAIL,false,false,,,false,FAIL,false,revelation_state|resolution_state|linked_asset_mapping_state|asset_data_state|safe_cutoff_state
482084,FDA_FINAL_PDUFA_DECISION,8a0ab89b1572565bfeb139a4,FDA approves Daraxonrasib this year?,fda-approves-daraxonrasib-this-year,2026-12-31T00:00:00Z,RIGHT_CENSORED_ASOF,FDA_US_REGULATORY_PROCESS,FDA_AND_ISSUER_PRIMARY,,PENDING_PRIMARY_SPONSOR_MAPPING,,RIGHT_CENSORED_ASOF,,,,,,,RIGHT_CENSORED_ASOF,,,,false,RIGHT_CENSORED_ASOF,,,,,false,PASS,,PASS,1,0xc98bbd47829f1ce2577a077122c6c2ad92f81c8a0121ff76d35228db8fe06fd9,14198965093737338776663839616761235146430455916053982124683200078400155180082|42785756387951692457807930787259017290684698484622152409513593503231430104901,2,0,2026-07-12T20:20:04Z,2026-08-12T20:17:13Z,PASS_HISTORY_OBSERVED,,RIGHT_CENSORED_ASOF,RIGHT_CENSORED_ASOF,false,false,RIGHT_CENSORED_ASOF,RIGHT_CENSORED_ASOF,RIGHT_CENSORED_ASOF,,RIGHT_CENSORED_ASOF,,,,,,RIGHT_CENSORED_ASOF,false,
27387,FDA_FINAL_PDUFA_DECISION,6523e86644a76f0c239613ea,FDA approves Regeneron’s Dupixent for bullous pemphigoid?,fda-approves-regenerons-dupixent-for-bullous-pemphigoid,2025-06-20T00:00:00Z,DUE_ASOF,FDA_US_REGULATORY_PROCESS,FDA_AND_ISSUER_PRIMARY,,UNRESOLVED,,UNRESOLVED,,,,,,,UNRESOLVED,,,,false,UNRESOLVED,,,,,false,PASS,No deterministic Drugs@FDA product match; non-approval is not inferred.,PASS,1,0x7a8c707fb249d07d578a30ec22f2532eda55b76784e1bf0e52d64802209e0f0a,37902457167646020963555508078364664470789926779920405813583006586167437354191|93600988969670469055293850776956701763464484153216450740444067950619095530716,0,0,,,NO_PRICE_HISTORY_OBSERVED,,UNRESOLVED,PASS,false,false,FAIL,FAIL,FAIL,,FAIL,false,false,,,false,FAIL,false,revelation_state|resolution_state|linked_asset_mapping_state|asset_data_state|safe_cutoff_state
34566,FDA_FINAL_PDUFA_DECISION,eb744fb5ac5bcb08d81756cb,FDA approves FILSPARI REMS modification?,fda-approves-filspari-rems-modification-for-igan-by-august-31,2025-08-28T16:00:00Z,DUE_ASOF,FDA_US_REGULATORY_PROCESS,FDA_AND_ISSUER_PRIMARY,,UNRESOLVED,,UNRESOLVED,,,,,,,UNRESOLVED,,,,false,UNRESOLVED,,,,,false,PASS,No deterministic Drugs@FDA product match; non-approval is not inferred.,PASS,1,0x7b26a6047d97070281e8f5dd0c1b5773ee7a250bd60e73771547f8ffab68714c,106909330473033853807202925445630459309740220342743218615229125523571950674365|5152369552193106641575216183420075988645807434082598314532961443192755471425,0,0,,,NO_PRICE_HISTORY_OBSERVED,,UNRESOLVED,PASS,false,false,FAIL,FAIL,FAIL,,FAIL,false,false,,,false,FAIL,false,revelation_state|resolution_state|linked_asset_mapping_state|asset_data_state|safe_cutoff_state
34550,FDA_FINAL_PDUFA_DECISION,653defc27c8f22ead4c81d6c,FDA approves Tonix Pharmaceuticals’ TNX-102 SL for fibromyalgia?,fda-approves-tonix-pharmaceuticals-tnx-102-sl-for-fibromyalgia-by-august-31,2025-08-15T16:00:00Z,DUE_ASOF,FDA_US_REGULATORY_PROCESS,FDA_AND_ISSUER_PRIMARY,,UNRESOLVED,,UNRESOLVED,,,,,,,UNRESOLVED,,,,false,UNRESOLVED,,,,,false,PASS,No deterministic Drugs@FDA product match; non-approval is not inferred.,PASS,1,0x200439a7855c3552f9bec7518f41d4849716d3b504fe83bd530323f967bcf301,24322347146954326197145259777498689486965607685901566049716807979486100392351|81099528736644917415469844895895949507847030424039865673941868457711573185841,0,0,,,NO_PRICE_HISTORY_OBSERVED,,UNRESOLVED,PASS,false,false,FAIL,FAIL,FAIL,,FAIL,false,false,,,false,FAIL,false,revelation_state|resolution_state|linked_asset_mapping_state|asset_data_state|safe_cutoff_state
652165,FDA_FINAL_PDUFA_DECISION,f53bc1dfd5b2e63b95e23c01,FDA approves Otsuka's Centanafadine?,fda-approves-otsuka-centanafadine-07-24-2026,2026-07-24T00:00:00Z,DUE_ASOF,FDA_US_REGULATORY_PROCESS,FDA_AND_ISSUER_PRIMARY,,UNRESOLVED,,UNRESOLVED,,,,,,,UNRESOLVED,,,,false,UNRESOLVED,,,,,false,PASS,"Drug/sponsor match exists, but no nearby official approval document; no CRL/non-approval inference.",PASS,1,0x3b12866f885271898628d3ae8fbff56051f8acf19ffec5233a8480a280acbd00,105169542777719228317822851962463206549507200941300342024313211991322598435391|10780513385330828201144342064262090311333910780198476792272451514879568641791,2,0,2026-07-12T20:20:04Z,2026-07-25T22:10:10Z,PASS_HISTORY_OBSERVED,https://www.fda.gov/media/89850/download?attachment=,UNRESOLVED,PASS,false,false,UNRESOLVED,UNRESOLVED,UNRESOLVED,,UNRESOLVED,,,,,,UNRESOLVED,false,pm_pre_cutoff_state|pm_24h_state|history_state|f2_state|revelation_state|resolution_state|linked_asset_mapping_state|asset_data_state|safe_cutoff_state
5433,FDA_FINAL_PDUFA_DECISION,7066a7e0a64cfe5ffd51e2f5,Will the FDA give emergency use authorization or otherwise approve Molnupiravir before 2022?,will-the-fda-give-emergency-use-authorization-or-otherwise-approve-molnupiravir-before-2022,2021-12-31T00:00:00Z,DUE_ASOF,FDA_US_REGULATORY_PROCESS,FDA_AND_ISSUER_PRIMARY,,UNRESOLVED,,UNRESOLVED,,,,,,,UNRESOLVED,,,,false,UNRESOLVED,,,,,false,PASS,No deterministic Drugs@FDA product match; non-approval is not inferred.,PASS,1,0xcb68a05a16ef6ee1ad287d39cbd541d94e2de4e46aba7f2c4f5bede18beb2ab6,44692797048474105811399815063775339778611688234352538645663297536215467075290|76898789486469479638534975993193979048886446617620539907399761661951271572205,0,0,,,NO_PRICE_HISTORY_OBSERVED,,UNRESOLVED,PASS,false,false,FAIL,FAIL,FAIL,,FAIL,false,false,,,false,FAIL,false,revelation_state|resolution_state|linked_asset_mapping_state|asset_data_state|safe_cutoff_state
27388,FDA_FINAL_PDUFA_DECISION,36b068fbd76e5c023bfc3606,FDA approves Unicycive’s Oxylanthanum Carbonate (OLC)?,fda-approves-unicycives-oxylanthanum-carbonate-olc,2025-06-28T00:00:00Z,DUE_ASOF,FDA_US_REGULATORY_PROCESS,FDA_AND_ISSUER_PRIMARY,,UNRESOLVED,,UNRESOLVED,,,,,,,UNRESOLVED,,,,false,UNRESOLVED,,,,,false,PASS,No deterministic Drugs@FDA product match; non-approval is not inferred.,PASS,1,0x5131c98cc047dbac6e1ddff731a4a93eb324d6e53af50e0666cbb8577796b373,90140632606532291798028550064951179378171078197356535523151182406547898494537|91336239869542354376404227455553237934085467844968937714455351648668728669495,0,0,,,NO_PRICE_HISTORY_OBSERVED,,UNRESOLVED,PASS,false,false,FAIL,FAIL,FAIL,,FAIL,false,false,,,false,FAIL,false,revelation_state|resolution_state|linked_asset_mapping_state|asset_data_state|safe_cutoff_state
34567,FDA_FINAL_PDUFA_DECISION,9ccaebaaa9984404d9f0d628,FDA approves Donidalorsen?,fda-approves-donidalorsen-for-hereditary-angioedema-by-august-31,2025-08-21T16:00:00Z,DUE_ASOF,FDA_US_REGULATORY_PROCESS,FDA_AND_ISSUER_PRIMARY,,UNRESOLVED,,UNRESOLVED,,,,,,,UNRESOLVED,,,,false,UNRESOLVED,,,,,false,PASS,"Drug/sponsor match exists, but no nearby official approval document; no CRL/non-approval inference.",PASS,1,0xa373233812d090d89ee33b933494da4fd6fdec3f28562c121ce9440d76cd8e1b,71178065307270989742843383709085402564544241738278127198369811882431424691379|91897514782738644904309745482243199641940757159688326391426149958521194533100,0,0,,,NO_PRICE_HISTORY_OBSERVED,https://www.fda.gov/media/89850/download?attachment=,UNRESOLVED,PASS,false,false,FAIL,FAIL,FAIL,,FAIL,false,false,,,false,FAIL,false,revelation_state|resolution_state|linked_asset_mapping_state|asset_data_state|safe_cutoff_state
34555,FDA_FINAL_PDUFA_DECISION,13573bea9d3f4e7c0931703f,FDA approves Precigen’s PRGN-2012 for recurrent respiratory papillomatosis?,fda-approves-precigens-prgn-2012-for-recurrent-respiratory-papillomatosis-by-august-31,2025-08-27T16:00:00Z,DUE_ASOF,FDA_US_REGULATORY_PROCESS,FDA_AND_ISSUER_PRIMARY,,UNRESOLVED,,UNRESOLVED,,,,,,,UNRESOLVED,,,,false,UNRESOLVED,,,,,false,PASS,No deterministic Drugs@FDA product match; non-approval is not inferred.,PASS,1,0x39d843c0baa397863ef665f11c1ef3a36a78d17fee2ac6d8b750910d649a61fc,113071763147473830185660589625807123881446932484990692529104154804581046864565|83585961018070944667069632146073634423958032165106614485948298639870203105115,0,0,,,NO_PRICE_HISTORY_OBSERVED,,UNRESOLVED,PASS,false,false,FAIL,FAIL,FAIL,,FAIL,false,false,,,false,FAIL,false,revelation_state|resolution_state|linked_asset_mapping_state|asset_data_state|safe_cutoff_state
400521,FDA_FINAL_PDUFA_DECISION,c63fba74a69f51a0dbe535fb,FDA approves Axsome Therapeutics' AXS-05?,fda-approves-axsome-therapeutics-axs-05,2026-04-30T00:00:00Z,DUE_ASOF,FDA_US_REGULATORY_PROCESS,FDA_AND_ISSUER_PRIMARY,,UNRESOLVED,,UNRESOLVED,,,,,,,UNRESOLVED,,,,false,UNRESOLVED,,,,,false,PASS,No deterministic Drugs@FDA product match; non-approval is not inferred.,PASS,1,0xb1a2b737cef26e09bc760437061f46246d2d0f8aebfd27ba766d0bd39a6f8738,23481422710243700698721138437690444206367289229728636415910269721081494645628|88221643665426647504384625501381527448767091737254025565857108186942584937366,0,0,,,NO_PRICE_HISTORY_OBSERVED,,UNRESOLVED,PASS,false,false,FAIL,FAIL,FAIL,,FAIL,false,false,,,false,FAIL,false,revelation_state|resolution_state|linked_asset_mapping_state|asset_data_state|safe_cutoff_state
34557,FDA_FINAL_PDUFA_DECISION,ad9fc91a8aac71010d648b76,FDA approves Outlook Therapeutics’ ONS-5010 for wet AMD?,fda-approves-outlook-therapeutics-ons-5010-for-wet-amd-by-august-31,2025-08-31T16:00:00Z,DUE_ASOF,FDA_US_REGULATORY_PROCESS,FDA_AND_ISSUER_PRIMARY,,UNRESOLVED,,UNRESOLVED,,,,,,,UNRESOLVED,,,,false,UNRESOLVED,,,,,false,PASS,No deterministic Drugs@FDA product match; non-approval is not inferred.,PASS,1,0xa0937f3fb51c74b7141bce47340d40f94e1c8bb2dc33795276191033f3c49a4f,34460383721458706443712863277023168515226053646385847243385497285199124314294|39938395706456427138813383323737823260691591367671876231643968579964540454020,0,0,,,NO_PRICE_HISTORY_OBSERVED,,UNRESOLVED,PASS,false,false,FAIL,FAIL,FAIL,,FAIL,false,false,,,false,FAIL,false,revelation_state|resolution_state|linked_asset_mapping_state|asset_data_state|safe_cutoff_state
556024,FDA_FINAL_PDUFA_DECISION,56d9b577d1fab7ddb625d097,FDA approves Merck's Welireg + Keytruda or Keytruda Qlex?,fda-approves-merck-welireg-keytruda-or-keytruda-qlex-06-19-2026,2026-06-19T00:00:00Z,DUE_ASOF,FDA_US_REGULATORY_PROCESS,FDA_AND_ISSUER_PRIMARY,,UNRESOLVED,,UNRESOLVED,,,,,,,UNRESOLVED,,,,false,UNRESOLVED,,,,,false,PASS,No deterministic Drugs@FDA product match; non-approval is not inferred.,PASS,1,0xf1cc13243db73347c0e4eaca6aa4ca68dcdb3a3bf7a8937e804c4fee047e66ed,23539858007764270118501458814314081184106639123899028621801319955776268313272|91234654974942531712649884521655849604456464750059504118872404397662648931411,0,0,,,NO_PRICE_HISTORY_OBSERVED,,UNRESOLVED,PASS,false,false,FAIL,FAIL,FAIL,,FAIL,false,false,,,false,FAIL,false,revelation_state|resolution_state|linked_asset_mapping_state|asset_data_state|safe_cutoff_state
34560,FDA_FINAL_PDUFA_DECISION,afb28a49f79110128a4abdc1,FDA approves Capricor Therapeutics’ Deramiocel for Duchenne muscular dystrophy by August 31?,fda-approves-capricor-therapeutics-cap-1002-for-duchenne-muscular-dystrophy-by-august-31,2025-08-31T16:00:00Z,DUE_ASOF,FDA_US_REGULATORY_PROCESS,FDA_AND_ISSUER_PRIMARY,,UNRESOLVED,,UNRESOLVED,,,,,,,UNRESOLVED,,,,false,UNRESOLVED,,,,,false,PASS,No deterministic Drugs@FDA product match; non-approval is not inferred.,PASS,1,0x120a013eeb8b76ddc57297569626f13a510c09124b965f25a706b5f2388bb0cb,51010379458918354836791630805014110738463888510601508496388402966768902251048|77649571240925900701262879469613775935286795356656408170141410960228406423163,0,0,,,NO_PRICE_HISTORY_OBSERVED,,UNRESOLVED,PASS,false,false,FAIL,FAIL,FAIL,,FAIL,false,false,,,false,FAIL,false,revelation_state|resolution_state|linked_asset_mapping_state|asset_data_state|safe_cutoff_state
556092,FDA_FINAL_PDUFA_DECISION,7f10a93ec3ed11c01b2b36be,FDA approves Unicycive's Oxylanthanum carbonate?,fda-approves-unicycive-oxylanthanum-carbonate-06-29-2026,2026-06-29T00:00:00Z,DUE_ASOF,FDA_US_REGULATORY_PROCESS,FDA_AND_ISSUER_PRIMARY,,UNRESOLVED,,UNRESOLVED,,,,,,,UNRESOLVED,,,,false,UNRESOLVED,,,,,false,PASS,No deterministic Drugs@FDA product match; non-approval is not inferred.,PASS,1,0x2f11d2ff4a5443460598be5551c5d21709a4140239ad6447c77989131e7dd881,21029090013383714366693778505340244379763615288591271873186915014610586268360|57236356231501397079333811882627607956737916159788357580272439498254658662234,0,0,,,NO_PRICE_HISTORY_OBSERVED,,UNRESOLVED,PASS,false,false,FAIL,FAIL,FAIL,,FAIL,false,false,,,false,FAIL,false,revelation_state|resolution_state|linked_asset_mapping_state|asset_data_state|safe_cutoff_state
34554,FDA_FINAL_PDUFA_DECISION,e846f9de3ffc30112aa11f31,FDA approves Telix Pharmaceuticals’ TLX250-CDx for kidney cancer imaging?,fda-approves-telix-pharmaceuticals-tlx250-cdx-for-kidney-cancer-imaging-by-august-31,2025-08-27T16:00:00Z,DUE_ASOF,FDA_US_REGULATORY_PROCESS,FDA_AND_ISSUER_PRIMARY,,UNRESOLVED,,UNRESOLVED,,,,,,,UNRESOLVED,,,,false,UNRESOLVED,,,,,false,PASS,No deterministic Drugs@FDA product match; non-approval is not inferred.,PASS,1,0xc1f2b6c96319e7b8a45d1c01d94dbb194d522494c70b29f94c465f96929955dc,31133474803023318034433204158301355071457962043890831522038862081957753230567|35596110373041774759339288701973462554879656879356385426451066282963753816748,0,0,,,NO_PRICE_HISTORY_OBSERVED,,UNRESOLVED,PASS,false,false,FAIL,FAIL,FAIL,,FAIL,false,false,,,false,FAIL,false,revelation_state|resolution_state|linked_asset_mapping_state|asset_data_state|safe_cutoff_state
902476,MACRO_STATISTICAL_RELEASE,ac4d9aa2a1a2205ae3911980,What will U.S. inflation be from August to September?,what-will-us-inflation-be-from-august-to-september,2023-10-12T00:00:00Z,DUE_ASOF,UNITED_STATES,UNRESOLVED_US_AGENCY,SPY,PASS,FROZEN_V2_1_STRUCTURAL_ROUTE,UNRESOLVED,,,,,,,UNRESOLVED,,,,false,PASS,2023-07-31,2023-11-16,78,9ec9b329268365d1021cf14e3e5f472725b20be0a98f11a2889b1316fe362c85,false,PASS,Frozen official route UNRESOLVED_US_AGENCY has no exact-series automated resolver in v2.1; no U.S./nearby-series fallback.,PASS,3,0xc6bd99427d2207b6affc1f3e169402dfe1c90a20bbda1c8ae4fdbca0a72c3156|0xc82ae65f9c0c1bfb8948f8b48ad74b6634d8447755529efeb6dc0f8761ddf8f3|0xdc3805772ef9e6f82efef84e1ba6ef21432030ca9e05eac41379e1173a240c73,106943101919954340460463013625909061368887204910619163109147725924726973503421|15917090394540050551873712965191638702579618950116200086376425374003341469496|29858746672136508196684157889515934970389127736554789279465069673403169321396|36362185088781191648207918540968065743658255559912601876008074401943755733739|55352692093895089695635266724276243410644230536926466516617125659950803761699|56865287988692922823715045435951545923743050207081730586648715515028611701208,0,0,,,NO_PRICE_HISTORY_OBSERVED,,UNRESOLVED,PASS,false,false,FAIL,FAIL,FAIL,,FAIL,false,false,,,false,FAIL,false,revelation_state|resolution_state|safe_cutoff_state
106822,MACRO_STATISTICAL_RELEASE,d74012d383fb0fce3227d7b6,How many jobs added in December?,how-many-jobs-added-in-december-853,2026-01-09T00:00:00Z,DUE_ASOF,UNITED_STATES,BLS,SPY,PASS,FROZEN_V2_1_STRUCTURAL_ROUTE,PASS,DATE_CONSERVATIVE,2026-01-09T05:00:00Z,2026-01-09T04:59:59Z,BLS_EMPSIT,https://www.bls.gov/news.release/archives/empsit_01092026.htm,5f62e1e81f1a3d985cbba30549250642b5d0a7a52ee5df07a1b0b6f3e614b25b,PASS,BLS_EMPSIT,https://www.bls.gov/news.release/archives/empsit_01092026.htm,5f62e1e81f1a3d985cbba30549250642b5d0a7a52ee5df07a1b0b6f3e614b25b,false,PASS,2025-10-27,2026-02-13,76,f3f41a33446a3ccc761d62229d6344f4e628f4f548c03f0187771cd0d9879fef,false,PASS,Official BLS archived release matched frozen series route.,PASS,7,0x2480fbf2c0f7b6c6e0c684db223339805cca7f38d06bb9899eed9ebe759e146b|0x8d12a3591fb0c7f27faab760e7e375c58c809b61836c54530493ead4be071538|0x8ecf1bd49f0c4f8491dfbd0b5f6ce46cda8f39fdf110dfe4729e41dd853be618|0x91f1e34ec8961db082652b6c781eca24b9630bac202bf9944fe865f3f7ef7fef|0xa202d147261a12982c68ac56a555fb7904bf5fb3156d8a7a3999cd674fa29bc3|0xd361b2bb5fcb75e0b74ed5d08baee5fdbef2d715af622ef13efa7fb7fbbee3d8|0xdc4183beb5cacb34ccfc3b76b632fdbc5907d33093360152ec67124313c1b53c,100743877984666060157086985262430502163574776609960381658461573230419808913451|103222277048278835266319381371370507207741821612284145298571972171462616519426|11956015215445427114699898962451682285436388119207393643633475167598964988951|18682201598389395120004281429961558399772519673935596347444096147546375368679|40185257769487145152502513629093437538283280756846542270597531665328378256899|48604935617155922232450068742528464855617669175564091403712196233378978416267|48881137002576194636574698304511550207860725043459693497086703065373952977053|5198141570036313822423628820659512263813115435543948877680831560359027736558|56460471552514994488001908720371878920367275784448595519332782853416201661200|61549810385241484578374238736568045407146470650166688969164804111613439726756|67550192344266105746607389261644587702816068614660540240066223884503469830377|70547825224057227243412019993869691655692624113617639698636588206788187095799|82632713191239972273568364557590255560651950685639024373583765208593715373021|92783968580934307094673969912557923909026056007335511638721336104159922636054,0,0,,,NO_PRICE_HISTORY_OBSERVED,,PASS,PASS,false,false,FAIL,FAIL,FAIL,,FAIL,false,false,,,false,FAIL,false,
4050,MACRO_STATISTICAL_RELEASE,9efc190f6343e8c33c84cbec,Will the U.S. inflation be 0.7% or more from January to February 2022?,will-the-us-inflation-be-07-or-more-from-january-to-february-2022,2022-03-10T00:00:00Z,DUE_ASOF,UNITED_STATES,UNRESOLVED_US_AGENCY,SPY,PASS,FROZEN_V2_1_STRUCTURAL_ROUTE,UNRESOLVED,,,,,,,UNRESOLVED,,,,false,PASS,2021-12-27,2022-04-14,77,dad97b5275c609bcd052423817164adb19c556372551328c31b2a5d7e53e61e5,false,PASS,Frozen official route UNRESOLVED_US_AGENCY has no exact-series automated resolver in v2.1; no U.S./nearby-series fallback.,PASS,1,0x902a6eb6481e7706574733d2d701179a45fe89286fda75f334be90957953f6ad,17126589501653337686496314365927980287571119053059533175475077128043913282668|88746687603526991336507783151123288832535892771084340782944077162579740629011,0,0,,,NO_PRICE_HISTORY_OBSERVED,,UNRESOLVED,PASS,false,false,FAIL,FAIL,FAIL,,FAIL,false,false,,,false,FAIL,false,revelation_state|resolution_state|safe_cutoff_state
153683,MACRO_STATISTICAL_RELEASE,43c2d705392c1e15739c28ad,How many jobs added in January?,how-many-jobs-added-in-january-321,2026-02-06T00:00:00Z,DUE_ASOF,UNITED_STATES,BLS,SPY,PASS,FROZEN_V2_1_STRUCTURAL_ROUTE,PASS,DATE_CONSERVATIVE,2026-02-11T05:00:00Z,2026-02-11T04:59:59Z,BLS_EMPSIT,https://www.bls.gov/news.release/archives/empsit_02112026.htm,a2f1d9ce6522cf6cd5e42a86bd63d7232866f2537e1d6d0994db1f43ddfa5d12,PASS,BLS_EMPSIT,https://www.bls.gov/news.release/archives/empsit_02112026.htm,a2f1d9ce6522cf6cd5e42a86bd63d7232866f2537e1d6d0994db1f43ddfa5d12,false,PASS,2025-11-24,2026-03-13,75,c072acf736763d5dd4c2ff4c4f672f3b838a7f47cbc45fd3fffd76168691a0b6,false,PASS,Official BLS archived release matched frozen series route.,PASS,7,0x1e82cb8b2b5b832d87b2bbae96a3e19e956a84c8549ea08ff894a5badd60943b|0x460d8e76b1c671efc9f3d8bb1e9cc995a0667d4833d1a084e5eaacb2a81a26fd|0x70ba5e3be93b05076d870f17eec57b45ab7c89aae44a6c3f37171bee5ae320fa|0x7c1e354aaf214b1bd4ab7e93336aabdf72fe590a7766e334b903fece80435a2d|0x7f95c14386e9f8c1cad42e4db45975d1aea5ed9f735c6473d6985052e2163299|0x8737ab95038183cf356b7bdb4cab57766fc22a4b1461b3058d3171619b882b49|0x9e0ece43385aa234fbd0981e33c2314ba2cc7b255bd7eecbcdb3ee36899f5224,106627692055064702006466811407933905927586412604802549713880438427611221896926|10913855778987229044401159834323063193431516110721277040719413507600177949085|112295585016713047227758766055643570752483157532878303489180292863675480371353|24018025936865687047607119487708119443305388934269130611624169414679405842606|26068494461228572655800545555837506365324935728985966228129092150503518227331|28457597234106956057122129360338952567900970381404840965725685703850283347126|31294383519232504272731353132972985305205588318533224529526320146615429382171|39228096108047728442807537221912004599348738318787464051426179122074571507871|50510163899020039463788503342630807376549815249229193289299618375478610495459|51892263042924676637970417123571545545679376084391464923946935098350642342286|59937401409592963032887603572563039554401960369329386860863695363177568066025|7158939381351018326569434340112059209004366223181427398063724819272211713323|76726112385075999886207275360730354143735552634800943492058402188646520060411|98284609236456440285077723924969606622436775822298650136189080634966708666140,0,0,,,NO_PRICE_HISTORY_OBSERVED,,PASS,PASS,false,false,FAIL,FAIL,FAIL,,FAIL,false,false,,,false,FAIL,false,
206748,MACRO_STATISTICAL_RELEASE,807480302d75eed137591441,UK GDP growth in Q1 2026?,uk-gdp-growth-in-q1-2026-675,2026-05-14T00:00:00Z,DUE_ASOF,UNITED_KINGDOM,ONS,EWU,PASS,FROZEN_V2_1_STRUCTURAL_ROUTE,UNRESOLVED,,,,,,,UNRESOLVED,,,,false,PASS,2026-03-02,2026-06-18,77,436cb4db864f566b70afdaf2b33c68a261eb5836d0abf2b167464258a6ba9003,false,PASS,Frozen official route ONS has no exact-series automated resolver in v2.1; no U.S./nearby-series fallback.,PASS,8,0x1072b3727b9641156bb8fbadcebab13bb84d299aef878f1fe52f566cb464727c|0x268c21459a83dd04bc8e3747ed432ded902edbf80b76c3d3ab5d3fdebf3b70d4|0x372dea607de57f88feb8160c0dee3858daedf29b9085b048782b636f5a91bdd7|0x3cf457970da41390ad9525c05dec7f166b404850beb73cb1097a3ff82b4d7540|0x94a37dd6921047c9027a83d31f03ff84d21c0dd1a6f92d80d620a177fea39011|0x9c8f6bd20629de7d65fdd133016d421941606774b4738218ef71330128f69ba1|0xa265d1d4794f7a1944caf844b381964556dc958f28e2167c82baab14ba0c4f14|0xae2373aa8571c83506ba52e70a163c74cebc5b4f5c00de8a82237ab4af84c601,104344409206839935055369194238062780724696884268090433051425178501087749850972|104701094818020949657898860804438773273560996122102780484458222123793303989138|106665019781319243879443390308551480479192187042285165060779774829476625787762|113981922877931059841779928166346391742190151749078247938045241966919164214704|1177793112500149381124605296289894596325167552413331264717136238998081410053|13235436390867203295413908446516869356507517007799176963827408204559564196686|30521538508542960787315792716356828570396973583415423514445674132810239205798|37387417797438912272265290496435492033154794313399462293654690579909055315771|39521803010818207581093948714676820457023518174688979423306194941326387340123|45032213815515982607880305051247062474840908922446172956550338004504590517354|52689838907820557899422277939544590592700595908888415849367108726569072430282|64020642418484452948238184428374934571801071337657165297794911016212125858717|72146312269775480977499493348031465050429713742335268647967661434075755332121|93826334415591399101803237793894415891177449440430727195285277834860044062863|94383272790560292372494351388243173672862549802019830575642282114680035723305|97264439145048631963727047147696095605272469919678967636597123680401486063194,0,0,,,NO_PRICE_HISTORY_OBSERVED,,UNRESOLVED,PASS,false,false,FAIL,FAIL,FAIL,,FAIL,false,false,,,false,FAIL,false,revelation_state|resolution_state|safe_cutoff_state
834623,MACRO_STATISTICAL_RELEASE,0c15efbc8b837c8f3bb57df9,Will US GDP shrink for a 3rd straight quarter?,will-us-gdp-shrink-for-a-3rd-straight-quarter,2022-10-27T00:00:00Z,DUE_ASOF,UNITED_STATES,BEA,SPY,PASS,FROZEN_V2_1_STRUCTURAL_ROUTE,UNRESOLVED,,,,,,,UNRESOLVED,,,,false,PASS,2022-08-15,2022-12-01,77,84eb8dc08592d82499c42a8c29482f00ff51b5a22472d83f5db7718aacd99784,false,PASS,BEA quarter/year could not be parsed exactly.,PASS,1,0x24760a123cb039342b8144370526fb98ac40c8073b19f0281e000a64c27de3a9,111121518308721043176999753035750409632802694678788409204915587581562213067396|54102202333793550533332911679790803283585384925009611582675775630781333753241,0,0,,,NO_PRICE_HISTORY_OBSERVED,,UNRESOLVED,PASS,false,false,FAIL,FAIL,FAIL,,FAIL,false,false,,,false,FAIL,false,revelation_state|resolution_state|safe_cutoff_state
902237,MACRO_STATISTICAL_RELEASE,911fb7c787406492974a257e,What will U.S. inflation be from June to July?,what-will-us-inflation-be-from-june-to-july,2023-08-10T00:00:00Z,DUE_ASOF,UNITED_STATES,UNRESOLVED_US_AGENCY,SPY,PASS,FROZEN_V2_1_STRUCTURAL_ROUTE,UNRESOLVED,,,,,,,UNRESOLVED,,,,false,PASS,2023-05-30,2023-09-14,75,21b0865a226fd93c49a988022fe764fa1f4de15af59f92e4b6ae9609ef067670,false,PASS,Frozen official route UNRESOLVED_US_AGENCY has no exact-series automated resolver in v2.1; no U.S./nearby-series fallback.,PASS,3,0x607e00630e6a72a6155f1a1d0d3e75d30aa4988114bcb7f2c33505359fb500ad|0x823d1ab14fe0c7cadcf10de0a567796756abeeaa0b4560d0cfd2f90ccd3d995b|0x8d98d59d3e9e352d953c2b06603f56ad9d949c78f4048f24974fc551a240cbb1,20752584663572030162807972342718984616185043390917321072429479320979574792320|257795756857604957043828173973069742040556589552239208095514109839197242844|30530162536041348385096708571594424947708299069171208137759949257888455641077|54672915792106490000581414943877507517256987174490796746807303043240818658380|61363494974795513000110371619635178568245239224566086351181312503303029488658|92930395188735995031135737969689507414468535623156516012421025478719665773873,0,0,,,NO_PRICE_HISTORY_OBSERVED,,UNRESOLVED,PASS,false,false,FAIL,FAIL,FAIL,,FAIL,false,false,,,false,FAIL,false,revelation_state|resolution_state|safe_cutoff_state
902050,MACRO_STATISTICAL_RELEASE,7c5857ac64842b41c307e656,What will U.S. inflation be from May to June 2023?,what-will-us-inflation-be-from-may-to-june-2023,2023-07-12T00:00:00Z,DUE_ASOF,UNITED_STATES,UNRESOLVED_US_AGENCY,SPY,PASS,FROZEN_V2_1_STRUCTURAL_ROUTE,UNRESOLVED,,,,,,,UNRESOLVED,,,,false,PASS,2023-04-28,2023-08-16,76,fb51abcedcd776b66b519af94a43372cde964c19e749c9ae7e33749255d96902,false,PASS,Frozen official route UNRESOLVED_US_AGENCY has no exact-series automated resolver in v2.1; no U.S./nearby-series fallback.,PASS,5,0x0507edda73e28232b719bee542fe49f4439688477a59617ff27998c2a87a57a7|0x18c5d6593518c4ff2d264f767174a85a1e0ef489df9b45003669eeab424e9422|0x76b103d6b472958a57f3a4596d8fea2fcd209ee2b14336c64aaa5af70867da43|0x919dd59506984290c9fc8ecf5d2a87e574f6758e31f33893415d3b6b23d1c35b|0xcb8f8cbf7cfb0a1f1283d39562d86c3d2849332e0939b92df6d6a1f5f2458697,100764758822685382797305082427650252432170590382799414873084236570268896163748|110988557672328674877125601553911652345433060839917086742272008386149653007491|114730692059240124282058718534918815680783638729851612623010852504149066379370|2255060496534748682289002637135355344340384616451968351539292679297130489698|3245409690166048547031447756414011233220346063666126994587142192345211687320|55598661872945571049463607764553340809411144868364065469188145976608522589777|70839031026057362966752002954388071733300138937347818185949003944840684018299|81027834325461275956011649187202768546729995839452766942621848835884187096054|91807265840104692955999265041091983454426340354008241225046984988138506337959|99960682280777707056027865239387376192749178748409842418132644742510316513294,0,0,,,NO_PRICE_HISTORY_OBSERVED,,UNRESOLVED,PASS,false,false,FAIL,FAIL,FAIL,,FAIL,false,false,,,false,FAIL,false,revelation_state|resolution_state|safe_cutoff_state
14389,MACRO_STATISTICAL_RELEASE,05ab38984e95d0d5ad0a5db3,How many jobs added in November?,how-many-jobs-added-in-november,2024-12-06T12:00:00Z,DUE_ASOF,UNITED_STATES,BLS,SPY,PASS,FROZEN_V2_1_STRUCTURAL_ROUTE,PASS,DATE_CONSERVATIVE,2024-12-06T05:00:00Z,2024-12-06T04:59:59Z,BLS_EMPSIT,https://www.bls.gov/news.release/archives/empsit_12062024.htm,7318f6ed97a61ebcd355ee49e9094480298fe225609bf5d474f0dae170b9d6ee,PASS,BLS_EMPSIT,https://www.bls.gov/news.release/archives/empsit_12062024.htm,7318f6ed97a61ebcd355ee49e9094480298fe225609bf5d474f0dae170b9d6ee,false,PASS,2024-09-23,2025-01-10,76,a9b1ce4cd9385e8b93d4d79210d197cdfd37dff98c4aafdf1e5feee1880a37cd,false,PASS,Official BLS archived release matched frozen series route.,PASS,5,0x297fb23d5aa6470c0ac5c6d88601a971674d0e94f928d9c63be45d99f6cc0451|0x624d5fed5c4d89d4375f95c003c6bb9475f549f834ef9f96891a24e069ced66c|0x891b042d408dbd343a9fec03dc398b94acd78fd960388a3fb8ed03d4866c0b3a|0xbe8b5c75249636c14845d11b4640079ca31b5465dacbe505a41b36252f5de6c0|0xf2ea6d9c3745d7b2fd81f7dea7de396ae5704ed861896873f57e65ec48cb2a34,112196169268073653333769431185518800023313839012884441708184015070845952008147|18607779718766276908538172311304345926199307175867637772844704886138893973998|56119447378916991790762831651420759016341799986915904209041989352179026032466|6246283590109071079755830032760344840463865454322089402654839085933803457792|6695097751968754177706904097694526835491007411223379829001907337935105546797|86480541465530275822189100274738794655080412004373553027423154639542184467199|9102307495026732456094368131024897925126878957238454959765529681977932131676|91406037400137675255085430871999210830459399433688016592016398674167564775121|94571757733591895894802746720290218365170100675078842053941726095521130498903|95145228502584204687815534461740996950975398166843193091367632723777077809164,0,0,,,NO_PRICE_HISTORY_OBSERVED,,PASS,PASS,false,false,FAIL,FAIL,FAIL,,FAIL,false,false,,,false,FAIL,false,
901221,MACRO_STATISTICAL_RELEASE,047bfdcb581aa7395797a5e3,What will US inflation be from December 2022 to January 2023?,what-will-us-inflation-be-from-december-2022-to-january-2023,2023-02-14T00:00:00Z,DUE_ASOF,UNITED_STATES,UNRESOLVED_US_AGENCY,SPY,PASS,FROZEN_V2_1_STRUCTURAL_ROUTE,UNRESOLVED,,,,,,,UNRESOLVED,,,,false,PASS,2022-12-01,2023-03-21,75,767ac4966fae7e047e3975c8d3f2a72f44c2b59ad812f232d04e8eaaec6ca0ed,false,PASS,Frozen official route UNRESOLVED_US_AGENCY has no exact-series automated resolver in v2.1; no U.S./nearby-series fallback.,PASS,4,0x4276d9db726fc5cd4e301087130b2d5b788d69eefaab55dd9bdb74028432ba6f|0x62183cd6b474de53be4c710b53703d00969dda05f73fadf8f19d5569be2a0a7c|0xc043d8c9e91791315f50f9925dc8c67230fd7f33cfc8897dc8542663f29d468d|0xc0e4863d7210ca63374ffe3305502d4d21c32a53fa33961c67bcb53d63e1cc79,15707425741879216613559337102526088493322325966370781168672263898166668513282|25951094381952728711245834652470401063076059936267282468795304187467248874749|26277764470810345299003231733401105721055084599268283615195275932247963254036|31071372880059768717734430452508859060100599609849918960770304754836720327|52685397757027277567890111452027989437217081374868612669329614215155091076521|77243597578430332171954681404881348717953624438987000366439421768573846235026|80368669991527076972511430896954203683742063557117012671569245342959645279566|89490644244792538802475544410657374413762042703380950905548250070573965676201,0,0,,,NO_PRICE_HISTORY_OBSERVED,,UNRESOLVED,PASS,false,false,FAIL,FAIL,FAIL,,FAIL,false,false,,,false,FAIL,false,revelation_state|resolution_state|safe_cutoff_state
903431,MACRO_STATISTICAL_RELEASE,12fb3c52aa34702ec0c93379,US inflation >0.1% from Jan to Feb 2024?,us-inflation-0pt1-from-jan-to-feb-2024,2024-02-13T00:00:00Z,DUE_ASOF,UNITED_STATES,UNRESOLVED_US_AGENCY,SPY,PASS,FROZEN_V2_1_STRUCTURAL_ROUTE,UNRESOLVED,,,,,,,UNRESOLVED,,,,false,PASS,2023-11-30,2024-03-19,75,af0686808104dd4ccc584cc3fec025baf1a2445191b1c3d620ca79699fa521d5,false,PASS,Frozen official route UNRESOLVED_US_AGENCY has no exact-series automated resolver in v2.1; no U.S./nearby-series fallback.,PASS,1,0x0ce8366ba35257da411d257ed241032231743cda81034837a158ecc91a98d8f2,100511091058155176599572781647814731324404576364253674447119084272890802705982|8009202532323436921042018303587186797076771628693644001638511061153139041840,0,0,,,NO_PRICE_HISTORY_OBSERVED,,UNRESOLVED,PASS,false,false,FAIL,FAIL,FAIL,,FAIL,false,false,,,false,FAIL,false,revelation_state|resolution_state|safe_cutoff_state
340104,MACRO_STATISTICAL_RELEASE,dcbcc1056ea12643029201aa,How many jobs added in April?,how-many-jobs-added-in-april-296,2026-05-08T00:00:00Z,DUE_ASOF,UNITED_STATES,BLS,SPY,PASS,FROZEN_V2_1_STRUCTURAL_ROUTE,PASS,DATE_CONSERVATIVE,2026-05-08T04:00:00Z,2026-05-08T03:59:59Z,BLS_EMPSIT,https://www.bls.gov/news.release/archives/empsit_05082026.htm,a85e21f739ffa104d94ef1af964c774b34ab6496e46d554f4870bdfe795da277,PASS,BLS_EMPSIT,https://www.bls.gov/news.release/archives/empsit_05082026.htm,a85e21f739ffa104d94ef1af964c774b34ab6496e46d554f4870bdfe795da277,false,PASS,2026-02-23,2026-06-12,78,85d975e4fcf35fd33f1d44a7fefc29cc2bc5e3108c7408f52ce41137a7ce20b9,false,PASS,Official BLS archived release matched frozen series route.,PASS,8,0x2e53bb9335239dfb9f227ca336ea2e512f9c24d543db522dcfe4f57f7b0093b2|0x50fb3bfcc662dbed202901de3aab9f5f171627b2bf93492877a618a3230a47bd|0x73f2be733b93cb9b02ca94ce125cc21a0a8c74f6b1075a18b7855f11dfbef953|0x825d9586af4340cd92d6cad298114ffa8c175d16589efa70e113853540df6c67|0x88d3226158a1627d6d4c40d92740466d3e357a5553cc35967f5afb4684b37eb3|0xc47368cc46824837f6f62a1dbf4721e5bbbac2a795eb6ff304b9338964605d74|0xcd11613db6e53497a08b6592738a8d668365ca19d5156bc0032ccdf0e09efe59|0xfc5e2188fc2e33f3f2a2f00fd98ca8106d33e06977d614f9fa4bf5f0c2d787ac,10095776782751382157867041922640560521092286625836515611263811074699911234379|114984678615674466035269339920011747132407760124532913956689676232118024404349|14008158343116132344218931086951035891524138087268780497289321880531453299160|20337034230895210132225290500398409845677097826887509830696950823344390341588|23200255832379996978000372151085707362581838748484250078265928147694585044981|24271068967505890479587124779791099631551036738576615820323441467711472045793|25661927243640120983203490543057450272069129092062283781735006458595362882921|30486803858519743838125614187916234968374638893932604497651559573885073141675|32958987134576010869596968924347091703557384385032752075178994566490153269049|34168624293293518697679457298742772947618709007368699740824178341394437044767|52958233287929591894889223773473227875487651241911553307485452679124155127251|61215974997761181593192647560153937965755946713783811784062422494469925685233|65422595272421542190232442275364176935110498716576687799743536736152881383509|75802397260699424311395056937451773302316074089623791662489676307272792037620|84905033733653857627636735170243870254348082990213449313046180413857077075616|89307276915938492932344279511622823490101982222572301770848962407345453902424,0,0,,,NO_PRICE_HISTORY_OBSERVED,,PASS,PASS,false,false,FAIL,FAIL,FAIL,,FAIL,false,false,,,false,FAIL,false,
37198,MACRO_STATISTICAL_RELEASE,0653d0bed61171f183eeaa92,August Unemployment Rate,august-unemployment-rate,2025-09-05T00:00:00Z,DUE_ASOF,UNITED_STATES,BLS,SPY,PASS,FROZEN_V2_1_STRUCTURAL_ROUTE,PASS,DATE_CONSERVATIVE,2025-09-05T04:00:00Z,2025-09-05T03:59:59Z,BLS_EMPSIT,https://www.bls.gov/news.release/archives/empsit_09052025.htm,889d3b325c9285cd049ae1af10d1da9eea8d0d503660034767c4b0b33a3d04c2,PASS,BLS_EMPSIT,https://www.bls.gov/news.release/archives/empsit_09052025.htm,889d3b325c9285cd049ae1af10d1da9eea8d0d503660034767c4b0b33a3d04c2,false,PASS,2025-06-23,2025-10-10,78,1cef29b1d25d5c46fb1644670aeea3dd177eeeeea05a39e33e94e874d02bedd0,false,PASS,Official BLS archived release matched frozen series route.,PASS,6,0x6aedb21e3b7ace35c1c279e325309af3dcf5e93d67afd8954f63a39cea319d46|0xa47d5522a14e98422b06053bc153cbb731321e286c12a5a8f75036f6c302e167|0xab0bdc2af557289948c5224cf1b61c9bd8a8f03ac94e99daa488c8516258a814|0xceabc3b7429e811f05d01575b77e84f8eff4046561f04ec6835bed131d3e7335|0xf236e6e0a2a364caf5c46d017c9ea0ae50b603a226d24bf5502955b2b3f5188a|0xf2b8ef9a91b83147461d7ffd387677a64700d16391fc8440404aa10d0ba4221a,112014672286724048153154539375792896251343569018710699905940561604468916276990|112211285654674214277902825682163385247985831176683090521113867670870198978896|20841916208110990534700998951340043352129902220812318823514707704766945103369|36042354926155193479049537246759338091543617230297478364499598626636871534203|38127511645515226435715620598656623815341394200231760268545819904130347987556|3970395845811523254604359143086797191587712957574146997998457206753059646923|42470406873085750829811961984421844749015711478326351496591414363349866979005|46590198209084570945179068521130615310275054681404092767881275017184221276017|47647827874018099712592473098913715934858278457731061310244101578099091535427|74149240228926357522519353077631116131391050188837863849363319803456763498922|80371209047568980280626889319280725348438458658396110777601472939323943212643|96425993863242868316552167752925700169459398570007262005792764440636582338779,0,0,,,NO_PRICE_HISTORY_OBSERVED,,PASS,PASS,false,false,FAIL,FAIL,FAIL,,FAIL,false,false,,,false,FAIL,false,
34561,MACRO_STATISTICAL_RELEASE,868512031ddec229111dffc7,US GDP growth in Q2 2025?,us-gdp-growth-in-q2-2025-945,2025-07-30T00:00:00Z,DUE_ASOF,UNITED_STATES,BEA,SPY,PASS,FROZEN_V2_1_STRUCTURAL_ROUTE,UNRESOLVED,,,,,,,UNRESOLVED,,,,false,PASS,2025-05-16,2025-09-03,75,97b750cafebef348eecd4644481603892e118cf10f4c643c4c324d2e3a80c320,false,PASS,BEA archive did not verify exact quarter/year.,PASS,6,0x101b66cbe17af9094d5607beecedb27c68545adf5f6e0692da3bbb8cf144b3ce|0x512b20a4747757bbafb1882e1a02b8f004dfae5eec0bde6c3570a53b80988e61|0x7037e9d87b1db5903dbd547ab9e4f8f580684c1b93e4940aea1d9ecbb18f5709|0xb7902810ee1c62b7b56afe9d601b51cee687383384a0e5876c74ac5ac1be836c|0xcd25bf1d98f51934e7452f11484a436db2975d91c5f2433787a016dffb804aea|0xd8914135e95660d34c471c6787f8445227f90545f9c6d85be7a283460e3db1d5,100624552648754620049418826289755541912149894801272614372828020954593078594337|101024816141491077070905952640333380094292903446277864256927196312793947468873|111386064606794698175921004079851517952093287105075634757622775121519263914035|114690391891085173285695772050367837837128817991168933123759785979637015518209|12323160224644343010156209413255045144711571803872346572184360948756768739705|18046061168365569593040342947920501571558365046078539496145117060739337636233|19857033189099834795632309513644385748097712023372620166632359036109142354788|32850103257832419185889937642669720963182929528673879477720833755656705390556|33613580722753957457866629961692550772971436322084014562821067269336667527671|38338892172992888623357251210461743745570728599704184431664638950963750620454|40028808445864754739151409239785191664479554682824493143654051860916699706336|54859140880645917740390078234603767630239028077229524505739682112728721771906,0,0,,,NO_PRICE_HISTORY_OBSERVED,,UNRESOLVED,PASS,false,false,FAIL,FAIL,FAIL,,FAIL,false,false,,,false,FAIL,false,revelation_state|resolution_state|safe_cutoff_state
779122,MACRO_STATISTICAL_RELEASE,df3a02a6e0d6a31b624c43df,Eurozone GDP growth in Q3 2026,eurozone-gdp-growth-in-q3-2026,2026-10-30T06:00:00Z,RIGHT_CENSORED_ASOF,EURO_AREA,EUROSTAT,EZU,PASS,FROZEN_V2_1_STRUCTURAL_ROUTE,RIGHT_CENSORED_ASOF,,,,,,,RIGHT_CENSORED_ASOF,,,,false,RIGHT_CENSORED_ASOF,,,,,false,PASS,,PASS,7,0x06cc93321d0dcd37067fa2f8b1525b0c688887758b98982ff6fc6d68eb7331ef|0x3c85841731bc043f009bf16a2c145a948e7706248538d11e2a88223575b37098|0x7a8741e796b721d5867d28881d891ca22c744f905b4d98a11d0987b7a8a6dc3d|0xb5efd40ff4a1418818e1ec6eb1e3ca9fd21cad94d08bb57b0bfdba967156bc0f|0xcb0a236825037fcc301ffb83a763b87c0311d4632695b1b278e44a927bb9eecf|0xd6e8d05a0e479add164c7efa1cf04c6e7afe2b5b6ffa0b9de0e7b558acb9bd66|0xdba3f47d31751ff65c6a1754f50a4eabfe8c49596d21be4d7423d310ee8b63ff,103907544042017983613258798951805514728441528221121879432924435364925521005735|109281578613511271088442709669568214251396018836007015406172561363780136278386|110388245284223995264374917135840626539876591271507846731986297171182953824684|13246225869595020565068908908488331246990802954452975932162994780466478904169|19079362094943719830389751795091352769212019563381679005580536172846303010653|3926323480190326363924551640813394674535917155572522054201274988461276204349|52598419609384495405630587345628324117653687815615460010110992777954740433075|55221675814564500920295259822221319489976622937690553551966430167704403296668|74112110950792053025175761838365890864154445445042779985813739965962669931593|77081363433904324956830256821983806802826717489659253125210649354812574845683|79983639388642506790745082294728500002647228607379837398043645960974226659863|82966768750800444296063543282237277238258654839433429193844046702736947933562|84186070434376545446543977008159179944073456102093823475332630998369893724825|84395884002290001727743143843756310970216125417947929156366624326040274511088,14,0,2026-08-01T00:00:10Z,2026-08-12T20:18:10Z,PASS_HISTORY_OBSERVED,,RIGHT_CENSORED_ASOF,RIGHT_CENSORED_ASOF,false,false,RIGHT_CENSORED_ASOF,RIGHT_CENSORED_ASOF,RIGHT_CENSORED_ASOF,,RIGHT_CENSORED_ASOF,,,,,,RIGHT_CENSORED_ASOF,false,
462457,MACRO_STATISTICAL_RELEASE,ab9f8f4cafd0e3a3a4020285,How many jobs added in May?,how-many-jobs-added-in-may-945,2026-06-05T00:00:00Z,DUE_ASOF,UNITED_STATES,BLS,SPY,PASS,FROZEN_V2_1_STRUCTURAL_ROUTE,PASS,DATE_CONSERVATIVE,2026-06-05T04:00:00Z,2026-06-05T03:59:59Z,BLS_EMPSIT,https://www.bls.gov/news.release/archives/empsit_06052026.htm,5fe2f97c20a22b0e57cf42899f3c928c0d3ca85f04253f38fd6b7f1399a0b842,PASS,BLS_EMPSIT,https://www.bls.gov/news.release/archives/empsit_06052026.htm,5fe2f97c20a22b0e57cf42899f3c928c0d3ca85f04253f38fd6b7f1399a0b842,false,PASS,2026-03-23,2026-07-10,76,05881fd0cdc866d45b16fc62c6cb673c8739f6ceddea7318b07e3523e5dbe184,false,PASS,Official BLS archived release matched frozen series route.,PASS,6,0x4008ffaaf58ed4302a9695400f2b4cb089fcbfcac261b0e14bd570116a44fee6|0x43d3318edbc2c6bd4a23aeec4630740c74133d8fd7a19f59ec5e219cd12a31e1|0x5ab29b036f27ec7a9c5d07c8e37bcac81baa15a7c8ad3ff03c60ce63a4e319a3|0x5e1c7633cc32c3ed572e97c35da2aad55c60c55eb7f321c16bffa96b12b4d9aa|0x8c7c82c8768a5854e34227bb0352d8445c405c682559cb958c1b22fe2675fb9e|0xd45b76f8999521d030751dd90e418fb2209cb7fe16ef12096de1d4af42931f8b,107553041625869185311630891437379788755195579835155461781238390404862287353864|16503822414964112138306130816366425187820371348218020020073701282416537996343|19554727994050067376081240120096081077738517794829260314218598764466314625428|32027344457901883264886813721974537416018730500968557461794690165396426635995|43629914937554187093543246677521767120933374680046879175807285972584287502472|45502635990339550712825089178783672398214550567802406570459110238618699698662|50561700287032029452537530340821773836241321086844998711801259691355254139966|59337764768792004399313100861807478250320427620396981068965655618973669787141|70960975324234854232329920464259553921039816251046795667807138801691897253274|88570554758908239347261055428351983541473825197433377078408943068213614089990|9918449233451517882266538064623872500618645496072523238349704133406152472678|99533447635234933743668251377435089901790003401488096162156345617376210040300,0,0,,,NO_PRICE_HISTORY_OBSERVED,,PASS,PASS,false,false,FAIL,FAIL,FAIL,,FAIL,false,false,,,false,FAIL,false,
838711,MACRO_STATISTICAL_RELEASE,f4e9522915a1df07aeaf9c90,Core CPI MoM - August 2026,core-cpi-mom-august-2026-1786474662954,2026-09-11T03:59:00Z,RIGHT_CENSORED_ASOF,UNITED_STATES,BLS,SPY,PASS,FROZEN_V2_1_STRUCTURAL_ROUTE,RIGHT_CENSORED_ASOF,,,,,,,RIGHT_CENSORED_ASOF,,,,false,RIGHT_CENSORED_ASOF,,,,,false,PASS,,PASS,7,0x6572ba014dcdfa5086500da04351418ecd4ee07d089b25a5fb7754815a1244c6|0x6b0ec39c75af8182b65af299dba197c1d936ef37f70849bb3d5f5d749e192131|0x8933f3414e99d25217527948be25b892674d3b79f9d3269bb943c10c8c55853e|0xaf1b35ad71316dcb6aebed87c2a0fd4620679a3e51f77bd1883b159500c9f485|0xb6c569dd8d4516f6532ad3db7d6bde314539885fef48b8ffb3bfdb6ec5adcbc4|0xd376c91852ee89f3f4e7c6d54dece0f80d7d24f586e8a72970397607deab14f5|0xeba03a8de7e15f8e9fcad824b2539755414190ef5bff3dff9c2b2aaafa4750be,111940764407448803642695081267364683017276415616084103706166517737209128893370|115112166241515406399183069188768994391036635530762284852088083541510296922836|19052944579885509116540447016730116542234128364742692486196786292819483389408|26067011476062613336477940340374060805802564819963907701481322618233653079787|37396985719293347182851194366273123704303184868483125291159890614381081538358|60444235201300680061063620779736252373747397113576534578678674494773678186049|62389524085487534523899712332044572176886590958623969587529644299844470210078|64125685195625812857331771400239779419570027869774123186022968171422938146630|64368830477432477582522534288767253727710406730994687443511307805252003060742|80390531719359578436926684519523487932456428332077461307876091282003871425447|91461532291572253946009384392751200683062058791066474804385730001226019043854|93798372155573515860687572462441092158878522833955478593646949117842940043448|94845965611974215936878491977753293595100306803782909168044786416574901031933|95589972135157814902008409239267819317793379759534573660252820281349898101494,14,0,2026-08-12T14:40:10Z,2026-08-12T20:18:09Z,PASS_HISTORY_OBSERVED,,RIGHT_CENSORED_ASOF,RIGHT_CENSORED_ASOF,false,false,RIGHT_CENSORED_ASOF,RIGHT_CENSORED_ASOF,RIGHT_CENSORED_ASOF,,RIGHT_CENSORED_ASOF,,,,,,RIGHT_CENSORED_ASOF,false,
106812,MACRO_STATISTICAL_RELEASE,2fcbeccc8c7b24a561e41815,December Unemployment Rate,december-unemployment-rate-938,2026-01-09T00:00:00Z,DUE_ASOF,UNITED_STATES,BLS,SPY,PASS,FROZEN_V2_1_STRUCTURAL_ROUTE,PASS,DATE_CONSERVATIVE,2026-01-09T05:00:00Z,2026-01-09T04:59:59Z,BLS_EMPSIT,https://www.bls.gov/news.release/archives/empsit_01092026.htm,5f62e1e81f1a3d985cbba30549250642b5d0a7a52ee5df07a1b0b6f3e614b25b,PASS,BLS_EMPSIT,https://www.bls.gov/news.release/archives/empsit_01092026.htm,5f62e1e81f1a3d985cbba30549250642b5d0a7a52ee5df07a1b0b6f3e614b25b,false,PASS,2025-10-27,2026-02-13,76,f3f41a33446a3ccc761d62229d6344f4e628f4f548c03f0187771cd0d9879fef,false,PASS,Official BLS archived release matched frozen series route.,PASS,6,0x113339c092550e3bd7c6b9df47a6ccd969f9113af2e42cf25c989af4234a7a5c|0x15fe8115de198d20521167267f5d367fed1c68b11702f2829530e3d737f431a3|0x62069242d8bddac58737050eb6e48a968a994fa48a8964cd9f1d2b2e4b6e5174|0x7455bf3c2bc4a8068a000ad288720be5c6130aa1702dc56044bde39f7c917697|0x7e07183039f7740a7022bf41f99ddd3ffc7fa2433509c0dd27e2b02fe70873c2|0xe8a62d3152a2c85438b3b5a53b35039523b52faba948be90c8ffcdd8713b7612,104590948856728961391160367526551918802129914997528356285099349552057103244686|114587114726100449657692431509514211288433554049428330323265542056383679577426|13036334135533540102042164914570131967260183606261244090642485035967486004740|16506236831848760458241775248569850652283527161660816538782668018455793244621|49506942957954517135432011538295564607434611912053137553247731571579337776879|65265364007624744192488363357174375554776507840995086517456092728045216260998|65972751613175590216273277818220220202412544058824110563453555480451901654272|67420433188934518523059270984451020027927213680477253564977687476112869041767|74403359616188920794715996311540861334157361982186735185367988386706323666764|87842889258311980117243550014276270307681130500595594194097562176117448292557|92261201646862806474565973132659121153421735641666863610092318874194483389945|99430310563088996829328446961225859800296822740261045242318171766332931916584,0,0,,,NO_PRICE_HISTORY_OBSERVED,,PASS,PASS,false,false,FAIL,FAIL,FAIL,,FAIL,false,false,,,false,FAIL,false,
16695,MACRO_STATISTICAL_RELEASE,539546127f2ee1cf358ae04a,How many jobs added in January?,how-many-jobs-added-in-january,2025-02-07T12:00:00Z,DUE_ASOF,UNITED_STATES,BLS,SPY,PASS,FROZEN_V2_1_STRUCTURAL_ROUTE,PASS,DATE_CONSERVATIVE,2025-02-07T05:00:00Z,2025-02-07T04:59:59Z,BLS_EMPSIT,https://www.bls.gov/news.release/archives/empsit_02072025.htm,f3040b71376b824f6c212d6ccf6c93b5a24b19be5fb9e4c79bfbb280f8537d63,PASS,BLS_EMPSIT,https://www.bls.gov/news.release/archives/empsit_02072025.htm,f3040b71376b824f6c212d6ccf6c93b5a24b19be5fb9e4c79bfbb280f8537d63,false,PASS,2024-11-25,2025-03-14,74,ca297fc3b2c8be044d6ae9815170e95a41fb427f588729f34be06109348948eb,false,PASS,Official BLS archived release matched frozen series route.,PASS,6,0x38b3f83975b123fd50d1de3cb58e32bc48bf35a5766d4dded790d8c25f1226e8|0x9f0873afae4e7331de04c4580da82c7cade4ff77ff7d738e4183775d26866fa1|0xc1d49ff81efa1809ad9d7d107581dcd2d91eab63fb5ddc055015ee3dc48fa650|0xc41d3005202e546f1547a257677413f9a609489076b3a2dd114dfbfa23f7767b|0xc4e4d40bbc8c51ac6cb1c067d0d71c9a40fee9d073dbb19dd717bfa449019fda|0xd037513ed85dcfd6e838e7ff25561e2be09570a9575ed6dc307281bac53874de,101508301557348853566277643362701434115488938144710310937478472255308075806983|107529579240870025815161242935994367698156454215591261610907669375448972505763|18737644010464651271767352305606335350540902090868670202505767227303614835169|19607272679305276840771811742894150981729520598975515110609157912402496270275|30116337549682687695717357157563817553019558503295487892589111519922125414778|37282463733489803726725185923776346256910005027992223349478684499498938250082|48232276655217154391724926529467023991240274853674308694808786040508579897213|48729912203360972354453146779852101362057040823623184007541787739614015875639|55491446746087529890151878003778889057356068115770523614659959703159395175660|61691676203962976637878676991042117779194164642096553869664925021761891608860|67760592554959645694777680686385817209047976118561067088039971578632992099989|926070573492071242287562181387390870767184628878907846719152268735910249840,0,0,,,NO_PRICE_HISTORY_OBSERVED,,PASS,PASS,false,false,FAIL,FAIL,FAIL,,FAIL,false,false,,,false,FAIL,false,
197933,MACRO_STATISTICAL_RELEASE,f594e8e25a8a9ff779786e84,Brazil GDP Growth in Q4 2025?,brazil-gdp-growth-in-q4-2025,2026-03-03T00:00:00Z,DUE_ASOF,BRAZIL,IBGE,EWZ,PASS,FROZEN_V2_1_STRUCTURAL_ROUTE,UNRESOLVED,,,,,,,UNRESOLVED,,,,false,PASS,2025-12-18,2026-04-07,74,5c21425bdba33e2eb419109d27125e10d6ca714d4fa4a36fcbf0edf1666c85bd,false,PASS,Frozen official route IBGE has no exact-series automated resolver in v2.1; no U.S./nearby-series fallback.,PASS,7,0x3fb01390e0b5779d04893239d788aa0883ee0a36b09fe6eb3d79a563009a44b7|0x87d024cb7eae48d44d085139cc27c60cd78ef97cc2b5a151f4d9960caa254654|0x8d929fbe9f27eb1fec6cc7a83061587268c1c1b83cdafe49a78f0718cea08a17|0x9f3a675b8db0a934f51152eaacf4c8157598e736a8b3ac92441387bfc76acae4|0xb706b6b444e5a9f10b2ae1ef7d00370d00826c51723a1fc969ddd4d834f3a8c6|0xe9eaf47f9618a3be7481f160372555f95340c0b78aa388803f1d38c7a3e0a96a|0xfd5888ce010a9f93bef4bd848df5c322211cafac7eb653e2f348b05fc35f4cb3,105355097333320552132845422106580658890373885915506167252147889096789719741604|114707579665283263166144814886077567151632688653031426561696491923000138850426|29172909780232522351921693236771298157292735701109726989770555677241139254960|32234429370997153410374522978433296791674665836181479493293511679275814156704|35964962054020489647409224598329178867003235003597854817272304369705998249228|44322861424865276763070691647525236923833076286792999107941777057094691576799|67326554923959271195826063027135628586817883113232635459607624255039653895438|71763026013125683121610803268072950017532366131647739618175279704391050966760|83698831692197084220590322540075123901916371642743566623305348056272210255277|84668250020558939688564737312305216506392958612103303316408996489245285500149|86402282587326392224644451748135653193264785744304986759262765580559372433110|96929900570305336740894596484406411967091220087517210106775187869151022242777|98687009149627850121003543838138663977725521194444769885316445281026676744933|99623752744070743768921912949172748744913591731541611704568886593423135516861,0,0,,,NO_PRICE_HISTORY_OBSERVED,,UNRESOLVED,PASS,false,false,FAIL,FAIL,FAIL,,FAIL,false,false,,,false,FAIL,false,revelation_state|resolution_state|safe_cutoff_state
410741,MACRO_STATISTICAL_RELEASE,740e429640f57007505af897,South Korea GDP growth (YoY) in Q2 2026?,south-korea-gdp-growth-yoy-in-q2-2026,2026-07-23T00:00:00Z,DUE_ASOF,SOUTH_KOREA,KOREA_OFFICIAL_SERIES_ROUTER,EWY,PASS,FROZEN_V2_1_STRUCTURAL_ROUTE,UNRESOLVED,,,,,,,UNRESOLVED,,,,false,PASS,2026-05-11,2026-08-12,65,7884ebf91948604c41011137be3a22fdb9d4258a6ed400783ce26726f10f4903,false,PASS,Frozen official route KOREA_OFFICIAL_SERIES_ROUTER has no exact-series automated resolver in v2.1; no U.S./nearby-series fallback.,PASS,8,0x788a06fb0e443cecb6e6187336f18203f864a80b87e349b9152c755f945e1ae0|0x93970fd772d2716fc4a0115d5ad0c9479d8cf86fee0625a65d226a89fd79f79e|0x9b1fcab34a900d498a84e7691d8fb1dbb83ba74eb00cc3b27fe669f32ebd6d53|0x9b573e0a302903bb286a1f7868005011b6894f83e6fba4ed6c380c88ec3e03e2|0xa447c8b4931f8736018a9adb0f4ee26d1fcfefa1d442c8eca6c8b15a39c8b78a|0xa656297ec6f9a3fca7e5164e0247bace3e641afc415d4a64ffb4f6e11bc72939|0xbb58b9ede928127eed02d2aee3d493bee565565553c2c2124a37cb406e28551f|0xcc76f09c637c421ac812bfa7df0aa0c83dda264aece5fa90f67e74580a9b6e69,105482179888524781678735073649152867084288101894190267751901876470547633738177|115653842662968002633621503286278069660799000426593249817142404934313043396896|15386586051683809369549194635090337346478749054481162684029504550650920488946|16327354807871431459707317390542112177619988769858334575169996212920219353855|19364677666320002011542184060075627714863146632549321850541055198020426616536|25388924474094015975894994527439246885764812571013592890524046242595516522395|30836711126988675373193845307051379136255424889043781803453831127905990404378|38083602582475218078348515396816595161402260664261600802927227639678515005278|48100765215316025015534080813462046216258494681206632561299434303965782491730|53721844386432304122462370494380313181775754551282280197161293441923113965379|53946375308093356254830660976251317256035067077095017626090171060699737658776|69214631803086305926670521430923758287425084463702215494527710189172199525652|75190341804200471791939738194754637038145220691475739906580776856408689851804|76088529494259515553728994608185763153345047703621109643113970905600598620200|80460873417295753570807680371506298678422556872650323266070570557914786519095|86481398951344988535588665230323443424764446702994678746124943860511246211571,16,0,2026-07-12T20:20:03Z,2026-07-23T01:00:22Z,PASS_HISTORY_OBSERVED,,UNRESOLVED,PASS,false,false,UNRESOLVED,UNRESOLVED,UNRESOLVED,,UNRESOLVED,,,,,,UNRESOLVED,false,pm_pre_cutoff_state|pm_24h_state|history_state|f2_state|revelation_state|resolution_state|safe_cutoff_state
11872,MACRO_STATISTICAL_RELEASE,65474fd436d5c436a420696f,US GDP declines in Q3 2024?,us-gdp-declines-in-q3-2024,2024-10-30T12:00:00Z,DUE_ASOF,UNITED_STATES,BEA,SPY,PASS,FROZEN_V2_1_STRUCTURAL_ROUTE,UNRESOLVED,,,,,,,UNRESOLVED,,,,false,PASS,2024-08-16,2024-12-04,77,045aca11ae457e528706efaa3319388947a111c10fe724097d560c882bad6ff2,false,PASS,BEA archive did not verify exact quarter/year.,PASS,1,0x6d32c5bce4996f995dd0c9930889e898fb0442395e0a6b4fc3ffce06a331327b,110348697215540010039693273824035096192233640339530087928423885422374852604001|5553044379992559064697535754449003581185748433485167868495336964381308251097,0,0,,,NO_PRICE_HISTORY_OBSERVED,,UNRESOLVED,PASS,false,false,FAIL,FAIL,FAIL,,FAIL,false,false,,,false,FAIL,false,revelation_state|resolution_state|safe_cutoff_state
606454,MACRO_STATISTICAL_RELEASE,1f7a653cce306cd61476605d,Japan Core-Core CPI YoY in 2026,japan-core-core-cpi-yoy-in-2026-20260617223728725,2027-02-12T23:59:00Z,RIGHT_CENSORED_ASOF,JAPAN,JAPAN_OFFICIAL_SERIES_ROUTER,EWJ,PASS,FROZEN_V2_1_STRUCTURAL_ROUTE,RIGHT_CENSORED_ASOF,,,,,,,RIGHT_CENSORED_ASOF,,,,false,RIGHT_CENSORED_ASOF,,,,,false,PASS,,PASS,6,0x0361403fefb0b93b5fcc79c7cb49175ce4ae5953843066787d108f0fa53f28d3|0x04828c5044a6d0b10428f1f609e876d0bbadfc7bdaca55617345a552c4dccc24|0x56762dc6e545081479f969d0c908897d991e099e1f948c74def4a7e3a4178d0a|0x69d5fb37f38b2d9f969303600da23d8fec0d86ff6278a5cb877e52a5756ed3dd|0x9013401c7b896520f5f6b4c3dd698ccb94cce6a5d53f44c6764ad192c7d12387|0xa417877756e22b934c614d30fa46dacab758e9730e13115776f5a6cf2e9bb12d,106749236580191795633750462168959811521238461621625554215415104257769812158747|18949134083771565737466568215752761065284359058618882659703181114282837571962|28698203938486416294785831639726258965920486700922939485661929844266929000917|33729102593043945703791642876621003937447326508342001082309979802700334422336|44805159783705484040787895399992803024213391628774310538218728131137888369172|48262837234526578870118449569994371964133707109353923992963934185136823470779|5657642747069761493586949750467393908212876474101055347427364079991406665479|69444567412357855868275164626411257215808121977218237412194606394027886997940|7128213300086274563197376459531037412081696716712723324623056358081448209138|74856821121942753598264315012147380185422072137540818961736454719924350910211|86675651833818051591092393681596654799900435617530590590333425502487808716239|94094507175563599647276002811889203937598194656290140693355331463369243414033,12,0,2026-07-12T20:20:03Z,2026-08-12T20:18:10Z,PASS_HISTORY_OBSERVED,,RIGHT_CENSORED_ASOF,RIGHT_CENSORED_ASOF,false,false,RIGHT_CENSORED_ASOF,RIGHT_CENSORED_ASOF,RIGHT_CENSORED_ASOF,,RIGHT_CENSORED_ASOF,,,,,,RIGHT_CENSORED_ASOF,false,
660463,MACRO_STATISTICAL_RELEASE,6c78a719f913724f24f2a331,How many jobs added in July?,how-many-jobs-added-in-july-20260702221813246,2026-08-07T03:59:00Z,DUE_ASOF,UNITED_STATES,BLS,SPY,PASS,FROZEN_V2_1_STRUCTURAL_ROUTE,PASS,DATE_CONSERVATIVE,2026-08-07T04:00:00Z,2026-08-07T03:59:59Z,BLS_EMPSIT,https://www.bls.gov/news.release/archives/empsit_08072026.htm,0ba06c27d3a7fc493bbbdb1cdc33b3f88d415bbbbcb974aa1839b04f32d08c0c,PASS,BLS_EMPSIT,https://www.bls.gov/news.release/archives/empsit_08072026.htm,0ba06c27d3a7fc493bbbdb1cdc33b3f88d415bbbbcb974aa1839b04f32d08c0c,false,PASS,2026-05-26,2026-08-12,55,d99fc6c21f5e4982b89c686ce7aa99272e56a0f97a4d88d63dfebd061d712682,false,PASS,Official BLS archived release matched frozen series route.,PASS,6,0x1599f50bef7836f26781cfb9e49ac4553b4ee6efb746cccf8d9493809fefcc6b|0x160c9d34b0870428163235402d1f55531de7b86c1d6ab8b1c8836c10c3f9a7f4|0xa8c9a38793f3a8a503a5c604aa62ec9c2fb3ca81058a7e0108586526f0c2858d|0xb3284ff2fc65da5ad8020b0c1dd0190b0a66052b2df35f73ca057b200c71a012|0xbfba6ff38ee810718c31a142cae60f50229132565c1f8023bf88425740b096c5|0xc0a7f60bb7ff6ca82b82c9a212499776a3d68ae6aed674d6270bbcd9c104b2e4,18370969481551829534394302927582299672836540010387476781381309165790549662695|20610078373408291808050242993695747067874086548641769107520429478617647651780|34183052696078260679110632799429870328217838580533175919496783984329926094943|40382811883182125289374720933283323907750211418675395381804895217744426669051|46702866355547040000180645742694230767851284751615136852864703327632239719404|58820211092395022456774344932941343638162828859467385166916130942040690467307|59898209812948256223109634991314463594461883272542458868995701508695443954229|70595547378729076298416251203823917031802371737131010950177721832574669744578|75037916490307714410953264467606491881159654009442280750889998745740485474123|87586672355677793076171254835595026454806668845435847986494680059918891190835|8857630210151547602883598542648602291733484796529987640356019596260094075384|98904566879600417266572767993401868568261147996844662494788743038313111679881,12,0,2026-07-12T20:20:03Z,2026-08-07T15:00:14Z,PASS_HISTORY_OBSERVED,,PASS,PASS,false,false,PASS,PASS,PASS,607.665556,PASS,true,true,2026-07-12T20:20:03Z,2026-07-12T20:20:03Z,true,PASS,true,
670689,MACRO_STATISTICAL_RELEASE,a8fc53f29da177edd32a6446,Core CPI MoM - July 2026,core-cpi-mom-july-2026-20260705181328287,2026-08-12T03:59:00Z,DUE_ASOF,UNITED_STATES,BLS,SPY,PASS,FROZEN_V2_1_STRUCTURAL_ROUTE,PASS,MINUTE,2026-08-12T12:30:00Z,2026-08-12T12:29:59Z,BLS_CPI,https://www.bls.gov/news.release/archives/cpi_08122026.htm,2ccdac91250738a0f7c92a3684bc5b66f76857acb95492bfa25998e86a4c1c67,PASS,BLS_CPI,https://www.bls.gov/news.release/archives/cpi_08122026.htm,2ccdac91250738a0f7c92a3684bc5b66f76857acb95492bfa25998e86a4c1c67,false,PASS,2026-05-29,2026-08-12,52,6aba76d6040fdb5f908ad34e55b135c3ebbee6885c1e3260ebcf0a7e19286afd,false,PASS,Official BLS archived release matched frozen series route.,PASS,7,0x214895321b0081616c50ff0b5669103adb213ac0f1b4690c74f21a3e1f384b2f|0x2f63bb68f40eee0d7032180ce6b72be92bad9340ba58f243c0ab8de9a0a5b87c|0x93f7fd567b5bc4f362127427477e02c6d764e2690f176e03a1303f41419880f1|0x997c746e78e1f2b4991af0f46dbd1938da6db74b4c36a53c9f413d65407a2ec8|0xab285be97251f406a40fd3998108c458e00a639d9c7a42622d1fbf433acc17ae|0xb07b92ca1121ebe093f69404fff30fc3a8496038e21e7a731f93c32308f752d1|0xd46a37b0de386fb56b804ab8ff86d0cb287228556ccc1a985875926ef59441bc,100885617160528577670374654136493360298694129888545243273982265575979594706762|105279985896158957107119235063502616170779053174886808434107764548433242487867|106500097041128914027487980010688738438832578146266838955665890776993812728823|27668065376537357886723447653322060216778168634437890994930349838247726122336|27879991334214890745872459713376064360183827872562481614945040649606915773223|3194161195278161050869766826457867003529601228968323919397923177576519073662|43561498563412926167616823670559757804261986410692808805248566976589911470662|62942155316539213053404612465837267697159648255650250733762332730648617343909|64739159393267398560153083445474408815367846013056812597776065202827887790693|68032679976233295017582764383060756427699615823380713194258692084585155772945|71840585539461332554861968066909846902356504486637609819596578250969137278077|744960854695969097755924514824864430774247576188909710432021755106697243590|85728131628485235337672089683612957692021838283175533038402175999053153415703|91350817584989028184885188129241540460827844518822525213339696271652006311679,14,0,2026-07-12T20:20:03Z,2026-08-12T15:10:14Z,PASS_HISTORY_OBSERVED,,PASS,PASS,false,false,PASS,PASS,PASS,736.165556,PASS,true,true,2026-07-12T20:20:03Z,2026-07-12T20:20:03Z,true,PASS,true,
903758,MACRO_STATISTICAL_RELEASE,435f3b879655fa579dfd830d,How many Jobs added in March?,how-many-jobs-added-in-march,2024-04-05T00:00:00Z,DUE_ASOF,UNITED_STATES,BLS,SPY,PASS,FROZEN_V2_1_STRUCTURAL_ROUTE,PASS,DATE_CONSERVATIVE,2024-04-05T04:00:00Z,2024-04-05T03:59:59Z,BLS_EMPSIT,https://www.bls.gov/news.release/archives/empsit_04052024.htm,ff85602d391e16412ed4b540c4f02efef92dc5a92314acd809b718f6fd21e33e,PASS,BLS_EMPSIT,https://www.bls.gov/news.release/archives/empsit_04052024.htm,ff85602d391e16412ed4b540c4f02efef92dc5a92314acd809b718f6fd21e33e,false,PASS,2024-01-22,2024-05-10,78,26393edd4829905db4f5d867400ff5a4fc27030307f70144603a9a2e78869f33,false,PASS,Official BLS archived release matched frozen series route.,PASS,3,0x372ffc7134e149b8c5a29d93130937cb1eb1e2cb0b64cdd9134879f5c4f8a00f|0x8157f1b7ceb1ac9e097e75c3e7762df35da8df0ab137bf1480dca2d34eb91f5d|0x917823537958b87e1a83b872dbda16e924dbba45da62dfb453ad3d0ebefd935d,100146032218139989335883322953009693088397556556237538629508141941035039152931|20405033976284028325169927068900112380900574955310517009575175795862188562599|4258943158930704630340893598985604088975284892041439443675773346038948183562|47540629283530408198513462744611763519570216674066417131754806233647534416053|52150253611896426158158118616405355033332837168641894265706971626654307895844|9152442426894500746332519804751298844435768068409187794788913777624543653985,0,0,,,NO_PRICE_HISTORY_OBSERVED,,PASS,PASS,false,false,FAIL,FAIL,FAIL,,FAIL,false,false,,,false,FAIL,false,
30614,MACRO_STATISTICAL_RELEASE,056176cf3edde25d0bda1a44,June jobs report prints negative?,june-jobs-report-prints-negative,2025-07-03T00:00:00Z,DUE_ASOF,UNITED_STATES,BLS,SPY,PASS,FROZEN_V2_1_STRUCTURAL_ROUTE,PASS,DATE_CONSERVATIVE,2025-07-03T04:00:00Z,2025-07-03T03:59:59Z,BLS_EMPSIT,https://www.bls.gov/news.release/archives/empsit_07032025.htm,d056cd003cfc768f4a5250e2084ecc8738f44b8dc88ac9c0963b724af42939ab,PASS,BLS_EMPSIT,https://www.bls.gov/news.release/archives/empsit_07032025.htm,d056cd003cfc768f4a5250e2084ecc8738f44b8dc88ac9c0963b724af42939ab,false,PASS,2025-04-21,2025-08-07,76,f343851c2469d5007d9d4205d5a013d9076a78c6eee393536de235de4cf91797,false,PASS,Official BLS archived release matched frozen series route.,PASS,1,0x21bf5bccf716ce2ee31504edc8c747a7207cdd96df1ed505befdfd88d3894862,14501643830770006687250226768276077876043238133976461559593521153344331989418|6211854597908569296142101449691097456724155161414726259968121653147001645943,0,0,,,NO_PRICE_HISTORY_OBSERVED,,PASS,PASS,false,false,FAIL,FAIL,FAIL,,FAIL,false,false,,,false,FAIL,false,
26238,MACRO_STATISTICAL_RELEASE,1edb17a8defbc0995a6728b1,June Unemployment Rate,june-unemployment-rate,2025-07-03T00:00:00Z,DUE_ASOF,UNITED_STATES,BLS,SPY,PASS,FROZEN_V2_1_STRUCTURAL_ROUTE,PASS,DATE_CONSERVATIVE,2025-07-03T04:00:00Z,2025-07-03T03:59:59Z,BLS_EMPSIT,https://www.bls.gov/news.release/archives/empsit_07032025.htm,d056cd003cfc768f4a5250e2084ecc8738f44b8dc88ac9c0963b724af42939ab,PASS,BLS_EMPSIT,https://www.bls.gov/news.release/archives/empsit_07032025.htm,d056cd003cfc768f4a5250e2084ecc8738f44b8dc88ac9c0963b724af42939ab,false,PASS,2025-04-21,2025-08-07,76,f343851c2469d5007d9d4205d5a013d9076a78c6eee393536de235de4cf91797,false,PASS,Official BLS archived release matched frozen series route.,PASS,6,0x172e6abc5df10035a6416080d6d5a5c87c07d0ec299d1d82756aa71b59407f22|0x2484da0aab8e0047c584bd69e48f5bc4c93347502fa673b4651b3e66c1dce90c|0x813917fd5678498d2c73106d5c625b8f13fea87d675699a5de65ab7c2accfa2c|0x8ed980ae5b48da84e49c09cf67b6ecff32b36f7fc0f88651127edfd438962d2f|0xbb6335121fea76e1fcfba4f6caa68d447b399615dcea01901d4bca9a27cb6ecd|0xe076775db611f7251355b36a64512233c8c756ce3a22ef8cc2ecda4be6fa4c8f,11672386044606036420482978055542380567855806518219319060394009272335460475138|14557016133055853540111878702165002008529312409977691628990212987947117382885|25732153750562872417156863409244519779036881916333597029393004240504262882816|26220657885281148577843561128606465241115919435815413368294923163110631343725|32902009014928106363277025031983293476959256702552951252843457954994708567112|35609857246959914815347087363679960623634351445737886731488908132253660676383|39335023606638616792313493675589222747796112198981138604676504102162540616080|39444579603307681859057142717473572742873587553731521565579306277816774968595|52015218547663606349110702314685815257044178336617862163448752245465864898202|55299721040064633174823099955837975375371746411882101038529343690117082243858|6016475070884436371204208214688675967191240449834708664740995655922216107616|79676252967598767005301378536640860384459049009251933818287611747944992559240,0,0,,,NO_PRICE_HISTORY_OBSERVED,,PASS,PASS,false,false,FAIL,FAIL,FAIL,,FAIL,false,false,,,false,FAIL,false,
524568,MACRO_STATISTICAL_RELEASE,18e3a6ea87b6a4e613af12f9,Core CPI (ex food and energy) MoM - May 2026,core-cpi-ex-food-and-energy-mom-may,2026-06-10T06:30:00Z,DUE_ASOF,UNITED_STATES,BLS,SPY,PASS,FROZEN_V2_1_STRUCTURAL_ROUTE,PASS,MINUTE,2026-06-10T12:30:00Z,2026-06-10T12:29:59Z,BLS_CPI,https://www.bls.gov/news.release/archives/cpi_06102026.htm,739be8ea007e7a8c2f362711e115454857b5b1c3dba893fbbdc065dcd5dd05bd,PASS,BLS_CPI,https://www.bls.gov/news.release/archives/cpi_06102026.htm,739be8ea007e7a8c2f362711e115454857b5b1c3dba893fbbdc065dcd5dd05bd,false,PASS,2026-03-27,2026-07-15,75,2e30132f157b6e77079bd2997370b4a68890bc5d83a7f09910451bb2b2b047d0,false,PASS,Official BLS archived release matched frozen series route.,PASS,10,0x2703b1146f69c59088d4fc08704a64a2761865880397376613b163604d331cf0|0x33436bf4090221efff4999e1eeb6c72498dddf842e1e53e92a11c814493b3de3|0x50f3df2a4803487c948148dafe68313f79bad2561bb9d1fdec9bdbce95a3f856|0x581ebefc82857caa1df3c70269c597bd274260d0cec5d6010d134ba5e0f28aa9|0x8815a8a34de85c61be69f818ac66855593547db7a1e8947fc560a1052c9b64da|0x89c07679687214515f207ddd955ec2a240696d9c5e9ba33e3b503690d71b8fcd|0xa98c2e560c1c189eef0ecd194ef7c23ba1018fca28d3528e2ef3bedf32d9a641|0xb0d7e431d46e20b9a9b1cb83e41d234a33c0b7bf768762538519aed332308f5c|0xba32a980d053e833137d86682c6e4a1d60042a0f2eb602be78ee8b261e665b65|0xf2bc0cb61c52f789a48fce7f9d7a8bcb690b75528f8cf6433cf99b99ba81df98,100715123402862537711134004743944063175145978455742162098776767256285689236863|112087639002394138720536847140869632769527233488638464286788890840738498833376|113549979626163293670672829476170094059647104411878105169935049472593634801902|12763915870005399927679516680302676189606332303134804307550251589495543322663|26280283194976855823176398814799761957101764448033098534282918195966537008571|35390776824236135360148629130303920379211787652743271292515591464372618686507|36332474445157627513527374065767119514426371246140712230362708896975786422992|38127478511478514355972746350050004095793642072722542316287718888093016470855|41221508052033427458543526154676477551647793649694891279923238441179718726545|57805082771622361307598561258777464904730304199588503533652819557836060121319|60481466879681058708935932662849237762489744421160251040667068591112121150252|60620395831189569015629402107303327919117733692909826217019252778246446243553|64242151897562874490938286987798667634106536348545112998708695959541134210378|7370598135458076611763634617675007089161187386607485629484839028650736553212|74600924446261635952080298491783058455921114940430431938709862450583515825880|77731075120084530495176958006554523446039421060441366136767262853814400246747|79506520050644049926774060152238645847235932532295593125713295477670584046755|82751406003203705564138721364752845576085303782371272535241823534601700164768|89461107814859236964559126940975752231421960705627624465825498262116316619374|93779897646866043977122588089958338363991861969536335075019186293047134244564,0,0,,,NO_PRICE_HISTORY_OBSERVED,,PASS,PASS,false,false,FAIL,FAIL,FAIL,,FAIL,false,false,,,false,FAIL,false,
193872,MACRO_STATISTICAL_RELEASE,6cfff91b43ce557b0b201e79,Eurozone GDP growth in Q1 2026,eurozone-gdp-growth-in-q1-2026,2026-04-30T00:00:00Z,DUE_ASOF,EURO_AREA,EUROSTAT,EZU,PASS,FROZEN_V2_1_STRUCTURAL_ROUTE,UNRESOLVED,,,,,,,UNRESOLVED,,,,false,PASS,2026-02-17,2026-06-04,76,40354fafa737b01621a22fa562406b68c03b8ad50c015f42d31e61b7ee7c8fbc,false,PASS,Frozen official route EUROSTAT has no exact-series automated resolver in v2.1; no U.S./nearby-series fallback.,PASS,7,0x026b5e087e5984206604c0b4b53679bdaff601e60581ea692d6cc32bc0cfb315|0x1bbd18ccb8343b71a09129788962fe5a3e56a3c09167fc6f221a34c65436d4bc|0x3d1a277cb43e98056683c8abab4c77175bea46282dcf5b75bbdce9167546e7f3|0x599b794b9a263ebbc0dbb68586bca74e6a0d1b1fc46a327ce5551a70a1289c9b|0x861e4c7cc48d56c4f002cd3867c425a568488dfacc14cbe743bcbf6f8ff509fa|0xd778a2f21da7872a614ff3a42f641f6bfa4ae5f0a6e1ad166745488eb4ab427b|0xf8e9040574682d7d88bc96850cc02fac104afa47b1bbc992c1a0c0315348107a,100921473470728229068354604391734349114832140972995362046317759068541921438098|12960743212322988790669667090067465260688943563762504040157707112173801751289|1495308600566754782474542001728111846748064534160920387188103819046393233160|44580751630313205390074658801056374667211865610939394740965995833535736120011|53612895879171295118787482138289572796827999560825922889050361298843043730410|56622871071982979405337445529935139397807631685734160681697499206006066128787|64487731005198321583131382099323583373662396678063539407000857572894909227496|68369746394993010881285452693731973382301620042604154020748400037451271480844|69733887163775191103260488203339821364237437568508996098712936940748381080780|74326712898150229666969448261696782432237033412520630676950538473218091490838|88772463736883264301628076204033591087253402610532084892181493675500268215916|89821424440257935466901611004695993884061724926300087756478048899610937591160|95330095759378281407879832171199556775069550167670650686752675552550192768779|98460045380838360834535352408843448838708172146650243073921162693884716610323,0,0,,,NO_PRICE_HISTORY_OBSERVED,,UNRESOLVED,PASS,false,false,FAIL,FAIL,FAIL,,FAIL,false,false,,,false,FAIL,false,revelation_state|resolution_state|safe_cutoff_state
562383,MACRO_STATISTICAL_RELEASE,036e9adcdd4ac3048bafc5ab,June Unemployment Rate,june-unemployment-rate-734,2026-07-02T08:30:00Z,DUE_ASOF,UNITED_STATES,BLS,SPY,PASS,FROZEN_V2_1_STRUCTURAL_ROUTE,PASS,DATE_CONSERVATIVE,2026-07-02T04:00:00Z,2026-07-02T03:59:59Z,BLS_EMPSIT,https://www.bls.gov/news.release/archives/empsit_07022026.htm,f0fea55b452daaf19b2bd5c38492794a67e226f529c4b42fc383071cef56fef3,PASS,BLS_EMPSIT,https://www.bls.gov/news.release/archives/empsit_07022026.htm,f0fea55b452daaf19b2bd5c38492794a67e226f529c4b42fc383071cef56fef3,false,PASS,2026-04-20,2026-08-06,76,cbf3b05837b0e7da237b2a23c7c16c3246a4438c686f73d7bd9c4070c5994a31,false,PASS,Official BLS archived release matched frozen series route.,PASS,9,0x03a13da7ad49961ebe220c9497f7f922061eca6ee8c0991df50c5d852d512b2b|0x06e44b912adf18f6ee4adcb92a804e787617705f149a0eace38a2375bff41de8|0x2e86a1a8bf6067e70a0666e0f7992f9e58e69626807addc965b62f18e520b59a|0x60e3898a4b50c9a063731c67be96141e4605d84479c5410b10c3e74492c673a7|0x6c9684c7ef29c3be741c55a338087db3d6eca9bdf432992303110bbc34b069ab|0x721eccb09c49b4d976bce25ddf73bdd85a537a8cd32db11affee69c7c0d54150|0xbbf313a2a82eff490335d49c67fb83dce12caa9eef5cd86307f89f10e673f32e|0xcce7f7e890d80d92dac5e1b34416d34f642351958e6dec0da758afd88d356000|0xd7804aa2d459ee7f07d61aad3023b1870c2ef2a5bdc560e3d7025c011096cdcd,15528415976968913257133804614091446488279363176383775350012198297131268522777|15603900327850543849209241884112771856919453238778072595533463172374241516540|19453360445573758995492091178791533838574953861249767758224653306768176307444|2165611182767330523818833819607622690947709816328595690368413682312244089588|29582609739066375059925138360697242041720176410454364213820751228078280756367|43621976198573343217013180070354109558443632167696512722197684371105016325820|4400756047017103132043663552118405216270252920829596563280644943954085140334|45686797931821116677803746310019781555080453855113770544481343728397600463183|47191093808220126672748152568609779524829226583306973641873393052979007761681|57964811272867945267126715096059254917463121616447756774281599333239813753341|68237946121529362664341772556611628379867100619182461851819188112644007085581|70227648973643590750278528927730978491149643343159234864216476114453328765993|73210958942648714443061251073492768533621499060223962129646540995130769999170|76079322547042952585320269344292142880478119608887014906837350263556502785902|78434792162241885618766368909826786391058688700838282862516394854430677613322|89376871079609994620614289675667284760572349878352137955612335758339787209240|93397355483522092140665021480629370566792863554124061615599906059777304075892|99600532394549852597292891930060066543857537979043560787441045800571295194382,0,0,,,NO_PRICE_HISTORY_OBSERVED,,PASS,PASS,false,false,FAIL,FAIL,FAIL,,FAIL,false,false,,,false,FAIL,false,
246674,MACRO_STATISTICAL_RELEASE,e05fb8ee4299ad632025a446,Brazil GDP Growth in Q1 2026?,brazil-gdp-growth-in-q1-2026,2026-05-29T00:00:00Z,DUE_ASOF,BRAZIL,IBGE,EWZ,PASS,FROZEN_V2_1_STRUCTURAL_ROUTE,UNRESOLVED,,,,,,,UNRESOLVED,,,,false,PASS,2026-03-16,2026-07-02,76,a6b5676985892dcc27f0b33c6e6ac8ab665619485828f5e33cee5c62f1007dde,false,PASS,Frozen official route IBGE has no exact-series automated resolver in v2.1; no U.S./nearby-series fallback.,PASS,7,0x2140b4ef272260b2b04067db20f4ab5753c33af1ff013ea7846293711f150f90|0x51314a1de815da4595f89c6c96bfb2405cdf26e09fb05ea9deb66ebf8d5f89c8|0xa110090e00b35b4491cf88010fc27306353029900b1a8776c6e224d5edc6d095|0xeae5059f8501d3b33e6c2f14d73edb7000f33d50b8148021286f956ab6b2b17d|0xf05752f4e995d3f867886338223dccba0aa924973a69c0f1a09c2b79aaa4f417|0xf1d4693f06745e15c30c382c7448ab77d08b128dfc76067ef596ab23807a47b9|0xfda858216120c9224a3c98df14a24e4dee4168a9c01664b64122dc6ebc022f67,21564635439276402652799339788463875928225156291298798936260473498735756116196|29359556181823414526574534053993672384350279903517279701180500321852324275499|30619737047142386319762854489549814827549442220602852548919464607380215204676|37689553782335458129525151890363168866368611832199943462473150907723628318790|49257955874000041452209623194445913776814235188809865199226329528337270713175|4937875871851503956112253506720806542718241085719710141041296503947509448020|56423679521722290141317658607731739997869916474114822319237299350019227362135|61971183565588266616107787772666814100516590279380567983396134585622385281248|67510045711810600857908209776495150359768996402639283739700705118954608583000|71611369752104164888391254407875518117455997006126350150285557818126999164723|73994549892386698360714577723208740343662385987484598182929419621634660532979|83258239775706412095787485789589980023044369552663578335264260834830865339238|85031334655600013947494857302335594363038544807065452099615006411490714688167|9427369573251350121337439981969064258946865252273861660535980585670414619647,0,0,,,NO_PRICE_HISTORY_OBSERVED,,UNRESOLVED,PASS,false,false,FAIL,FAIL,FAIL,,FAIL,false,false,,,false,FAIL,false,revelation_state|resolution_state|safe_cutoff_state
18119,MACRO_STATISTICAL_RELEASE,13c0e8d03a63f9f23564fb83,February Unemployment Rate,february-unemployment-rate,2025-03-07T12:00:00Z,DUE_ASOF,UNITED_STATES,BLS,SPY,PASS,FROZEN_V2_1_STRUCTURAL_ROUTE,PASS,DATE_CONSERVATIVE,2025-03-07T05:00:00Z,2025-03-07T04:59:59Z,BLS_EMPSIT,https://www.bls.gov/news.release/archives/empsit_03072025.htm,823d6958fd971a14206549eb4570180ee070ade13afeda4544df4804701a7a3d,PASS,BLS_EMPSIT,https://www.bls.gov/news.release/archives/empsit_03072025.htm,823d6958fd971a14206549eb4570180ee070ade13afeda4544df4804701a7a3d,false,PASS,2024-12-23,2025-04-11,75,537375daefa80fa19c2a54711b32718abe6ab68e8c2580f528a4cee045bca590,false,PASS,Official BLS archived release matched frozen series route.,PASS,5,0x178f1d5cf15a62bf08831f577139e112ee460e24b2bbbfd29db4dfc82da37987|0x249302f4e44d6f562f53a572cfe52ae11527e2b394446f4295c394c023817c55|0x350e774e08af51cbda1ec080097bfbaf57792809ce68b1e312f5bbe83a411c2e|0x35579639bc0f029b04ec202e013200f3dddd2cf53da5d1a13ab3e5d387ef74d7|0xeb1df012d0afc296a821a2700ea25374112187567978bbdec675fd76e8e51fc3,100914476606681258932232811703402420882514563722744103471632213192337201222997|111267279330086073156382056873514230308795610964806928379802361557518041548962|1622884453329598306463306217510908822213250280069412667007716215708296719085|43793220497660832644871627506132835807100496501532152935507983233537230443619|62337839378737420128565077254081220480262913744525838296582217859349078526303|67780674480897808601590454001234897699038032839031654934824179977451704660203|71919036877595893650286459148243041170095755311888597624810024581051085463511|73300785119883776653117832891162074956193543195333633832038498954168058674733|81223208772421784924394376032153095299369998570149467232347787736416782268993|82633070200439791964214203517341230919474082158829642265224419837182316456792,0,0,,,NO_PRICE_HISTORY_OBSERVED,,PASS,PASS,false,false,FAIL,FAIL,FAIL,,FAIL,false,false,,,false,FAIL,false,
203594,MACRO_STATISTICAL_RELEASE,edf6dd2d1a7ef6ee34d17e2c,Nov-Jan Unemployment Rate - Brazil,nov-jan-unemployment-rate-brazil,2026-03-05T15:32:35Z,DUE_ASOF,BRAZIL,IBGE,EWZ,PASS,FROZEN_V2_1_STRUCTURAL_ROUTE,UNRESOLVED,,,,,,,UNRESOLVED,,,,false,PASS,2025-12-22,2026-04-10,75,3d7bd3dd81ff7813faa8e628df793bd22585c7dcc294afb47a66de87402dad1b,false,PASS,Frozen official route IBGE has no exact-series automated resolver in v2.1; no U.S./nearby-series fallback.,PASS,7,0x032722ec28a6c1b8097acd48c765609af39e6136fe4a26fe3a02ea27566bd4b9|0x237f2d5226535a214798f9feb19586146648d38607fae00ddc08fe6836385844|0x844bf2b74d64f0aace9a450d6ba83a5fd2ada1300d637222df5294326084d993|0x9c1a8b5415e1374b9f1c2197ee6090f5f4f88abdf504f005dcc9624e3948eeb0|0xa9c88e1c1617c9494cc3c0454683391bc5643e4080a87bb230d35d2ae4ca10cb|0xb8eaebab1c4ad28800008dc4283010190d507c2f995fbeaa656f7203bb12bdbd|0xdefe4c5c18cfc60765ff1f94f0818ed176571d32427854e505af0a44e1ed6011,102131619479875904501503331023856881549877859512326364096687132757475951684838|112010708498509797399795261983507226940479343774221487341922065613464865281600|115651907060689737723733183386251625852240844105015008051224902405579228968993|28448651083650243679870625626352282486561909588320125839954857885033008326152|50359372182545057712119401198298007030442857612328022130470612950967970605324|5089012489615301764746747919406086960994427585427405665157979651449346376305|5242601956568196357808473427451685884982622663148884818949656605218315546339|55806853275177556683462697784618327535813346490332307686641534244411689874152|57139580235862174674647028748042405807713449833812547841729870314307539292606|57467238054907432486405970632020188073574935627705305047634009342672313032896|59205807241101842272656806512242341366978157853056947604825321994175120679374|81863914819042095249618399531992420442207625919222698702351711270454762652515|82678925601896508800617175303021065562916252107387210868873062282620881554284|94830366207538089287271583435103344851301955865584645621994717672992654964967,0,0,,,NO_PRICE_HISTORY_OBSERVED,,UNRESOLVED,PASS,false,false,FAIL,FAIL,FAIL,,FAIL,false,false,,,false,FAIL,false,revelation_state|resolution_state|safe_cutoff_state
107437,MACRO_STATISTICAL_RELEASE,16004e053ebd3ffc7084f938,Sept-Nov Unemployment Rate - U.K.,sept-nov-unemployment-rate-uk,2026-01-20T00:00:00Z,DUE_ASOF,UNITED_KINGDOM,ONS,EWU,PASS,FROZEN_V2_1_STRUCTURAL_ROUTE,UNRESOLVED,,,,,,,UNRESOLVED,,,,false,PASS,2025-11-06,2026-02-24,74,be8fb238e0602ef3a48299cd72b9715f835b920981b166ecc0871189f3ce048f,false,PASS,Frozen official route ONS has no exact-series automated resolver in v2.1; no U.S./nearby-series fallback.,PASS,6,0x3136e76f913e96b78a96ec454d45a339af47db1779669b9bc18d5e8c2cb2d36e|0x412d7ae90f25646f9b34deae36040a8e7d8dc8f22ef02f67c0ab34075058fad7|0x7e5ce7acd63291d57058e2d78625d0c84e0dd36bf6c7d2ee67c61ec0fff01897|0xacf6034b0f6f76e88d98a3190059bd35a56e567d6305d396514901c769edac1a|0xcb9452d3c7a6e45e52d0f6ca91661a7b2dd5cc677b169eedfb58c54752ec5ac5|0xfec49657ae02680cbeb8593bd79cd270b94f2f60856f6490fa10abb166403c1a,101529738859437475988362869463066296370257676867366548544693484625867876202201|102503510238574770749080568119534219342700528162715971904636182923482673708815|103996686593189408997749964018969485572417035174730984566190332974115747349295|109115075320679951555997877212943499605835717692648565057688601019280264297421|16081571270772209454806892055296443905450456410546152421970629439400018186955|17873947267154195015698979127462726397688949599401462713459529701456797145104|18399281171681076496970954576383803317525684685660220157235893649940330114747|31044345710853691759342158021862810631943507659608336392988469330767020918251|45095909438390981554948971081449557721646151626459886357608635142020912838139|71624557753598020607729822202872565257735287409491257524049729545470959405529|94212230481841046199498068018435350955781087194620783164795800641472964851394|9929550275244752939360240017235745731418005220370353064139171694719822873802,0,0,,,NO_PRICE_HISTORY_OBSERVED,,UNRESOLVED,PASS,false,false,FAIL,FAIL,FAIL,,FAIL,false,false,,,false,FAIL,false,revelation_state|resolution_state|safe_cutoff_state
11073,MACRO_STATISTICAL_RELEASE,608823ae7bafad92e4caa70c,US inflation >0.0% from May to June 2024?,us-inflation-0pt0-from-may-to-june-2024,2024-07-11T12:00:00Z,DUE_ASOF,UNITED_STATES,UNRESOLVED_US_AGENCY,SPY,PASS,FROZEN_V2_1_STRUCTURAL_ROUTE,UNRESOLVED,,,,,,,UNRESOLVED,,,,false,PASS,2024-04-29,2024-08-15,76,602425425b5d197e64fb07eab9bb2401cade833637a173f49e8fb181f32e8b8b,false,PASS,Frozen official route UNRESOLVED_US_AGENCY has no exact-series automated resolver in v2.1; no U.S./nearby-series fallback.,PASS,1,0x71f05e80ebde98617021eca655e4bdfb9ffb6281bd17c382c83b97eb26cdaa50,58570055253752234850171876879181561165547475616158488496456447668358813262291|86015873415919524604024193171198637155502740908414048578684304329939661068110,0,0,,,NO_PRICE_HISTORY_OBSERVED,,UNRESOLVED,PASS,false,false,FAIL,FAIL,FAIL,,FAIL,false,false,,,false,FAIL,false,revelation_state|resolution_state|safe_cutoff_state
226121,MACRO_STATISTICAL_RELEASE,2754751f960eb1b2d9d5b393,Indian Unemployment Rate Up/Down in February?,indian-unemployment-rate-updown-in-february,2026-03-16T00:00:00Z,DUE_ASOF,INDIA,MOSPI_EXACT_SERIES_ONLY,INDA,PASS,FROZEN_V2_1_STRUCTURAL_ROUTE,UNRESOLVED,,,,,,,UNRESOLVED,,,,false,PASS,2025-12-31,2026-04-20,75,9af436ffb4f8cdfef2d5fa3b565aac8f1fe3d60f6149c28ad2adc8eac7a5b3b7,false,PASS,Frozen official route MOSPI_EXACT_SERIES_ONLY has no exact-series automated resolver in v2.1; no U.S./nearby-series fallback.,PASS,3,0x5ec1a1f995f155022ba87cf50f506a9c645bc10a4bae2e7142dfbdeeaac105e0|0x95611b6a15d4d9ad3b15781fc0d91d9c641c816e1593b29ca9269616e497174e|0xa2b27d1ec03a17573e42fae30b801c3f167ebef6fff57e82f93ff231b14960f9,21527723703170797686220603949904175721670886608021830392297506784572664202127|56145484516268883335411321573203112200573339087717431532774952804593913334366|75545155616522736816168236032961977270097639340204630687790099793811994461278|80551261377379919826724243554377763131586330295984068698377951302784696252036|81521794421585114367623963659127457185496365002880474490324870445876104192060|82587027417238544566296959262815016555223819320844490741824583088251931873233,0,0,,,NO_PRICE_HISTORY_OBSERVED,,UNRESOLVED,PASS,false,false,FAIL,FAIL,FAIL,,FAIL,false,false,,,false,FAIL,false,revelation_state|resolution_state|safe_cutoff_state
213083,MACRO_STATISTICAL_RELEASE,1ddb1c4953c583706d93c1ba,Nov-Jan Unemployment Rate - U.K.,nov-jan-unemployment-rate-uk,2026-03-19T00:00:00Z,DUE_ASOF,UNITED_KINGDOM,ONS,EWU,PASS,FROZEN_V2_1_STRUCTURAL_ROUTE,UNRESOLVED,,,,,,,UNRESOLVED,,,,false,PASS,2026-01-05,2026-04-23,76,16d197e860334372ee9e320f08e1b59a4305d06f64227bf2e0e6e8fea4c9f419,false,PASS,Frozen official route ONS has no exact-series automated resolver in v2.1; no U.S./nearby-series fallback.,PASS,6,0x4ca3b5a422921d3b9444a7ae48bc793330e3b6203680d4b0667e24aef4d18a56|0x4e8c893e31d4c4c63207edc6923029b72e3ca5dd03b0fe1eeca9fe3eeec1ca91|0x55c0a469e00bf34f68354ee283c40797711ef2b9cae7195ff9a25fce826153ce|0x89d65335acbb6c1cb6492ec0dd19e11697f11ba68cc9217a7b9cb9a9473afe4c|0xbb6b86ccf7d6794b3c2312efe912eda7a380f464f8919f9b9ff9e70ae657aa46|0xcaa80207d4e015ef74e12c7ff4e8c84dc428746245c8311f1016ae2bd2b3da32,104467847023912243650324456879237234518001273878287652182393125293348030193899|106090594808612634921668444358129610731486230370656076327154713912179760370200|22754147209193585873466492325189288954077855806614733097842796798022354165025|27089034071563616134072665447131137952737537570761429789670214508988327625542|3075852407136709645429525256090771533177858597346279707027277750691832186230|32322730232893394527611730585371180928772207673228637713109862945714762779442|35295185525722985521783264694387395665313100363960299122177705397663332841256|63700717213896503936976716148360906633181113733571765573973097494438689908380|69871902881039955785085731233906835248011899723013410136079776537395123963291|84096034625152217115130007412308860475911508074395655330044418514286571713150|91352741263753491484874091952690759613729257571747969669507260644065985247961|95361387577986967869177041151664078639298101256615797940672885559849133556605,0,0,,,NO_PRICE_HISTORY_OBSERVED,,UNRESOLVED,PASS,false,false,FAIL,FAIL,FAIL,,FAIL,false,false,,,false,FAIL,false,revelation_state|resolution_state|safe_cutoff_state
5843,MACRO_STATISTICAL_RELEASE,3fe45268f7782e413b1fca23,What will be the U-3 unemployment rate in January?,what-will-be-the-u3-unemployment-rate-in-january,2022-07-27T14:44:41.744000Z,DUE_ASOF,UNITED_STATES,BLS,SPY,PASS,FROZEN_V2_1_STRUCTURAL_ROUTE,PASS,DATE_CONSERVATIVE,2022-08-05T04:00:00Z,2022-08-05T03:59:59Z,BLS_EMPSIT,https://www.bls.gov/news.release/archives/empsit_08052022.htm,a6f07eae148b4d8eb20058b2d2182db898a36d4e089f609e817f8c0c10a7bee3,PASS,BLS_EMPSIT,https://www.bls.gov/news.release/archives/empsit_08052022.htm,a6f07eae148b4d8eb20058b2d2182db898a36d4e089f609e817f8c0c10a7bee3,false,PASS,2022-05-13,2022-09-01,77,0e0760095620b502a6ef9e2eb541d101281850c5d4620b29766de4d41324d73f,false,PASS,Official BLS archived release matched frozen series route.,PASS,5,0x5987f742a1bf199c246a51b7dfb527d77c80d22c38416674e6f62343647d0727|0x7eef78a2f7d10a021e43fe70e32fbba43589c0be947868a73dbe6b88ac8ac260|0x879d2569978ea1f0bd828bdc9ee401a1d8440d33ec9355f301755edaeda918b5|0xd8819f63ecefc1be3a375328d7c75db1265d766c0fdf31b55c9a3c8390e4b753|0xedba704c7c44f34b5fd28b817955a02dcd211ce7e3b16c04762fe651305fffcf,102089521439271930876130098876044645633039477265757329168388432902916067891382|105364609353069125375900099192339277274211197283165943329365459545754786602548|110512236068641993005743733214030446954922748278277227426018149377319527473835|13883023107238108765894501867412347061514224899075803213943566586824383350223|52470821836845511757889583851634822314395208166921615261826875780315315361836|57708560857892992107121144360758214566488754535869025229668457954854053805518|82111595525623390904969590461093357855448108651427746614810509690845350330490|84046872862749438624466600704306190530247610595273848407029940872631982239323|85093263336068945374274305170577286537967054417323850278413530511591707776238|99000230530043308781322744153678478648282932611617063886016301848408621752647,0,0,,,NO_PRICE_HISTORY_OBSERVED,,PASS,PASS,false,false,FAIL,FAIL,FAIL,,FAIL,false,false,,,false,FAIL,false,
339954,MACRO_STATISTICAL_RELEASE,d36fd36a073096cd6ace6359,April Unemployment Rate,april-unemployment-rate-372,2026-05-08T00:00:00Z,DUE_ASOF,UNITED_STATES,BLS,SPY,PASS,FROZEN_V2_1_STRUCTURAL_ROUTE,PASS,DATE_CONSERVATIVE,2026-05-08T04:00:00Z,2026-05-08T03:59:59Z,BLS_EMPSIT,https://www.bls.gov/news.release/archives/empsit_05082026.htm,a85e21f739ffa104d94ef1af964c774b34ab6496e46d554f4870bdfe795da277,PASS,BLS_EMPSIT,https://www.bls.gov/news.release/archives/empsit_05082026.htm,a85e21f739ffa104d94ef1af964c774b34ab6496e46d554f4870bdfe795da277,false,PASS,2026-02-23,2026-06-12,78,85d975e4fcf35fd33f1d44a7fefc29cc2bc5e3108c7408f52ce41137a7ce20b9,false,PASS,Official BLS archived release matched frozen series route.,PASS,9,0x202bbbae676049afe44c40d86b71dc1b0134aab5425cda5afad18d94a2064f80|0x5728a8537d747921d015613afb5e171ae504b1f26c037650729c62002d10334e|0x5fb25431e56ddc48a244e2845a0c5ad8d80d83612eb52fb33071942b2b2631bc|0x6a0060911cc9c2d139607de13ba928b43735ea95d245fa72535ccc126a48488e|0x95ab0225218b6b2c27ec5c69d6de7ac342e12ada43beb7fb9deae27ea7b4079f|0x96362bfec0f2dd81545274779ad08a10fd3d8433f0b6f89965fb882cb1a90523|0x9a365d544bd32ce0b5dfa38b2076a815a5870ca66a4abbe7eccdf8f21f8de477|0xb993bafc61c9039df0d269acc8cf50438293ef87ee9d35e62ce9759b5e3321b1|0xd53e9c23da296b3f7925868de884c77b848f80ba1de074ca0a9028d7c1453ed6,100455695475487318949317068484937545047616999167939927545481845298026172449377|100813549429987505391786748360974967034481755087269505777304191311205285613152|101521036475440767446589759804779465592323091114308971847185776170499985192462|21122195915524817248954556541768209975886494565666083936480149602859962929434|33713595421525241353361605643309225266367601313447067498074878096123027637276|43933878348599105467637805357345595959023527450126857826114942210608584186428|44424423484275364978835313620205403080872731456504273868437400154488958665951|56933233593153016009042595601805232797805014324903202499172680210140460891205|59146189614116206817901520398960551841887784422126982826885617771784442626030|6075895715666928197493673696676129752769883078151021986033232731535232746509|75130195789957063074248760611001655723843983535043615267185972178912540993208|77780954837936271171880801181567166597786222430662512583875157994132515417273|80382917833131523231828778923865730954149282136900678256605023459914541421598|84929345609754481596384329716709484519796946573545650124102467350071902561858|85043313484721070749578528609925177640376429908630746823977269448427024548046|87080039451430469421902524624909338527591521620079306959598776525673844615127|91352123473077278899842628936637029229243979152603140636500405461317685817161|92731797278431703543796128239498249017833371829860201576381003777584963952610,0,0,,,NO_PRICE_HISTORY_OBSERVED,,PASS,PASS,false,false,FAIL,FAIL,FAIL,,FAIL,false,false,,,false,FAIL,false,
670690,MACRO_STATISTICAL_RELEASE,fe3698978d5b650d42dbea11,PPI YoY - June 2026,ppi-yoy-june-2026-20260702034336684,2026-07-15T03:59:00Z,DUE_ASOF,UNITED_STATES,BLS,SPY,PASS,FROZEN_V2_1_STRUCTURAL_ROUTE,PASS,DATE_CONSERVATIVE,2026-07-15T04:00:00Z,2026-07-15T03:59:59Z,BLS_PPI,https://www.bls.gov/news.release/archives/ppi_07152026.htm,dd7d88271ee432b408c017ae4a8011156a0048fbbdb5906f5b2459ca7890be10,PASS,BLS_PPI,https://www.bls.gov/news.release/archives/ppi_07152026.htm,dd7d88271ee432b408c017ae4a8011156a0048fbbdb5906f5b2459ca7890be10,false,PASS,2026-05-01,2026-08-12,71,1ca22fa5f5330fe4b1c21d28960566ec626ed11a25ce98476f5049f7fe2ae5fc,false,PASS,Official BLS archived release matched frozen series route.,PASS,10,0x1571be81f4141c7810726854039161b26a2ebbb3720e2dcb48a73dbd256125c4|0x351ef198e624543313ac908a176cb09e64b32607777559b3b7b4b256db431d12|0x4983143c4d8a6d6ede8618380354130e459714ae577a1e29b7830948ab268421|0x882178b08820dcd8ea956c9ce7739b0dd35011c0ebd588138e0fb95252e6e3ac|0x883c3809c8e36520a3cfb8f819a5b87e43f761ce7d3635c298c30fdb691a14a9|0x8ac56df286b0649dff5df9ecdd815cb9ba42255fcb4ae111c2b9a0c6f4b296ba|0x91e3b838b130dba4a8182f6388de326805c73a84575ab30ac140183a2a5db8d0|0xa1bace0fe40a701512731bc15c784dfa0a380ecf138386d4e686d9968b884489|0xf01516f13925f190f76a4b286ea18fb8512c8b40a10ed8746ba47288b18b6005|0xfefc77086346fc24e5d83aaa014771a1d03eb1a4654c8d9c0ccdc92b9d20e432,105136070396954601706562217095036696919342831249305055739349607852336697284098|107911653342758270035494621464710689589308056532924515362697718368730539184180|109272761234595753806863870338127849196975677260161873696770273222126447122023|112975092750886222142405731993054739322089252499200232059806373935427435551540|12890260777621109975320064742012174739130095163433062184055517383460988401020|18536923411797459823075802974190666230984186669851048081443041959812552321686|21048880940647994190321935597055911764169302068885694087961598274474066657831|24238387182172349262563835481781739637149882473633182287269537487629204421978|26481855249581937165061861562506788150452102582384128217744876467920044174181|3375645557565058286206660006411713338558619164725339826718101879043080735504|34633828713342420601387328673299740480157300515910552734934618218663971546260|40831539108720964025317685239998011458484018388784327887433200408472875072248|44262069808623967124440115472175361835937582381573754684021129390844989861869|49785302632512023945707844965129230339208675225098994598582085273814106446247|49923568121535569849517121759892616260691850001490476112107007654763465230068|57928646655257323723643259166513589052853687819285590022018699996410700576167|61961246844225695886363687080850734860388986049446004479670800301879680694889|76412003864756431169463278475704651954251979953052833696644069005035681724123|88995824067128978797514742786785402157691657795610348976408052705253624808618|99681705040809649916876333765862130857385119961900624008938278028551939016017,20,0,2026-07-12T20:20:03Z,2026-07-15T14:40:11Z,PASS_HISTORY_OBSERVED,,PASS,PASS,false,false,PASS,PASS,PASS,55.665556,PASS,true,true,2026-07-12T20:20:03Z,2026-07-12T20:20:03Z,true,PASS,true,
5840,MACRO_STATISTICAL_RELEASE,39f64793781894cddce54734,What will the U.S. annual inflation be on January 2022?,us-inflation-jan-22,2022-02-14T00:00:00Z,DUE_ASOF,UNITED_STATES,UNRESOLVED_US_AGENCY,SPY,PASS,FROZEN_V2_1_STRUCTURAL_ROUTE,UNRESOLVED,,,,,,,UNRESOLVED,,,,false,PASS,2021-12-01,2022-03-21,76,ebe3387ebfe98c6ac71f48739a61722335b9932b8ab465786cbf33da1fbb5562,false,PASS,Frozen official route UNRESOLVED_US_AGENCY has no exact-series automated resolver in v2.1; no U.S./nearby-series fallback.,PASS,3,0x014694213fc33cb148c6651aebcda7da46edfd664957c1c657492f0ca37480f6|0x84c84f8b78c29d267e72220b0bae64f71359e1799ca2104ed74c43eb04ae0ece|0xd2632230d071b557335951455ff2785e3d693a09f78917c77d48687071c1fb17,13931924057900928471726485426700167573338791639645736626729035754832071376902|16638774108570956951201460965785663013513288812516532050609411385078118438462|17930560118493085717057062338983582886989563059376675405931575631792744880077|25147129356657235340634436752169909133087850806735421529781499123539189978260|29887134296289955524065003776401360495086465130282623290263600541675142253569|5610531649382071994712120327405315305673329160249980911624989255263720143364,0,0,,,NO_PRICE_HISTORY_OBSERVED,,UNRESOLVED,PASS,false,false,FAIL,FAIL,FAIL,,FAIL,false,false,,,false,FAIL,false,revelation_state|resolution_state|safe_cutoff_state
563235,MACRO_STATISTICAL_RELEASE,4edd71a8b2e980a09dda4fb6,How many jobs added in June?,how-many-jobs-added-in-june-20260605153057140,2026-07-03T03:59:00Z,DUE_ASOF,UNITED_STATES,BLS,SPY,PASS,FROZEN_V2_1_STRUCTURAL_ROUTE,PASS,DATE_CONSERVATIVE,2026-07-02T04:00:00Z,2026-07-02T03:59:59Z,BLS_EMPSIT,https://www.bls.gov/news.release/archives/empsit_07022026.htm,f0fea55b452daaf19b2bd5c38492794a67e226f529c4b42fc383071cef56fef3,PASS,BLS_EMPSIT,https://www.bls.gov/news.release/archives/empsit_07022026.htm,f0fea55b452daaf19b2bd5c38492794a67e226f529c4b42fc383071cef56fef3,false,PASS,2026-04-20,2026-08-07,77,8cd0e07c668d347dd763cb2898ff1cbbf290c97bc9c5f34617fa2cb61704d5a5,false,PASS,Official BLS archived release matched frozen series route.,PASS,6,0x242c3189de16846eebe825a07006711d6487fa1fd8d1ba9854f36c9018912008|0x4a67a92bb0c44616587064228907b7e380639cd1e611818363ccee0b24888fc9|0x93975fd96fabdede7e0cc7b94de9c372686fa4ff0ce0d785f9904aac2ba2cfbe|0xe4854fc5d335b4f24e423d798d39cbab8a6cd327c0ad2bdda9d9793d031be717|0xe99baae52c87ee2a153e1fa2b054ac17fdf43055893199107d54f8449f4a8005|0xf27868aba421cfa0d00797de39c3dcf4caaff892910bc2a96f863b0ef9ee2ff0,100739518686829829813432473034401156155150983589710174417445575051708986615016|100772983582843756266477733363738627749887098325449858852705428565940299684314|14855800579296023748231382171866056524256208973940092898081675927792494228948|32726848811555537714341143206349233163831732835827270744807386688951779809032|4130958167070394432925579470944321896951261175803961565149085786345868978887|42341577894524917845503469697175652024661952053628887622698512725512680673997|53855471412307437316180809786396196524657392507975895695819416436004119309893|54541892449425204214187538385165654814421112108476091229700029531113023936770|70281171391696989815509579373690560801988556566079464322630986643970298840865|79155024796916286640708756284986368286733957698964382809645159505615479525442|91647558454275104689759796792372228089546027135546983425214181621996558486145|97631001655827100388494575261568980853046781500676107857273100480172475464855,0,0,,,NO_PRICE_HISTORY_OBSERVED,,PASS,PASS,false,false,FAIL,FAIL,FAIL,,FAIL,false,false,,,false,FAIL,false,
103517,MACRO_STATISTICAL_RELEASE,13d8ddd5d6a49d5f53229d4d,Germany GDP growth in Q4 2025?,germany-gdp-growth-in-q4-2025,2026-01-31T01:57:26Z,DUE_ASOF,GERMANY,DESTATIS,EWG,PASS,FROZEN_V2_1_STRUCTURAL_ROUTE,UNRESOLVED,,,,,,,UNRESOLVED,,,,false,PASS,2025-11-17,2026-03-06,75,4bdaa71ff29aaaf218669eb68fb502c88a2d05e10d52f879733804c73c754352,false,PASS,Frozen official route DESTATIS has no exact-series automated resolver in v2.1; no U.S./nearby-series fallback.,PASS,7,0x004aa80931e9c7b2f96dec5d46ff019fbc82d504ec8784ba8c8640b4b7db464f|0x28a4c1274266926b75096e3abdeb0eb8b0ff13d3a0f2a4b9a996373b95c5b644|0x361fd7dfeb264cc9ca594a546a61437fc69504e505035c91c81bb55e28f9b367|0x5e7d9a005d7793f4fc190f5a9cbc3ed23f22dbb22559cf31348b997f7210f8bc|0x60039afd372707e9c2a30a7d6e116a76b62a7dcbaf004e97231fca9877dc05f3|0x844a1896b7caface3847462e56ca180ab8eb5acec68cb6d704867f38acd79863|0xcd799a867d743bd2a82d4dfdcad199365383094845a8468d1a3cc42c6c04b37b,108510291303381112309789037030799087127835140478383405696859849153480826151427|108626118594596098019183371951480553351249933254955798551962919540651665315667|113922994904358264154196851530550048809267474104601717971767540861295744886472|25022339457864620543782953556688028806929605229363938383114167334297269516615|29455387503378521596655363202472690523264034305839614092219978126460698077292|55949456778508879769410504350328611024275750215263321690218112486947826979251|56989855645298977701453733182615478703798314993235981440431430914350166093775|78814142720617798581467164102827944418481589432426646287101887073588423457947|79707959409561160450631341105379411097681603233834720091253790066681875002286|84793769375070324457496679520127854566459389791161493692251847008438059108713|85386426828893507667820125812976950830988126771440551851097551703816085198373|85648934674275366578784745758377178038405491866233292447315000525474088523076|94875946464675423884130325386160780643700405836293220656461706334645896455366|95897175964212225543079629490956449991629437051611424363634426792761612324748,0,0,,,NO_PRICE_HISTORY_OBSERVED,,UNRESOLVED,PASS,false,false,FAIL,FAIL,FAIL,,FAIL,false,false,,,false,FAIL,false,revelation_state|resolution_state|safe_cutoff_state
811515,MACRO_STATISTICAL_RELEASE,9fb6b1e375a422a81dd3ef53,August Unemployment Rate,august-unemployment-rate-1786116586124,2026-09-04T08:30:00Z,RIGHT_CENSORED_ASOF,UNITED_STATES,BLS,SPY,PASS,FROZEN_V2_1_STRUCTURAL_ROUTE,RIGHT_CENSORED_ASOF,,,,,,,RIGHT_CENSORED_ASOF,,,,false,RIGHT_CENSORED_ASOF,,,,,false,PASS,,PASS,9,0x170f66c481857addc5309013a5410ce9147893e27f0d33475e69fe6728039cce|0x3af1bf95cd7a68b9d1e1cf1a495702bfe47d2d78f34676f21eded8529f7d89a2|0x40eada85ba4febbde1b74c15de5cb0f9eaad80d4dfb2ecd56a61e4bfcf8a335e|0x42e2976c56dd273b83f9cfa1ef3726d7f80460029e9f764286b3bb86bc0408e8|0x4b7e9e33881adaf393b53b4ae833183ec3625770679de0b19a95f7506693e246|0x4d2db8dc4cdc481c07dcb456c8423d50b5158fe2757f3a1be57008bbe3ddfdd1|0x8bb26fef3577df7479ae841ca37bafdeafbf2371c8024fb2c3b6705a6ce078a5|0xd3065aef8b81dd41394e459bd8610654cf121ef3d905e5bdfcbaf1ab5ec35179|0xd86edd16ed0e9992f98367d8f0603912ae26c7e275b064aa22f504fbb94dd213,100623663424990757032337540684321884263399602175111998493656631362936408205852|106812377546859400884955562703972560214915539126107833713934097510432900131929|109756136919900731451299010518341006930036402295658244691365874796996224568616|12185793400117129291009140588842292921008408604730797111958032328787534499259|3554636708115668443874835074202925697071308769087187951043507542154018930441|37315917915348602744507638982581776671335852447105837082097255079091957687026|41178078014084522418083402452946840753521408889902407952421308196583788378708|55841761522566620412438017070255858070229160933380232491978560810638492380015|59590249331588939958198983004010126295899414955564978471411245588485936691778|6482809325501602492761705798130073150745978951724588283709748636080095059157|6728398108656683206353700940510225731421510108519541685845213174267115004186|76868179732154571870414338086779207439720104823947177152778158433119598898227|79837936939801075758786668981851585653648182626606018751745353419210826166315|86737467035367262338460284468343658751355069989611513250216322084025884595763|90835642126933464382204934019763877398282653903893696306453993204995205540680|93255889744937228405347579122476860669716538974233914937032777885366840295630|98246876995225895252253139707420480454109167722233101350766967185690557972638|9893568629435677009025864554536342544157366952838397933595584015777457764372,18,0,2026-08-07T17:30:11Z,2026-08-12T20:19:13Z,PASS_HISTORY_OBSERVED,,RIGHT_CENSORED_ASOF,RIGHT_CENSORED_ASOF,false,false,RIGHT_CENSORED_ASOF,RIGHT_CENSORED_ASOF,RIGHT_CENSORED_ASOF,,RIGHT_CENSORED_ASOF,,,,,,RIGHT_CENSORED_ASOF,false,
711852,MACRO_STATISTICAL_RELEASE,c82b920ca1d3d46ed9d5d3e9,China GDP growth (Y/Y) in Q3 2026?,china-gdp-growth-yy-in-q3-2026-20260716161116873,2026-10-20T00:00:00Z,RIGHT_CENSORED_ASOF,CHINA,NBS_CHINA,MCHI,PASS,FROZEN_V2_1_STRUCTURAL_ROUTE,RIGHT_CENSORED_ASOF,,,,,,,RIGHT_CENSORED_ASOF,,,,false,RIGHT_CENSORED_ASOF,,,,,false,PASS,,PASS,9,0x0d4176dd571a8b19ccdbdce962b2e8f5a924b358f72af4585dd5d4200258b74b|0x2d2cf7c2aeb7f29a2b85a30e4b0702aaf5afbcc1f555d00e96e411941a1f889a|0x4d0ab05ac3836df93bba9ebab84a21edf9bb87fbfb3c124b35d5d2ecbee6d3c8|0x87d94b5b46e1028b37912ad03d27e2054018991bfff7ece9632f1e4b0e3762fd|0x9508269931569b2958d92a4450513e8d056ac855b964847e7528f43853d83ee7|0xc47b641439dde5cddddd7d21cb5a5ee3f2e4f96f5a361d67125110150e26acc1|0xd8b8a221da5c40ad7e88663958109aa4f906971f373d22874189d2f4655d9b13|0xe39dc17950b74e8149ca5dd5a693eb28fe59e38e370cb55d3f9d77a1221b9395|0xfc988e36ad8671e8316da7d24b3dac1db1d1be125a314dcb58da075b1e41ef9d,105620067830790780272425214394682404380583562571856215017400215762990489423225|107338969153325804451209978638475481226026454762452867383770241509167564096185|112402719525993320905402888730390868652809589306006369442051545849779711612774|114119752744153967896558498758942196777998244134975919163329891087270138834506|15207229225895472577338411970236093280949154367568907678828590336237035627358|27824050841615642597579132839737358643485359679599885059684867745949186954164|33585673754420820042384271281717196970951078059244004998650417953885541731734|36997024455025500064973243496484170389156725975982073715036532516931693807314|3983325616699531545013162309748828101779490165247892487104598919598166400662|42053093142436314410357482282334215997148622934055287002413659312877920440442|4768798789789264268222564326692381235543141523718668787311922122605996549560|57696738736775152651118939854587694374314254056751994385708439568304743838925|69195208200933646173671150139101937779584291926597215206674025642194358882440|72521905281192073397929383486911109080160967955215384253035576970912729850805|78477692057184483751170792986753466620322778102570602217561881364499968314906|81096920664491533394113755155534483712553266108992695908192529829234817993859|88900426299992089898504441758111858119311868999656464051079310401145706593935|97346641394644152715300254902883554603704406674812507005001950936400495390880,18,0,2026-07-17T00:40:03Z,2026-08-12T20:19:13Z,PASS_HISTORY_OBSERVED,,RIGHT_CENSORED_ASOF,RIGHT_CENSORED_ASOF,false,false,RIGHT_CENSORED_ASOF,RIGHT_CENSORED_ASOF,RIGHT_CENSORED_ASOF,,RIGHT_CENSORED_ASOF,,,,,,RIGHT_CENSORED_ASOF,false,
3860,MACRO_STATISTICAL_RELEASE,1ab597f0fa22260fa89301f4,Will U.S. inflation be more than 0.9% from May to June 2022?,will-us-inflation-be-more-than-0pt9-from-may-to-june-2022,2022-07-13T00:00:00Z,DUE_ASOF,UNITED_STATES,UNRESOLVED_US_AGENCY,SPY,PASS,FROZEN_V2_1_STRUCTURAL_ROUTE,UNRESOLVED,,,,,,,UNRESOLVED,,,,false,PASS,2022-04-29,2022-08-17,76,6fd4a5c2ccd8c7e4275f9ca7e280770dc6cedb7f7474b9a7e4dd376a73b4d4b3,false,PASS,Frozen official route UNRESOLVED_US_AGENCY has no exact-series automated resolver in v2.1; no U.S./nearby-series fallback.,PASS,1,0x2f7e2791b660d94d66275d8066c7f15696665b56ec595107cb5db6a7408ca4da,70317707183449595496016305090111384236016892357504817930694958444501757773640|78566144461586654729136131138152165773849705101518806165217238358923349846831,0,0,,,NO_PRICE_HISTORY_OBSERVED,,UNRESOLVED,PASS,false,false,FAIL,FAIL,FAIL,,FAIL,false,false,,,false,FAIL,false,revelation_state|resolution_state|safe_cutoff_state
153669,MACRO_STATISTICAL_RELEASE,870244ae057a4a1ccb23b7e7,January Unemployment Rate,january-unemployment-rate-333,2026-02-06T00:00:00Z,DUE_ASOF,UNITED_STATES,BLS,SPY,PASS,FROZEN_V2_1_STRUCTURAL_ROUTE,PASS,DATE_CONSERVATIVE,2026-02-11T05:00:00Z,2026-02-11T04:59:59Z,BLS_EMPSIT,https://www.bls.gov/news.release/archives/empsit_02112026.htm,a2f1d9ce6522cf6cd5e42a86bd63d7232866f2537e1d6d0994db1f43ddfa5d12,PASS,BLS_EMPSIT,https://www.bls.gov/news.release/archives/empsit_02112026.htm,a2f1d9ce6522cf6cd5e42a86bd63d7232866f2537e1d6d0994db1f43ddfa5d12,false,PASS,2025-11-24,2026-03-13,75,c072acf736763d5dd4c2ff4c4f672f3b838a7f47cbc45fd3fffd76168691a0b6,false,PASS,Official BLS archived release matched frozen series route.,PASS,6,0x4d5740886aa8c2465147771a04405d45480185ca84039b956d94ba7e25c12012|0x577bd1d705510d5ff41c98864cd94c7cc198821948b0c96b36f1dfea1233689d|0x9fec3f273ace671050f912c5f1e6173033798be4a50a849028e1eb20b61fdfb2|0xb1a6cfa61481584450e8339a017bd3e88e59a75f7164159b8a782ab68b8d667d|0xb9aec21eff11ee215d0b38da0d6c01ff3763281a5a489de8b86f23ccd1ef51ad|0xd20abdc5186bcf5eefdc2aa29d9b661cc2e5562e7dd5049a4aa7e26f71f65383,103280155063401279103278621557931676973787481990429525160518038286609849529358|109430934149788726005850413235338570425852969115327822718260154768606807481037|109972397409492568096150251825380576187477288079512953966594096116099533731128|12352186848671020289082604184592504688614070937255799769985284095469682054143|17414397023338607763937300088736418608503586276478383877329300975760030517295|33175284174644524217865212876305090474112054263556930078325827947346403080203|34166982530322566066167935920067259949979758488160832629295377406426245227795|44686704469141249592305840511783651102367630871304092548299115189835193956800|6110759518953208249964100365409946882529112005605394820658865288315922082983|719341067420630728381196859864984567327769393810780877475955600006539823536|73373416942101043279766276190169709457067560689292633825385315556615015258853|98962808385791056786816237208274105612602016332573736456812509420816250654556,0,0,,,NO_PRICE_HISTORY_OBSERVED,,PASS,PASS,false,false,FAIL,FAIL,FAIL,,FAIL,false,false,,,false,FAIL,false,
660461,MACRO_STATISTICAL_RELEASE,2afd8170b1ba0e7a08c0e0ea,July Unemployment Rate,july-unemployment-rate-20260702221240753,2026-08-07T08:30:00Z,DUE_ASOF,UNITED_STATES,BLS,SPY,PASS,FROZEN_V2_1_STRUCTURAL_ROUTE,PASS,DATE_CONSERVATIVE,2026-08-07T04:00:00Z,2026-08-07T03:59:59Z,BLS_EMPSIT,https://www.bls.gov/news.release/archives/empsit_08072026.htm,0ba06c27d3a7fc493bbbdb1cdc33b3f88d415bbbbcb974aa1839b04f32d08c0c,PASS,BLS_EMPSIT,https://www.bls.gov/news.release/archives/empsit_08072026.htm,0ba06c27d3a7fc493bbbdb1cdc33b3f88d415bbbbcb974aa1839b04f32d08c0c,false,PASS,2026-05-26,2026-08-12,55,d9d6b7600208491531c2e131177c1c548be207ba51b6c37661b7a91759112beb,false,PASS,Official BLS archived release matched frozen series route.,PASS,9,0x0aad85ecbe0206ef9865b335611d08ae8d268200cf59846560c60ca9604460fb|0x6a1866c096710b270ada2b422523efa159f6e2857a07444965bba292cc96a57e|0x6a325e3d16bd0384279065c251fccabe0ec8376e9147249a27284cf27b6f8fe3|0x781b1f0ba112bbbaab511db1360f825c25d0cb3c9d14940735c990f89f9019de|0x8ad42f13a4ed410e1244bc45a3f33fd19f212bec44b47906ca9fff6e9fcf40cb|0x964fbf21fcd664109e7968ceca19a2a7951991241866abb1bcb33a80f76b5dbb|0xaf8f8240a378d544e534a7f758617863f67c80cc847d1114d07d8cd187967425|0xe8ee4e5ead3949113ad3483cdc0fca586a15c98def08574e3918f26af0f87e98|0xf7cafcc208409beebaec52a0723756e402c6bdcb151f53c6194a06a95efdaa60,109448053921089997543493345186879413712947473583754974649294901033968182441154|12806171044802123601360760211917394139168037673933887960685825793865759742678|28888230290787597173854799224332192321337981766556158095259688223056280454535|34578388096423259191007640687069292569037924499866747159167260622723898676458|36920726752025048562903314281079182354929333946474385060592291027570804288389|54144808589778315458103226034419434733709169959721746987489851543184822300073|54382626050875131083645496552755550604773269929650577364576021934160679468463|62194247668414524965119641105528847955072957390085590702399192595265808674770|68316549769772514878508507853107081487344790853125376286444577792537343362526|70438009039647181703565523957191759404028314641643146625669658893171579507879|82750223602467499291606317377323028655162457314492192517348580484029014447212|87090316005963206973906920232621155953370001315862279155682552730213362290823|89765366400621536687258229461832063826385219452802981604743459470788801831926|90585467277196813944540132304231101928304994279494259725283366231428610586976|94252043083975188521374767737874201637980517121348509633589713170296468935604|94817036794988760025458081681824442709337349767492782908082024421927415795218|97393304321714653033968601734882176151136767949904708080230085827912752106747|99178791488966245825550935338601748682708521834851941168324766038185797538631,18,0,2026-07-12T20:30:04Z,2026-08-07T15:00:10Z,PASS_HISTORY_OBSERVED,,PASS,PASS,false,false,PASS,PASS,PASS,607.498611,PASS,true,true,2026-07-12T20:30:04Z,2026-07-12T20:30:04Z,true,PASS,true,
35440,MACRO_STATISTICAL_RELEASE,8ebc1b5a721583ef713e8ded,US GDP growth in Q3 2025?,us-gdp-growth-in-q3-2025,2025-10-30T00:00:00Z,DUE_ASOF,UNITED_STATES,BEA,SPY,PASS,FROZEN_V2_1_STRUCTURAL_ROUTE,UNRESOLVED,,,,,,,UNRESOLVED,,,,false,PASS,2025-08-18,2025-12-04,77,c28d3df6e530ef2034368bdc539f5e0d53039abda3d846dc92c835fae41bc3e4,false,PASS,BEA archive did not verify exact quarter/year.,PASS,7,0x0cd53c5a833fa34db56d219593c1e65bafd96ffa6b6067f6ebb69fadcf43b8b3|0x11a704215355775b2f71e6e957375a73c4a4892463f95865b1af853600abe737|0x1c72805915588dc639113070bd4d88ef4e2a75a88660e4cfe33228396f220987|0x82d046bdd7aa14261cc0cce710eb7dd127dc32a3a819c88696c8706dc5b4dd23|0xd36df08d015eee49b0ac966b4bc7641d885529925f4f179dc119ea9176e012f9|0xdca21a95c1eff6d9dd977d032aa2bec9877d96a725c04cf590613de43e6f6b30|0xe19651304fdcf558a7b62dae8b8924b06a067f822e6ffaab5cb354b59652b106,100678833157560128049756251694929249304978176924662786522786770928748231538097|107461127619346617086555060475777958540003824374441902194296416286011947181385|32955382118847926332863196773734896943780631222991239752810449118543692280960|34099932636936296780581170908145896988355877946166705423254233255467566016023|41976091941437224963538095062927640629244924239108237393067530169162419281186|42083095572497766353379054811299951263896978439575982595859812122606038826307|51397787889861007574966422412954690170622500278690053953286723506095597909582|65198536169941590612352972367622330945185797773573434995521330254717465081565|69600311881537641491854681138385179096788521156335804512114507937809292554612|71199949736871593800760202850444155727525661986244515149199145486998266003203|73331308386937789618568580311418017345110265134932966932072761698330355802454|79756197084902875974372518156349861528844462636347666563630807780369034250323|80477661214531999530208762850779065762756223166244148431909875666784473194367|96617501849901253342416312851547116311193694111739432383593943074736796975295,0,0,,,NO_PRICE_HISTORY_OBSERVED,,UNRESOLVED,PASS,false,false,FAIL,FAIL,FAIL,,FAIL,false,false,,,false,FAIL,false,revelation_state|resolution_state|safe_cutoff_state
607340,MACRO_STATISTICAL_RELEASE,1b862b34b1753494c2b7e3c9,What will U.S. inflation be from August to September 2022?,what-will-us-inflation-be-from-august-to-september-2022,2022-10-13T00:00:00Z,DUE_ASOF,UNITED_STATES,UNRESOLVED_US_AGENCY,SPY,PASS,FROZEN_V2_1_STRUCTURAL_ROUTE,UNRESOLVED,,,,,,,UNRESOLVED,,,,false,PASS,2022-08-01,2022-11-17,78,cbe8eb328e0bb1eb2f751caf594bbdf569c1bd18cdc8cb4b73664158828d84b8,false,PASS,Frozen official route UNRESOLVED_US_AGENCY has no exact-series automated resolver in v2.1; no U.S./nearby-series fallback.,PASS,4,0x01302d5c211814c687c8354b2912e86d0a06ddaeef4e2c3726fc45dd1d5d19ed|0xa704c6176b9a4c15bed17b6f43cd08506526b6406863b40363ff35f0c3a18e1c|0xcd6df214be84adeca1e9dc0ddb185f0be08b78bfc78ef5f1214d1bdbe40b9ed1|0xe06bd8f4cb03190e3a7f664c4271e5dffcc8b1dd210ed6389896fc5b91ae0135,104831570771199062031507415323147064620106848135162341873926869627304929863545|109225626155309001447010533071736021383597497822667476520795640818146384822874|17340252955193518321513571484465549266126700163095644610826538039464522027487|24519508508668793026753277874637579008203757299311080286661457049873513711563|34340921030671777330993163206896199620265715446368204065545601862490363110939|42376439734927492815123693252431596956438715830617172834414544574167779373483|54075692996875228891411507837487230232389583272435830660813394437784703970783|61245406435299595431618042256951392770609591366610669058093801941109473974542,0,0,,,NO_PRICE_HISTORY_OBSERVED,,UNRESOLVED,PASS,false,false,FAIL,FAIL,FAIL,,FAIL,false,false,,,false,FAIL,false,revelation_state|resolution_state|safe_cutoff_state
5757,MACRO_STATISTICAL_RELEASE,021c534087dfe9d3089b98cf,What will U.S. inflation be from June to July 2022?,US-inflation-July2022,2022-08-10T00:00:00Z,DUE_ASOF,UNITED_STATES,UNRESOLVED_US_AGENCY,SPY,PASS,FROZEN_V2_1_STRUCTURAL_ROUTE,UNRESOLVED,,,,,,,UNRESOLVED,,,,false,PASS,2022-05-27,2022-09-14,75,39be54bdcca6203cacc5ba4e170071d49d510e72c8b4c8ec463f6aaac9aa054c,false,PASS,Frozen official route UNRESOLVED_US_AGENCY has no exact-series automated resolver in v2.1; no U.S./nearby-series fallback.,PASS,3,0x87d67d51d12d2d7eee3918d63e6b58bdece3c996723bcaefc83bed1c7bd5b6e9|0xd3525330f8d97e99ad6da93f53bcde5b2246e4d34f30b94af3f80894587f3d78|0xd6d1bb2354d1abf1d1f9e8913edb69c0172329ade06111dbb3a3609c1be2ec0c,105929307177745250152959592724427466470045429268031457705945439351146657305126|29732308877193895929483006566072805620096394171598497536543253828965865480190|67380288964561804988445384592606902797668442220258088971782920778681127465142|68457568713923216959512794276174434296390632480900241154985523942108774855342|82901795185038256668452437600593427257330594676040440825753090983172631477836|99444471058920917105138340097798135423991693634034704609898075414806322886133,0,0,,,NO_PRICE_HISTORY_OBSERVED,,UNRESOLVED,PASS,false,false,FAIL,FAIL,FAIL,,FAIL,false,false,,,false,FAIL,false,revelation_state|resolution_state|safe_cutoff_state
4313,MACRO_STATISTICAL_RELEASE,182c580294fc946c98e6650e,What will US GDP growth be in Q1 2021?,what-will-us-gdp-growth-be-in-q1-2021,2021-04-29T00:00:00Z,DUE_ASOF,UNITED_STATES,BEA,SPY,PASS,FROZEN_V2_1_STRUCTURAL_ROUTE,UNRESOLVED,,,,,,,UNRESOLVED,,,,false,PASS,2021-02-16,2021-06-03,76,d543ac017d93fedd2f2be819b23ade01ea5ee3dc68ee48c930580b22da05bb08,false,PASS,BEA archive did not verify exact quarter/year.,PASS,1,0xaa3dd8bc76164fdb608889af0635aeb6fb30ecde9aee738138da12248c773fce,105018756024178004987084590688762953308123958241869228685913876896697203822625|72501379049860471266126340622752889735051781739888752305376023305004191390732,0,0,,,NO_PRICE_HISTORY_OBSERVED,,UNRESOLVED,PASS,false,false,FAIL,FAIL,FAIL,,FAIL,false,false,,,false,FAIL,false,revelation_state|resolution_state|safe_cutoff_state
580298,MACRO_STATISTICAL_RELEASE,b1dbefe22010674972183685,Core CPI YoY - June 2026,core-cpi-yoy-june-2026-20260610150514590,2026-07-15T03:59:00Z,DUE_ASOF,UNITED_STATES,BLS,SPY,PASS,FROZEN_V2_1_STRUCTURAL_ROUTE,PASS,MINUTE,2026-07-14T12:30:00Z,2026-07-14T12:29:59Z,BLS_CPI,https://www.bls.gov/news.release/archives/cpi_07142026.htm,3d423a283011885482980ab7ad83efa05b4b1106a216686e8f0f3aebc53e7831,PASS,BLS_CPI,https://www.bls.gov/news.release/archives/cpi_07142026.htm,3d423a283011885482980ab7ad83efa05b4b1106a216686e8f0f3aebc53e7831,false,PASS,2026-05-01,2026-08-12,71,1ca22fa5f5330fe4b1c21d28960566ec626ed11a25ce98476f5049f7fe2ae5fc,false,PASS,Official BLS archived release matched frozen series route.,PASS,10,0x25457d735ac8863606fccb1182f2f7a501c806cef9746b1ff3b257bd5ea41ed6|0x697825d6953e04594d23b445ea5476f1f6db0ae1d17e1c8d4ae39b9d3c5c7c7a|0x7ea93ae193b84828905684c530c95280e4acdc5f943aa12bb19b68b4f0869273|0xb63e0f0801c00ed0bef14e2c5265bcfa2b89622afaa4fe5773bad6067d8e05b1|0xbfbfbe66121eb1b7ce2e966bc968c59ed5840f59af460612be9a6631fc14f7d6|0xc057e97b93854dba71b86278402504f1ed59fbcaeb48e56d08fa7b7077a7c5ee|0xc4f73f035bfee52531a7d0dc600d6bdc9aadd6fbfef9b664aa1d615fb246005d|0xe3d71d453b2769d2575a1ed3f0bbe244d4cb6950622bb9c42052da1796aa1afc|0xeee8d9e03b113461aa9a774283d9bc8092f9087a42f80c62d9e90f2918714af9|0xf7f918f4c706e2039ade745cc6c57b6760a81b4d4b440aa45fde229d0fd967d1,107222973431399876725832169425219269806350155637996021182304867640377536852059|107292869530568538830289273765815974380356374014748092048484236982378523096551|115417444661724694731844934470900686860413920400134589920704229363745680728993|12181305362071978385609164724602270822550218131956975445726681567812822611606|21112167435707339589216441356106052852544350540687828899317215346831169400379|24952797539366432164625507311598584828671475167925015299720830470521778828798|26046528159561999103130882511916876792241285747316962560771904363124057985527|28762687316487424759233575443087951061625609032050224897944334746614386846480|36474097199044618745188245074754331569756767077416543165492670937164038862751|42793913841705701746050552645758111392531397708034915985381894381273046899011|46003831056114624826522068215571932126196383736691830692358361005741450426249|48472075804159877556186934524261557494537935495865999409783581861749899924626|52210897644091796297471778903466990184678030635837836212650627782108942422356|53347137096530061177392410258701704194202313715039352128717942379766449479892|63245205717702648287323058398298352290712132400549849331543626273502708933642|79293430751017140715359271273513023537865260376216027581914249975981495057724|82856174481228400265667832735533940770656275088105990887887518471465133596973|83367620724255152590277617363836387763683544787651168056213668454561945485199|93519260871323268395323680416990663919483612119531378115201245672741099912881|9519597966758575807455105322845345766919048888796630522980566483321973302509,20,0,2026-07-12T20:30:04Z,2026-07-14T14:30:09Z,PASS_HISTORY_OBSERVED,,PASS,PASS,false,false,PASS,PASS,PASS,39.998611,PASS,true,true,2026-07-12T20:30:04Z,2026-07-12T20:30:04Z,true,PASS,true,
535147,MACRO_STATISTICAL_RELEASE,b6033f5d71cbaca48056adbc,Producer Price Index (PPI) YoY - May 2026,producer-price-index-ppi-yoy-may-2026,2026-06-11T06:00:00Z,DUE_ASOF,UNITED_STATES,BLS,SPY,PASS,FROZEN_V2_1_STRUCTURAL_ROUTE,PASS,DATE_CONSERVATIVE,2026-06-11T04:00:00Z,2026-06-11T03:59:59Z,BLS_PPI,https://www.bls.gov/news.release/archives/ppi_06112026.htm,c42df4e5a0c3cebb235584f12babad6d3f5a1e241bd80b03df1db01973846c16,PASS,BLS_PPI,https://www.bls.gov/news.release/archives/ppi_06112026.htm,c42df4e5a0c3cebb235584f12babad6d3f5a1e241bd80b03df1db01973846c16,false,PASS,2026-03-30,2026-07-16,75,d5c89d1b9f22e18d68debae8cdf7f6f3e40b3bd9ff5dba28eb5d61e824450528,false,PASS,Official BLS archived release matched frozen series route.,PASS,7,0x00aadd4d10a9688294629bc0871541eb89881f387f1c73a14715a5b6bc1dbde8|0x22f5e1d581258f5ec061bae8e6a7e709a50f765f01093b9b505dd49ceb5aed3a|0x248f8080cf48f35bc8761b56defe2295bc2a5a7caeb6219c556db746f54f32a1|0x4c8f07553e59ac53f08a1e69fd917665e5e3531473e6fd775e57628c01fe0cbf|0x601b82afbf32847121bf463a7e1994ebf9eb3f7d541d7778f1a82944c47804a0|0x7a1494829553803eced348256dd0ade2c2ca2faac638126289794ea3189cd611|0xc0f89f0498ee94d99af8abcb9c81f999c0cf2fa7d6ba28f41c98444c22d7bff4,103844370617794281728715966837769940971998720516985780442719111787482583034631|110187270818417173427859049966718814425370812632467163402421528067449148935740|114049453150797151788568964913874569795741828179438828675027865497038994550938|17488701172637482092949170213193063268862313247067191444859740182236371650355|38050678138525420116830458132125375406618135863406881449280955289279645699939|38497705537854519956744875407129326473451676266632210203296624151286457435430|39901348117450395571097539747438243437110174519397576926400874920400379502090|47048204153016585850884718620685632342824924322599568392315020354919152233775|49402810022300307870175061142401309723097356663551793320089514473057935477348|5147222106466252265543075587915047840471217874822348728399860125179158297477|65744381572970840423115957505040142864110309535866128776947879899776670102904|75411466353307919553185255758670288430385378318227568253771623945850811148193|96501801721013933789707302878892898506633331174355167736137073035811395471469|96522566199307987721431589818528622724720995906578476983213530537777852747693,0,0,,,NO_PRICE_HISTORY_OBSERVED,,PASS,PASS,false,false,FAIL,FAIL,FAIL,,FAIL,false,false,,,false,FAIL,false,
524530,MACRO_STATISTICAL_RELEASE,c029ef66695d1cdc6c55d3f9,Core CPI YoY - May 2026,core-cpi-yoy-may-2026,2026-06-10T06:00:00Z,DUE_ASOF,UNITED_STATES,BLS,SPY,PASS,FROZEN_V2_1_STRUCTURAL_ROUTE,PASS,MINUTE,2026-06-10T12:30:00Z,2026-06-10T12:29:59Z,BLS_CPI,https://www.bls.gov/news.release/archives/cpi_06102026.htm,739be8ea007e7a8c2f362711e115454857b5b1c3dba893fbbdc065dcd5dd05bd,PASS,BLS_CPI,https://www.bls.gov/news.release/archives/cpi_06102026.htm,739be8ea007e7a8c2f362711e115454857b5b1c3dba893fbbdc065dcd5dd05bd,false,PASS,2026-03-27,2026-07-15,75,1bd0ea8351f029b610b14de4a057991f0fcc89d1428664dc07b0047a6b98344d,false,PASS,Official BLS archived release matched frozen series route.,PASS,10,0x2403dd39b26d78de046bccef3431a05072bfb9b57e48eb009395c8cdbc17911c|0x4eaf64477dd597b844c8a4d1b8f3b9b137f5801f6c6776db6d3b6865857888d6|0x720293cf3700eedfa1b6046d00ae705f748b89fb36beb03c1cdfd5a4277ec4bc|0x79155cd6f0ffb2004b760e28fee752afbd661f39075a8290d62f6cbcd98cc13b|0xa71ccdbd846d6f025f3829acaa9c80fdff5228784e057e14bdb36f0bf2c49e85|0xa86baff749e5034478ee8350b50943a7ae5423a3b73a83dbc200518b244f4974|0xaa5324480435b9c5b4df19a208e8f94144d2cea45412ad037e7219c87b901a86|0xc2f879a9583eedb352d09e71d5a4babdda6d5ea301c3b194b03a490a19359746|0xdf0708b87785e642e8c2f48f630519c5d680177f3158447b542fb77dfbf72c36|0xe613a4fb3dddf6ff546fa487212232d80537b50a231a06bf0365b53bab33b350,106704606453252988695503100757831562933989224208083271446107719691644647292941|113057514512506711086194336663991154562676137076192703342074409985444783057331|114088149670414300658932636429989720299465401147793698688904514397829753687419|14313483591112769338804544376557793310070236149093734193386974314410832563738|29151291018977345548063529554464691797379875570628822555492219608369955438790|32158559816431242121997349244492106466427122789806559040098840720701861718944|32399175657896794563812510902548810272829970219208943667525840584356064242021|47580421297282345444123009815107894951398461589450074752565473977563124676427|47875438232220989682584321062909142839999546281924691404582924313089866422202|5079224645736421276912823039875631830056741213349608743870181224568482801631|54647313352402372609468250475424519064893175924417036319568469923737461325850|62668761821609086635923496058006814888059496708223263238584938172927907833706|66902449744992539317757422710833810989935278889071339872101773292809053170048|67285878847071167256769964458898929041916714233111583695591967677985274060774|75224223558763893171815949685613580264517879433484758559495887736832533783748|77953409324404842677964544724329662922606192217006297220351429762595236793187|80602623444168148505801821029279488004023032962231720066172265151432663183838|87275450897311777133100412232529459281956440800916920463200867929402946912331|88943249912352584323278435894202771676051362289446668148945084780144724277812|89237376004583855073708857221782975769145626440831144773731050075469861540090,0,0,,,NO_PRICE_HISTORY_OBSERVED,,PASS,PASS,false,false,FAIL,FAIL,FAIL,,FAIL,false,false,,,false,FAIL,false,
193877,MACRO_STATISTICAL_RELEASE,eeeb00202455d7ec16df58e7,Germany GDP growth in Q1 2026?,germany-gdp-growth-in-q1-2026,2026-04-30T00:00:00Z,DUE_ASOF,GERMANY,DESTATIS,EWG,PASS,FROZEN_V2_1_STRUCTURAL_ROUTE,UNRESOLVED,,,,,,,UNRESOLVED,,,,false,PASS,2026-02-17,2026-06-04,76,c02fba1fcc780da52c430c98d1f8f34d33f93e2a127c53f0a9d6decb04e3768a,false,PASS,Frozen official route DESTATIS has no exact-series automated resolver in v2.1; no U.S./nearby-series fallback.,PASS,6,0x7dfd859e8d587064627fe3eafb63332febb2631d40b824a858a4179449625fa4|0x88141f26a8f3168d95f3e39d257e3687690f3e1c73550c91f7b27711282c465f|0xaa4bb07aac3e5666d51aa4d946caac08690cd68a5254292667e48a92a1077a32|0xb0c7a5730b57f3e3b773f9c7510eb014e7662360e3d6a5ebf6cd598cac4c523c|0xb507b48a0d1eb7d1eea1decff27fe3e92b1c727a59bd75f0d02923bb462eda89|0xd5b7920521fdb08c129d48ec24d485d972ed7e0176ca310b8ed3cfa3e7569950,16661899243203008105883097741279462142481778181059773035291444689785298373000|17438124787805771098146516662854822491789561801907595661551037031766430871441|17762336181540037778893063441748454723197788910535434307106946367790143312256|28270929279788550665743603888054973925342966725431998843030852509128144733079|35970985683114783535074784291165037173111102388309574707459181020792191117416|46866506946120750924536949148209876626075663641048458790488451819471915855525|54086326690098615724344136201009687277910723416643142503052605057616020929150|57718590204791591389936056476172754392124264689879837634684576275890927764976|61963241939436107323947819935421591402188327363671859227851574385609713999501|68191121978535535909840385378673937705062724154716147492721677337881016907980|82051183729282116703957800181220519901557221991550081442844035007817858078043|94999145521347191734782084409201494588696802514718071215743759967311827710704,0,0,,,NO_PRICE_HISTORY_OBSERVED,,UNRESOLVED,PASS,false,false,FAIL,FAIL,FAIL,,FAIL,false,false,,,false,FAIL,false,revelation_state|resolution_state|safe_cutoff_state
205145,MACRO_STATISTICAL_RELEASE,bdd132477e50da19c61c631d,February Unemployment Rate,february-unemployment-rate-557,2026-03-06T00:00:00Z,DUE_ASOF,UNITED_STATES,BLS,SPY,PASS,FROZEN_V2_1_STRUCTURAL_ROUTE,PASS,DATE_CONSERVATIVE,2026-03-06T05:00:00Z,2026-03-06T04:59:59Z,BLS_EMPSIT,https://www.bls.gov/news.release/archives/empsit_03062026.htm,f630dbce2de2d06ca07f9a88e9c6e10a2028712958f6cc8f6134a27108e69b48,PASS,BLS_EMPSIT,https://www.bls.gov/news.release/archives/empsit_03062026.htm,f630dbce2de2d06ca07f9a88e9c6e10a2028712958f6cc8f6134a27108e69b48,false,PASS,2025-12-22,2026-04-10,75,f11842729f8e5f2fef1f3fb2a24902060168287151a425cdd8e6eb7ed40b4c78,false,PASS,Official BLS archived release matched frozen series route.,PASS,7,0x40df1e1b05536c1478ebff5e93061fd32702bd3267c55b82191e6154157b5d49|0x498b9553e7fc8c1be6c15044521dcd4acbe4a1825fd8ff2b4bc7f01620b57ec1|0x75ec8fe9ef813a71af41fd87b0c921879f58f1de10cbd8d0128334083c50e376|0x89655f46c06c6a7e50610771a7917477fd36ceae3eba8b32f32a2606c9100473|0x90593b84ace5a893eae323de9079fc81511d0559f077f562837091b7e5689074|0x907063f6183416a6f12df6d82e6ebb19a9608ad5b5c4b2292b2907baf49b0820|0xd9c772f97c60131e4bbb17eac3cdafcaf5f9f9a6b968d038f81c8eff16fabd41,10270132025603717956576530869119770319317491522358974867421015519738388561112|104223504652187611252867342355826849797910667005384097477157049902395006301331|109875273247669376290765397469449460052496828193273176892265202801250078616200|20212333154070710277511207373267819304170087929946661051546973241115277312839|27913978209976879732887443751052319605221642677243433276259477095719588386258|29216621899716166772258198411442630851156998814896769120518980652540258892978|47624021034561511279779472878731694715603140816071433785083415578362972258377|47727655164006561394439310829221497434512522685822037575134581455300954560052|50635252483408850798528717215163591167888131439841955184613244406823883873404|59388246628086840193482571789632381629776834936999239267204554511216527523765|63518130347182796036914688238154611657327759718601362564822019955275320537745|761585678190447107875461447949154778916872005491128487615453603825713257306|82565220266039711814891086746601755055085897216434723418665414997717428524336|96035970696070470412762258887389985189974015127590377267858770295564850834600,0,0,,,NO_PRICE_HISTORY_OBSERVED,,PASS,PASS,false,false,FAIL,FAIL,FAIL,,FAIL,false,false,,,false,FAIL,false,
67291,MACRO_STATISTICAL_RELEASE,4ea620212de5260773eedde4,Negative GDP growth in Q4 2025?,negative-gdp-growth-in-q4-2025-295,2026-01-29T00:00:00Z,DUE_ASOF,UNRESOLVED,UNRESOLVED,,UNRESOLVED,,UNRESOLVED,,,,,,,UNRESOLVED,,,,false,UNRESOLVED,,,,,false,PASS,Frozen official route UNRESOLVED has no exact-series automated resolver in v2.1; no U.S./nearby-series fallback.,PASS,1,0x7a66d5c411a072825a22f42fb6987746d1ab711db3644568f77d8628402ef7cf,55638751273492498581913025406948133391951499285389844259217428247388716295969|79228867486127547722582013577361533931001931848854010236560791457706495619158,0,0,,,NO_PRICE_HISTORY_OBSERVED,,UNRESOLVED,PASS,false,false,FAIL,FAIL,FAIL,,FAIL,false,false,,,false,FAIL,false,revelation_state|resolution_state|linked_asset_mapping_state|asset_data_state|safe_cutoff_state
12040,MACRO_STATISTICAL_RELEASE,40c7970dc27b9941e07419c1,US inflation >0.1% from July to August 2024?,us-inflation-0pt1-from-july-to-august-2024,2024-09-11T12:00:00Z,DUE_ASOF,UNITED_STATES,UNRESOLVED_US_AGENCY,SPY,PASS,FROZEN_V2_1_STRUCTURAL_ROUTE,UNRESOLVED,,,,,,,UNRESOLVED,,,,false,PASS,2024-06-28,2024-10-16,77,5b6d0bd28c4f3e5b8ec49809c3da24b04d27cbad23086aa25ac08e30b7af6d6b,false,PASS,Frozen official route UNRESOLVED_US_AGENCY has no exact-series automated resolver in v2.1; no U.S./nearby-series fallback.,PASS,1,0xc5eea2dd6e84451c1b42b3e9e9c278a1851a02144672bb2cb92368fd022cc9cb,2004953430017559591706676795930843604313660183682228587390083421433958879768|26747589474790680595528828356565476732894545622710420461232524568949829589711,0,0,,,NO_PRICE_HISTORY_OBSERVED,,UNRESOLVED,PASS,false,false,FAIL,FAIL,FAIL,,FAIL,false,false,,,false,FAIL,false,revelation_state|resolution_state|safe_cutoff_state
5985,MACRO_STATISTICAL_RELEASE,c16ffac21efd59a14ab00302,What will U.S. inflation be from July to August 2022?,what-will-us-inflation-be-from-july-to-august,2022-09-13T00:00:00Z,DUE_ASOF,UNITED_STATES,UNRESOLVED_US_AGENCY,SPY,PASS,FROZEN_V2_1_STRUCTURAL_ROUTE,UNRESOLVED,,,,,,,UNRESOLVED,,,,false,PASS,2022-06-30,2022-10-18,77,c8cc546622656adf8f3b1f2a4558414f255332b6da921194e7a0b82ed5d79d47,false,PASS,Frozen official route UNRESOLVED_US_AGENCY has no exact-series automated resolver in v2.1; no U.S./nearby-series fallback.,PASS,3,0x6792deb0450a8b334d5af8b55a8d7699b0050ce9c9b5729231b2abf50334ec6e|0xe18cc5bdba5793d31c5b4494db0c42c1aed1786bf15e5c76bb489cdefc5002ed|0xfdf3d8748777ff73b1dba2a36d8dbd4da3f19a7c1a5ea5c962bc699d09fcf583,20834995597021984173409349876377974833337120459625474876179302773178461821679|57253680805458034118007911770605523758073481916626836512288123417279518963291|88860351292067230927395551958468811922350795840442565334824998581759898715783|92683229236582915601376369980382793828335955460679561446605695238608327938712,0,0,,,NO_PRICE_HISTORY_OBSERVED,,UNRESOLVED,PASS,false,false,FAIL,FAIL,FAIL,,FAIL,false,false,,,false,FAIL,false,revelation_state|resolution_state|safe_cutoff_state
897955,MACRO_STATISTICAL_RELEASE,c0d696bc181bb9143d7ed9d0,Did US GDP grow more than 2.5% in Q4 2022?,did-us-gdp-grow-more-than-2pt5-in-q4-2022,2023-01-26T00:00:00Z,DUE_ASOF,UNITED_STATES,BEA,SPY,PASS,FROZEN_V2_1_STRUCTURAL_ROUTE,UNRESOLVED,,,,,,,UNRESOLVED,,,,false,PASS,2022-11-14,2023-03-02,74,db7580738569811b37a119787d3c4ce9bf867e3984f2685230c906252f599a6a,false,PASS,BEA archive did not verify exact quarter/year.,PASS,1,0x02e2365ebb79833ef9c33709ecd9f15544dc6c6d2261cb4a9453821ac7bb92ca,19449965470477608456908155515308997636197511936429117009030941559413740036873|5431027315743907773170356781800281564120534874188056565529282291486259765672,0,0,,,NO_PRICE_HISTORY_OBSERVED,,UNRESOLVED,PASS,false,false,FAIL,FAIL,FAIL,,FAIL,false,false,,,false,FAIL,false,revelation_state|resolution_state|safe_cutoff_state
434741,MACRO_STATISTICAL_RELEASE,cede0accd367368e8a02f421,US GDP growth in Q2 2026?,us-gdp-growth-in-q2-2026,2026-07-30T00:00:00Z,DUE_ASOF,UNITED_STATES,BEA,SPY,PASS,FROZEN_V2_1_STRUCTURAL_ROUTE,UNRESOLVED,,,,,,,UNRESOLVED,,,,false,PASS,2026-05-18,2026-08-12,60,e4125b98724f65973d312f25992aae6bfa7f6884f75f071017e37180cefef19e,false,PASS,BEA archive did not verify exact quarter/year.,PASS,7,0x2a48c165b2f8792429afe26c4ef2ec2af68889c77c4c9e2627ffac7ef41e589b|0x2fbd2dd1e58234aaa3d9ad3ad8637fdbdcdca5cef384e7dba27f652afd23bc0b|0x40df085761181d25bcdd5715a743ab1b06323b0f68683d3bd2fe7d5fa11b1960|0x4e8bd7c295b79258d3581e8fef733cf7990883127d10e5a41805b4a136574312|0x88cf368125d325223b6f21c2b004448d9f9c22d101cd9aaadaa131647798b609|0xa3a8bbabfa3069a5301ecbdcf5defcdff10b6c2dc7ad2a58b2805cc90f02770f|0xcb0820efdbc7813d883c71a348ca8109cc6d5b74feb928ba3992bf41ba45d663,103169056343954424384137024435755283896651291984533212730373708127282917887200|104491953089327132988936735975959744201167277507522645676071843430197548161175|112908979900148832151621793145763884163025435725280054276892502107303269663032|112981288100893262715534582829684811645854043619075335303546033527048175701910|12033636702048934575174980620105283821896535126994619957411258084569492878387|1633595869994952968463994395572896989777908547081052719801690409206557887819|24605395329831516611912264070298378910974793987450783757978001595832641189852|28161130332092632740496084847714381052380203756076789748692281572377454400250|31554827740659801530674016602086133281594940286717466292351053134379482999642|43887178796467440653214819150052451195326145809616909883240387026441069026114|5122023457748736339426788635039533766352084985845182506621534376035105253046|52392643312486469703515431533460376394451529677416552900106165657712466715408|74637203160770619019504216464469500045380900404795010788558538381707476539362|7511567779832266341114921018377357359307853464974725381802834796902350899841,14,0,2026-07-12T20:30:04Z,2026-07-30T14:30:25Z,PASS_HISTORY_OBSERVED,,UNRESOLVED,PASS,false,false,UNRESOLVED,UNRESOLVED,UNRESOLVED,,UNRESOLVED,,,,,,UNRESOLVED,false,pm_pre_cutoff_state|pm_24h_state|history_state|f2_state|revelation_state|resolution_state|safe_cutoff_state
779131,MACRO_STATISTICAL_RELEASE,93e7ac1373e0f38d932cb7ab,Mexico GDP growth in Q3 2026?,mexico-gdp-growth-in-q3-2026,2026-10-30T06:00:00Z,RIGHT_CENSORED_ASOF,MEXICO,INEGI,EWW,PASS,FROZEN_V2_1_STRUCTURAL_ROUTE,RIGHT_CENSORED_ASOF,,,,,,,RIGHT_CENSORED_ASOF,,,,false,RIGHT_CENSORED_ASOF,,,,,false,PASS,,PASS,8,0x325d5f0bb2d33efa97d64b71b550a52be548e9541951cdd24a8e194a1abbf2b9|0x437dc61cb6ff63317ac12840872042b2d5642f64edfab67286ee92d503b673ec|0x5b692d89907728144f31047127c487822f0106ddc165502c74e70595cd1d7bc1|0x756f9c21e4263d301e9afcbcf3489fe08f82e17758373c1d0bf728f706aa9c08|0xb20e88b4c00ba5c42807a7d1659a8cb8a1e7dd81066ceffab7433ae38652c110|0xb6aee24e7c14cea399fa9f110aff74af3b27ebfb880770e6d9f9881bbbb6165f|0xc9b3de255cdf20594ef28f5f70b0a121fb0ba9a9903d3176362ef8b28bc16403|0xd23c714e5a98a04bbc1765add339d8ac7a9f2cfecb27bac8d88638408b2f5c9d,10501237838132575908256228419858296506813860773127172578487640567818008460112|111409795099638136163337115692333653399599406584305243915002532828559564321585|115187264153924057516625155443351969040452138588454968822229325879949076634377|12178512393790014696435650467949706439442897341490871875970369231315240963183|12304957773396951228870812415104578610579077584393294778599675151769463216692|13253859794492090687027508379001989679918098637230602722539964405634753255851|20689121921907902334732566559705908339926978977876299662460309631875227519503|21258995706170628402725164718957509798205989061920543039694350625849102056177|333314641832813028822487399266366379210586430883620281962008856869339998990|43081871544257636706375891893571686995592621780940831261655724450701382792101|4474605496154897916590824601551433388249266707863423544376636826511259905069|48581509383278914376920122545589955851481825488837130828267777575405555568673|50543168766876320512114373831890677574535219726637755094484630938731622608025|7442215198059809035635167137073081110728557008528990443308262622076101809422|78707877367835773752112963826616740089702756046506863043639633316839331961538|83897649206122342808700715646945748638187424375138759187545811682060405255547,16,0,2026-08-01T00:00:12Z,2026-08-12T20:20:23Z,PASS_HISTORY_OBSERVED,,RIGHT_CENSORED_ASOF,RIGHT_CENSORED_ASOF,false,false,RIGHT_CENSORED_ASOF,RIGHT_CENSORED_ASOF,RIGHT_CENSORED_ASOF,,RIGHT_CENSORED_ASOF,,,,,,RIGHT_CENSORED_ASOF,false,
903780,MACRO_STATISTICAL_RELEASE,7dcaf57268d2b2d25b355a22,US inflation >0.4% from Feb to March 2024?,us-inflation-0pt4-from-feb-to-march-2024,2024-03-12T00:00:00Z,DUE_ASOF,UNITED_STATES,UNRESOLVED_US_AGENCY,SPY,PASS,FROZEN_V2_1_STRUCTURAL_ROUTE,UNRESOLVED,,,,,,,UNRESOLVED,,,,false,PASS,2023-12-28,2024-04-16,75,b5cbdf7a94873fb0f2a0b8e9d9feaab845cce5b224f29f9d89b1366dc1247ec0,false,PASS,Frozen official route UNRESOLVED_US_AGENCY has no exact-series automated resolver in v2.1; no U.S./nearby-series fallback.,PASS,1,0x493cdb70e3e34d53b5146824662e0b2fa45fab8c2906fcba35906df5365726ed,30477998771030769379546453262381760435510954300454560646218315934450558586064|53150098193919570098330588329566768225364218218238330785340892842266384350036,0,0,,,NO_PRICE_HISTORY_OBSERVED,,UNRESOLVED,PASS,false,false,FAIL,FAIL,FAIL,,FAIL,false,false,,,false,FAIL,false,revelation_state|resolution_state|safe_cutoff_state
85672,MACRO_STATISTICAL_RELEASE,fb57a2dfaa70844de78db2cf,UK GDP growth in Q4 2025?,uk-gdp-growth-in-q4-2025,2026-02-12T07:00:00Z,DUE_ASOF,UNITED_KINGDOM,ONS,EWU,PASS,FROZEN_V2_1_STRUCTURAL_ROUTE,UNRESOLVED,,,,,,,UNRESOLVED,,,,false,PASS,2025-12-01,2026-03-19,75,369313d7493db17d02af925d295ce01b5a0b590999d68fc87322634651e8523a,false,PASS,Frozen official route ONS has no exact-series automated resolver in v2.1; no U.S./nearby-series fallback.,PASS,7,0x07b0a4c5a075d9450d7ce8daa2fde8e34baa1983b7c6b946a4a4066657f7e5b2|0x5151a53a297f2dd9fad380b49daedff17157dbbf0c12641adb83a81f31d64a3b|0x5bf53804d0af02cf7e1e601f37d41901e071ceb9682042c84a61c8d24f585d77|0x818f70a21d69690a8bfde74a1c0e53cb6230057d25154bf1f3d52a68cec71973|0xa7df2ed534d736f206d4f6ba975755ddd8fb69d11eb4eadfaface3979581a9ff|0xbd3e44cf514214567285894adf16c2760589d12e55be5f1d14044b8e09ad1a41|0xfef741498cc770ad73d9384b80753fda0a0ac21e1043ea6349291d1359050e05,1097910432674076314634317078828373054773638288659142840893879897846713528291|12009573536279142057571487932462564153002552119541567813835824323041044012788|14413883091299906639241111385083396484100844026509209324426282356642222396920|16095154797691860448366832759498590216390758231411380641868336305398630065997|32161261864871367449566196372714511439634342487925992331893774899150642704896|37581857571278549929583416545213040873756367879498519283101589865454424535669|40192538440058114766661925109838206305686823055443756428707822115529043190046|46436722929429584606214814236634209727776008368540318931103300197181790642253|48384548550416081083219762303489869221179816160142225918402191735062988073423|53862259632006634338575896552672001825217702096775660068321813918458831775735|64148512112489084112451151765903707162507782708410007283939617467890514179860|67226841869259679110998585988135219311381991188195837616892544976456586284316|82339693482931683224665143588191757138589623524928563567835537814840887050212|91138480709591054759767409217436354075749085240127320989878540960823383169009,0,0,,,NO_PRICE_HISTORY_OBSERVED,,UNRESOLVED,PASS,false,false,FAIL,FAIL,FAIL,,FAIL,false,false,,,false,FAIL,false,revelation_state|resolution_state|safe_cutoff_state
10273,MACRO_STATISTICAL_RELEASE,cf54b07bcdd6bc6446dc5354,US inflation >0.2% from Feb to March 2024?,us-inflation-0pt2-from-february-to-March-2024,2024-04-10T12:00:00Z,DUE_ASOF,UNITED_STATES,UNRESOLVED_US_AGENCY,SPY,PASS,FROZEN_V2_1_STRUCTURAL_ROUTE,UNRESOLVED,,,,,,,UNRESOLVED,,,,false,PASS,2024-01-26,2024-05-15,77,110964505ff69441d2d7a92c260fd0b36a0e13c691d60de17264a34b4e917fb9,false,PASS,Frozen official route UNRESOLVED_US_AGENCY has no exact-series automated resolver in v2.1; no U.S./nearby-series fallback.,PASS,1,0xc1cee474f787bc47bbe23c2a0c304344c5f96ba7420f5d812599609708b3a1ed,106048278167758713658814250125421009334644876584302091126431634547098248194456|82068385144522283743182289179838998243099804792845529149087656681515101192094,0,0,,,NO_PRICE_HISTORY_OBSERVED,,UNRESOLVED,PASS,false,false,FAIL,FAIL,FAIL,,FAIL,false,false,,,false,FAIL,false,revelation_state|resolution_state|safe_cutoff_state
261380,MACRO_STATISTICAL_RELEASE,028d0b08771aec0feed56c26,February Unemployment Rate - Japan,february-unemployment-rate-japan,2026-03-31T00:00:00Z,DUE_ASOF,JAPAN,JAPAN_OFFICIAL_SERIES_ROUTER,EWJ,PASS,FROZEN_V2_1_STRUCTURAL_ROUTE,UNRESOLVED,,,,,,,UNRESOLVED,,,,false,PASS,2026-01-15,2026-05-05,76,e417c754eddffe3555a62cb9692644d1969f77fef4b1bc28c8bf45f47fc6aef2,false,PASS,Frozen official route JAPAN_OFFICIAL_SERIES_ROUTER has no exact-series automated resolver in v2.1; no U.S./nearby-series fallback.,PASS,7,0x1af7d94c2646ecb3ee0bd7292e39ff6e15ff55ab70299cd342121d3466d54d33|0x4f0e5c99cb52770413a218edf0219d8a20ad128ff3804a2582191d58ab5f882a|0x689eded285b25c7d1ae45fefcfe3e0b9504d0291c8860a51ee58378fd6379215|0x8c32142ec23b0f4c0a78fe6003a284a87c84c1daa6d4496ecfd6df403900fb71|0x980f4bf0beecc1034957ae1565d4ffedca8ae8d71681c194c850b38e24f492af|0xe6c99c9499316f1eff40324e23a4bc829b0fe591413f96375dea4507e2211bf0|0xfd0fb46b9108ea5cbc6df0d3f466b3030d196bdd1ff7d7c9cd248a9c12c8c495,10198085366514673160444514876267189485872749241714968402213968028060070562915|11029209435913477101245795146239798608747519825168428699739578052098770539675|25111359337735890885727006337326407759736165590268155492482211328231057839381|25199483609524644364894807116175212296267124431165481150423702537120201280550|26512598464827386365851255493154285638994979883377183854951880542769768419607|29806508097766595628532699273654135843615351393568143110489273843019153948833|48638957252212021990179340158783167143028944118115672974644774891433417177901|65418857440896831806372266893408341683711203386965957164325429855062818697669|69309736654596032959862181735750631821736411553805659676694810278788472467968|71851117168610356850010510834980338206819557438192098895119113385896440487151|72826068769938256183595824031844214084817761514439451304434832601675005754211|75709898167364802718889912406726138579061444918023660961097962396034525590564|76137451172068846183535809970177059551613558496659776112126773632363974595062|86638918677263405435344019642517373913974718718167950517273670198228499469515,0,0,,,NO_PRICE_HISTORY_OBSERVED,,UNRESOLVED,PASS,false,false,FAIL,FAIL,FAIL,,FAIL,false,false,,,false,FAIL,false,revelation_state|resolution_state|safe_cutoff_state
901447,MACRO_STATISTICAL_RELEASE,6fb92bb379685533b21728c9,What will U.S. inflation be from February to March 2023?,what-will-us-inflation-be-from-february-to-march-2023,2023-04-12T00:00:00Z,DUE_ASOF,UNITED_STATES,UNRESOLVED_US_AGENCY,SPY,PASS,FROZEN_V2_1_STRUCTURAL_ROUTE,UNRESOLVED,,,,,,,UNRESOLVED,,,,false,PASS,2023-01-27,2023-05-17,77,12c97fd4db362caa9320903b27748c08df6cb9424f850da55aeb237b7df22c71,false,PASS,Frozen official route UNRESOLVED_US_AGENCY has no exact-series automated resolver in v2.1; no U.S./nearby-series fallback.,PASS,4,0x442c929616c276020d4bdea825f5737d55d94457f797c44d1367919806e869ef|0x7d7d5102c4254160c144b8976a01bce0386c8f82ac1676cb02b3f715d1c73b09|0x82942205e81a01e6ebdc0270d883189ac315dd7a7c15b9c954d0274a4df612cc|0x8e573d3a4d20eea411237b3e45de12e264020298fc12613fdbbe5bf710d940ff,100060963868069632033502155234488927308175058398970154947795257468906614116137|106196752497383391447211981957549666905634620546690238367357715778996392449394|18072345329331065095933078257061839848223176117621615362916499634807604425422|34681061019451565749803316927157532757453334445177256373294633533061683689086|45567027332332275947490599168732192678737640396267947317531338302994047193673|70746265574749321199023747820745070019417579552804746343061958981359468523947|81001666523995599303234218403027983062885268372562069994330017021550426115192|92744255036960414022979927355961353599308594363245735720663108970749726154447,0,0,,,NO_PRICE_HISTORY_OBSERVED,,UNRESOLVED,PASS,false,false,FAIL,FAIL,FAIL,,FAIL,false,false,,,false,FAIL,false,revelation_state|resolution_state|safe_cutoff_state
903035,MACRO_STATISTICAL_RELEASE,3e9f03ac66d0368c03cb452c,US inflation >0% from Oct to Nov 2023?,us-inflation-0-from-oct-to-nov-2023,2023-12-12T00:00:00Z,DUE_ASOF,UNITED_STATES,UNRESOLVED_US_AGENCY,SPY,PASS,FROZEN_V2_1_STRUCTURAL_ROUTE,UNRESOLVED,,,,,,,UNRESOLVED,,,,false,PASS,2023-09-28,2024-01-16,75,e5b0f5c3765f884e86786510820fc8006826ad577342f54169322d528c617e55,false,PASS,Frozen official route UNRESOLVED_US_AGENCY has no exact-series automated resolver in v2.1; no U.S./nearby-series fallback.,PASS,1,0xaf463c3c0dcca1e7f5f256307920c0643a2c38132f211192bcfe7ed5ea90f1a4,64174025193543892658593444612917146559481251477690273928013195540387952732062|78628476807521765590768306437299483486033254728645143896258473749503439104977,0,0,,,NO_PRICE_HISTORY_OBSERVED,,UNRESOLVED,PASS,false,false,FAIL,FAIL,FAIL,,FAIL,false,false,,,false,FAIL,false,revelation_state|resolution_state|safe_cutoff_state
203652,MACRO_STATISTICAL_RELEASE,f9f059cd9fc536d297fc5657,Indian Unemployment Rate Up/Down in January?,indian-unemployment-rate-updown-in-january,2026-02-16T00:00:00Z,DUE_ASOF,INDIA,MOSPI_EXACT_SERIES_ONLY,INDA,PASS,FROZEN_V2_1_STRUCTURAL_ROUTE,UNRESOLVED,,,,,,,UNRESOLVED,,,,false,PASS,2025-12-03,2026-03-23,75,1fa1b1076da0ff6eb75eace8057916913e03ab8e94ea6c0657d60cdc7aa4ed7c,false,PASS,Frozen official route MOSPI_EXACT_SERIES_ONLY has no exact-series automated resolver in v2.1; no U.S./nearby-series fallback.,PASS,3,0x9aeee0b2172eb656cf2ef53637750d3fe3d89462b28fb88604d6d9ccc9d62ab7|0xbcb929c33e4c5b63ce5b7f9ba178df06fa8c310c297ca0060385272168d9ed13|0xc32a8f964162d4393f5d5b7309a013207770815572966819e3597e484504b9a7,19603825039795980073775662407131399696117885833382365552133372338957635742304|21051854045768931574388116374180723968930499185824322147436493574863521344734|41246098447850526151104290671090641142178241762453702918262023418246978754544|41514968437299975101132561736681367620208189786241768010094627635719596246280|65692580422085105797335467231574968984859504689115143764472164876443245923996|95543890415820933287804559534185070586316664021149785300307428859830474099236,0,0,,,NO_PRICE_HISTORY_OBSERVED,,UNRESOLVED,PASS,false,false,FAIL,FAIL,FAIL,,FAIL,false,false,,,false,FAIL,false,revelation_state|resolution_state|safe_cutoff_state
10749,MACRO_STATISTICAL_RELEASE,2920c92684ddfcb2db869a52,US inflation >0.1% from April to May 2024?,us-inflation-0pt1-from-april-to-may-2024,2024-06-12T12:00:00Z,DUE_ASOF,UNITED_STATES,UNRESOLVED_US_AGENCY,SPY,PASS,FROZEN_V2_1_STRUCTURAL_ROUTE,UNRESOLVED,,,,,,,UNRESOLVED,,,,false,PASS,2024-04-01,2024-07-17,75,ec0fcc297b937981a956c2c8d134e0dfd34a079f9a0172dc8e1dcba32bbac0af,false,PASS,Frozen official route UNRESOLVED_US_AGENCY has no exact-series automated resolver in v2.1; no U.S./nearby-series fallback.,PASS,1,0x079f8ffaccc9b130ffa269e742a3372f1a54a9ebb0b6bda15e3bf1ffd128e9b4,34778521599761157743559132845567260471104968400581403496931362880036961932893|5799867809961696613525918893683753459212335381114866262642772653196079213258,0,0,,,NO_PRICE_HISTORY_OBSERVED,,UNRESOLVED,PASS,false,false,FAIL,FAIL,FAIL,,FAIL,false,false,,,false,FAIL,false,revelation_state|resolution_state|safe_cutoff_state
606453,MACRO_STATISTICAL_RELEASE,f0f25ec0d088dabe935f85dd,Japan Core CPI YoY in 2026,japan-core-cpi-yoy-in-2026-20260617224131789,2027-01-22T23:59:00Z,RIGHT_CENSORED_ASOF,JAPAN,JAPAN_OFFICIAL_SERIES_ROUTER,EWJ,PASS,FROZEN_V2_1_STRUCTURAL_ROUTE,RIGHT_CENSORED_ASOF,,,,,,,RIGHT_CENSORED_ASOF,,,,false,RIGHT_CENSORED_ASOF,,,,,false,PASS,,PASS,6,0x0cc1e1c057113ea5353b9315e445b022f1c0d95d3f54b1c16ab1e403bd04439b|0x2582a4d6fca2a4888d3d8e7318dc501767d1b7a4cb40824b879841456e23c4ab|0x2f8a229df3db5fac788b20cfad2dc5630787d034137ac21fa44902b70a5e95e0|0x340ecf6c2c5b50d74798106313c80ba4e7bcdc43714de26d9e3b4510fa33be2a|0xb514616d858d366db45d075cc659ff41185f136b4f34516c01dd028eeff6ebca|0xcb1b17b11e423da229ec8c7b94e05710fa9eb39da620016c290b6dda984fd858,107368325226197425058317048663591510062640162034839294536588024823797072832197|45028982555679659611792392467497793053620586557371929512230880496515466121971|46296598752580170743007672912973282641016064377512464907702431406835877997093|47256104038058822839444038797295492725705578686459567426972684591155530025191|50878854449042251922143993504523443172558664678510377416353182906783374369393|62431185122479839994590404961215711559792270601696595522652656490881268755252|62902173558336060306352651085692944460302766362460679401606888220884534168374|6907858705491368924365764924768070123109334511326757109740087779384395951898|71090300499759186768161490573147280850837935910976458421100823434775429925723|73379576103463713294976378804204737827073719627881917682827163910230163368715|91548901007128999970165628812859137362335341878121739246398567526821466051603|96529447124777715998870937708569914974748739211541050885412540018665741961803,12,0,2026-07-12T20:30:04Z,2026-08-12T20:20:22Z,PASS_HISTORY_OBSERVED,,RIGHT_CENSORED_ASOF,RIGHT_CENSORED_ASOF,false,false,RIGHT_CENSORED_ASOF,RIGHT_CENSORED_ASOF,RIGHT_CENSORED_ASOF,,RIGHT_CENSORED_ASOF,,,,,,RIGHT_CENSORED_ASOF,false,
436462,MACRO_STATISTICAL_RELEASE,d68a823d57841efc9e943363,Germany GDP growth in Q2 2026?,germany-gdp-growth-in-q2-2026,2026-07-30T06:00:00Z,DUE_ASOF,GERMANY,DESTATIS,EWG,PASS,FROZEN_V2_1_STRUCTURAL_ROUTE,UNRESOLVED,,,,,,,UNRESOLVED,,,,false,PASS,2026-05-18,2026-08-12,60,d03e061c0aa259a27b76e3b40774ca24fa2174db8d797165f4d55c65d51a1dcf,false,PASS,Frozen official route DESTATIS has no exact-series automated resolver in v2.1; no U.S./nearby-series fallback.,PASS,6,0x00139748aa8dfe595589a72f959b9522235939d0e8b5e488372438a45da2e681|0x0df2be93c060d50d769dcceed5af845bf73c16ea1c3bbfe1d08374767f1a2668|0x5cfd72a3e92385652cf8ec8802a66bfd73164175cf7f0c3d5ffc2a911fff8cf1|0x644762669ddcefc9a59866175ce7f9d59cd07ea715bdcb4e3654772131de351c|0xb3db298098bcb999dc9c91a4515f55ef191b1a9810488e68273d0ffed5faa56e|0xb895a712418096470dd93b6a400958ad8dc8f6a918fea84ed5406d573c6f71ca,10925222309564833005378819691885965564984376584241562143646792772148335728362|1478199542604640566250636327816456438495151618127840728549939801466895103893|2697340178116193352755571874189608135860638818490849894476104692949206325883|30800390194182859686957519654270355577672644113789328834057036745983487411963|44702828512184574462590393280656337537666204335857189084952597136744118178776|54843235949529456871838103338959899604681281792037219354037935943152767585266|64469183589800876556093667300825390177835410491932121260326812485731760532279|75349407260606559636960558114835399843779541269793381283024341311509402535923|82364074575382545133653274627130226902396503541467136346742674300490915889228|90767851998990722393050178689895400115494829512708967734320329105224622965392|94682767842411201087376013870565056485072083622942240903811152865159537621952|96941977780070123266003439866185474467017580944164632950721966362751113156115,12,0,2026-07-12T20:30:04Z,2026-07-30T10:00:10Z,PASS_HISTORY_OBSERVED,,UNRESOLVED,PASS,false,false,UNRESOLVED,UNRESOLVED,UNRESOLVED,,UNRESOLVED,,,,,,UNRESOLVED,false,pm_pre_cutoff_state|pm_24h_state|history_state|f2_state|revelation_state|resolution_state|safe_cutoff_state
838712,MACRO_STATISTICAL_RELEASE,a59ecd1f396d6459bc636b43,Core CPI YoY - August 2026,core-cpi-yoy-august-2026-1786474662954,2026-09-11T03:59:00Z,RIGHT_CENSORED_ASOF,UNITED_STATES,BLS,SPY,PASS,FROZEN_V2_1_STRUCTURAL_ROUTE,RIGHT_CENSORED_ASOF,,,,,,,RIGHT_CENSORED_ASOF,,,,false,RIGHT_CENSORED_ASOF,,,,,false,PASS,,PASS,10,0x180d79a93fab101366039056595a243f879e0f8682fa40367215131cc6020899|0x1d866e7dda4d027480a70b8f928cf1e264e4e4c521efa24be8e626728d77cefc|0x31bca4b4c04819ec0c603d92836fa68e241353e5eccc33b3f4790b5928708e32|0x3d40ba24b8c60586e279dc64324def3f8ee0cf104db498ff13afc4a2aab4d857|0x9e86c2312a3c223cc147552ca99a557329a56155a42ca48e67d1291c045e70dd|0xb58800e6e714dc9defa2ad6a806cc8dac4d944a617c64282a5c7465ecb853d08|0xd9fde4b6d7a94536397780a8442c4127bbb1fbde7391952f9aa2d4fc5450c1fb|0xebe98e62c771f6bbdec956eb11fce5b315c87ade8764849ca865de493401b091|0xf044a58ac146acfcfc5570a45f442540883a4889f659d2d3a8d366abde559d8b|0xff6c591be50c08c9238a82fe3e812587cf0e804986436c07bed650564593f02e,104330981813137477581739291733438731182936617884228128642861434548302492504283|109108489759237740686910589938172128386158205146683900223844105959764015887348|110879698781774972992866325873189461697856058841120843660616321861309542986726|111676121275560479815032092629002658568108231249985083584239625479278985573489|17623787495286733512954066819745050156865366971555050423852089822601553865962|2430801246794813216703932323635141869187172585578113605334024874609994951260|3324244931924459340017197777196190350809525680236576167575460333391469674350|40218267018261180624584302645731645169140812264448273947261855485541390254067|409883319275249861135947405387971873964557759432218229653363451279890633609|45913494438158310417978840280427230519029901535141239400877995181916394474022|63829239813136022926213213239365948979007765208724043287224731394649780472355|72406712541375347502841445609465958603432594332737699849425339822108232321784|73061007136179113264644632694527200986080586501925653342798414797635693604417|80530329626015649422747434907052281057171048026011443907687641269415054576431|80715383029511153404077139921024625445274039955048871500319482506366348472962|81083186130843690472716783839381517106518811667243959907909894323889489750964|86606621431270273700128640078368528790326394924599645255138679311415970686557|90266247259297062748545033747629585931862990639681942757294954153351880792614|91212306644798169009265916183461752705521238319095976981715718479356296174089|98309400924138282485363411115556602785358085861427665678527412271511570096734,20,0,2026-08-12T14:40:10Z,2026-08-12T20:21:13Z,PASS_HISTORY_OBSERVED,,RIGHT_CENSORED_ASOF,RIGHT_CENSORED_ASOF,false,false,RIGHT_CENSORED_ASOF,RIGHT_CENSORED_ASOF,RIGHT_CENSORED_ASOF,,RIGHT_CENSORED_ASOF,,,,,,RIGHT_CENSORED_ASOF,false,
743876,MACRO_STATISTICAL_RELEASE,82b2c9c08bc64c78f726d744,South Korea GDP growth (YoY) in Q3 2026?,south-korea-gdp-growth-yoy-in-q3-2026-20260723231127764,2026-10-27T00:00:00Z,RIGHT_CENSORED_ASOF,SOUTH_KOREA,KOREA_OFFICIAL_SERIES_ROUTER,EWY,PASS,FROZEN_V2_1_STRUCTURAL_ROUTE,RIGHT_CENSORED_ASOF,,,,,,,RIGHT_CENSORED_ASOF,,,,false,RIGHT_CENSORED_ASOF,,,,,false,PASS,,PASS,8,0x0621696d8dcc410d4d3678465d93f00fa9cfd692577aabc0cdfbf81571b150c0|0x3c492d389e3298e3f69f4b3d3f31ed842209e9da3a8c2c64ec2a6119b300afc6|0x3d6834e0026e537608405be33579c91e9b76f09025cb270f719b2f1912403783|0x62ee1bfa62040d79ef2452bd571adb05b6ef18da12812fff160df04521eba220|0xaaeb7160b449979247fa021b2b0e7a43751a1be2c439317e14047a815b06a82b|0xd15a63edf444d153a3ad92742549bb390d6ba24c7c4f5dd32d9cd8ede6cf3c5b|0xf3fcafc618a0b738e43b8b600118f2b916ab85d43a5c82884edf44fc41849bb1|0xf726373992f3e4a57213a8d765b2581a2cbcf2b2a91d7855c7b552b6d7f220b9,101133719303375547794756060925495715853680907030832851721631072897922874911088|102959049489503969829763071944792620682107770337879116619031400220287683271939|106780687477121747499931802234245396332452888848792963590923523085985920433889|115343307895834175810700572194363266346363125155134701513085207181460223347747|19624746600875123937863513931100280050051579760577839372965261120320573382106|22054074045053220484061235626843711388593506658794459708245743535658299295038|2492369077397667385158497684782317623774131736429243508308514780969395196016|27216535637326474720071474273610584623980861934226704362792028669738918048398|40483729787742399871664790974525692924170733207310378793975807980951066129217|43381532778198686430213193568741753347512906343527467598810505520920823979723|51213724429724218261843943895707241579712850141798320122761087888111020410512|54253781166334148040284381664737106982010650641835620305731106307758709048579|55995439219224077253459359769542515383049893725674160445464870145225034755816|74877654726474653610737268866471132500470243770751207537653548012049921139552|87005434324544848597280418368433993135522026469202708300425607066691621827561|94707020973905990864312201458872568962426802359508686201400808700056673067523,16,0,2026-07-24T16:30:09Z,2026-08-12T20:21:13Z,PASS_HISTORY_OBSERVED,,RIGHT_CENSORED_ASOF,RIGHT_CENSORED_ASOF,false,false,RIGHT_CENSORED_ASOF,RIGHT_CENSORED_ASOF,RIGHT_CENSORED_ASOF,,RIGHT_CENSORED_ASOF,,,,,,RIGHT_CENSORED_ASOF,false,
867862,MACRO_STATISTICAL_RELEASE,374636143128161bb8fb2fc2,What will U.S. inflation be from November to December 2022?,what-will-us-inflation-be-from-november-to-december-2022,2023-01-12T00:00:00Z,DUE_ASOF,UNITED_STATES,UNRESOLVED_US_AGENCY,SPY,PASS,FROZEN_V2_1_STRUCTURAL_ROUTE,UNRESOLVED,,,,,,,UNRESOLVED,,,,false,PASS,2022-10-31,2023-02-16,75,a92ffe2d93598a49db77b8f73b517da88125d1debe73bbfaf8db280d23e9c19d,false,PASS,Frozen official route UNRESOLVED_US_AGENCY has no exact-series automated resolver in v2.1; no U.S./nearby-series fallback.,PASS,4,0x4dc49ea1ddaf826269a5691aa1bb9d69509a0616a266d6c69448664e65169462|0x54bd39a293a524d4ecbb391ed056e5da80a95eb4d9ff5b35af1101cc48188751|0xcbe2211244525dd6245c1a7875132215e3c5a1e9e8a1013d996c2dae769b62b8|0xe023d544352833115f5c7a2bc89aba8216adf5bc91de4f59887f0fdc5a682784,103733425057729124746205890891948788956330343109988185796973904151250161115058|106510692201476350018868230541630661022400888634955872483918697719512406430179|115310325787037774283021873748952226199244695677021245870611447234220252356396|18305502723317709192604760313348150424931333917074943556297172461415884491615|54183509765298175804953169181694278231007853239508428409398888321719986478377|55501707684130134810893095134828672275930683163464570609158276445492087580931|68650275185894740399540419005061824687173119199530848635801508579328324648803|80160627816687864064395435425332409156776985951929833876693852205494069645116,0,0,,,NO_PRICE_HISTORY_OBSERVED,,UNRESOLVED,PASS,false,false,FAIL,FAIL,FAIL,,FAIL,false,false,,,false,FAIL,false,revelation_state|resolution_state|safe_cutoff_state
15392,MACRO_STATISTICAL_RELEASE,697916276272434058105239,How many jobs added in December?,how-many-jobs-added-in-december,2025-01-15T12:00:00Z,DUE_ASOF,UNITED_STATES,BLS,SPY,PASS,FROZEN_V2_1_STRUCTURAL_ROUTE,PASS,DATE_CONSERVATIVE,2025-01-10T05:00:00Z,2025-01-10T04:59:59Z,BLS_EMPSIT,https://www.bls.gov/news.release/archives/empsit_01102025.htm,69f8f60f50452ed2b5b9cacf527eb673217f0d791b16f8686da372f83a56191d,PASS,BLS_EMPSIT,https://www.bls.gov/news.release/archives/empsit_01102025.htm,69f8f60f50452ed2b5b9cacf527eb673217f0d791b16f8686da372f83a56191d,false,PASS,2024-11-01,2025-02-19,73,e5dbb8ae512d41000b15683460416802843c7aa145ab0144b6d13bd10388cd14,false,PASS,Official BLS archived release matched frozen series route.,PASS,6,0x026bd42df2b17550ad5edceb43f95553b254deb94571905c5338cb3dc5a801ab|0x60262fed29cabb3ecbcf9ee404cd1612fafbd5cf566b3871ebe95712f560b556|0x89dd6daab7f5645b4445e78b8d2a72f5b7e3f4e33ae31b8b41fde2565906849c|0xd38c59c42b6d1b0dc02b8f70bff0e8dbe8cd4111f6bff706226fe54b893ca361|0xe14c50866db2d1f77426253620a607746fdb1a831682ed43227fcca44e3b036a|0xf112a927d48b37e0741f19f4c9fb8ac7d40442432762eb4e7c72090cd03e3a82,103895320840576643137203692318482806995061414070505523362935377687761041845937|109686421201862562405912282585129789520334582468120759271909835091438519914598|22788930954148400734587083013787192003648410704381206878826382874625577557673|2799153640347060581865810576782633779851633567405657383706391566169284913214|53051558802850738375216268622112393647080442751369684842555630919599256323309|53080503420468260811630082089497411231102581696844860558603222108570230419338|7518679283562904997835127903536120046333956523684059656150433345449220403910|75364760328714294941178871008032753645829157465617651910932350991104668143844|7634153278606536626195517615958658630432421137122487011943946236952853700893|77766744782362599872351065234194383230042502922768551844786563582454184297225|94624931272433541674825347172122767822415044111481835779739886996351471790584|9558702361558966702525405713416012344919380138572986773551126043450776439711,0,0,,,NO_PRICE_HISTORY_OBSERVED,,PASS,PASS,false,false,FAIL,FAIL,FAIL,,FAIL,false,false,,,false,FAIL,false,
83746,MACRO_STATISTICAL_RELEASE,94b1189c584fa3e849936134,November Unemployment Rate,november-unemployment-rate-765,2025-12-05T00:00:00Z,DUE_ASOF,UNITED_STATES,BLS,SPY,PASS,FROZEN_V2_1_STRUCTURAL_ROUTE,UNRESOLVED,,,,,,,UNRESOLVED,,,,false,PASS,2025-09-22,2026-01-09,77,9b4d9c599a0663abba427a07686979b4c7d41a394751c4a844af1f051f8b9cf7,false,PASS,No exact BLS archive page found within frozen ±10-day window.,PASS,6,0x01bd87635c952eb40a791c61c56643f8b0f823a1c39e39d23be07f9f6d7eb145|0x3e2e7347226192486b09405a039f2e225ae8267e0886ddd22e89a418b8420022|0x810e274c97ea8bb73d9425c7dcab082a30fee7914c95161fa4b47a22e87e530c|0xaa23f9457242ef2b7d297cc67ac99376d43f67fa0af4e3389a2ff6fb6de3cbe0|0xe52215f8df326726c52d903926e4939e7ee7e23a2f68b9c814c2fb084c824615|0xe5393f99e079244e07bc244169cf54fea3a167d3d4aad55b0669fc4d0a08a74c,105881706191328976190525008903800515002858769177947829921340659866000531965012|21263096327420223873934382675983651735370798212312679603567239285970192095101|22237189716352937255204923738479657365876348965683923229204863152247368212987|2456175065792455318996317372857348230979335242127626583449628159614625295895|24707812864756888394355685245916084142658800352791896311121084574414269480819|40048193223443903819295228614284528248051500701768613476913938724250929517887|56344500063541004598795558881179235654219549293679171911492759163068676017422|57679752286881401140935554988754916931267706035110190975317925099373132015343|65940151081622850773995921003142252566483499825333396433423542294130286586532|73903606178331968761038769942564952270382764022998836786102016669607250031969|74900694931674635364617383328500474664063655122286398022894517079373429094880|86030415603367904305508231306803217999113246871162090256914507958809266227725,0,0,,,NO_PRICE_HISTORY_OBSERVED,,UNRESOLVED,PASS,false,false,FAIL,FAIL,FAIL,,FAIL,false,false,,,false,FAIL,false,revelation_state|resolution_state|safe_cutoff_state
901284,MACRO_STATISTICAL_RELEASE,cea4854deeae717dd0bbc57a,What will U.S. inflation be from January to February 2023?,what-will-us-inflation-be-from-january-to-february-2023,2023-03-14T00:00:00Z,DUE_ASOF,UNITED_STATES,UNRESOLVED_US_AGENCY,SPY,PASS,FROZEN_V2_1_STRUCTURAL_ROUTE,UNRESOLVED,,,,,,,UNRESOLVED,,,,false,PASS,2022-12-29,2023-04-18,75,b56d9d8261a70b0b94edcb23c0084c567b7c502b59760edd220599bea0856b47,false,PASS,Frozen official route UNRESOLVED_US_AGENCY has no exact-series automated resolver in v2.1; no U.S./nearby-series fallback.,PASS,4,0x5a39c3109a14e6ce9154d74cb23a9834689efdbfbc22e436c25ed9c305ddb19c|0x6013aa7243f1041e8416a35aa9adb9f9c7fc12bff5ecb9d93ffdcd7c2c2e7d71|0x665b3ebaad5140dd834a56d90a222ee5a736d750e213b0904c0e1a40ffd307f8|0xaa015c3f1c98c803d9146c45d4d61210e39d527f54ac669f075220fe9241fe9b,101927747007796171963577821952057835097169255990915550959709990857786851169322|28349163742840491266325329359275686267463409471244237386207663094142968040727|43011227500433636504297277148920618759533236221972041276609749369036964501507|60110662131822047017887240146181114381769812102477039310647203428150648318485|6094112818718884960800538219134526253224718425944801018294031889982745761739|74799329906555500276051864386762919947162753114997930765100273622336273410264|93355814860318495484997535800604567125077225463893938140482950452536565110279|96537809420840466608184212870898744610804450417891659721275861769318618335859,0,0,,,NO_PRICE_HISTORY_OBSERVED,,UNRESOLVED,PASS,false,false,FAIL,FAIL,FAIL,,FAIL,false,false,,,false,FAIL,false,revelation_state|resolution_state|safe_cutoff_state
85686,MACRO_STATISTICAL_RELEASE,425c2787dc971c97d1a04d41,Eurozone GDP growth in Q4 2025?,eurozone-gdp-growth-in-q4-2025,2026-01-30T13:15:50Z,DUE_ASOF,EURO_AREA,EUROSTAT,EZU,PASS,FROZEN_V2_1_STRUCTURAL_ROUTE,UNRESOLVED,,,,,,,UNRESOLVED,,,,false,PASS,2025-11-17,2026-03-06,75,8babf6cb4987cf16dc097ee3c16e6d3e2b7812006e4d0057f6f2b0c64b3acfde,false,PASS,Frozen official route EUROSTAT has no exact-series automated resolver in v2.1; no U.S./nearby-series fallback.,PASS,7,0x23172a50b7e9e6d1a07e2c44f52bb454c09df8901d1905adc4d2d0a1b99be480|0x3afbe4a0e50feef6811153dbfc8c9ab50c842d8e588b16c9750ac1e6790b753c|0x3ce591268d1b6d897378c1a8a21319a1236458f68d1080867c6ca65c4085d4cb|0x4847f6c42fe518521ed7a834492a667c6658a13e6961428572f24d9908b40be3|0x713db28ef28a84c5ce06be015003a2631391d06e3a4c4ca5a141ed1701bee84a|0x946be9e258fd30081d2a7e04a8740024064e90d1e1c35fa7ce1e3766ee886f49|0xd8adc569bd648b6dd4ab8bdd5411fe0bc9aa7f532ec5fab901d2d7c7228b441e,101280545252230196709612662547351193401671211615292361472169809939383373102347|102632707123612580840780626053354248678088409090427944488143544063548021640765|107720087367940103541883960733608217849288692534954219144124233550857027122534|15345016576240767802344040184241719541187802815485829163960542817468113200300|16287140029223092815722155834448357795436639278741898321047374360284247168988|2146994180335778911136867024022848832785672199494489252305654724747638722693|24814611013740858013254881191810925096165203709772711706276380638259291205267|32766117876773578086228958505767356147117667994209144188269185689815069579493|41904930467890002104102547531145137896685180540754925696113055154958156775097|42404736617485895513697018962137531240777619866727320158233039232232935344615|44989796799450122753294145450138423493021416078028303440920891030439679720866|49521283066549759553126155119939822308512842480093909058077969314905636908763|81818323450730610264892638688318106086424908386232101524150094570570353054676|86017103305458811935514526036626695507764469734615232314648446580646411283490,0,0,,,NO_PRICE_HISTORY_OBSERVED,,UNRESOLVED,PASS,false,false,FAIL,FAIL,FAIL,,FAIL,false,false,,,false,FAIL,false,revelation_state|resolution_state|safe_cutoff_state
188924,MACRO_STATISTICAL_RELEASE,7b7a99d5afd610c9ef0f7cb0,Oct-Dec Unemployment Rate - U.K.,oct-dec-unemployment-rate-uk,2026-02-17T00:00:00Z,DUE_ASOF,UNITED_KINGDOM,ONS,EWU,PASS,FROZEN_V2_1_STRUCTURAL_ROUTE,UNRESOLVED,,,,,,,UNRESOLVED,,,,false,PASS,2025-12-04,2026-03-24,75,e83712bd323846ece6b2b0fe5cd06b915628be65d7226cbd82a2fcec40d9c0d4,false,PASS,Frozen official route ONS has no exact-series automated resolver in v2.1; no U.S./nearby-series fallback.,PASS,6,0x2276b1aee8689499455fce99443a8c72651e506e8f11a43e21db0c081973ea99|0x2f09716fad6313e2ddcd70bbd9ac0e385335da56ec00d3861eb508c24fd62869|0x7f6ca9e1139a7e1f54d3b1b91e5a60691d8d0caab46ecbd6463ccd195a86fdd2|0x90103faf39a032e7e874ef1f2d79a7b874ac10133c25b5de876b2a9d9fcfc3e2|0x9151342ef0e3c3356ff0f1aa0128fa36db41d207ab190fbc0aa9913679739e56|0xcdedcbcdb39a51622d7b610b847cd17aee7cd319ac85d3edc7d04f6dcf3d2bbe,102355870374158619094585032878320326899758239588090136099674864249514439240585|103673087806661003333850601390870445343985387933775991257097329975545874725198|115209329486899944363479340317039161556834510713906598357794625482891141382058|32776920928960376481360570965921673943744517398209884514901284490729185616510|36553369781292356201721594986414398138822913177031602984606941815835278091590|43809213281130607895278070334437329853633435972936327332600539319060019058033|58421896551184929268468250100534261937505531982694204476419759296242193167661|59495972699091431503085689348637924093969698307281764368581771246530029552668|74220959243362316346942737544152405360706251796498911910204538329551099257185|81184344828615313369872650774875003334485280445148698858669752092091109489478|8136889048758535341323180372509907715204330336959395410143924745190323096419|8744189327526034789063319721495417896755819045245117518447034168456871835890,0,0,,,NO_PRICE_HISTORY_OBSERVED,,UNRESOLVED,PASS,false,false,FAIL,FAIL,FAIL,,FAIL,false,false,,,false,FAIL,false,revelation_state|resolution_state|safe_cutoff_state
12373,MACRO_STATISTICAL_RELEASE,8564940fe52dd64368ba8666,Unemployment rate over 4.2% in August?,unemployment-rate-over-4pt2-for-august,2024-09-06T12:00:00Z,DUE_ASOF,UNITED_STATES,BLS,SPY,PASS,FROZEN_V2_1_STRUCTURAL_ROUTE,PASS,DATE_CONSERVATIVE,2024-09-06T04:00:00Z,2024-09-06T03:59:59Z,BLS_EMPSIT,https://www.bls.gov/news.release/archives/empsit_09062024.htm,2cf2139b767f987cda9b9e5ae713e231108a31237422eaeb46ed69cb0d2a3c94,PASS,BLS_EMPSIT,https://www.bls.gov/news.release/archives/empsit_09062024.htm,2cf2139b767f987cda9b9e5ae713e231108a31237422eaeb46ed69cb0d2a3c94,false,PASS,2024-06-24,2024-10-11,78,4e6a3fee42f0bba9c4249de8624da8ae5b5bc9a18e1718e2056cbf7033af502e,false,PASS,Official BLS archived release matched frozen series route.,PASS,1,0x59829579d22f803abe1f7ecb32d3005afc1b2bc4a890ae7a4bc7ace9b561559a,14407072844403660506670819307421658325972978526241009609994394555186968913537|40222188708187255386638234204346175117458095678451553446207971000059739183326,0,0,,,NO_PRICE_HISTORY_OBSERVED,,PASS,PASS,false,false,FAIL,FAIL,FAIL,,FAIL,false,false,,,false,FAIL,false,
11828,MACRO_STATISTICAL_RELEASE,aba76d7ca3878433213ba217,How many Jobs added in August?,how-many-jobs-added-in-august,2024-09-06T12:00:00Z,DUE_ASOF,UNITED_STATES,BLS,SPY,PASS,FROZEN_V2_1_STRUCTURAL_ROUTE,PASS,DATE_CONSERVATIVE,2024-09-06T04:00:00Z,2024-09-06T03:59:59Z,BLS_EMPSIT,https://www.bls.gov/news.release/archives/empsit_09062024.htm,2cf2139b767f987cda9b9e5ae713e231108a31237422eaeb46ed69cb0d2a3c94,PASS,BLS_EMPSIT,https://www.bls.gov/news.release/archives/empsit_09062024.htm,2cf2139b767f987cda9b9e5ae713e231108a31237422eaeb46ed69cb0d2a3c94,false,PASS,2024-06-24,2024-10-11,78,4e6a3fee42f0bba9c4249de8624da8ae5b5bc9a18e1718e2056cbf7033af502e,false,PASS,Official BLS archived release matched frozen series route.,PASS,6,0x287691ef015e94db805a833d9a51101fd2a8199f6b59c20101a909ed969a9f72|0x308b41cc4a474399dae93c047b50e5b46a36c891b14a98b3d0a75825459b8916|0x309efbfb7a86eab17b4ec1a8dea749952b0904b9ed3ecf98242bf2ed0c73f533|0x6865dfd806efca3a6e909fa1435cef59a62fa6cf816d0946448ddb725d15114a|0x79d04f27bce77a6831ddb749e90e18e25f6b2723971b2c10f629ca846b7ac06c|0xca724b959f18e58c5562e72446839603a14db0e871b991da2142d261909fe270,113227357890628568944340977255606215281393722394389044016541673983568265345481|115775080150292971333618280621672521166739185351885815056570199434033256089641|33981788618234591060399470829584588069927823017977081358520124357750992623809|34338391047117926641654356652821385227712940776583818627496511776923257284403|37254347691750543389581742035946565043742928732208591648803456999258592893077|49420549909695984916686466243848328478947263982699168598304176023341688449258|58302748824830716885971019448805816763486129445131843568689957551267038494804|59365586124350583026085160524595211420765460107984196025405785402893455807144|64638297774487724882236719929629725911275712878864430175028133904354128071695|7442459428504772402049915553214994644228583839374840495496608772780194435532|93203652777157827769037035816323167036702111377215442902128326845994896953172|93522842616498835173220417449443908002397393697881465782823574374310037149358,0,0,,,NO_PRICE_HISTORY_OBSERVED,,PASS,PASS,false,false,FAIL,FAIL,FAIL,,FAIL,false,false,,,false,FAIL,false,
119828,MACRO_STATISTICAL_RELEASE,d8958f394d663b7b351489fd,US GDP growth in Q1 2026?,us-gdp-growth-in-q1-2026,2026-04-30T00:00:00Z,DUE_ASOF,UNITED_STATES,BEA,SPY,PASS,FROZEN_V2_1_STRUCTURAL_ROUTE,UNRESOLVED,,,,,,,UNRESOLVED,,,,false,PASS,2026-02-17,2026-06-04,76,7550c45d863ca8dd16dadfacbb933bf8732c265dea86e97a4173f8f00b200d6b,false,PASS,BEA archive did not verify exact quarter/year.,PASS,7,0x05260e1c44dc94aadd963c29e0005618d4b9975db01f0883e01455c729a04cf1|0x0535dc9983df3f59fb2aec1f0ea770507dfb58514643142e335c06f0edace923|0x174f4f8447b716603444fc4df4ff9b0dfc3cb29ef74dfacb6cdee6ff98cbf54c|0x3e7559e591b2e26807d62516c35d2065576ffb23a94d57db0bdce887767249d6|0x574893d630a2d42f13f16cb22871a678a7346ec0ab480100646e66e0f3e70f36|0x97cd691b804fac9b04a67ba9b3c0f813b49b330059f8d2a9c0415da8ceb12e41|0xbf7d903a72d0450260093c13010a773f138ca61cfd3e9a7022ef058c255fb79a,102700011633198620937727392877418767357871549962848664591821473632337291331728|12382710472556453063692052732196770949895472196987250399453175777527226749512|14606350934279165148995924069985049428222806454814983832628075764205972537326|25390561232626097563943253274844960304736612225523955854268640501555880822189|27446872789153049108489766152164671022306224335034702728935660909231056910488|41614991701871020344796945767107485930030446263861944599908381884165143531|4308123005073980664178400109363914397836898263852913629995172670320641056496|44745666790147483483102925265486873423985910293323974146050111716317129269328|62741540586810785796611679100995722865508821499319734929274882283929330917217|63947883959641335451072695790413962116558082302037547590881092469642743516211|68506853364364663519695058075680145988303468158608666604565985477228965972050|72070466351937050071025317465495808068208294483994620947333987378762813779330|76166318607448739120397461324463958137448578261884289535483817031186102931379|92985525812362612584509867415467136703806461559766436088829522319853733528272,0,0,,,NO_PRICE_HISTORY_OBSERVED,,UNRESOLVED,PASS,false,false,FAIL,FAIL,FAIL,,FAIL,false,false,,,false,FAIL,false,revelation_state|resolution_state|safe_cutoff_state
436440,MACRO_STATISTICAL_RELEASE,da6ad801074d899136a481a7,Eurozone GDP growth in Q2 2026,eurozone-gdp-growth-in-q2-2026,2026-07-30T06:00:00Z,DUE_ASOF,EURO_AREA,EUROSTAT,EZU,PASS,FROZEN_V2_1_STRUCTURAL_ROUTE,UNRESOLVED,,,,,,,UNRESOLVED,,,,false,PASS,2026-05-18,2026-08-12,60,13125d93960b151b46373e1466f743eb402f1bb903f79f8007d04b78880abc71,false,PASS,Frozen official route EUROSTAT has no exact-series automated resolver in v2.1; no U.S./nearby-series fallback.,PASS,7,0x005609b51e824a123f6a3589a43adfbdb72ddfe89f4748e25b7242ccfe2246b1|0x0e7854c0cd56963325cf92d3703fdebd58a41c41a3a9b1efc497d0bc3643b259|0x332795e682556e4efec2cfa897e6be12f7793d79af3baa1e5ff303497e0ba8f8|0x4d6bde89ed147bbcd0ebf677a87bbce6061da030f500998b32b0aa44f50523e7|0x87a5c99bd094a04016cdb92924a8da7f448d7f015e4ca22060b6bf8533a6da97|0xc7278221c82a892056250c1962fe445b6c1ec79c4bd956bd4b9f9a30c05e3127|0xed252bf95df9e888ec5b4b5136afb3ab0845c82fe17bc08d0329eb22f835d53c,109144503803899869622693257125535602996874057344834830360999456404516813336648|11227673798842705996609875237837842596913136830362795936817165192152279322329|17579184037431576933068754201027497243391637726661146322871283399637980206940|2851619661649105271804595696661351886825427693605899798854124287743831911331|34722083333677660018395776598384917013082394720846770369389119908185437169902|43644269696740655453366560723821947868302965884297484950377644464302057308341|55387843844617163148243040540829446918213911363682061993958393146736619629324|61982544117759954392979288952610867068005273776946481647428940442243451384399|65321540647114988848079310008957315327035761317192170271521313930107057885459|76393215209524382287008498559729269182557743157942518327215166353434539939919|78344142987269329837270222210099435156323576440284128981461377198646775425849|87864863909188494481815553151058920634027307881918033777124231513372581317137|89111778451036539934186650193926420698298235318957124575089072642915487746655|96568402106352917104456768516462075009317834220507856469252099528781386133775,14,0,2026-07-12T20:30:04Z,2026-07-30T14:10:11Z,PASS_HISTORY_OBSERVED,,UNRESOLVED,PASS,false,false,UNRESOLVED,UNRESOLVED,UNRESOLVED,,UNRESOLVED,,,,,,UNRESOLVED,false,pm_pre_cutoff_state|pm_24h_state|history_state|f2_state|revelation_state|resolution_state|safe_cutoff_state
462423,MACRO_STATISTICAL_RELEASE,bf47508740301189e709af55,May Unemployment Rate,may-unemployment-rate-168,2026-06-05T00:00:00Z,DUE_ASOF,UNITED_STATES,BLS,SPY,PASS,FROZEN_V2_1_STRUCTURAL_ROUTE,PASS,DATE_CONSERVATIVE,2026-06-05T04:00:00Z,2026-06-05T03:59:59Z,BLS_EMPSIT,https://www.bls.gov/news.release/archives/empsit_06052026.htm,5fe2f97c20a22b0e57cf42899f3c928c0d3ca85f04253f38fd6b7f1399a0b842,PASS,BLS_EMPSIT,https://www.bls.gov/news.release/archives/empsit_06052026.htm,5fe2f97c20a22b0e57cf42899f3c928c0d3ca85f04253f38fd6b7f1399a0b842,false,PASS,2026-03-23,2026-07-10,76,05881fd0cdc866d45b16fc62c6cb673c8739f6ceddea7318b07e3523e5dbe184,false,PASS,Official BLS archived release matched frozen series route.,PASS,9,0x5dd8b182003440f3b36b2219907057271d154a7a1303550fa9cc98202715cf88|0x718464c8223d9ec682cf01f90e21ac774cb53e4c055e04b2223a04ee7d5a5128|0x79cda13f05442370aa8e3403c230cd5157c3cdd07e3b446d8d828a4dfd650736|0x842e07723da0d7e62968a927cf5018ae0313cab29292ff0d0d9a4aeb3dc98995|0xb7d7b176d9e929a4a7bfb047cfa77bbf6dd6ab0e8637209a53230dff829630ac|0xd19771d820c0874d9e2a1c427c96fb6b4aa6b5742bb528b5518fe60dd86b503e|0xd232fc47c9f6de8d313e701a8cd35b6e5887917f20389d92c88d387fdb29dcf9|0xd55867cc20f58b22c25dc80b53bdb3acf0f45895d1a05cdc8f6e27844f6d81f4|0xfeb36a1484d0a2f9ed1a9ab69fb4d8119299f7d5af47c4c331269ab9af4c80cc,101753902623663696959913729192585951537019101400579167093466468557265188561104|103587714170028195470075489470832698259317826117143186529883609536938313050321|105826162529845245153129244933209712793274648507793805858067730494474569539737|109863271476350775364204929555710980815298011980248001456756334179289709020927|110292554105549778229978962934684323258876466684156421901019535625551544371900|33710937937900257533575219782752149431491728789631476942602188830788264291540|40206365244470314474166931240692992963125832634339911057666075660234599260114|41651004171728616923992018651178198802301544946287957095965735146475125060482|51419465594899097408956125228983675838247460610446343572280632193472413614799|57577573049069649628207429842520681179517345559147160429454711720037921226436|62177022534771664534790226074968627672886989074650694300882038588346681840653|68048378105589892555600828853246871327275545010913684675905762900056936337638|69711187269501882175992096613891407237873404151330597738219635896837383650425|73283096720859038187878982802516946131929200694625389688771518671620572021381|79799426347991265272672580653784437869028496962719324173527113354988933129261|82533894151927482928784363067155186005861440149363677380932465723057225958848|85392980678644165830998711758920669584629329452944205844880702992251871807476|95888369580042880367571812709374170617973081223076610247583058613806207485044,0,0,,,NO_PRICE_HISTORY_OBSERVED,,PASS,PASS,false,false,FAIL,FAIL,FAIL,,FAIL,false,false,,,false,FAIL,false,
436403,MACRO_STATISTICAL_RELEASE,a0278ff740835321555756d9,Mexico GDP growth in Q2 2026?,mexico-gdp-growth-in-q2-2026,2026-07-30T06:00:00Z,DUE_ASOF,MEXICO,INEGI,EWW,PASS,FROZEN_V2_1_STRUCTURAL_ROUTE,UNRESOLVED,,,,,,,UNRESOLVED,,,,false,PASS,2026-05-18,2026-08-12,60,4210ee60896b1332f6fb9357ea2a197d621777ac206c853fdb17e55d7860ee57,false,PASS,Frozen official route INEGI has no exact-series automated resolver in v2.1; no U.S./nearby-series fallback.,PASS,8,0x2bc6ae80f1e357942bd8f6e96b239dde44a5cd6e9f3c3a5eca5b9ff1729f849f|0x53cc7f3da61ae2a3fea6ffe0d6a9e5e5839dd3e9466ebdb3b9e597ce175c9fce|0x99285cb79c85086cff29e78f5fca5b48c27a0311b826ec85ca460cf11654e6ad|0xb5e81ed4505222492089b249b90ae7cc57b8232bb8b627902496bddc8679c94a|0xd0b445937bf46f3173fa2956931e21fbeae2a3ecae60609a3dd28e41368b368b|0xd73bff3092e0c4bf0a35da772b59cba3c069c980b4a1656eda2c886031587e17|0xf2c6911c8dd33d38eba6f65719f58c61b6954c6b2021d202f384c3e94ff2925d|0xf57d1b36540028b10c42ba351ab57a7a9592e6cf86fd63ad1a692226128ed629,105324880435496366762829535725392173078532040756497683741862393476257518242459|109179173629702361290823364266995875506840882263019265902342559697768552300056|114828405119000871459421112459290049028409024586075896396388677356167702061087|15076759351447007792809865863479892076826013657507842976226795529369625003717|20780885833159347484866225133688781903184180011223905964567249593364451855540|35706631696969517117160262069899339549977216474144944921996370235450482298957|37422751251707908305058925730579368037742090250883840926710707675917594957197|39267069769274730686182339851610376240202551473251597733192329618063608268445|51049297515185287163791879110610938750653400889775940672763853091859961353344|58912579204143480073801841812368042110973426990611983048278918793168501325530|6109274829628923390560297093235443820440752944732100848151275692629595617907|65687436731689302986422829447285175467380464512415657754988909530644791686166|65904041371683649102956608040898831334518564539474117459474639038327812930448|79002879558454165612750879745349803253476225846402455612733853338231969529901|81105667225135595080172181986138981673141014747672459696645179901577016137242|83340864069314909470252409411560590912473340889149590443871743988792344994191,16,0,2026-07-12T20:30:04Z,2026-07-30T14:30:25Z,PASS_HISTORY_OBSERVED,,UNRESOLVED,PASS,false,false,UNRESOLVED,UNRESOLVED,UNRESOLVED,,UNRESOLVED,,,,,,UNRESOLVED,false,pm_pre_cutoff_state|pm_24h_state|history_state|f2_state|revelation_state|resolution_state|safe_cutoff_state
197105,MACRO_STATISTICAL_RELEASE,c6a1a5928865b5c89cb7ff91,January 2026 Unemployment Rate - Japan,january-2026-unemployment-rate-japan,2026-03-03T00:00:00Z,DUE_ASOF,JAPAN,JAPAN_OFFICIAL_SERIES_ROUTER,EWJ,PASS,FROZEN_V2_1_STRUCTURAL_ROUTE,UNRESOLVED,,,,,,,UNRESOLVED,,,,false,PASS,2025-12-18,2026-04-07,74,21ec5ca53b4290321ce16646deb37475857a85cf472ce52a90dc9ba9cd6f5d8a,false,PASS,Frozen official route JAPAN_OFFICIAL_SERIES_ROUTER has no exact-series automated resolver in v2.1; no U.S./nearby-series fallback.,PASS,7,0x3c3a672d5f7304ac7092498364e387b1b715f131f3fc6091d15e36066cb1b64f|0x4ae3f0e78cd4b49ffd3c29b9305d2f639862a013517a37455c936b8b552f6d33|0x6f73084980d2a86335837c8e603213a06c9aaf019108738ae256a8f8ba94d4fd|0x7d166a737683235abdb7182eb246ab74a2ac0249be638b264954622ad424a08e|0x92b1eda9db9f60e85c023549f689aaba6e3400dd1699a4866f5d34fff1a2acd5|0x95fc5f3100ae4422ca0798bc97f9a6417b4cb1cf487f86d93b8677b090cafdf3|0xd822ccf5f9325363598c8a47bd8e1f7f5c4ee2bd05106317e1524cc16a3a9f95,114290161874157245250589598292483979672149874046976714151832026831209657750839|15772492675271690004224774579529648001354106136177152441934501654602602558586|17987252228009561961226226089184700975539817515834173173837881709736806774788|28911178742539282162356977036331826527250955744242289031274490229159817933827|31398577575225833502773514408351587895351717426697668027363006027300350303694|33308908619455630210913733158978646600037000415630018748648048183169228585529|36280224992966384874451276994175083461254831736221809517926805655708295636684|50101531956427831280002991021453128143087994488727005028146218497540643867629|52096947244346643983398698346455492442882671618805007677212803685978655621019|55567227075758519357210616114360307940948074075797086464823846561506377202498|56662813877053028778345990784941944125812247145399420986692146244313763167362|79787390669955980026508981446934408390919268165598683317927353855250248179622|84909634827707129486900371878355483917943245288000191120896879062473383973290|87184395252587021967640715302168223167856414859570765772997060577029930632264,0,0,,,NO_PRICE_HISTORY_OBSERVED,,UNRESOLVED,PASS,false,false,FAIL,FAIL,FAIL,,FAIL,false,false,,,false,FAIL,false,revelation_state|resolution_state|safe_cutoff_state
34577,MACRO_STATISTICAL_RELEASE,f6538f8df59638789f5532f6,August jobs report prints negative?,august-jobs-report-prints-negative,2025-09-05T00:00:00Z,DUE_ASOF,UNITED_STATES,BLS,SPY,PASS,FROZEN_V2_1_STRUCTURAL_ROUTE,PASS,DATE_CONSERVATIVE,2025-09-05T04:00:00Z,2025-09-05T03:59:59Z,BLS_EMPSIT,https://www.bls.gov/news.release/archives/empsit_09052025.htm,889d3b325c9285cd049ae1af10d1da9eea8d0d503660034767c4b0b33a3d04c2,PASS,BLS_EMPSIT,https://www.bls.gov/news.release/archives/empsit_09052025.htm,889d3b325c9285cd049ae1af10d1da9eea8d0d503660034767c4b0b33a3d04c2,false,PASS,2025-06-23,2025-10-10,78,1cef29b1d25d5c46fb1644670aeea3dd177eeeeea05a39e33e94e874d02bedd0,false,PASS,Official BLS archived release matched frozen series route.,PASS,1,0xc8c341e9089643a1d87c71555547d1dae6c49e9c262c3cdcfc8323fb658407f4,52447115044979050717993478940958699292102129820948935954039700613809744276763|89731512770387053603698320158809162874762325576467003869019646807760908878481,0,0,,,NO_PRICE_HISTORY_OBSERVED,,PASS,PASS,false,false,FAIL,FAIL,FAIL,,FAIL,false,false,,,false,FAIL,false,
13275,MACRO_STATISTICAL_RELEASE,8bf908a4484d9ad2696a99cc,How many jobs added in October?,how-many-jobs-added-in-october,2024-11-01T12:00:00Z,DUE_ASOF,UNITED_STATES,BLS,SPY,PASS,FROZEN_V2_1_STRUCTURAL_ROUTE,PASS,DATE_CONSERVATIVE,2024-11-01T04:00:00Z,2024-11-01T03:59:59Z,BLS_EMPSIT,https://www.bls.gov/news.release/archives/empsit_11012024.htm,89d29e0c9dfd0906943784ad9e34e3f15469837572db4c48a50f1c53e7c28c34,PASS,BLS_EMPSIT,https://www.bls.gov/news.release/archives/empsit_11012024.htm,89d29e0c9dfd0906943784ad9e34e3f15469837572db4c48a50f1c53e7c28c34,false,PASS,2024-08-19,2024-12-06,78,5a9345f2126de57b8174dfc7f08a2e22dbe9043e0394af0742cd077fcfacb1ae,false,PASS,Official BLS archived release matched frozen series route.,PASS,5,0x0644b8969ea752fb1434d720f968832fd51cb4485771ed6fa18029e9972491bc|0x2369419f01faae11f1b2130406b684f036a78a466e1a814dfe84e5ff5b3bd732|0x88dc05e246302ee24d9cbec9f9262acc71340a29f017b1dccaff0cc493b1fbce|0x8bee5904f15d7bd78d0e99857a1033287a0318e033c3f4ba5c49072bc5d9cbc4|0xa7c57a45150462c955a1845cd8b42c3da1234a839546db09eed7e72217c5b9f6,103166877694326987023140540424042277614479088083116703741944468520033994319775|110554415746493874566972722451977250797357431665230091578085955792742182034975|114564048893996121766149205137723601917441279222501922755659327900575885529210|28363190229152756510148151833189732573155696042258296162468257358505267129935|35510583517678148668707457320750824368783454491637309063030185186845603073401|45076124858529517061557260808503477637002888252761810737819571447200318042651|45281367363870266339112734263349388191707683796884500867708933515841807179693|55300969367705103786555691288611938186465793380514655582359706812247869856821|81865092265219785989877746537477680926705061366061891391621190259815035645873|96225219949840641284189600332793230207146531223176872707248417732162767696707,0,0,,,NO_PRICE_HISTORY_OBSERVED,,PASS,PASS,false,false,FAIL,FAIL,FAIL,,FAIL,false,false,,,false,FAIL,false,
30833,MACRO_STATISTICAL_RELEASE,9ae0097e109d198285067c1a,July jobs report prints negative?,july-jobs-report-prints-negative,2025-08-01T06:00:00Z,DUE_ASOF,UNITED_STATES,BLS,SPY,PASS,FROZEN_V2_1_STRUCTURAL_ROUTE,PASS,DATE_CONSERVATIVE,2025-08-01T04:00:00Z,2025-08-01T03:59:59Z,BLS_EMPSIT,https://www.bls.gov/news.release/archives/empsit_08012025.htm,041b48eab27a4b736df2a0fd5761852d05a4091bec422f18a3a2adef3d58968f,PASS,BLS_EMPSIT,https://www.bls.gov/news.release/archives/empsit_08012025.htm,041b48eab27a4b736df2a0fd5761852d05a4091bec422f18a3a2adef3d58968f,false,PASS,2025-05-19,2025-09-05,76,3893388966ef04a079ed94bca5a7cbc263b399a982fa775992c19d5df09cba67,false,PASS,Official BLS archived release matched frozen series route.,PASS,1,0x66deac30ee2b4ee9c648dff6f93b120bc1e18cd61964aab014959f76124a2803,70628497858322835496240781573481716133358628679688057452729199704369615993179|81994367345837812465619177742336102631837623976835016877456626988967912795985,0,0,,,NO_PRICE_HISTORY_OBSERVED,,PASS,PASS,false,false,FAIL,FAIL,FAIL,,FAIL,false,false,,,false,FAIL,false,
205139,MACRO_STATISTICAL_RELEASE,14546d2fcc9734d00e0f65e0,How many jobs added in February?,how-many-jobs-added-in-february-246,2026-03-06T00:00:00Z,DUE_ASOF,UNITED_STATES,BLS,SPY,PASS,FROZEN_V2_1_STRUCTURAL_ROUTE,PASS,DATE_CONSERVATIVE,2026-03-06T05:00:00Z,2026-03-06T04:59:59Z,BLS_EMPSIT,https://www.bls.gov/news.release/archives/empsit_03062026.htm,f630dbce2de2d06ca07f9a88e9c6e10a2028712958f6cc8f6134a27108e69b48,PASS,BLS_EMPSIT,https://www.bls.gov/news.release/archives/empsit_03062026.htm,f630dbce2de2d06ca07f9a88e9c6e10a2028712958f6cc8f6134a27108e69b48,false,PASS,2025-12-22,2026-04-10,75,f11842729f8e5f2fef1f3fb2a24902060168287151a425cdd8e6eb7ed40b4c78,false,PASS,Official BLS archived release matched frozen series route.,PASS,8,0x0348978acf11d36a941541ed42f1d4f7f8efc8c96e11109c0bd96a735550b6d5|0x1e303f6f6d3aeab2203db4698f3d75b3b4de99252d1f601c8a2508a92be07c34|0x20274d4fbf4cf33b21a595c2bb6ebef0be59cfb18da41a6b5b01dd7840b5b63b|0x6004c5b0b89488ba4aef6232521211a2153a75afa6cf856b4aae860cf8fc1ed0|0x6d255575759f76d360c02da9e6c6f6101d92822f97ebffd70a579b78427c8ef5|0xf19a46ab852c722d48577adeab6fa15722ad6883a084d991c0b9f7c887d3835b|0xfb5b593d6cffd73479e40e471767df670dc32a4ea2f3572b3fcc54d4a1881421|0xfe45032e01d8ed5a65f9dca0ce75035f7e66db6455cd42b56cb0c1081d61c59f,107440188321558700706831660739336105781850133712261092255283368223947360827222|30860393190030226363650271656026498794721317548313267276461875512447004437106|31747665966980600251960621486408485185613134594068620523428012991268747858195|36121940414806754203188602961495255110445170127636671366773650162562662504726|46116209257039342946527124408247071434659305036576378147812864127162029681519|50280301075381639615899170107036686848099093754414235759818414350250383626397|56129176036189800357289803645869907248214364733870868092870118051800183566205|62348018968022937302871277195445798354337303749619177662062933737140138279237|7461800161061846286743255341619230618058958093327704372395788182143370452521|77610897249003254661129130734830466364251792593648668014548482228953706859949|81662720899803199242689424004606221332927638426060083524788677273868350151842|83496112829384741582815582606681373637866643024243686289906952372926954967585|84578428704889067610965312291867603811321258453057483304716065093379165606690|89814456195798749111657876544452989704063983675117958871923483967139706176406|94255499859621055655412302817939855299997468538367233648506256168899639599271|97067161137436059500420038333973740328814796972532094271628993589752144911307,0,0,,,NO_PRICE_HISTORY_OBSERVED,,PASS,PASS,false,false,FAIL,FAIL,FAIL,,FAIL,false,false,,,false,FAIL,false,
10319,MACRO_STATISTICAL_RELEASE,e44c8ed22b36662ef2077f93,US inflation >0.3% from March to April 2024?,us-inflation-0pt3-from-march-to-april-2024,2024-05-15T12:00:00Z,DUE_ASOF,UNITED_STATES,UNRESOLVED_US_AGENCY,SPY,PASS,FROZEN_V2_1_STRUCTURAL_ROUTE,UNRESOLVED,,,,,,,UNRESOLVED,,,,false,PASS,2024-03-01,2024-06-18,76,2dc31312ad67688cea5ee397a5038be9dca1f456ad91d52c77ee01c0fa0bdd96,false,PASS,Frozen official route UNRESOLVED_US_AGENCY has no exact-series automated resolver in v2.1; no U.S./nearby-series fallback.,PASS,1,0x7df5350a4663cad59efea596589ea9fcfc5f5fecec8a107bbc9f2fd037165295,4710387347552575566338686261232494060372888688961038511801827850253280921100|48279880135046796638816857115704050253268329554751045625490406716219745188509,0,0,,,NO_PRICE_HISTORY_OBSERVED,,UNRESOLVED,PASS,false,false,FAIL,FAIL,FAIL,,FAIL,false,false,,,false,FAIL,false,revelation_state|resolution_state|safe_cutoff_state
208207,MACRO_STATISTICAL_RELEASE,ee2d3cf5d682cdfbd3b3ee41,March Unemployment Rate,march-unemployment-rate-561,2026-04-03T00:00:00Z,DUE_ASOF,UNITED_STATES,BLS,SPY,PASS,FROZEN_V2_1_STRUCTURAL_ROUTE,PASS,DATE_CONSERVATIVE,2026-04-03T04:00:00Z,2026-04-03T03:59:59Z,BLS_EMPSIT,https://www.bls.gov/news.release/archives/empsit_04032026.htm,7eaa2b79bb37f29f7f26ff633e4f39e9bce23cb0f6e7ca274901e6f1797c91be,PASS,BLS_EMPSIT,https://www.bls.gov/news.release/archives/empsit_04032026.htm,7eaa2b79bb37f29f7f26ff633e4f39e9bce23cb0f6e7ca274901e6f1797c91be,false,PASS,2026-01-20,2026-05-08,77,9e4d488c71dd89d52d731d3a499edb3341bba7b19d8036f893bfbc6a7d1de4e6,false,PASS,Official BLS archived release matched frozen series route.,PASS,9,0x0d79ca6ff793996855090b0c8f790c5824946ae345bffd9257f6a17485d51966|0x220f52561358dac152990b5674e447a4a2297528083ebd011138963d95daec74|0x44cf076e74c7b84a3ecc3e6fcb9571e531521df968ee0b43756f44477e666536|0x53c09feb2c26715c8c9ef0b5117b908f513c70389609e7242465fa2a7a245014|0x792a6bee4c01700266130b53b6f8ad9257bf27bd8c2e46ab4c2734adb75d5861|0x7cacfdebabd1975d08c7873490f1b3499c76ad7eab68d76175af238d9afc4098|0x85e517875e9484038d5c42ebcf2313981636b53bae72c84ede8a9a9b263706cf|0x9e691148146677a7a028b2423a41ccee8e1a37dd9e8b76437a68e316b4436351|0xd69096a00b096cf0d633c2ddd189073b09c276a5f0a57dbc4fdd7f20da0c09ab,101436175230435868903093935421065500599954162237971332567064161329039251428244|103391901166481797434178283560069004616989654799945322218024647038282035241526|104380267655018851115227641147648097580323110887741537368522355709493176528004|109023647799024402247353068407015124769814350816597966210932853590464526132241|18726942941409077495881782076520602452618483112422964551549203434456676197664|35974445756063115352151800300839335759454468251249058633546333795355077253277|36284545861262474630426063152691181495186240823692424709272857046168229182473|5183161625132836351719854914136382828875157073269453031234540497182025862066|53792253595816438177823091714265042472610836892022400499087238129132792761564|58731168513614801327309592574056955460178951742455738520701315002942591572865|68787765263397511450249085618985288918399222446948480181643148567051948948484|78887624194202996576593903565422721838865432852874259151934043813137548583227|81718199198494990394782751352778196523469328591509117588963384875282117691426|84906707250045618916411581965089850575908731473132339867845081461433057398316|86128018785399402676022569149275951504156561512261988308083825321531580508708|92276010140231126401220496809608938489048344397293299017415696805126826093791|97885961463649643194668659703511573188869123186538776188689499928795895827892|99789307347861124546911039176969290898901948547897179804731854677657754815530,0,0,,,NO_PRICE_HISTORY_OBSERVED,,PASS,PASS,false,false,FAIL,FAIL,FAIL,,FAIL,false,false,,,false,FAIL,false,
10985,MACRO_STATISTICAL_RELEASE,a1b85d430730e81c8d8eb4e2,How many Jobs added in June?,how-many-jobs-added-in-june,2024-07-05T12:00:00Z,DUE_ASOF,UNITED_STATES,BLS,SPY,PASS,FROZEN_V2_1_STRUCTURAL_ROUTE,PASS,DATE_CONSERVATIVE,2024-07-05T04:00:00Z,2024-07-05T03:59:59Z,BLS_EMPSIT,https://www.bls.gov/news.release/archives/empsit_07052024.htm,a559c5eda40121538323ddb42e636a1ec9746c48257510cd735304f5b783d30d,PASS,BLS_EMPSIT,https://www.bls.gov/news.release/archives/empsit_07052024.htm,a559c5eda40121538323ddb42e636a1ec9746c48257510cd735304f5b783d30d,false,PASS,2024-04-22,2024-08-09,77,9f1dab3715b8ceed204de5e4150d29f8f8068526370006efeb55b7dfbc45b193,false,PASS,Official BLS archived release matched frozen series route.,PASS,5,0x00289840c4263f68f5aadacb76922fce1665a2cce50d12d46c062e2da7778342|0x110dff796f1edec95caf841e432d7e973f3039c95aa7cdea59087a0f4fb29e51|0x4718873f961929ef4117b3d84ebbccd340ebc9eff1dc54440aba5143ea3d03cb|0x9d0b955b6d38b95238f1b87686cb8f07239b3a05ec7b598bc60cfaa99008304f|0xaf47e74c8018f94380c5d3baa0a6a93dbdc063e4b8fa754d31dbb1d6ad6341ed,102915532625274149161659126417679273052223003019468598504467243935266661460459|13530348135205671842806923612793683249718163219067388922438130228831872869060|28395333851973137185661817150424086032869482788076020549980364910941010618905|28924085710024382675730998633672292926455243159531573435051524259743982785495|38527763944728826812491034054114067429135306060048733973351126417956219618854|49306094383384387050359616008001950465076946635652554787334948026655274767372|56470271625773289639182769000272195985877749521710573347902135365029751887957|6619036908532727300683857290176873584503152386991526849695145297312717069874|76608482872421677215569874449455270026197890651528021278264209477969872452879|89231678400856617435494573110006335130601284721945389636616002153230174824822,0,0,,,NO_PRICE_HISTORY_OBSERVED,,PASS,PASS,false,false,FAIL,FAIL,FAIL,,FAIL,false,false,,,false,FAIL,false,
12632,MACRO_STATISTICAL_RELEASE,3f6b3025bdb81910d22ebce0,Unemployment rate over 4.2% in September?,unemployment-rate-over-4pt2-in-september,2024-10-04T12:00:00Z,DUE_ASOF,UNITED_STATES,BLS,SPY,PASS,FROZEN_V2_1_STRUCTURAL_ROUTE,PASS,DATE_CONSERVATIVE,2024-10-04T04:00:00Z,2024-10-04T03:59:59Z,BLS_EMPSIT,https://www.bls.gov/news.release/archives/empsit_10042024.htm,377514397be08b918d9b414ceb8cac00c1d2474330b28024ab226622e7668c5e,PASS,BLS_EMPSIT,https://www.bls.gov/news.release/archives/empsit_10042024.htm,377514397be08b918d9b414ceb8cac00c1d2474330b28024ab226622e7668c5e,false,PASS,2024-07-22,2024-11-08,79,d83e00480c3a1dff8b1cc53d75b0c54645b4be44a8bc9097227f4f86cc0fb3ee,false,PASS,Official BLS archived release matched frozen series route.,PASS,1,0x2f125afa062b2e1787d651449cd8ce04ad415912818dd7df72f42395cdc0e66f,25034193551329598559221486278779035239800578152245654036257171431482462984330|94525272911022276425559864767182853026084762842453446989455907411974973272370,0,0,,,NO_PRICE_HISTORY_OBSERVED,,PASS,PASS,false,false,FAIL,FAIL,FAIL,,FAIL,false,false,,,false,FAIL,false,
